datetime;temperature;windSpeed;solarRad;humedad;rain;Power_gen;pressure_sensor;pressure
06/02/2024 4:54;10.5556;0;0;57;0;0;170.6027421;28.991
05/03/2024 12:24;17.6111;1.60934;664;38;0;11.512;385.0498628;28.959
05/03/2024 13:24;18.5;4.82803;682;37;0;0;385.366369;28.932
08/03/2024 10:20;12.7778;24.1402;473;46;0;8.651;395.4842616;28.58
08/03/2024 11:20;14.4444;24.1402;594;41;0;11.375;394.3929689;28.585
08/03/2024 12:24;15.1111;17.7028;701;39;0;13.378;394.3299545;28.572
08/03/2024 13:23;16;17.7028;726;34;0;13.874;457.2764719;28.557
08/03/2024 14:27;15.7778;14.4841;332;34;0;5.101;392.9948772;28.517
08/03/2024 15:26;16.3889;28.9682;633;30;0;9.273;393.5421248;28.522
08/03/2024 16:20;16.5556;16.0934;445;32;0;9.279;394.8565198;28.526
08/03/2024 17:21;15.8889;12.8748;72;31;0;1.112;394.5715707;28.527
08/03/2024 18:21;15.5;14.4841;84;35;0;1.934;440.2163907;28.53
08/03/2024 18:56;14.4444;14.4841;19;40;0;0;433.0692803;28.529
10/03/2024 17:54;15.8889;20.9215;151;42;0;1.176;399.5110099;28.461
10/03/2024 18:25;15.7222;22.5308;74;42;0;2.13;399.3214998;28.471
10/03/2024 19:35;14.2778;16.0934;0;45;0;0;396.9830296;28.505
11/03/2024 8:40;11.1111;14.4841;204;57;0;1.888;399.0020246;28.774
11/03/2024 9:24;13.2778;11.2654;345;50;0;5.736;399.3664004;28.795
11/03/2024 10:22;14.2778;14.4841;517;45;0;9.763;399.1917015;28.817
11/03/2024 11:22;16.1111;17.7028;696;39;0;12.623;400.0953856;28.831
11/03/2024 12:22;16.5;12.8748;707;37;0;14.183;401.6026933;28.826
11/03/2024 13:22;18;12.8748;765;33;0;14.254;400.7863086;28.812
11/03/2024 14:22;18.8333;14.4841;677;33;0;14.056;401.0489408;28.792
11/03/2024 15:23;18.6667;12.8748;582;33;0;12.072;400.7475126;28.787
11/03/2024 16:24;18.4444;16.0934;439;34;0;9.399;400.5990002;28.792
11/03/2024 17:23;18.5;17.7028;267;30;0;5.908;401.3639459;28.804
11/03/2024 18:20;17.4444;19.3121;72;34;0;2.011;398.6318777;28.821
11/03/2024 19:00;16.5;16.0934;11;36;0;0;399.2388372;28.837
12/03/2024 8:38;10.6111;6.43738;204;57;0;1.98;398.14164;28.94
12/03/2024 9:22;12.8333;6.43738;343;56;0;5.808;397.6844272;28.939
12/03/2024 10:47;15.0556;12.8748;561;49;0;9.225;398.3811546;28.953
12/03/2024 11:53;17.1111;20.9215;617;42;0;12.064;399.3267704;28.945
12/03/2024 12:58;18.7222;14.4841;722;32;0;13.432;400.9284829;28.93
12/03/2024 14:03;19.1111;14.4841;696;32;0;13.972;401.6089981;28.902
12/03/2024 14:23;18.8889;17.7028;671;35;0;13.627;401.1409438;28.9
12/03/2024 15:38;17.8333;19.3121;547;36;0;12.196;401.2333804;28.883
12/03/2024 16:28;17.8333;16.0934;424;36;0;9.53;399.6048143;28.872
12/03/2024 17:29;16.6667;17.7028;251;40;0;5.925;400.9152729;28.874
12/03/2024 18:23;15.8889;9.65606;65;40;0;2.078;436.8167505;28.873
12/03/2024 18:58;15.5;4.82803;9;39;0;0;438.5942294;28.877
13/03/2024 8:58;8.11111;1.60934;179;64;0;2.064;402.6116905;28.842
13/03/2024 10:08;13.1111;6.43738;457;55;0;3.97;402.0441275;28.851
13/03/2024 10:38;14.1667;8.04672;564;51;0;8.82;401.8961488;28.849
13/03/2024 11:23;17;6.43738;633;40;0;12.313;402.2029477;28.845
13/03/2024 12:23;18;11.2654;715;36;0;13.661;403.2222193;28.829
13/03/2024 13:23;19.1667;16.0934;731;36;0;14.337;405.0841955;28.803
13/03/2024 14:22;19.2778;17.7028;682;37;0;13.533;405.2628641;28.784
13/03/2024 15:20;18.5;14.4841;448;41;0;9.257;403.9363266;28.769
13/03/2024 16:21;18.0556;16.0934;408;44;0;9.637;403.1731155;28.76
13/03/2024 17:21;16.6667;9.65606;130;46;0;2.056;404.2416577;28.755
13/03/2024 18:21;15.5556;9.65606;44;48;0;1.152;436.9875131;28.761
13/03/2024 19:11;14.3889;9.65606;5;49;0;0;435.1742738;28.768
14/03/2024 8:36;10.6667;3.21869;174;63;0;1.963;403.5165088;28.831
14/03/2024 9:21;12.5556;3.21869;313;58;0;5.475;403.1471625;28.845
14/03/2024 10:56;17.7778;8.04672;552;42;0;8.792;433.6480852;28.853
14/03/2024 12:01;19.3889;8.04672;657;39;0;11.257;449.6081336;28.85
14/03/2024 12:22;20.1111;6.43738;671;38;0;12.829;409.264093;28.844
14/03/2024 13:22;20.8889;17.7028;691;38;0;13.563;406.0090957;28.828
14/03/2024 14:22;21.5;19.3121;650;38;0;13.111;406.1683162;28.8
14/03/2024 15:21;20.8889;16.0934;557;43;0;11.533;407.6274541;28.795
14/03/2024 16:21;20.3889;17.7028;330;43;0;8.985;405.6362801;28.787
14/03/2024 17:21;19.7778;17.7028;308;46;0;6.937;404.5202686;28.79
14/03/2024 18:21;18.2778;12.8748;88;52;0;2.302;405.5984515;28.797
14/03/2024 19:01;16.6667;8.04672;16;58;0;0;403.5697491;28.808
15/03/2024 8:51;15.5556;8.04672;264;60;0;2.161;404.928978;28.901
15/03/2024 9:21;15.4444;8.04672;360;62;0;5.836;405.1338331;28.911
15/03/2024 10:21;18;8.04672;531;53;0;9.374;406.464407;28.919
15/03/2024 11:21;19.5556;3.21869;636;46;0;11.851;438.1509939;28.925
15/03/2024 12:20;21.5;4.82803;712;41;0;13.382;410.4570961;28.915
15/03/2024 13:23;22.5556;16.0934;714;42;0;13.891;409.2172576;28.899
15/03/2024 14:24;22.2778;14.4841;673;42;0;13.205;408.4063771;28.879
15/03/2024 15:23;21.9444;17.7028;585;43;0;12.031;408.7974064;28.863
15/03/2024 16:23;21.3889;24.1402;468;47;0;8.815;406.781914;28.865
15/03/2024 17:23;20;17.7028;246;51;0;5.173;407.4122579;28.881
15/03/2024 18:24;19.8333;12.8748;91;49;0;2.891;404.1862824;28.889
15/03/2024 19:02;19.0556;9.65606;16;52;0;0;403.7152259;28.896
16/03/2024 14:07;24.5;8.04672;705;34;0;11.436;403.6798324;28.992
16/03/2024 14:28;24.2222;16.0934;694;36;0;13.829;403.5212457;28.987
16/03/2024 15:28;23.7778;16.0934;554;39;0;11.8;402.8065046;28.976
16/03/2024 16:23;23.2222;30.5775;246;39;0;8.214;404.7387673;28.968
16/03/2024 17:39;21.7778;19.3121;169;42;0;4.772;402.2801061;28.969
16/03/2024 18:30;20.2778;17.7028;63;45;0;1.381;400.3010413;28.975
16/03/2024 19:33;18.7778;8.04672;0;50;0;0;397.9778827;28.999
17/03/2024 8:24;14.2222;0;160;60;0;2.384;398.276909;28.974
17/03/2024 9:34;17.3333;1.60934;353;52;0;6.487;401.1916155;28.974
17/03/2024 10:44;20.7778;11.2654;482;46;0;8.762;402.506711;28.978
17/03/2024 11:49;22.7778;12.8748;628;37;0;9.252;403.5109712;28.962
17/03/2024 12:49;23.6111;16.0934;663;36;0;10.822;404.3698881;28.943
17/03/2024 13:25;23.9444;16.0934;520;33;0;12.446;403.5759204;28.93
17/03/2024 14:30;24.6667;17.7028;802;32;0;6.852;403.4876536;28.902
17/03/2024 15:30;24.0556;16.0934;526;33;0;10.071;402.7622711;28.887
17/03/2024 16:30;23.4444;17.7028;547;34;0;9.581;403.3584224;28.878
17/03/2024 17:30;22.5556;17.7028;146;32;0;4.987;402.2299682;28.872
17/03/2024 19:05;20.3333;8.04672;11;38;0;0;400.2486683;28.868
18/03/2024 8:20;15.2778;1.60934;90;54;0;1.51;400.4143604;28.839
18/03/2024 9:20;17.3333;6.43738;397;49;0;6.326;400.09682;28.848
18/03/2024 11:20;23.6667;1.60934;483;35;0;7.12;445.72396;28.842
18/03/2024 12:25;27.6111;9.65606;705;26;0;14.298;407.1701746;28.823
18/03/2024 14:30;28.6111;22.5308;708;24;0;14.449;408.7485361;28.783
18/03/2024 15:37;26.7778;16.0934;225;26;0;7.796;405.1617209;28.767
18/03/2024 16:38;24.8889;16.0934;179;31;0;3.849;404.3612816;28.764
18/03/2024 17:22;24.5556;11.2654;132;31;0;3.327;403.5417612;28.764
18/03/2024 18:22;23.6111;9.65606;49;33;0;1.012;402.8762574;28.773
18/03/2024 19:07;22.8333;1.60934;5;33;0;0;401.0849014;28.785
19/03/2024 8:22;15.5;0;83;49;0;1.614;401.3606768;28.794
19/03/2024 9:27;18.3889;8.04672;309;44;0;5.737;402.7055949;28.811
19/03/2024 10:28;19;8.04672;221;51;0;4.906;403.1008274;28.82
19/03/2024 11:38;22.3333;0;415;41;0;11.231;443.0590426;28.801
19/03/2024 13:48;27.2222;20.9215;664;31;0;13.169;408.396603;28.74
19/03/2024 14:24;25.4444;16.0934;598;40;0;9.325;405.5663605;28.733
19/03/2024 15:24;24.1667;24.1402;394;35;0;7.399;405.2220665;28.72
19/03/2024 16:35;22.3889;19.3121;371;37;0;8.664;403.2170154;28.723
19/03/2024 17:31;21.6111;16.0934;120;35;0;2.141;403.190095;28.722
19/03/2024 18:41;21.5;1.60934;25;37;0;1.714;441.1707131;28.732
19/03/2024 19:51;20.4444;1.60934;0;43;0;0;438.0088196;28.74
20/03/2024 8:31;11.7222;3.21869;130;93;0;1.528;401.3624448;28.751
20/03/2024 9:21;13.6667;6.43738;221;78;0;5.029;401.7900685;28.76
20/03/2024 10:46;17.4444;9.65606;492;65;0;8.923;435.4125542;28.762
20/03/2024 11:26;19.5;9.65606;596;56;0;11.772;435.9690755;28.755
20/03/2024 12:21;22;17.7028;599;46;0;13.252;407.1769797;28.751
20/03/2024 13:20;22.5;11.2654;327;41;0;7.383;405.0721864;28.726
20/03/2024 14:21;24.6111;16.0934;705;36;0;14.914;405.6998616;28.695
20/03/2024 15:20;23.6111;25.7495;283;40;0;5.404;406.6651923;28.692
20/03/2024 16:21;22.5;12.8748;77;44;0;1.462;404.391371;28.704
20/03/2024 17:35;21.0556;30.5775;190;51;0;3.891;404.8473162;28.669
20/03/2024 18:20;20.2778;16.0934;84;51;0;2.099;403.4227378;28.699
20/03/2024 19:10;18.6667;17.7028;11;56;0;0;400.7316673;28.704
21/03/2024 8:22;16.3333;11.2654;97;62;0;2.283;403.4227378;28.849
21/03/2024 9:20;17.1667;12.8748;128;61;0;3.572;437.1566745;28.878
21/03/2024 10:19;18.4444;22.5308;253;57;0;4.611;438.6231179;28.908
21/03/2024 11:19;20.2778;17.7028;584;52;0;13.651;407.7888763;28.919
21/03/2024 12:19;19.9444;16.0934;408;52;0;8.951;406.0702086;28.919
21/03/2024 13:20;19.8889;24.1402;364;53;0;6.198;404.1602627;28.909
21/03/2024 14:24;20.6667;25.7495;341;51;0;6.364;405.7073672;28.887
21/03/2024 15:24;20.1667;20.9215;237;54;0;5.318;405.3297814;28.871
21/03/2024 16:24;19.6667;17.7028;165;57;0;3.503;405.5002771;28.862
21/03/2024 17:24;18.5556;20.9215;139;65;0;2.648;404.8511858;28.852
21/03/2024 18:22;17.4444;16.0934;44;69;0;0.998;404.1459853;28.861
21/03/2024 19:09;16.5556;9.65606;0;71;0;0;401.4286282;28.868
22/03/2024 8:22;17.5;9.65606;90;50;0;1.352;404.0797018;28.858
22/03/2024 9:22;20.1111;8.04672;371;45;0;6.311;435.2492639;28.873
22/03/2024 10:22;20.9444;14.4841;378;39;0;8.877;407.0894135;28.882
22/03/2024 11:23;22.8333;17.7028;656;35;0;9.763;408.1679966;28.869
22/03/2024 12:23;24.0556;20.9215;700;27;0;13.125;409.6427463;28.87
22/03/2024 13:23;25.7222;25.7495;710;23;0;13.588;410.5943667;28.857
22/03/2024 14:24;26.3889;16.0934;663;22;0;12.781;410.0797438;28.835
22/03/2024 15:23;25.1111;19.3121;547;24;0;10.984;409.0527664;28.813
22/03/2024 16:24;25.5556;17.7028;406;23;0;8.402;408.7927362;28.8
22/03/2024 17:24;24.3889;19.3121;239;22;0;5.297;408.5494187;28.79
22/03/2024 18:23;22.5;16.0934;67;25;0;1.878;405.040329;28.781
22/03/2024 19:08;20.6667;9.65606;9;27;0;0;403.7041508;28.793
23/03/2024 8:22;15.1667;0;79;43;0;1.19;447.5694237;28.817
23/03/2024 9:21;18.0556;3.21869;306;38;0;5.715;407.545492;28.834
23/03/2024 10:21;19.4444;8.04672;301;41;0;5.68;409.3296427;28.851
23/03/2024 11:21;21.5556;8.04672;325;38;0;5.01;409.8355256;28.852
23/03/2024 12:21;22.3889;9.65606;297;39;0;5.986;409.3328451;28.839
23/03/2024 13:21;22.6111;16.0934;346;37;0;6.981;409.5333635;28.828
23/03/2024 14:24;23.3333;16.0934;383;37;0;7.143;409.294416;28.812
23/03/2024 15:24;23.0556;16.0934;392;38;0;6.844;410.5002288;28.797
23/03/2024 16:24;23.0556;12.8748;311;38;0;6.453;410.5097026;28.78
23/03/2024 17:24;21.8889;17.7028;190;40;0;3.909;409.7947948;28.763
23/03/2024 18:41;20.3333;16.0934;58;44;0;1.799;407.8298073;28.763
23/03/2024 19:46;17.8889;9.65606;0;49;0;0;405.9488834;28.773
24/03/2024 8:26;14.1667;0;46;53;0;0.734;407.1178683;28.71
24/03/2024 9:31;16.0556;6.43738;81;45;0;1.232;407.1271087;28.742
24/03/2024 10:26;16.0556;16.0934;105;51;0;1.347;406.933362;28.743
24/03/2024 12:08;16.7778;11.2654;420;66;0;2.45;407.6970735;28.725
24/03/2024 12:33;17.7222;19.3121;262;58;0;7.863;408.8007756;28.71
24/03/2024 13:35;19.1667;17.7028;510;50;0;4.118;408.4172853;28.695
24/03/2024 14:35;18.6111;16.0934;251;48;0;5.258;409.658625;28.666
24/03/2024 15:31;17.8889;16.0934;174;52;0;4.043;408.4952443;28.639
24/03/2024 16:47;17.5556;17.7028;229;54;0;2.999;407.8414828;28.618
24/03/2024 18:24;15;4.82803;12;72;0;0.216;406.5398641;28.621
25/03/2024 3:02;12.3333;8.04672;0;88;0;0;405.7261481;28.499
05/04/2024 14:21;24.6667;16.0934;807;25;0;16.708;417.1625055;28.846
05/04/2024 15:23;25.5;16.0934;824;25;0;14.734;417.2937048;28.824
05/04/2024 16:23;25.8889;9.65606;605;25;0;12.435;417.3505478;28.811
05/04/2024 17:23;26.1667;22.5308;462;24;0;11.188;418.1256346;28.788
05/04/2024 18:23;25.2778;14.4841;301;25;0;6.942;415.8042106;28.782
05/04/2024 19:24;23.5;16.0934;88;28;0;2.077;412.4514726;28.781
05/04/2024 20:22;22.6111;1.60934;12;28;0;0;410.8301786;28.775
06/04/2024 8:24;12.2222;1.60934;42;56;0;0.548;408.4564817;28.785
06/04/2024 9:24;16.6667;0;155;45;0;2.604;409.0935306;28.795
06/04/2024 10:24;18.8333;16.0934;288;48;0;4.103;411.0233581;28.815
06/04/2024 11:23;21.1111;16.0934;592;48;0;11.65;410.3563199;28.808
06/04/2024 12:20;23.1111;11.2654;661;43;0;14.013;411.4322677;28.811
06/04/2024 13:20;24.1111;14.4841;756;43;0;14.364;411.3579781;28.792
06/04/2024 14:20;25.2222;12.8748;728;40;0;14.693;411.150421;28.778
06/04/2024 15:24;26;8.04672;357;40;0;8.696;410.6066093;28.743
06/04/2024 16:24;24.4444;12.8748;279;45;0;5.982;408.8834716;28.738
06/04/2024 17:20;23.6667;12.8748;163;46;0;3.752;407.9411249;28.725
06/04/2024 18:24;22.1111;16.0934;77;51;0;1.736;406.4402554;28.724
06/04/2024 19:24;21.6111;11.2654;44;53;0;1.243;404.186516;28.73
06/04/2024 20:24;20.4444;9.65606;5;56;0;0;403.2657856;28.75
07/04/2024 8:21;17.2222;1.60934;28;53;0;0.245;401.1262326;28.718
07/04/2024 9:21;18.8889;0;169;51;0;2.927;401.3253167;28.733
07/04/2024 10:21;19.0556;8.04672;195;51;0;3.869;401.0379992;28.743
07/04/2024 11:21;20.7222;6.43738;292;49;0;6.085;401.4391695;28.749
07/04/2024 12:21;21.9444;3.21869;341;45;0;6.521;401.889744;28.748
07/04/2024 13:20;23.9444;6.43738;343;43;0;7.265;402.6592598;28.74
07/04/2024 14:20;25.5556;11.2654;663;39;0;9.734;403.0239359;28.718
07/04/2024 15:20;27.5556;12.8748;703;34;0;13.508;405.212159;28.695
07/04/2024 16:20;27.7222;11.2654;462;34;0;8.076;404.8505186;28.674
07/04/2024 17:20;28.0556;16.0934;279;37;0;5.793;404.6600077;28.651
07/04/2024 18:20;28.1111;11.2654;160;25;0;5.591;404.7234558;28.641
07/04/2024 19:20;25.8333;9.65606;83;42;0;1.745;402.0370221;28.64
07/04/2024 20:20;23.4444;3.21869;9;48;0;0.158;398.9471164;28.639
07/04/2024 20:25;23;8.04672;5;50;0;0;398.9640292;28.636
08/04/2024 8:23;17.8333;1.60934;58;57;0;0.636;395.8943054;28.638
08/04/2024 9:23;17.7778;3.21869;144;59;0;2.093;395.7006921;28.646
08/04/2024 10:23;20.2778;1.60934;339;53;0;6.343;396.0373804;28.656
08/04/2024 11:23;22.4444;9.65606;513;49;0;9.606;397.5759117;28.665
08/04/2024 12:23;24.5556;8.04672;635;43;0;12.007;398.1851729;28.663
08/04/2024 13:22;26;16.0934;698;39;0;13.405;399.4382548;28.645
08/04/2024 14:23;26.5556;16.0934;452;41;0;13.481;398.7184766;28.628
08/04/2024 15:24;25.3333;12.8748;299;44;0;8.484;364.1015381;28.62
08/04/2024 16:20;25.5556;16.0934;490;42;0;9.466;364.0737838;28.613
08/04/2024 17:20;27.1667;12.8748;445;22;0;5.284;364.1386996;28.596
08/04/2024 18:20;25.7778;17.7028;199;26;0;4.023;362.116302;28.611
08/04/2024 19:25;24.1667;24.1402;137;29;0;2.836;361.8940671;28.622
08/04/2024 20:23;23.2222;17.7028;32;30;0;0;360.4958753;28.648
09/04/2024 8:21;13.6667;16.0934;77;46;0;0.817;362.0809419;28.941
09/04/2024 9:21;15.2778;12.8748;229;41;0;4.719;361.8822248;28.973
09/04/2024 10:23;17.2222;24.1402;485;31;0;8.994;361.3623312;29.005
09/04/2024 14:27;20.5;19.3121;831;19;0;16.793;361.6525509;29.009
09/04/2024 15:23;23.5;17.7028;788;15;0;16.15;362.1705097;28.984
09/04/2024 16:23;23.6667;16.0934;680;16;0;14.354;362.2334907;28.974
09/04/2024 17:24;21.5556;19.3121;522;20;0;11.03;362.2572753;28.971
09/04/2024 18:24;20.2222;24.1402;415;22;0;7.925;361.9966114;28.98
09/04/2024 19:23;19.6667;22.5308;153;21;0;3.632;360.7464983;28.995
11/04/2024 3:14;15.6667;3.21869;0;41;0;0;357.0810569;29.009
14/04/2024 13:55;26.1667;8.04672;817;29;0;15.491;349.89008;29.009
14/04/2024 14:20;26.0556;16.0934;817;29;0;15.946;350.1332974;29.005
14/04/2024 15:21;25.2778;4.82803;766;27;0;15.375;349.7283576;28.99
14/04/2024 16:22;26.6111;17.7028;668;26;0;13.363;351.0549952;28.967
14/04/2024 17:23;25.0556;19.3121;506;33;0;11.04;351.7009175;28.948
14/04/2024 18:23;25.0556;12.8748;348;30;0;7.522;348.9741199;28.951
14/04/2024 19:23;23.9444;12.8748;146;32;0;3.392;350.3683087;28.945
14/04/2024 20:23;22.4444;3.21869;19;32;0;0.452;348.2918701;28.956
14/04/2024 20:28;22.3333;3.21869;16;33;0;0;348.2644827;28.956
15/04/2024 8:21;14.6667;0;83;47;0;1.128;391.3842246;28.858
15/04/2024 9:21;18.1111;3.21869;206;41;0;4.294;408.2161664;28.87
15/04/2024 10:21;20.0556;3.21869;269;37;0;6.738;408.9313411;28.861
15/04/2024 11:21;22.5;1.60934;515;34;0;7.813;417.5885947;28.868
15/04/2024 12:41;25.2778;11.2654;772;29;0;12.984;399.0139003;28.86
15/04/2024 13:21;26.6111;9.65606;916;25;0;15.451;402.9866076;28.848
15/04/2024 14:20;26.6111;16.0934;824;26;0;16.535;359.1102931;28.822
15/04/2024 15:21;26.5;16.0934;758;26;0;14.617;353.4181174;28.816
15/04/2024 16:21;25.7778;19.3121;663;27;0;13.694;354.237004;28.797
15/04/2024 17:21;25.3889;30.5775;531;28;0;11.374;352.9146029;28.792
15/04/2024 18:22;23.7222;22.5308;104;32;0;2.644;350.5680599;28.794
15/04/2024 19:22;22.6667;14.4841;40;32;0;1.165;349.4958482;28.802
15/04/2024 20:22;21.6667;6.43738;14;32;0;0.394;347.899373;28.809
15/04/2024 20:32;21.5;1.60934;7;32;0;0;346.962764;28.808
16/04/2024 8:21;17.3889;1.60934;86;53;0;1.171;349.206696;28.762
16/04/2024 9:36;21.0556;3.21869;246;43;0;4.535;349.5938224;28.76
16/04/2024 10:42;23.7222;3.21869;520;40;0;8.336;350.0470321;28.76
22/04/2024 8:43;10.1667;1.60934;160;88;0;1.775;344.8479964;28.688
22/04/2024 9:23;12.0556;3.21869;169;81;0;5.011;344.8009275;28.69
22/04/2024 10:23;13.5;6.43738;380;81;0;5.193;345.0148561;28.698
22/04/2024 11:23;15.3333;14.4841;805;74;0;16.04;344.9184831;28.705
22/04/2024 12:22;16.7222;11.2654;404;67;0;6.473;344.700318;28.702
22/04/2024 13:20;17.4444;16.0934;345;65;0;15.343;343.8708901;28.681
22/04/2024 14:21;17.5556;22.5308;118;64;0;5.122;345.6083053;28.663
23/04/2024 8:57;12.6111;1.60934;229;80;0;2.361;345.0948833;28.743
23/04/2024 9:22;12.9444;6.43738;288;81;0;5.961;345.201464;28.746
23/04/2024 10:22;14.0556;11.2654;155;73;0;3.89;346.0382975;28.745
23/04/2024 11:23;15.8889;9.65606;325;64;0;15.237;345.5232743;28.75
23/04/2024 12:23;16.5;1.60934;854;57;0;17.174;396.3947842;28.738
23/04/2024 13:23;17.7778;16.0934;643;52;0;22.431;423.2523489;28.729
23/04/2024 14:21;17.2778;3.21869;392;52;0;6.589;396.5107387;28.713
23/04/2024 15:21;18;20.9215;346;55;0;22.554;397.4532522;28.708
23/04/2024 16:21;17.2778;19.3121;288;60;0;7.383;413.4876236;28.705
23/04/2024 17:21;17.1111;17.7028;545;62;0;12.165;403.0073233;28.694
23/04/2024 18:21;16.5;22.5308;371;64;0;8.402;347.2231278;28.697
23/04/2024 19:20;15.1111;17.7028;185;69;0;4.276;346.5073859;28.708
23/04/2024 20:23;13.7222;11.2654;23;73;0;0.492;344.9122117;28.722
23/04/2024 20:38;13.2778;12.8748;11;74;0;0;344.8449942;28.725
24/04/2024 8:24;12.7778;8.04672;169;51;0;2.132;348.8663383;28.793
24/04/2024 9:24;14.2778;8.04672;281;46;0;6.238;351.3267342;28.807
24/04/2024 10:24;15.3889;9.65606;485;42;0;10.182;333.8067048;28.799
24/04/2024 11:58;17.5556;3.21869;751;37;0;13.429;332.2965616;28.803
24/04/2024 12:23;18.1667;16.0934;791;35;0;15.344;331.2986062;28.801
24/04/2024 13:23;19.6111;6.43738;846;33;0;16.465;330.2571845;28.782
24/04/2024 14:24;18.8333;28.9682;840;44;0;17.31;329.5822402;28.758
24/04/2024 15:23;18.5556;22.5308;795;45;0;16.905;330.4377879;28.751
24/04/2024 16:23;18.3889;30.5775;691;47;0;14.995;330.398825;28.739
24/04/2024 17:23;17.6667;16.0934;538;50;0;12.355;329.3029955;28.721
24/04/2024 18:22;16.7222;28.9682;381;55;0;8.684;329.4040053;28.721
24/04/2024 19:22;15.8889;20.9215;204;58;0;4.457;330.1528055;28.717
24/04/2024 20:22;14.6111;19.3121;37;64;0;0.914;328.4597571;28.726
24/04/2024 20:40;14.1667;17.7028;7;65;0;0;331.3597858;28.723
25/04/2024 8:23;11.2222;6.43738;163;62;0;2.142;329.287884;28.592
25/04/2024 9:23;12.5556;3.21869;288;70;0;6.242;329.2269045;28.596
25/04/2024 10:22;15.7778;6.43738;448;60;0;10.075;329.7343887;28.584
25/04/2024 11:22;19;9.65606;693;40;0;13.16;329.4702554;28.576
25/04/2024 12:22;20.9444;1.60934;838;30;0;15.797;326.7615383;28.553
25/04/2024 13:22;20.9444;16.0934;842;50;0;17.124;331.3359011;28.531
25/04/2024 14:22;21;22.5308;861;41;0;17.503;400.8061236;28.515
25/04/2024 15:21;20.5556;16.0934;986;50;0;11.366;400.9261145;28.505
25/04/2024 16:21;19.9444;30.5775;833;59;0;15.438;407.6395633;28.479
25/04/2024 17:21;19.8333;17.7028;629;59;0;14.822;335.1904523;28.469
25/04/2024 18:20;18.7222;14.4841;176;61;0;3.999;331.8969925;28.468
25/04/2024 19:20;18.6111;12.8748;62;60;0;2.012;329.6798808;28.479
25/04/2024 20:20;17.4444;9.65606;60;65;0;1.374;329.358771;28.482
25/04/2024 20:40;17.2778;6.43738;23;66;0;0;329.5636928;28.482
02/05/2024 8:27;10.8333;1.60934;214;52;0;2.682;400.555534;28.768
02/05/2024 9:21;13.7778;1.60934;330;48;0;6.706;392.4919298;28.777
02/05/2024 10:20;15.3333;1.60934;401;38;0;10.555;391.5241305;28.787
02/05/2024 12:12;18;11.2654;812;29;0;13.688;403.456997;28.787
02/05/2024 12:22;17.7222;9.65606;830;28;0;15.713;402.4895313;28.792
02/05/2024 13:21;19.7778;1.60934;891;24;0;16.929;408.7015005;28.771
02/05/2024 14:21;21.2222;19.3121;888;28;0;17.244;335.0319657;28.762
02/05/2024 15:20;18.7778;24.1402;828;37;0;16.295;333.7714114;28.746
02/05/2024 16:19;18.2222;25.7495;550;41;0;10.849;384.7937689;28.749
02/05/2024 17:27;17.6667;28.9682;332;42;0;10.223;374.7049316;28.754
02/05/2024 18:21;18.9444;19.3121;431;39;0;8.558;335.1818124;28.75
02/05/2024 19:20;18.5;22.5308;197;37;0;3.938;332.0030394;28.752
02/05/2024 20:24;16.9444;16.0934;40;45;0;1.072;331.3714947;28.781
02/05/2024 20:47;16.5556;4.82803;16;45;0;0;332.1675306;28.791
03/05/2024 8:20;12.7778;3.21869;185;44;0;2.3;332.9051223;28.854
03/05/2024 9:20;14.4444;3.21869;332;43;0;6.75;329.7860945;28.877
03/05/2024 10:24;17.1667;6.43738;413;37;0;10.4;331.0659967;28.886
03/05/2024 11:19;19.1111;8.04672;715;32;0;13.284;328.8860465;28.885
03/05/2024 12:19;20.1111;22.5308;809;30;0;15.646;329.9093211;28.872
03/05/2024 13:21;21.3333;4.82803;865;27;0;16.691;330.2222914;28.855
03/05/2024 14:16;22.1111;11.2654;854;27;0;16.547;331.2930686;28.842
03/05/2024 15:23;21.6667;17.7028;809;30;0;16.376;331.349011;28.821
03/05/2024 16:22;21.9444;19.3121;721;30;0;14.43;333.3995633;28.813
03/05/2024 17:22;21.4444;20.9215;216;31;0;11.986;331.0831431;28.8
03/05/2024 18:22;19.8889;19.3121;223;33;0;5.09;330.3861488;28.805
03/05/2024 19:21;19.5;19.3121;311;33;0;6.481;332.7302566;28.807
03/05/2024 20:21;17.7778;16.0934;54;38;0;1.287;330.5090752;28.821
03/05/2024 20:46;17.3333;9.65606;16;40;0;0;330.7295754;28.827
04/05/2024 8:25;13.1111;3.21869;197;57;0;2.643;386.6240211;28.831
04/05/2024 9:24;16.6111;1.60934;339;47;0;6.619;333.4263169;28.826
04/05/2024 10:24;19.9444;1.60934;387;38;0;10.211;334.163208;28.835
04/05/2024 11:23;22.3889;8.04672;715;29;0;13.133;382.3149257;28.839
04/05/2024 12:22;23.7222;9.65606;821;28;0;15.186;385.9297955;28.826
04/05/2024 13:17;25.2778;11.2654;875;26;0;16.472;334.5606088;28.814
04/05/2024 14:23;25.7778;12.8748;874;30;0;16.659;334.0564272;28.793
04/05/2024 15:23;25.0556;16.0934;824;29;0;16.275;333.1716908;28.777
04/05/2024 16:22;24.7778;28.9682;729;28;0;14.752;333.9113173;28.773
04/05/2024 17:22;24.7778;25.7495;51;29;0;12.234;334.9909346;28.757
04/05/2024 18:21;24.2778;17.7028;418;31;0;8.692;333.130593;28.747
04/05/2024 19:21;23.3333;17.7028;234;34;0;4.78;332.6062961;28.739
04/05/2024 20:21;21.6667;12.8748;40;36;0;0.465;331.3694598;28.756
04/05/2024 20:51;20.7222;0;9;38;0;0;331.4332081;28.755
05/05/2024 8:24;18.7778;3.21869;202;36;0;2.69;333.3336801;28.761
05/05/2024 9:24;20.1667;1.60934;345;36;0;6.549;332.434833;28.764
05/05/2024 10:04;22.8333;1.60934;394;31;0;10.078;332.628246;28.77
05/05/2024 11:23;25.6111;1.60934;724;24;0;12.739;331.4108244;28.753
05/05/2024 12:23;27.6111;16.0934;807;23;0;15.726;332.4927101;28.73
05/05/2024 13:24;27.9444;16.0934;833;23;0;17.086;332.9783444;28.707
05/05/2024 14:23;28.1667;19.3121;944;26;0;18.156;334.8377853;28.685
05/05/2024 15:23;28.1111;24.1402;912;27;0;16.893;333.8687518;28.671
05/05/2024 16:23;27;12.8748;849;31;0;8.881;333.5158179;28.643
05/05/2024 17:22;27.2778;9.65606;320;28;0;5.757;329.1454762;28.626
05/05/2024 18:22;27.3889;12.8748;373;30;0;6.214;332.1695655;28.612
05/05/2024 19:17;28.1111;6.43738;132;30;0;2.57;334.3255976;28.605
05/05/2024 20:23;27.2222;19.3121;39;24;0;0.824;334.5172427;28.607
05/05/2024 20:48;26.6667;16.0934;12;26;0;0;330.8292842;28.617
06/05/2024 8:23;20.4444;4.82803;63;48;0;1.243;332.7972073;28.659
06/05/2024 9:23;20.1667;0;113;54;0;1.745;400.9128044;28.664
06/05/2024 10:23;21.6667;6.43738;169;47;0;3.803;405.0795587;28.648
06/05/2024 11:23;22.6111;1.60934;192;44;0;3.845;406.35826;28.651
06/05/2024 12:23;23.9444;9.65606;281;39;0;7;383.0347707;28.665
06/05/2024 13:23;24.3333;14.4841;322;37;0;6.985;406.5839975;28.645
06/05/2024 14:19;24.8889;16.0934;290;36;0;5.477;392.491763;28.649
06/05/2024 15:25;26.7222;16.0934;867;33;0;15.548;404.7152829;28.623
06/05/2024 16:21;26.4444;19.3121;921;35;0;4.748;414.9384552;28.603
07/05/2024 12:01;21.6667;12.8748;796;54;0;12.897;331.0197284;28.851
07/05/2024 12:26;21.6667;3.21869;833;52;0;15.145;329.563893;28.857
07/05/2024 13:24;24.1667;11.2654;935;43;0;17.419;330.6824731;28.842
07/05/2024 14:24;22.2222;22.5308;262;52;0;6.021;330.7562623;28.824
07/05/2024 15:23;22.6111;19.3121;802;49;0;16.11;330.8585397;28.817
07/05/2024 16:23;22.0556;16.0934;714;48;0;14.282;330.8466307;28.801
07/05/2024 17:20;21.6111;16.0934;83;48;0;11.784;330.2957804;28.795
07/05/2024 18:20;21.3333;16.0934;408;47;0;8.406;330.9547459;28.795
07/05/2024 19:21;20.3889;19.3121;230;46;0;4.739;330.2249601;28.8
07/05/2024 20:22;19.0556;17.7028;37;49;0;0.598;328.5099618;28.811
07/05/2024 20:52;18.1667;11.2654;11;50;0;0;329.2993594;28.817
08/05/2024 7:20;14.1667;0;28;66;0;0.198;330.6380728;28.87
08/05/2024 8:20;14;3.21869;199;70;0;3.051;412.8650523;28.883
08/05/2024 9:20;16.2778;6.43738;373;62;0;6.688;381.9161572;28.908
08/05/2024 10:20;19.7778;9.65606;410;47;0;10.67;379.6168499;28.916
08/05/2024 11:25;21.3333;17.7028;731;43;0;14.025;405.1935783;28.911
08/05/2024 12:22;22.1111;22.5308;867;44;0;11.692;399.5488385;28.912
08/05/2024 13:23;22;16.0934;844;44;0;15.88;393.7955166;28.906
08/05/2024 14:24;22;19.3121;1002;54;0;17.806;413.4446244;28.896
09/05/2024 9:10;15.6667;3.21869;281;64;0;2.413;399.0741792;28.913
09/05/2024 9:20;15.9444;1.60934;353;63;0;6.579;399.0631375;28.909
09/05/2024 10:20;19.1667;1.60934;454;45;0;10.25;397.1729066;28.908
09/05/2024 11:20;20.1111;12.8748;613;41;0;11.731;394.0362321;28.903
09/05/2024 12:20;21.4444;19.3121;788;39;0;14.192;404.8519197;28.897
09/05/2024 13:20;22.1667;17.7028;889;37;0;15.936;387.4176552;28.882
09/05/2024 14:21;22.3333;9.65606;570;38;0;13.455;381.4760907;28.867
09/05/2024 15:21;22.2222;19.3121;837;41;0;14.908;374.7673789;28.849
09/05/2024 16:40;21.6667;16.0934;267;41;0;14.963;382.6666587;28.833
09/05/2024 17:24;20.5556;16.0934;383;44;0;6.386;380.7439365;28.83
09/05/2024 18:23;21.1667;19.3121;510;41;0;6.553;330.3235347;28.827
09/05/2024 19:20;20.4444;12.8748;183;44;0;2.842;328.1743077;28.821
09/05/2024 20:24;19.2778;11.2654;28;45;0;0.674;324.6805629;28.835
09/05/2024 20:54;18.7222;12.8748;5;47;0;0;325.5360439;28.836
10/05/2024 7:22;11.8333;3.21869;18;64;0;0.103;325.4070796;28.83
10/05/2024 8:22;13.2222;4.82803;227;62;0;3.136;327.9576104;28.839
10/05/2024 9:22;15.5556;1.60934;311;56;0;6.423;326.0009291;28.849
10/05/2024 10:22;19.0556;1.60934;415;45;0;10.29;327.2757609;28.852
10/05/2024 11:22;21;3.21869;722;39;0;11.138;327.6204218;28.856
10/05/2024 12:21;22.2778;3.21869;823;38;0;14.399;326.6065209;28.855
10/05/2024 13:22;24.9444;9.65606;884;33;0;16.367;326.6384117;28.84
10/05/2024 14:22;25.2778;17.7028;889;30;0;16.737;323.8470653;28.823
10/05/2024 15:22;26.4444;16.0934;837;30;0;15.983;322.5251646;28.807
10/05/2024 16:24;25.3889;3.21869;737;31;0;14.264;325.4342335;28.779
10/05/2024 17:24;25.5;9.65606;62;31;0;11.813;324.5657761;28.773
10/05/2024 18:22;24.5;12.8748;434;36;0;8.068;326.156647;28.769
10/05/2024 19:22;23.8889;19.3121;234;36;0;4.451;326.0602407;28.764
10/05/2024 20:22;21.8889;9.65606;40;45;0;0.757;325.5766746;28.783
10/05/2024 20:52;20.8333;8.04672;11;50;0;0;325.0006386;28.805
13/05/2024 8:55;17.7222;6.43738;287;80;0;3.266;403.5975701;28.724
13/05/2024 9:20;18.2778;4.82803;322;78;0;5.665;383.516969;28.729
13/05/2024 10:20;19.8333;6.43738;415;72;0;9.689;383.5166021;28.731
13/05/2024 11:20;21.2222;6.43738;664;66;0;12.412;391.7118726;28.719
13/05/2024 12:20;22.6667;11.2654;738;60;0;14.22;402.5278937;28.705
13/05/2024 13:21;24.1111;16.0934;816;53;0;15.279;377.8577183;28.683
13/05/2024 14:21;24.7778;16.0934;861;51;0;15.471;326.6714034;28.658
13/05/2024 15:27;24.3889;20.9215;798;49;0;13.375;388.2190285;28.648
13/05/2024 16:22;23.4444;20.9215;397;53;0;9.066;405.1619544;28.621
13/05/2024 17:21;23.0556;17.7028;269;54;0;6.123;408.1530853;28.6
13/05/2024 18:21;22.1667;17.7028;162;61;0;3.432;322.9242;28.589
13/05/2024 19:23;21.1667;16.0934;250;60;0;4.988;321.7012409;28.572
13/05/2024 20:23;20.6667;11.2654;63;60;0;1.239;321.0064817;28.564
13/05/2024 20:58;20.2778;8.04672;14;60;0;0;319.3321475;28.563
14/05/2024 7:21;16.1667;1.60934;26;68;0;0.116;319.1860035;28.471
14/05/2024 8:21;20.5;0;204;50;0;2.77;321.0475794;28.48
14/05/2024 9:21;23.5;30.5775;190;45;0;2.473;320.4357162;28.481
14/05/2024 10:21;24.6667;16.0934;429;43;0;10.046;324.418131;28.474
14/05/2024 11:22;25.6667;19.3121;731;39;0;13.08;377.01895;28.49
14/05/2024 12:20;26.7222;19.3121;847;31;0;15.128;389.880186;28.488
14/05/2024 13:20;27.8889;22.5308;902;26;0;16.164;382.5549408;28.476
14/05/2024 14:20;28.9444;17.7028;907;21;0;16.351;387.2424893;28.457
14/05/2024 21:53;22.5;24.1402;0;25;0;0;320.3855449;28.457
15/05/2024 7:20;13.9444;0;33;49;0;0.123;317.5209097;28.517
15/05/2024 8:20;16.5;8.04672;197;44;0;3.005;404.2265129;28.526
15/05/2024 9:34;18.4444;6.43738;422;39;0;6.8;394.8908458;28.534
15/05/2024 10:24;19.7778;8.04672;441;36;0;10.196;378.7254085;28.531
15/05/2024 11:24;20.7222;11.2654;740;34;0;13.145;394.6108671;28.518
15/05/2024 12:24;22.6667;9.65606;842;30;0;15.085;385.2283312;28.515
15/05/2024 13:24;24;24.1402;893;30;0;16.211;392.3608972;28.494
15/05/2024 14:20;23.7222;17.7028;893;35;0;16.608;403.1435598;28.482
15/05/2024 15:27;22.3889;24.1402;835;39;0;16.291;385.404231;28.475
15/05/2024 16:21;22.1667;25.7495;744;40;0;14.635;386.2389629;28.468
15/05/2024 17:21;22.3889;24.1402;79;37;0;12.054;324.5489633;28.466
15/05/2024 18:20;21.5556;24.1402;439;40;0;8.729;323.1022015;28.475
15/05/2024 19:24;21;20.9215;243;41;0;5.004;316.7435212;28.475
15/05/2024 20:24;20.1667;11.2654;56;44;0;1.32;318.4686605;28.494
15/05/2024 20:59;19.5556;6.43738;11;45;0;0;317.2243185;28.504
16/05/2024 7:20;14.7222;9.65606;30;44;0;0.113;318.2871898;28.562
16/05/2024 8:20;15.5;1.60934;200;41;0;2.995;392.1915023;28.582
16/05/2024 9:20;17.6111;3.21869;403;38;0;6.797;382.0496916;28.585
16/05/2024 10:22;19.1667;8.04672;450;35;0;10.177;378.704526;28.598
16/05/2024 11:22;21.3333;8.04672;735;30;0;13.114;385.2374714;28.588
16/05/2024 12:22;22.7778;3.21869;847;27;0;15.207;381.4933705;28.577
16/05/2024 13:22;24.7778;19.3121;909;22;0;16.632;379.306982;28.558
16/05/2024 14:21;24.2222;24.1402;905;37;0;17.049;409.745324;28.539
16/05/2024 15:21;21.9444;20.9215;853;41;0;16.229;395.5848044;28.531
16/05/2024 16:20;22;28.9682;745;36;0;14.669;410.4442531;28.519
16/05/2024 17:21;22.6667;19.3121;79;32;0;12.084;384.0872007;28.516
16/05/2024 18:26;22.5;30.5775;424;40;0;8.841;320.8939298;28.519
16/05/2024 19:21;22.3889;16.0934;253;34;0;5.041;318.3645817;28.52
16/05/2024 20:21;21.0556;16.0934;63;43;0;1.386;319.8385642;28.536
16/05/2024 21:00;19.6667;8.04672;11;46;0;0;317.7324365;28.549
17/05/2024 7:24;15;3.21869;42;51;0;0.111;316.981001;28.575
17/05/2024 8:24;17.3889;1.60934;221;44;0;2.93;317.5159393;28.586
17/05/2024 9:24;18.7778;6.43738;403;42;0;6.546;369.1894564;28.598
17/05/2024 10:24;21.1111;1.60934;445;39;0;9.877;395.835294;28.6
17/05/2024 11:23;22.7222;3.21869;731;35;0;12.865;366.1535915;28.596
17/05/2024 12:23;24.0556;12.8748;831;33;0;14.804;372.5738517;28.583
17/05/2024 13:23;24.3333;17.7028;889;37;0;16.07;377.3869619;28.575
17/05/2024 14:21;24.1111;19.3121;889;37;0;16.427;323.6590563;28.562
17/05/2024 15:20;23.9444;17.7028;842;38;0;15.92;384.7001981;28.547
17/05/2024 16:24;24.2222;16.0934;737;37;0;14.325;320.8044621;28.542
17/05/2024 17:23;24;16.0934;322;38;0;11.696;318.9096277;28.524
17/05/2024 18:20;23.9444;30.5775;441;37;0;8.522;320.5932688;28.518
17/05/2024 19:20;23.7222;19.3121;253;38;0;4.864;318.0845364;28.515
17/05/2024 20:24;22.8889;9.65606;54;39;0;1.368;316.7856198;28.526
17/05/2024 20:58;21.7778;8.04672;11;47;0;0;317.3393389;28.532
18/05/2024 7:20;17.4444;6.43738;42;47;0;0.3;317.2559091;28.593
18/05/2024 8:20;19.2222;1.60934;193;42;0;3.381;390.4031486;28.607
18/05/2024 9:20;20.7778;9.65606;424;40;0;6.71;371.1737585;28.609
18/05/2024 10:22;22.3333;17.7028;406;36;0;8.58;369.8733074;28.623
18/05/2024 11:32;23.6667;6.43738;761;32;0;12.698;404.7588492;28.619
18/05/2024 12:23;23.8889;4.82803;838;32;0;14.789;374.1111488;28.622
18/05/2024 13:23;25.6111;16.0934;889;32;0;15.659;392.7873534;28.613
18/05/2024 14:22;25.1111;16.0934;882;32;0;15.872;390.9936956;28.594
18/05/2024 15:24;24.8333;24.1402;853;32;0;15.933;401.1993213;28.58
18/05/2024 16:23;24.2778;24.1402;749;31;0;14.188;316.3604312;28.571
18/05/2024 17:22;23.7222;25.7495;142;32;0;11.707;318.4072474;28.565
18/05/2024 18:22;23.2778;19.3121;441;32;0;8.61;316.2995852;28.57
18/05/2024 19:21;22.6667;16.0934;265;33;0;4.978;315.959361;28.569
18/05/2024 20:22;21.3889;16.0934;63;35;0;1.544;315.1791704;28.572
18/05/2024 21:02;20.3333;11.2654;9;36;0;0;311.6870268;28.582
19/05/2024 7:24;14.9444;1.60934;44;61;0;0.218;315.8699266;28.593
19/05/2024 8:24;15;3.21869;216;56;0;2.945;315.5770048;28.603
19/05/2024 9:23;17.7222;11.2654;413;53;0;6.769;314.2108707;28.605
19/05/2024 10:23;19.2778;9.65606;508;58;0;9.022;311.9165339;28.603
19/05/2024 11:24;20.6667;16.0934;751;57;0;13.248;315.6989638;28.596
19/05/2024 12:23;22.5;14.4841;872;42;0;15.012;313.2610183;28.589
19/05/2024 13:23;23.5556;11.2654;947;39;0;15.655;315.151783;28.57
19/05/2024 14:22;22.8333;22.5308;684;53;0;13.11;313.8876927;28.55
19/05/2024 15:22;21.3333;25.7495;436;60;0;7.667;315.6570655;28.552
19/05/2024 16:20;21.6111;17.7028;364;56;0;7.839;313.401091;28.543
19/05/2024 17:21;22.4444;22.5308;287;51;0;9.84;315.3964348;28.526
19/05/2024 18:20;21.4444;19.3121;404;55;0;4.37;315.1835403;28.532
19/05/2024 19:24;20.1111;16.0934;188;58;0;3.234;313.918416;28.524
19/05/2024 20:20;19.4444;11.2654;56;62;0;1.031;313.7659672;28.533
19/05/2024 21:00;18.9444;11.2654;12;63;0;0;314.4172936;28.535
20/05/2024 7:23;16.9444;3.21869;42;52;0;0.144;314.0841414;28.595
20/05/2024 8:22;19.1667;8.04672;199;45;0;2.874;365.1424594;28.614
20/05/2024 9:21;19.5556;12.8748;403;42;0;6.563;369.4064873;28.619
20/05/2024 10:21;21.7222;1.60934;345;36;0;11.808;368.1108065;28.627
20/05/2024 11:20;23.4444;17.7028;786;33;0;15.879;373.1490538;28.623
20/05/2024 12:20;23.2778;3.21869;272;32;0;5.031;388.416945;28.631
20/05/2024 13:20;23.4444;8.04672;287;32;0;5.112;373.6640436;28.621
20/05/2024 14:20;24.0556;22.5308;255;35;0;4.412;369.2115397;28.608
20/05/2024 15:20;23.8889;20.9215;949;34;0;18.408;375.5525399;28.602
20/05/2024 16:20;23.6667;17.7028;659;34;0;14.376;389.5369595;28.593
20/05/2024 17:24;23.1111;19.3121;717;33;0;8.139;398.3900947;28.595
20/05/2024 18:23;23.1667;25.7495;520;30;0;10.932;315.9155278;28.589
20/05/2024 19:24;23.1667;17.7028;265;27;0;5.03;313.0111291;28.583
20/05/2024 20:25;21.9444;16.0934;56;33;0;1.212;314.2140064;28.6
20/05/2024 21:05;21.2778;6.43738;11;40;0;0;312.8315932;28.611
21/05/2024 7:20;14.5;0;37;49;0;0.193;316.106906;28.691
21/05/2024 8:24;17.0556;6.43738;216;48;0;2.981;367.5512829;28.707
21/05/2024 9:23;20.0556;8.04672;387;41;0;6.535;369.2844616;28.711
21/05/2024 10:23;22.2222;11.2654;464;37;0;9.857;373.0878742;28.725
21/05/2024 11:22;22.8333;3.21869;744;33;0;12.445;396.3555212;28.724
21/05/2024 12:23;24.0556;9.65606;870;30;0;14.545;401.2621355;28.719
21/05/2024 13:22;26.2778;9.65606;362;26;0;13.003;368.351522;28.714
21/05/2024 14:22;25.3333;20.9215;976;31;0;17.695;319.5711951;28.694
21/05/2024 15:21;25.0556;30.5775;900;31;0;14.732;377.9399472;28.691
21/05/2024 16:20;24.5556;28.9682;747;33;0;13.854;372.6479078;28.682
21/05/2024 17:21;24.5;25.7495;93;32;0;11.453;394.2647718;28.684
21/05/2024 18:20;24.3333;19.3121;441;30;0;8.399;318.0074781;28.684
21/05/2024 19:24;23.7778;16.0934;250;30;0;4.815;315.5635947;28.679
21/05/2024 20:24;23.3333;20.9215;65;33;0;1.605;313.367599;28.694
21/05/2024 21:04;22.2222;8.04672;11;35;0;0;314.48738;28.701
22/05/2024 10:58;23;6.43738;638;32;0;9.713;385.1165799;28.816
22/05/2024 11:21;23.2778;6.43738;729;32;0;12.311;380.5075909;28.816
22/05/2024 12:21;24.1667;8.04672;835;31;0;14.268;376.4441482;28.808
22/05/2024 13:22;24.2778;4.82803;888;34;0;15.573;390.9546994;28.8
22/05/2024 14:32;24.1111;30.5775;889;34;0;15.984;375.4791177;28.792
22/05/2024 15:22;24.1667;17.7028;842;34;0;15.481;387.9108952;28.786
22/05/2024 16:21;23.2778;24.1402;752;34;0;14.033;384.7429971;28.768
22/05/2024 17:20;23.1111;20.9215;142;35;0;11.703;366.0068138;28.761
22/05/2024 18:20;22.8333;22.5308;455;36;0;8.53;315.7579752;28.756
22/05/2024 19:23;22.2222;19.3121;267;37;0;5.006;314.3557137;28.743
22/05/2024 20:21;21.1111;19.3121;65;37;0;1.702;313.8633409;28.76
22/05/2024 21:06;20.1111;9.65606;9;43;0;0;314.72953;28.765
23/05/2024 7:24;14.3333;0;49;56;0;0.467;313.847529;28.769
23/05/2024 8:24;14.5;1.60934;116;53;0;1.792;360.835866;28.78
23/05/2024 9:24;16.1667;0;165;51;0;2.971;392.5018373;28.794
23/05/2024 10:23;18.8889;3.21869;469;45;0;9.758;392.2341346;28.793
23/05/2024 11:23;23;16.0934;654;35;0;13.057;370.5414465;28.781
23/05/2024 12:22;23.7222;8.04672;343;33;0;8.985;366.0514809;28.787
23/05/2024 13:21;25.2778;12.8748;765;31;0;11.676;393.981424;28.776
23/05/2024 14:21;25.5556;6.43738;462;30;0;10.164;383.973081;28.766
23/05/2024 15:20;23.8889;17.7028;406;41;0;7.909;367.0999746;28.765
23/05/2024 16:20;23.9444;12.8748;538;37;0;7.158;367.6511252;28.754
23/05/2024 17:20;23.7222;8.04672;262;36;0;5.573;311.8724672;28.746
23/05/2024 18:24;23.6667;17.7028;151;36;0;3.262;313.5742888;28.732
23/05/2024 19:24;22.4444;16.0934;125;43;0;2.393;313.0176007;28.723
23/05/2024 20:21;21.3889;8.04672;42;41;0;0.986;313.4247756;28.732
23/05/2024 21:06;20.4444;8.04672;5;47;0;0;313.4459249;28.752
24/05/2024 7:23;14.6111;0;33;60;0;0.294;312.9163908;28.756
24/05/2024 8:22;16.6111;3.21869;163;54;0;2.551;396.7203307;28.751
24/05/2024 9:21;18.0556;11.2654;348;48;0;5.86;396.4876545;28.761
24/05/2024 10:20;20.3333;17.7028;445;45;0;9.265;365.2582137;28.766
24/05/2024 11:23;22.2778;9.65606;686;45;0;11.888;365.3637603;28.776
24/05/2024 12:22;24.0556;16.0934;800;38;0;13.881;372.284099;28.777
24/05/2024 13:21;25.2222;8.04672;863;34;0;14.857;397.2905624;28.768
24/05/2024 14:21;27.0556;9.65606;870;30;0;15.043;371.7549985;28.753
24/05/2024 15:22;27.0556;9.65606;830;29;0;14.518;372.457597;28.725
24/05/2024 16:23;28.1111;11.2654;719;40;0;13.08;365.8258434;28.714
24/05/2024 17:34;24.7778;19.3121;554;54;0;10.971;371.6114899;28.712
24/05/2024 18:23;23.6111;17.7028;415;60;0;7.913;390.2486983;28.719
24/05/2024 19:21;21.6667;19.3121;244;68;0;4.628;383.5744792;28.723
24/05/2024 20:20;20.3333;16.0934;70;72;0;1.526;393.8362474;28.743
24/05/2024 21:04;19.5;16.0934;12;75;0;0;397.2076329;28.761
25/05/2024 7:22;14.5556;3.21869;42;84;0;0.353;312.2172615;28.817
25/05/2024 8:22;16.2222;3.21869;179;78;0;3.047;369.6432999;28.818
25/05/2024 9:22;18.2222;4.82803;397;72;0;6.14;366.8739368;28.83
25/05/2024 10:22;20.4444;3.21869;455;60;0;9.289;370.4721274;28.836
25/05/2024 11:21;22.7778;6.43738;714;53;0;11.918;372.804593;28.838
25/05/2024 12:20;23.9444;17.7028;816;53;0;13.974;399.8853933;28.837
25/05/2024 13:19;24.5;16.0934;879;51;0;15.062;373.0299303;28.83
25/05/2024 14:22;25;22.5308;879;52;0;15.224;310.8052259;28.815
25/05/2024 15:22;25;22.5308;831;54;0;14.808;311.776728;28.795
25/05/2024 16:21;25.3889;19.3121;735;53;0;13.405;308.7999746;28.778
25/05/2024 17:20;24.9444;19.3121;100;56;0;11.068;309.9942787;28.77
25/05/2024 18:23;24.1667;22.5308;425;58;0;8.049;369.2997399;28.76
25/05/2024 19:22;23.2778;22.5308;248;63;0;4.655;384.9521221;28.76
25/05/2024 20:21;21.7222;11.2654;72;68;0;1.556;364.7470935;28.775
25/05/2024 21:06;21.2778;6.43738;12;68;0;0;375.6338681;28.782
26/05/2024 7:20;16.3333;0;28;77;0;0.329;310.2271216;28.81
26/05/2024 8:20;19.2778;3.21869;165;67;0;2.668;308.2533608;28.824
26/05/2024 9:24;21.2778;6.43738;371;64;0;5.785;307.9912624;28.829
26/05/2024 9:39;21.7222;3.21869;396;63;0;11.057;307.2917662;28.824
26/05/2024 12:19;27.5556;16.0934;780;41;0;12.989;307.4958541;28.815
26/05/2024 13:23;28.1667;17.7028;838;45;0;14.187;308.0427013;28.807
26/05/2024 14:23;27.8333;25.7495;826;48;0;14.555;308.4428376;28.793
26/05/2024 15:23;27.8333;22.5308;788;46;0;13.951;310.5922314;28.768
26/05/2024 16:23;27.5556;17.7028;693;46;0;12.64;308.7235501;28.757
26/05/2024 17:22;27.2222;19.3121;550;40;0;10.438;307.0978528;28.75
26/05/2024 18:22;25.5556;22.5308;343;49;0;7.432;379.0353764;28.747
26/05/2024 19:21;24.1667;14.4841;86;55;0;1.524;367.7150736;28.758
26/05/2024 20:21;24.1667;8.04672;76;53;0;1.575;368.7851169;28.752
26/05/2024 21:10;23.6111;1.60934;18;55;0;0;360.6519268;28.758
27/05/2024 7:23;17.6111;1.60934;33;74;0;0.266;307.57418;28.766
27/05/2024 8:23;20.4444;3.21869;158;63;0;2.381;395.2944846;28.778
27/05/2024 9:22;23;4.82803;345;56;0;5.29;392.9143495;28.785
27/05/2024 10:22;23.6111;6.43738;443;58;0;8.463;381.7642088;28.798
27/05/2024 11:22;24.7778;6.43738;664;55;0;11.098;394.2865216;28.797
27/05/2024 12:23;26.2222;20.9215;766;56;0;12.777;379.1529655;28.795
27/05/2024 13:23;25.3333;19.3121;831;61;0;14.232;370.9658678;28.788
27/05/2024 14:23;24.7778;22.5308;831;63;0;14.571;381.0389265;28.771
27/05/2024 15:23;25.7222;28.9682;786;61;0;14.039;399.3640653;28.769
27/05/2024 16:22;25.5;19.3121;694;60;0;12.607;387.0882725;28.761
27/05/2024 17:21;25.5556;24.1402;550;57;0;10.396;361.2393047;28.756
27/05/2024 18:21;25.4444;24.1402;404;59;0;7.438;307.0451796;28.758
27/05/2024 19:29;23.6667;24.1402;211;64;0;4.236;306.4041276;28.759
27/05/2024 20:23;21.9444;20.9215;69;70;0;1.518;305.4171471;28.774
27/05/2024 21:09;20.7222;16.0934;11;76;0;0;305.3560676;28.788
28/05/2024 7:24;17.3333;1.60934;42;81;0;0.385;306.3383445;28.855
28/05/2024 8:24;19.3889;0;179;74;0;2.686;383.5669402;28.875
28/05/2024 9:24;20.7778;6.43738;388;68;0;5.851;376.383569;28.884
28/05/2024 10:24;23;8.04672;452;59;0;8.978;374.1776324;28.894
28/05/2024 11:23;24.9444;16.0934;705;50;0;11.765;369.6230179;28.891
28/05/2024 12:23;24.8333;19.3121;816;52;0;13.703;364.9567522;28.899
28/05/2024 15:17;27.8333;17.7028;830;41;0;14.268;390.1599645;28.853
28/05/2024 16:22;27.2222;17.7028;728;50;0;12.874;374.8503417;28.838
28/05/2024 17:20;26.1111;24.1402;596;55;0;10.855;368.8479979;28.826
28/05/2024 18:20;25.7778;16.0934;429;55;0;7.783;308.6985979;28.824
28/05/2024 19:20;24.0556;19.3121;248;62;0;4.591;307.9993352;28.818
28/05/2024 20:20;22.6111;9.65606;77;67;0;1.594;302.9905769;28.83
28/05/2024 21:10;21.7778;4.82803;9;69;0;0;303.4695394;28.847
29/05/2024 7:29;16.3333;0;62;84;0;0.453;306.3188964;28.831
29/05/2024 8:24;17.2778;1.60934;181;81;0;3.114;387.9575973;28.836
29/05/2024 9:19;19.3333;1.60934;387;75;0;6.039;386.648106;28.84
29/05/2024 10:23;22.4444;1.60934;457;63;0;9.127;380.1312727;28.841
29/05/2024 11:23;25.1111;1.60934;715;46;0;11.733;390.8598943;28.839
29/05/2024 12:28;26.2778;19.3121;819;45;0;13.54;398.3913623;28.83
29/05/2024 13:23;27.2778;11.2654;881;45;0;14.61;395.5827028;28.824
29/05/2024 14:23;29.0556;17.7028;882;39;0;14.858;398.1208242;28.796
29/05/2024 15:23;29.1111;17.7028;838;38;0;14.576;391.0403643;28.776
29/05/2024 16:25;28.4444;25.7495;721;38;0;12.942;369.5726464;28.76
29/05/2024 17:20;28.7222;25.7495;605;34;0;10.991;364.0452955;28.746
29/05/2024 18:20;28.4444;22.5308;450;31;0;8.057;369.5683098;28.732
29/05/2024 19:20;27.3889;16.0934;267;29;0;4.701;376.9240448;28.723
29/05/2024 20:20;26.1667;16.0934;83;33;0;1.67;387.8517505;28.728
29/05/2024 21:10;24.2778;9.65606;9;36;0;0;363.106218;28.733
30/05/2024 7:39;17.7222;3.21869;84;56;0;0.367;306.9189173;28.691
30/05/2024 8:24;19.2778;3.21869;185;49;0;2.75;385.0850894;28.697
30/05/2024 9:24;22.0556;3.21869;394;43;0;5.856;387.8153562;28.693
30/05/2024 10:13;24.9444;6.43738;450;36;0;8.839;380.728258;28.696
30/05/2024 11:24;27.6111;8.04672;708;31;0;11.374;373.3256542;28.684
30/05/2024 12:24;30.3889;8.04672;824;25;0;13.344;395.4623451;28.665
30/05/2024 13:24;32.2778;14.4841;853;23;0;14.28;407.0129222;28.643
30/05/2024 15:52;32.4444;22.5308;793;22;0;14.364;370.2743443;28.587
30/05/2024 16:24;31.9444;19.3121;737;22;0;13.048;402.3091948;28.589
30/05/2024 17:24;31.8333;17.7028;592;24;0;10.716;368.6519495;28.574
30/05/2024 18:25;30.3333;16.0934;434;26;0;7.878;391.750235;28.569
30/05/2024 19:20;29.4444;17.7028;265;28;0;4.639;391.3532344;28.564
30/05/2024 20:21;28.7222;11.2654;83;23;0;1.663;390.5668725;28.568
30/05/2024 21:13;26.8333;11.2654;9;26;0;0;392.8726513;28.578
31/05/2024 7:21;17.9444;3.21869;44;73;0;0.35;389.4574326;28.649
31/05/2024 8:21;20.6667;11.2654;181;64;0;2.725;393.0890151;28.676
31/05/2024 9:22;21.7778;16.0934;385;67;0;5.947;396.5411284;28.69
31/05/2024 10:22;23.1667;17.7028;450;54;0;8.985;392.715866;28.697
31/05/2024 11:21;25.4444;22.5308;693;43;0;11.765;399.8094358;28.692
31/05/2024 12:22;25.8333;20.9215;798;46;0;13.788;392.6361056;28.697
31/05/2024 13:24;26.3333;24.1402;865;46;0;14.759;392.0477936;28.697
31/05/2024 14:24;27.9444;16.0934;886;43;0;15.131;396.7257014;28.684
31/05/2024 15:23;28.1667;20.9215;819;45;0;14.942;388.8209508;28.663
31/05/2024 16:22;26.7778;22.5308;710;45;0;13.81;305.4020023;28.653
31/05/2024 17:22;27.6667;17.7028;578;46;0;10.402;300.0934838;28.632
31/05/2024 18:22;25.9444;22.5308;420;51;0;7.84;304.5388823;28.634
31/05/2024 19:21;24.4444;16.0934;248;55;0;4.473;375.8253131;28.643
31/05/2024 20:21;21.9444;16.0934;42;63;0;0.739;354.7419529;28.656
31/05/2024 21:12;20.1111;16.0934;11;70;0;0;364.4589087;28.684
01/06/2024 7:23;17.0556;8.04672;21;85;0;0.108;302.5171518;28.73
01/06/2024 8:23;17.9444;9.65606;158;82;0;1.685;362.9952006;28.746
01/06/2024 9:23;19.5;16.0934;408;71;0;6.714;382.3087878;28.756
01/06/2024 10:20;19.7778;17.7028;176;69;0;3.727;388.0903644;28.766
01/06/2024 11:22;19.3889;16.0934;185;72;0;2.853;379.5504664;28.767
01/06/2024 12:23;20.6667;16.0934;346;67;0;5.332;375.2670238;28.764
01/06/2024 13:22;21.9444;19.3121;329;61;0;6.589;303.8952951;28.76
01/06/2024 14:22;24.1667;17.7028;954;49;0;10.829;303.5443961;28.753
01/06/2024 15:23;25.6667;17.7028;846;46;0;14.454;303.2474046;28.74
01/06/2024 16:23;25.6667;19.3121;729;46;0;12.963;304.4228611;28.729
01/06/2024 17:23;25.7778;28.9682;603;44;0;11.191;303.9384277;28.715
01/06/2024 18:24;24.7222;24.1402;420;48;0;7.781;386.1815528;28.704
01/06/2024 19:23;22.6667;14.4841;153;53;0;2.672;378.8817268;28.718
01/06/2024 20:23;20.6111;16.0934;21;56;0;0.432;383.0204598;28.738
01/06/2024 21:12;19.7222;16.0934;16;65;0;0;373.5793128;28.763
02/06/2024 7:21;16.1667;9.65606;35;79;0;0.332;304.0627218;28.822
02/06/2024 8:25;17.9444;16.0934;186;72;0;2.761;303.5063006;28.825
02/06/2024 9:20;19.6111;12.8748;374;64;0;5.916;301.7405639;28.83
02/06/2024 10:24;20.8889;12.8748;469;59;0;9.355;356.5953226;28.841
02/06/2024 11:23;22.1111;14.4841;700;52;0;11.541;361.8369238;28.841
02/06/2024 12:22;23;19.3121;798;52;0;10.838;359.2911967;28.84
02/06/2024 13:24;24.6111;16.0934;911;45;0;7.984;305.1682254;28.826
02/06/2024 14:24;23.8889;19.3121;292;47;0;6.081;303.5172089;28.82
02/06/2024 15:20;22.9444;17.7028;199;53;0;3.369;302.1658859;28.811
02/06/2024 16:21;23.1111;14.4841;313;52;0;5.09;300.038709;28.799
02/06/2024 17:20;24.1667;14.4841;643;46;0;12.738;302.0097344;28.797
02/06/2024 18:21;24.5556;16.0934;443;45;0;7.955;353.1842737;28.789
02/06/2024 19:22;23.4444;8.04672;265;46;0;4.784;350.3210396;28.778
02/06/2024 20:20;21.9444;12.8748;44;48;0;0.82;356.9588311;28.785
02/06/2024 21:15;20.7222;9.65606;7;53;0;0;358.5226482;28.799
03/06/2024 7:23;15.8889;3.21869;47;66;0;0.334;304.070828;28.819
03/06/2024 8:23;18.1111;0;192;66;0;2.751;387.126368;28.835
03/06/2024 9:22;19.1667;8.04672;385;67;0;5.871;387.5210334;28.836
03/06/2024 10:22;20.4444;8.04672;468;56;0;8.958;389.9295233;28.84
03/06/2024 11:22;22.5;8.04672;728;48;0;12.427;389.1522349;28.84
03/06/2024 12:22;23.5;8.04672;807;46;0;13.326;385.4481309;28.841
03/06/2024 13:21;24.6667;1.60934;865;43;0;14.411;396.4555969;28.828
03/06/2024 14:21;25.6667;16.0934;868;44;0;14.95;304.926042;28.804
03/06/2024 15:24;28.2222;14.4841;842;38;0;14.494;389.6646562;28.79
03/06/2024 16:24;26.2222;1.60934;788;43;0;14.037;379.6489743;28.777
03/06/2024 17:23;25.7778;30.5775;585;42;0;10.679;302.1706228;28.76
03/06/2024 18:23;25.1111;24.1402;438;42;0;8.016;359.5834512;28.745
03/06/2024 19:20;24.0556;16.0934;274;43;0;4.799;385.2480128;28.736
03/06/2024 20:19;23;19.3121;90;43;0;1.758;362.7059817;28.746
03/06/2024 21:15;21.5;8.04672;7;47;0;0;365.8751474;28.751
04/06/2024 7:23;15.8333;0;49;67;0;0.304;367.2362778;28.733
04/06/2024 8:23;17.4444;6.43738;197;61;0;2.764;370.479166;28.742
04/06/2024 9:22;20.1667;6.43738;396;53;0;5.905;375.4568341;28.744
04/06/2024 10:22;22.9444;14.4841;462;40;0;9.037;363.5280373;28.758
04/06/2024 11:22;25.2222;0;708;31;0;11.685;397.8396447;28.753
04/06/2024 12:23;26.6667;11.2654;817;29;0;13.512;386.1350176;28.762
04/06/2024 13:23;26.8889;19.3121;872;31;0;14.629;397.3970763;28.757
04/06/2024 14:23;26.8333;17.7028;874;34;0;14.975;390.9705114;28.757
04/06/2024 15:22;26.2778;22.5308;837;30;0;14.644;390.7355335;28.753
04/06/2024 16:26;26.1667;12.8748;747;29;0;13.528;304.8880132;28.752
04/06/2024 17:21;25.7222;17.7028;209;29;0;4.462;303.9116408;28.743
04/06/2024 18:20;25.6111;16.0934;566;31;0;5.052;362.4494542;28.731
04/06/2024 19:20;25.2778;17.7028;276;31;0;4.858;393.4059884;28.727
04/06/2024 20:21;24.6667;12.8748;95;31;0;1.863;360.4943742;28.728
04/06/2024 21:15;23.3333;14.4841;9;34;0;0;362.0425461;28.725
05/06/2024 7:24;17.0556;0;51;60;0;0.22;302.4795233;28.781
05/06/2024 8:23;19.1111;1.60934;202;64;0;2.801;378.807971;28.796
05/06/2024 9:23;21.7778;6.43738;399;49;0;5.897;378.2282321;28.797
05/06/2024 10:03;22.6667;1.60934;473;43;0;8.948;303.1823554;28.802
05/06/2024 11:25;27.3333;12.8748;715;26;0;11.528;363.5691351;28.8
05/06/2024 12:23;29.0556;14.4841;821;25;0;13.429;366.6874957;28.801
05/06/2024 13:23;29.9444;16.0934;882;24;0;14.41;408.6558993;28.796
05/06/2024 14:22;31;19.3121;893;24;0;14.815;306.436352;28.789
05/06/2024 15:23;31.0556;20.9215;846;27;0;14.277;397.8184953;28.782
05/06/2024 16:22;30.1667;19.3121;754;29;0;13.124;399.3451844;28.777
05/06/2024 17:22;29.6667;16.0934;629;29;0;11.194;373.0057453;28.768
05/06/2024 18:22;29.3889;16.0934;466;26;0;8.196;392.534462;28.757
05/06/2024 19:22;28.7222;12.8748;285;28;0;4.99;382.950707;28.749
05/06/2024 20:23;28.5;11.2654;93;28;0;1.92;376.5412217;28.741
05/06/2024 21:13;27.4444;1.60934;5;29;0;0;380.328055;28.743
06/06/2024 7:21;17.6111;1.60934;51;49;0;0.486;298.6419516;28.779
06/06/2024 8:21;20.2778;3.21869;186;44;0;2.736;377.7638472;28.786
06/06/2024 9:21;22.0556;1.60934;338;40;0;5.181;384.3963347;28.796
06/06/2024 10:20;25.4444;1.60934;496;32;0;8.233;382.5226496;28.81
06/06/2024 11:20;28.3333;8.04672;501;26;0;9.279;394.1069857;28.817
06/06/2024 12:20;29.2778;0;294;25;0;5.427;386.2898014;28.826
06/06/2024 13:20;29.1111;4.82803;255;27;0;4.62;388.6800442;28.808
06/06/2024 14:20;29.4444;12.8748;250;27;0;3.287;301.0937743;28.8
06/06/2024 15:20;30;12.8748;294;30;0;5.397;388.7341518;28.79
06/06/2024 16:20;30.4444;16.0934;406;28;0;7.096;300.6928708;28.769
06/06/2024 16:41;30.8333;19.3121;388;28;0;10.504;299.2170203;28.771
06/06/2024 18:19;31.5;24.1402;441;26;0;7.931;396.1611074;28.744
06/06/2024 19:20;29.7778;20.9215;269;27;0;4.827;381.354532;28.74
06/06/2024 20:20;28.5556;19.3121;47;28;0;0.997;368.8108364;28.744
06/06/2024 21:17;26.8333;19.3121;0;27;0;0;371.3270746;28.751
07/06/2024 7:21;22.3889;0;32;37;0;0.327;297.0864074;28.728
07/06/2024 8:21;24.6111;11.2654;148;33;0;2.122;382.8015274;28.732
07/06/2024 9:20;25.1667;14.4841;299;35;0;5.028;388.0167087;28.745
07/06/2024 10:20;27.0556;16.0934;413;39;0;7.543;360.644788;28.739
07/06/2024 11:20;27.7778;16.0934;606;39;0;10.203;362.9539694;28.741
07/06/2024 12:24;30.0556;16.0934;737;37;0;12.596;361.9294272;28.731
07/06/2024 13:23;31.1111;30.5775;766;37;0;11.291;362.6704214;28.718
07/06/2024 14:23;31.9444;28.9682;682;39;0;12.433;301.0505416;28.699
07/06/2024 15:23;32;16.0934;731;41;0;11.205;370.2007886;28.675
07/06/2024 16:23;31.7778;24.1402;591;40;0;5.062;379.0219996;28.66
07/06/2024 17:22;31.5556;19.3121;432;40;0;8.121;303.3767025;28.641
07/06/2024 18:22;30.5;24.1402;151;42;0;5.189;382.2886392;28.641
07/06/2024 19:22;28.2222;17.7028;109;48;0;2.007;370.5464169;28.65
07/06/2024 20:22;26.2222;16.0934;39;52;0;0.79;367.1820701;28.655
07/06/2024 21:17;25;17.7028;26;53;0;0;373.2514313;28.654
08/06/2024 7:23;20.3333;0;30;66;0;0.226;297.5921903;28.624
08/06/2024 8:23;21.3333;3.21869;162;62;0;2.186;358.3486498;28.632
08/06/2024 9:22;22.2778;3.21869;336;65;0;5.11;387.782398;28.63
08/06/2024 10:22;24.2778;8.04672;443;60;0;8.204;363.051143;28.624
08/06/2024 11:22;26.4444;8.04672;712;52;0;10.717;363.4647227;28.604
08/06/2024 12:22;28.2222;9.65606;775;44;0;7.917;360.3749838;28.592
08/06/2024 13:22;29.2778;3.21869;455;41;0;10.885;298.9576573;28.582
08/06/2024 14:21;28.3333;16.0934;896;49;0;7.856;300.2944692;28.558
08/06/2024 15:21;27.5;22.5308;788;51;0;13.516;298.3962656;28.542
08/06/2024 16:25;27.3333;28.9682;684;50;0;12.151;295.8765248;28.524
08/06/2024 17:24;27.2222;17.7028;135;51;0;10.081;292.9980792;28.511
08/06/2024 18:25;27.5556;4.82803;40;45;0;0.776;377.6290785;28.49
08/06/2024 19:19;26.7222;17.7028;118;38;0;0.566;375.4892587;28.485
08/06/2024 20:22;24.9444;14.4841;37;53;0;0.912;367.480863;28.509
08/06/2024 21:17;23.3333;9.65606;0;58;0;0;367.7680804;28.54
09/06/2024 7:21;18.2222;1.60934;51;57;0;0.355;294.2438889;28.582
09/06/2024 8:21;19.2222;1.60934;227;56;0;2.834;294.3758888;28.596
09/06/2024 9:21;21.2222;9.65606;401;52;0;5.102;291.8684907;28.593
09/06/2024 10:21;24.5556;12.8748;432;43;0;9.006;354.0893589;28.593
09/06/2024 11:15;26.5;9.65606;659;38;0;11.349;357.2851781;28.595
09/06/2024 12:22;27.6111;4.82803;824;35;0;13.557;373.4732993;28.59
09/06/2024 13:24;27.9444;11.2654;965;35;0;14.636;296.1578711;28.583
09/06/2024 14:24;28.3333;25.7495;914;36;0;15.199;296.3965518;28.559
09/06/2024 15:24;27.9444;22.5308;615;37;0;10.93;293.273054;28.548
09/06/2024 16:24;27.6667;28.9682;761;39;0;11.017;294.1155918;28.537
09/06/2024 17:23;27.5556;20.9215;230;37;0;7.261;292.9430041;28.532
09/06/2024 18:23;27.3889;16.0934;443;35;0;8.902;355.8176672;28.539
09/06/2024 19:23;27.5556;16.0934;267;30;0;4.904;390.3973775;28.546
09/06/2024 20:23;26.7778;12.8748;56;35;0;2.465;352.942891;28.557
09/06/2024 21:17;25.6111;8.04672;9;39;0;0;369.2007316;28.575
10/06/2024 7:21;22.3889;3.21869;46;51;0;0.427;293.4112253;28.584
10/06/2024 8:21;23.7222;9.65606;211;48;0;2.677;386.6724911;28.593
10/06/2024 9:21;24.9444;6.43738;392;45;0;5.75;375.6973162;28.608
10/06/2024 10:21;25.7778;9.65606;473;43;0;8.749;381.5432082;28.613
10/06/2024 11:20;27.6667;16.0934;682;41;0;11.355;380.4136198;28.614
10/06/2024 12:22;28.3333;8.04672;847;38;0;13.144;385.4390907;28.615
10/06/2024 13:21;27.3889;8.04672;258;40;0;4.184;382.0464558;28.602
10/06/2024 14:22;27.8889;12.8748;947;46;0;16.101;295.7558668;28.602
10/06/2024 15:21;27.2222;14.4841;821;48;0;13.983;381.4105078;28.595
10/06/2024 16:22;28.0556;25.7495;737;45;0;12.617;361.251147;28.581
10/06/2024 17:21;25.3333;19.3121;104;53;0;2.32;292.3889514;28.589
10/06/2024 18:20;25.6111;12.8748;432;54;0;7.569;374.4819628;28.586
10/06/2024 19:23;25.6667;17.7028;255;51;0;4.496;376.3958783;28.585
10/06/2024 20:23;24.6111;14.4841;63;51;0;0.955;373.5916555;28.613
10/06/2024 21:17;21.3333;28.9682;0;64;0;0;377.1206937;28.652
11/06/2024 7:23;18.4444;3.21869;16;83;0;0.095;293.181518;28.68
11/06/2024 8:23;18.9444;1.60934;51;81;0;1.104;290.5498592;28.697
11/06/2024 9:23;20.2778;8.04672;406;78;0;0;390.878375;28.704
14/06/2024 9:45;21.0556;8.04672;469;77;0;9.825;363.8269636;28.798
14/06/2024 10:02;21.3333;8.04672;490;76;0;14.681;365.7872142;28.797
14/06/2024 10:25;22.1667;6.43738;499;72;0;20.516;373.9678069;28.799
14/06/2024 17:23;31.3333;16.0934;615;19;0;17.522;309.1635165;28.691
14/06/2024 18:22;30.6111;17.7028;469;23;0;13.444;372.6323293;28.671
14/06/2024 19:21;28.8333;20.9215;292;24;0;8.524;375.0335137;28.67
14/06/2024 20:20;27.2222;17.7028;114;30;0;3.594;376.8336097;28.679
14/06/2024 21:19;24.6111;12.8748;5;39;0;0;368.5059389;28.698
15/06/2024 7:22;20.9444;3.21869;56;59;0;0.94;305.4418992;28.665
15/06/2024 8:21;23.3333;0;39;51;0;1.219;369.931318;28.664
15/06/2024 9:21;24.3889;0;160;51;0;2.93;397.6575735;28.681
15/06/2024 10:24;27.2222;9.65606;515;41;0;20.862;381.7709806;28.681
15/06/2024 13:24;31.1111;19.3121;754;33;0;22.683;312.8721573;28.67
15/06/2024 14:24;31.1667;16.0934;438;34;0;14.931;310.056726;28.646
15/06/2024 14:49;31.0556;14.4841;371;34;0;24.119;309.3321108;28.638
15/06/2024 16:23;33.7222;19.3121;765;31;0;16.281;309.0929631;28.593
16/06/2024 4:42;19.9444;3.21869;0;84;0;0;304.1940546;28.655
16/06/2024 7:22;18.7778;1.60934;46;87;0;0.512;305.3742146;28.695
16/06/2024 8:21;20.8889;11.2654;204;85;0;4.744;300.5158368;28.705
16/06/2024 9:21;21.6667;11.2654;345;83;0;5.997;297.9722446;28.718
16/06/2024 10:20;22.5;11.2654;468;77;0;14.947;370.616937;28.734
16/06/2024 11:20;24.0556;1.60934;701;71;0;6.786;374.1600525;28.73
16/06/2024 12:23;25.3889;16.0934;835;65;0;21.844;379.1856235;28.722
16/06/2024 13:22;25.3333;20.9215;896;67;0;23.594;301.8763334;28.724
16/06/2024 14:21;25.3333;25.7495;909;65;0;23.378;301.0025052;28.715
16/06/2024 15:21;26;24.1402;865;60;0;23.121;300.4960218;28.71
16/06/2024 16:19;26;20.9215;770;56;0;21.142;302.4361238;28.692
16/06/2024 17:23;25.7778;25.7495;633;56;0;18.37;300.6496715;28.679
16/06/2024 18:22;25.2222;16.0934;471;55;0;14.017;367.7775542;28.671
16/06/2024 19:21;24.7778;14.4841;297;57;0;8.784;367.7921986;28.675
16/06/2024 20:24;23.9444;12.8748;93;62;0;3.383;374.0990396;28.675
16/06/2024 21:19;22.8333;12.8748;9;66;0;0;375.5511055;28.674
17/06/2024 7:20;18.2778;3.21869;44;86;0;0.567;303.8632375;28.692
17/06/2024 8:24;19.3889;0;234;80;0;4.727;372.9401623;28.698
20/06/2024 13:06;26.8333;11.2654;956;34;0;21.992;378.6296693;28.741
20/06/2024 14:07;26.8889;11.2654;949;31;0;24.219;377.9083233;28.731
20/06/2024 14:22;27.2778;14.4841;953;29;0;23.865;378.5734601;28.728
21/06/2024 9:38;24.3333;14.4841;448;42;0;10.176;386.6888702;28.892
24/06/2024 8:19;21.0556;9.65606;206;72;0;0.489;297.9840869;28.738
24/06/2024 8:20;21.0556;11.2654;211;72;0;4.402;297.4987529;28.742
24/06/2024 9:23;22.2778;8.04672;399;62;0;9.461;374.6382144;28.75
24/06/2024 10:23;24.2778;6.43738;448;50;0;14.408;377.2861856;28.741
24/06/2024 11:23;25;9.65606;675;48;0;17.898;376.8285392;28.74
24/06/2024 12:22;26.6667;8.04672;816;50;0;20.398;376.0497496;28.728
24/06/2024 13:22;29.4444;12.8748;947;48;0;5.321;374.371279;28.71
24/06/2024 14:22;26.7222;17.7028;339;59;0;8.64;298.9374086;28.686
24/06/2024 15:21;26.7222;28.9682;853;59;0;28.982;367.7657453;28.675
24/06/2024 16:21;26.8889;19.3121;800;56;0;20.658;377.9370784;28.671
24/06/2024 17:21;27.2222;17.7028;617;55;0;17.09;297.914601;28.659
24/06/2024 18:21;26.3333;16.0934;464;56;0;13.348;386.8262408;28.66
24/06/2024 19:21;25.6111;19.3121;288;56;0;8.329;378.4676133;28.652
24/06/2024 20:20;24.5;19.3121;107;63;0;3.404;394.6990672;28.669
24/06/2024 21:20;22.7778;14.4841;11;68;0;0;387.5782768;28.68
25/06/2024 7:24;19;1.60934;49;83;0;0.521;297.9198049;28.681
25/06/2024 8:24;20.1111;6.43738;213;78;0;4.147;375.9401;28.681
25/06/2024 9:24;21.6667;3.21869;390;74;0;9.062;378.2990857;28.691
25/06/2024 10:24;23.7778;11.2654;446;53;0;13.942;379.2368957;28.689
25/06/2024 11:24;25.3333;9.65606;661;46;0;17.753;388.7844232;28.694
25/06/2024 12:23;26.6667;12.8748;809;45;0;20.611;384.1773689;28.685
25/06/2024 13:28;27.0556;22.5308;875;42;0;22.202;387.9939581;28.676
25/06/2024 14:23;27.7778;12.8748;881;40;0;22.406;299.9229213;28.66
25/06/2024 15:23;28.0556;19.3121;842;40;0;21.998;384.1111188;28.644
25/06/2024 16:23;28.6667;3.21869;756;36;0;19.881;394.8583211;28.628
25/06/2024 17:23;29;16.0934;626;40;0;17.201;296.7260679;28.609
25/06/2024 18:22;28.6667;14.4841;471;43;0;13.419;394.168132;28.59
25/06/2024 19:22;27.2222;17.7028;295;47;0;8.492;376.2452643;28.587
25/06/2024 19:27;27.3889;16.0934;281;46;0;3.54;378.0240442;28.586
25/06/2024 20:46;25.0556;16.0934;49;54;0;0.265;371.8350257;28.6
25/06/2024 22:03;23.3333;1.60934;0;60;0;0;372.7766719;28.613
26/06/2024 6:56;19.4444;6.43738;5;77;0;0.43;296.1690463;28.61
26/06/2024 8:36;20.6667;6.43738;100;68;0;3.038;382.8781855;28.622
26/06/2024 9:23;23.1111;8.04672;371;56;0;8.977;273.4974504;28.626
26/06/2024 10:10;24.5;16.0934;480;51;0;13.967;291.6043241;28.63
26/06/2024 10:56;27.4444;9.65606;548;39;0;16.472;277.1772361;28.622
26/06/2024 12:58;27.9444;17.7028;795;42;0;20.33;389.869578;28.624
27/06/2024 2:38;21.6667;9.65606;0;59;0;0;383.4527871;28.608
27/06/2024 7:02;21.8333;6.43738;16;46;0;0.787;293.5333844;28.602
27/06/2024 8:05;22.5556;8.04672;104;50;0;3.337;394.7841316;28.605
27/06/2024 9:21;23;6.43738;301;48;0;7.34;383.4017151;28.627
27/06/2024 10:27;25.2778;8.04672;408;46;0;10.269;388.4362263;28.628
27/06/2024 11:19;26.1667;17.7028;629;49;0;16.318;393.4549588;28.636
27/06/2024 12:19;25.4444;11.2654;271;54;0;7.954;388.1455062;28.641
27/06/2024 13:19;25.7778;8.04672;411;55;0;10.049;394.2482927;28.642
27/06/2024 14:24;27.2222;3.21869;418;52;0;11.39;389.96038;28.632
27/06/2024 14:29;27.6111;6.43738;497;52;0;15.649;379.7561554;28.633
27/06/2024 16:31;28.6667;12.8748;738;51;0;15.583;391.6011554;28.616
27/06/2024 17:21;28.1667;16.0934;679;58;0;17.888;299.8615749;28.618
27/06/2024 17:31;28;20.9215;541;59;0;12.78;386.5985685;28.616
27/06/2024 19:29;26.6667;12.8748;315;63;0;5.657;377.0692881;28.629
27/06/2024 20:23;26.1667;3.21869;70;64;0;3.066;375.4158031;28.63
27/06/2024 21:22;25.6667;12.8748;5;67;0;0;378.2028796;28.64
28/06/2024 7:21;21.7222;1.60934;16;86;0;0.182;296.6615524;28.683
28/06/2024 8:20;22.0556;6.43738;69;84;0;1.557;378.6354403;28.696
28/06/2024 9:02;22.6667;6.43738;167;83;0;4.089;378.7131992;28.707
28/06/2024 9:50;23.5556;8.04672;487;79;0;10.91;380.199024;28.712
28/06/2024 10:53;23.8333;6.43738;93;78;0;3.277;379.2306242;28.726
28/06/2024 11:50;23.8889;14.4841;241;77;0;10.954;379.6645194;28.715
28/06/2024 13:07;26.1667;11.2654;506;68;0;22.18;297.6616762;28.706
28/06/2024 14:41;27.6667;22.5308;905;62;0;21.236;366.2602723;28.696
28/06/2024 15:50;27.2778;12.8748;849;63;0;8.846;386.5685791;28.685
28/06/2024 17:01;27.8889;30.5775;633;58;0;6.42;293.5124686;28.669
28/06/2024 17:49;27.3889;30.5775;529;59;0;12.402;372.2276897;28.668
28/06/2024 18:41;26.9444;14.4841;399;54;0;2.606;369.372128;28.661
28/06/2024 19:44;26.9444;9.65606;114;46;0;1.972;378.3642017;28.649
28/06/2024 20:53;27.7778;6.43738;35;43;0;0.289;380.1362431;28.642
28/06/2024 21:29;27.2778;11.2654;0;41;0;0;379.9179112;28.649
29/06/2024 7:21;20;11.2654;42;59;0;0.225;298.5127538;28.746
29/06/2024 8:17;21.0556;9.65606;211;55;0;4.224;367.1905432;28.75
29/06/2024 10:19;25.1667;12.8748;499;42;0;9.11;391.9209309;28.75
29/06/2024 10:20;25.1667;8.04672;492;42;0;13.821;392.6940494;28.748
29/06/2024 11:20;27.1111;8.04672;671;38;0;17.23;392.2356691;28.744
29/06/2024 13:14;29.6667;8.04672;882;32;0;19.889;297.0931792;28.728
29/06/2024 13:23;29.6111;3.21869;911;31;0;21.347;294.5600616;28.727
29/06/2024 14:17;28.6667;19.3121;893;39;0;21.37;292.3199992;28.708
29/06/2024 16:53;29.6111;22.5308;700;37;0;19.451;290.372992;28.677
29/06/2024 17:54;28.9444;22.5308;552;39;0;16.916;292.5171818;28.676
29/06/2024 18:11;29.0556;20.9215;506;38;0;12.991;378.0583035;28.674
29/06/2024 19:01;28.1667;17.7028;355;40;0;8.117;388.8124444;28.67
29/06/2024 20:20;27.4444;11.2654;118;39;0;3.33;382.3261009;28.687
29/06/2024 21:09;27.0556;12.8748;18;39;0;0.294;380.5225022;28.694
29/06/2024 21:49;26.5556;1.60934;0;39;0;0;379.2699207;28.703
30/06/2024 7:27;20.7778;1.60934;49;60;0;0.414;295.5386357;28.709
30/06/2024 8:11;22.1667;6.43738;171;57;0;3.86;286.7642268;28.711
30/06/2024 9:20;24.4444;3.21869;376;52;0;8.621;286.5899615;28.726
30/06/2024 10:13;26.2222;12.8748;485;51;0;13.165;380.1050862;28.722
30/06/2024 10:54;28.3333;12.8748;515;46;0;16.883;380.3473696;28.724
30/06/2024 12:05;29.3889;9.65606;780;41;0;19.59;296.2240879;28.716
30/06/2024 13:24;30.9444;6.43738;860;37;0;21.121;289.3960524;28.692
30/06/2024 14:19;32;8.04672;875;34;0;21.127;291.9081207;28.683
30/06/2024 15:21;31.2778;14.4841;817;47;0;20.275;291.0488369;28.658
30/06/2024 15:26;31.3889;14.4841;814;46;0;19.119;292.3859158;28.653
30/06/2024 17:36;29.7222;28.9682;580;43;0;16.388;291.9594262;28.657
30/06/2024 17:51;29.8333;20.9215;545;43;0;12.511;376.6811943;28.652
30/06/2024 18:52;28.8889;16.0934;373;45;0;7.894;396.577189;28.648
30/06/2024 20:10;27.2222;12.8748;149;50;0;3.648;384.0087413;28.664
30/06/2024 21:14;26.6111;11.2654;7;51;0;0.108;386.4251038;28.667
30/06/2024 21:37;26.1667;9.65606;0;55;0;0;386.4846155;28.666
01/07/2024 7:22;20.7222;1.60934;42;84;0;0.484;382.9002688;28.714
01/07/2024 8:22;21.3889;1.60934;172;82;0;3.54;389.5592097;28.736
01/07/2024 9:22;23;6.43738;366;75;0;7.947;379.1902603;28.761
01/07/2024 10:22;25.1111;11.2654;468;63;0;12.684;376.0184926;28.772
01/07/2024 11:21;28.1111;14.4841;661;49;0;16.549;389.3936844;28.786
01/07/2024 12:21;29.1111;11.2654;253;41;0;6.957;392.2797024;28.79
01/07/2024 13:20;30.1111;24.1402;373;39;0;11.088;379.5157734;28.795
01/07/2024 14:23;26.6111;30.5775;969;64;0;16.374;388.2131574;28.814
01/07/2024 15:22;26.8333;20.9215;863;62;0;23.082;398.5220279;28.816
01/07/2024 16:22;25.2778;19.3121;302;68;0;5.257;384.7185119;28.833
01/07/2024 17:22;25.8889;14.4841;167;62;0;4.821;390.1135627;28.837
01/07/2024 18:22;26;16.0934;278;60;0;12.529;380.172237;28.836
01/07/2024 19:21;25.7222;14.4841;271;61;0;7.707;370.3979045;28.834
01/07/2024 20:21;25.1667;14.4841;120;62;0;3.642;387.4260616;28.835
01/07/2024 21:21;23.7778;9.65606;9;65;0;0;381.1301622;28.85
02/07/2024 7:21;19.5;0;35;79;0;0.369;296.4470234;28.846
02/07/2024 8:21;21;6.43738;199;76;0;3.831;374.8649194;28.852
02/07/2024 9:20;22.3889;1.60934;376;72;0;8.603;392.7380828;28.848
02/07/2024 10:20;24.4444;1.60934;482;66;0;13.089;382.9238534;28.85
02/07/2024 11:20;26.5556;1.60934;649;58;0;16.668;381.5993841;28.84
02/07/2024 12:20;28.0556;12.8748;802;52;0;19.404;389.3228975;28.83
02/07/2024 13:20;29.3333;19.3121;865;51;0;21.033;397.5258738;28.824
02/07/2024 14:24;28.7778;17.7028;872;49;0;21.574;393.2309559;28.8
02/07/2024 15:24;29.2778;20.9215;823;49;0;20.982;388.6230677;28.787
02/07/2024 16:24;29;20.9215;737;48;0;19.258;387.5216005;28.764
02/07/2024 17:20;28.5556;24.1402;613;51;0;16.407;297.0398722;28.75
02/07/2024 18:20;28.3333;28.9682;461;53;0;12.582;389.2814327;28.742
02/07/2024 19:20;27.1667;19.3121;287;57;0;7.876;387.6167726;28.732
02/07/2024 20:19;26.0556;17.7028;107;59;0;3.217;394.0132814;28.744
02/07/2024 21:19;24.8889;8.04672;9;62;0;0;392.158911;28.75
03/07/2024 7:24;20.2778;1.60934;42;78;0;0.294;293.4157954;28.743
03/07/2024 8:24;21.7222;6.43738;209;72;0;3.858;393.9552375;28.753
03/07/2024 9:23;23.6111;3.21869;387;66;0;8.554;363.1292354;28.76
04/07/2024 9:05;25;6.43738;338;57;0;3.878;383.35091;28.761
04/07/2024 9:21;25.2778;4.82803;383;58;0;8.513;362.3220244;28.759
04/07/2024 10:20;28.9444;0;476;41;0;12.897;372.3521839;28.756
04/07/2024 11:20;30.3889;6.43738;657;34;0;16.615;364.4237153;28.758
04/07/2024 12:24;32.6111;11.2654;819;21;0;19.344;380.6661443;28.743
04/07/2024 13:24;33.8889;19.3121;881;16;0;21.083;383.6316558;28.736
04/07/2024 14:21;33.7778;14.4841;891;13;0;21.594;295.8466022;28.725
04/07/2024 15:20;33.0556;22.5308;849;14;0;20.994;383.0023461;28.723
04/07/2024 16:20;33.7222;6.43738;756;14;0;18.875;374.6426178;28.706
04/07/2024 17:20;34.1111;14.4841;619;16;0;16.023;294.2028912;28.692
04/07/2024 18:20;32;17.7028;464;21;0;12.362;380.3008678;28.7
04/07/2024 19:19;31.7778;16.0934;288;18;0;7.653;380.7838667;28.695
04/07/2024 20:24;30.8889;19.3121;97;31;0;3.103;387.4858735;28.697
04/07/2024 21:19;27.7778;14.4841;14;31;0;0;379.8264419;28.7
05/07/2024 7:23;19.3889;1.60934;37;48;0;0.409;396.5371253;28.716
05/07/2024 8:23;21.4444;0;183;43;0;3.685;389.2058755;28.719
05/07/2024 9:23;24.5556;1.60934;360;34;0;8.153;384.3727835;28.74
05/07/2024 10:23;27.5556;16.0934;466;30;0;12.684;387.6307165;28.74
05/07/2024 11:22;30.1111;9.65606;663;26;0;16.733;379.3988182;28.74
05/07/2024 12:22;30.8889;16.0934;786;28;0;19.445;403.2106772;28.735
05/07/2024 13:21;32.1667;11.2654;847;28;0;20.572;401.7540412;28.724
05/07/2024 14:21;33.7778;12.8748;858;28;0;20.97;404.1211331;28.71
05/07/2024 15:20;34.3333;12.8748;812;26;0;20.095;400.4280374;28.693
05/07/2024 16:20;33.9444;22.5308;728;26;0;18.49;380.0315639;28.68
05/07/2024 17:20;32.9444;11.2654;599;27;0;15.852;386.0826112;28.654
05/07/2024 18:20;33.4444;11.2654;450;27;0;9.936;380.5699047;28.645
05/07/2024 19:19;32.2222;8.04672;271;28;0;7.362;374.9749694;28.626
05/07/2024 20:24;30.2222;14.4841;98;31;0;3.128;390.697438;28.621
05/07/2024 21:19;28.1667;11.2654;11;37;0;0;382.8123023;28.623
08/07/2024 8:38;22.2222;6.43738;200;81;0;3.559;377.4617185;28.757
08/07/2024 9:23;22.7778;8.04672;383;78;0;8.106;381.978371;28.768
08/07/2024 10:23;23.2778;8.04672;292;77;0;10.057;395.0125045;28.779
09/07/2024 13:30;29.0556;14.4841;840;60;0;19.979;380.5012861;28.776
09/07/2024 14:20;29.7222;14.4841;846;58;0;20.145;279.4757093;28.763
09/07/2024 15:20;30.8333;17.7028;812;56;0;19.667;374.9313697;28.748
09/07/2024 16:22;29.6667;30.5775;717;59;0;18.485;387.6681782;28.744
09/07/2024 17:23;27.8333;19.3121;571;64;0;15.579;288.92176;28.744
09/07/2024 18:22;27.3333;28.9682;429;64;0;11.871;381.6151293;28.732
09/07/2024 19:22;27.0556;14.4841;267;64;0;7.27;380.40518;28.734
09/07/2024 20:22;25.6667;14.4841;97;71;0;2.999;387.0959116;28.752
09/07/2024 21:17;24.4444;8.04672;11;75;0;0;379.2415325;28.766
10/07/2024 8:07;22.6667;3.21869;135;78;0;0.305;375.5226173;28.815
10/07/2024 8:22;23.1111;3.21869;172;76;0;3.297;374.3168712;28.815
10/07/2024 9:23;24.9444;6.43738;352;70;0;7.493;383.1737092;28.834
10/07/2024 10:23;28.2222;8.04672;441;57;0;12.05;394.4478104;28.829
10/07/2024 11:23;31.4444;8.04672;659;38;0;15.678;383.7343669;28.829
10/07/2024 12:22;33.8889;6.43738;789;33;0;18.107;313.1751199;28.825
10/07/2024 13:22;33.7222;25.7495;844;43;0;20.113;377.055044;28.813
10/07/2024 14:22;33.4444;16.0934;858;40;0;20.676;284.1949485;28.812
10/07/2024 15:22;33.3333;22.5308;823;40;0;20.123;281.1641875;28.805
10/07/2024 16:21;33.6667;24.1402;733;28;0;18.44;383.3117804;28.794
10/07/2024 17:21;33.9444;19.3121;339;29;0;15.608;284.9922521;28.786
10/07/2024 18:21;33.6667;22.5308;452;28;0;11.779;379.0649655;28.777
10/07/2024 19:21;32.8889;22.5308;283;31;0;7.364;372.2502734;28.782
10/07/2024 20:21;32.1667;11.2654;105;28;0;2.996;388.8418333;28.782
10/07/2024 21:21;30.8333;8.04672;11;31;0;0;381.6082241;28.795
11/07/2024 7:20;23.4444;6.43738;28;46;0;0.294;376.385704;28.804
11/07/2024 8:20;24.1667;1.60934;172;49;0;3.38;393.0255337;28.812
11/07/2024 9:20;25.8333;3.21869;329;45;0;7.693;381.639748;28.819
11/07/2024 10:20;29.4444;6.43738;450;37;0;11.985;368.8262814;28.825
11/07/2024 11:20;31.6667;8.04672;649;34;0;15.512;373.8355735;28.82
11/07/2024 12:24;31.8889;8.04672;779;45;0;18.236;390.0682284;28.819
11/07/2024 13:24;32.8889;16.0934;842;38;0;19.778;380.4521156;28.805
11/07/2024 14:24;33.0556;28.9682;844;35;0;20.294;382.9339944;28.8
11/07/2024 15:24;33.8333;19.3121;817;34;0;19.909;385.3449195;28.782
11/07/2024 16:23;32.9444;22.5308;722;36;0;18.158;284.5796397;28.769
11/07/2024 17:23;32.1667;14.4841;584;36;0;15.271;282.1760202;28.758
11/07/2024 18:23;31.4444;20.9215;432;41;0;11.586;375.2441064;28.742
11/07/2024 19:23;30.4444;17.7028;257;44;0;7.026;376.9203087;28.747
11/07/2024 20:23;29.7222;12.8748;93;42;0;2.854;379.8683403;28.739
11/07/2024 21:17;28.4444;8.04672;12;44;0;0;374.6083251;28.742
12/07/2024 7:22;22.9444;0;28;53;0;0.243;283.3743273;28.687
12/07/2024 8:22;26.1111;1.60934;172;44;0;3.249;279.4323765;28.701
12/07/2024 9:22;29;1.60934;338;43;0;7.485;372.7972542;28.703
12/07/2024 10:22;31.8333;3.21869;454;35;0;12.354;369.815964;28.706
12/07/2024 11:22;35;3.21869;689;30;0;15.869;389.9137114;28.701
12/07/2024 12:26;36.4444;12.8748;814;29;0;18.437;395.3769471;28.695
12/07/2024 13:21;36.3333;22.5308;861;28;0;20.209;392.9335974;28.683
12/07/2024 14:21;36.0556;12.8748;870;29;0;20.546;380.3796941;28.67
12/07/2024 15:22;36;16.0934;830;29;0;20.112;383.7224913;28.655
12/07/2024 16:22;35.6667;20.9215;742;29;0;18.197;383.1872861;28.647
12/07/2024 17:22;35.2222;16.0934;610;29;0;15.54;283.2457299;28.635
12/07/2024 18:22;35.2222;11.2654;454;30;0;11.605;381.0578074;28.617
12/07/2024 19:21;34.7778;17.7028;287;31;0;7.259;374.811579;28.607
12/07/2024 20:21;33.6111;8.04672;102;31;0;2.977;377.5437473;28.623
12/07/2024 21:16;29.3333;12.8748;11;56;0;0;377.1843752;28.637
13/07/2024 7:20;23.5;6.43738;14;81;0;0.198;281.4145104;28.677
13/07/2024 8:20;24.1667;6.43738;62;79;0;2.218;369.3511121;28.693
13/07/2024 9:20;25.0556;14.4841;366;78;0;5.338;371.6395111;28.699
13/07/2024 10:24;27.4444;14.4841;513;68;0;14.265;387.8250302;28.695
13/07/2024 11:24;28.5556;11.2654;800;61;0;19.051;365.3462137;28.686
13/07/2024 12:24;29.4444;6.43738;851;55;0;19.306;274.9268659;28.681
13/07/2024 13:24;30.3333;3.21869;872;53;0;20.07;272.6124638;28.663
13/07/2024 14:23;29.3333;24.1402;886;64;0;22.599;275.4353675;28.656
13/07/2024 15:23;30;20.9215;807;62;0;20.552;275.3204305;28.651
13/07/2024 16:23;29.5556;17.7028;881;63;0;19.077;269.373612;28.645
13/07/2024 17:23;29.2778;17.7028;197;63;0;15.726;272.8156677;28.644
13/07/2024 18:23;28.8889;20.9215;434;61;0;11.337;372.2740581;28.628
13/07/2024 19:23;27.9444;16.0934;264;65;0;7.038;376.2899315;28.632
13/07/2024 20:22;27.1667;14.4841;93;67;0;2.324;375.8346535;28.644
13/07/2024 21:17;25.8889;14.4841;11;71;0;0;366.7608179;28.653
14/07/2024 7:22;21.5556;1.60934;26;83;0;0.221;282.155071;28.696
14/07/2024 8:22;22.3889;1.60934;171;78;0;3.178;279.1834214;28.714
14/07/2024 9:22;24.1667;6.43738;339;76;0;5.723;268.418539;28.734
14/07/2024 10:21;25.3333;8.04672;387;74;0;0;368.2300968;28.725
14/07/2024 12:21;28.7222;9.65606;784;59;0;18.345;370.3436968;28.725
14/07/2024 13:21;30.2778;12.8748;853;54;0;19.553;275.1324548;28.706
14/07/2024 14:21;30.1667;25.7495;856;59;0;20.7;273.0716948;28.705
14/07/2024 15:22;30.0556;16.0934;810;58;0;19.968;272.5731174;28.698
14/07/2024 16:23;29.6111;20.9215;728;60;0;18.249;272.7670976;28.684
14/07/2024 17:22;29.4444;16.0934;98;61;0;15.555;272.3399242;28.666
14/07/2024 18:22;28.1667;22.5308;434;65;0;11.631;383.1958259;28.675
14/07/2024 19:22;26.9444;20.9215;264;70;0;7;369.6102082;28.673
14/07/2024 20:22;26.3333;14.4841;91;71;0;2.715;372.713891;28.676
14/07/2024 21:16;25.5;6.43738;11;73;0;0;373.2216754;28.678
15/07/2024 7:21;21.4444;0;26;63;0;0.198;280.1378773;28.699
15/07/2024 8:21;24.4444;3.21869;179;66;0;3.308;382.2029076;28.708
15/07/2024 9:21;26.1667;3.21869;357;58;0;7.852;382.9768602;28.72
15/07/2024 10:20;29.1667;6.43738;448;38;0;12.343;383.6000319;28.724
15/07/2024 11:20;32.7778;1.60934;684;30;0;15.739;380.8830084;28.723
15/07/2024 12:20;34.2222;16.0934;793;31;0;18.256;366.7601841;28.72
15/07/2024 13:20;34.6111;17.7028;849;32;0;19.816;395.3718432;28.711
15/07/2024 14:19;34.3333;24.1402;867;30;0;20.372;276.4969711;28.703
15/07/2024 15:20;34.7222;17.7028;826;28;0;19.788;272.792817;28.687
15/07/2024 16:20;35.3333;20.9215;742;29;0;18.102;271.89407;28.677
15/07/2024 17:20;34.8333;14.4841;77;29;0;15.304;274.0091211;28.657
15/07/2024 18:24;33.7778;14.4841;446;32;0;11.682;275.9994945;28.654
15/07/2024 19:24;33.3333;11.2654;278;34;0;7.253;272.0025855;28.655
15/07/2024 20:24;32.8333;9.65606;95;34;0;2.952;274.4993089;28.657
15/07/2024 21:14;32.2778;1.60934;11;34;0;0;274.6642671;28.666
16/07/2024 7:23;26.5;8.04672;33;42;0;0.171;385.5206858;28.73
16/07/2024 8:23;28.5556;9.65606;169;40;0;3.193;372.5147736;28.747
16/07/2024 9:23;30;12.8748;346;38;0;7.679;374.0733201;28.76
16/07/2024 10:22;30.9444;6.43738;438;36;0;12.056;366.4437445;28.76
16/07/2024 11:22;33.3889;6.43738;673;29;0;15.517;371.0650095;28.761
16/07/2024 12:22;34.6111;11.2654;777;26;0;18.027;371.5608182;28.763
16/07/2024 13:24;34.8889;19.3121;854;23;0;19.894;372.4790132;28.761
16/07/2024 14:23;34.1667;24.1402;851;29;0;20.359;393.3091484;28.752
16/07/2024 15:29;33.1667;22.5308;795;36;0;19.666;380.78827;28.763
16/07/2024 16:21;32.9444;25.7495;717;36;0;17.816;377.0769272;28.751
16/07/2024 17:21;32.2778;25.7495;132;41;0;15.032;378.131659;28.738
16/07/2024 18:21;31.3889;24.1402;431;45;0;11.166;391.4118788;28.726
16/07/2024 19:21;30.9444;16.0934;262;49;0;6.785;394.8704637;28.721
16/07/2024 20:21;30.1667;14.4841;97;48;0;2.75;392.1623136;28.726
16/07/2024 21:15;27.9444;9.65606;11;65;0;0;378.7307125;28.736
17/07/2024 7:24;22.5556;8.04672;28;85;0;0.214;278.6647621;28.798
17/07/2024 8:24;23.6667;9.65606;149;81;0;3.041;381.2464502;28.819
17/07/2024 9:24;24.8889;6.43738;338;77;0;7.544;373.6751521;28.847
17/07/2024 10:23;26.3889;8.04672;255;71;0;12.128;362.5899272;28.855
17/07/2024 11:23;27.5556;11.2654;403;64;0;7.738;359.4726674;28.851
17/07/2024 12:23;29.1111;12.8748;740;58;0;17.232;363.2938267;28.853
17/07/2024 13:23;30.2778;14.4841;807;54;0;19.207;361.9152164;28.851
17/07/2024 14:22;32.1667;17.7028;810;48;0;19.465;360.2716055;28.827
17/07/2024 15:22;32.0556;8.04672;756;46;0;18.687;366.477003;28.82
17/07/2024 16:22;32.5;22.5308;647;48;0;16.374;370.3403943;28.804
17/07/2024 17:22;32.3889;12.8748;311;49;0;13.608;360.2232356;28.804
17/07/2024 18:22;30.5556;11.2654;348;55;0;9.42;252.4430288;28.791
17/07/2024 19:21;30.0556;8.04672;204;57;0;5.671;251.9733233;28.783
17/07/2024 20:21;29.1667;12.8748;88;56;0;2.48;255.7157563;28.797
17/07/2024 21:16;27.6667;11.2654;9;59;0;0;255.3163873;28.805
18/07/2024 7:20;21.5556;3.21869;16;82;0;0.157;263.1473154;28.83
18/07/2024 8:20;22.7778;8.04672;104;77;0;2.363;370.1725673;28.853
18/07/2024 9:20;24.2778;6.43738;251;73;0;5.919;364.7641731;28.871
18/07/2024 10:20;26.3889;8.04672;381;66;0;9.942;362.321157;28.869
18/07/2024 11:20;28.0556;8.04672;617;54;0;14.203;361.3614972;28.873
18/07/2024 12:25;30.7778;9.65606;701;41;0;16.345;361.1907346;28.877
18/07/2024 13:25;31.6667;6.43738;809;37;0;11.491;358.4990303;28.866
18/07/2024 14:24;34.0556;14.4841;828;35;0;18.77;362.5479954;28.851
18/07/2024 15:24;36.0556;17.7028;766;28;0;19.065;367.2740064;28.829
18/07/2024 16:24;36.1111;16.0934;647;29;0;16.031;253.5218121;28.823
18/07/2024 17:24;32.3333;6.43738;285;51;0;12.914;249.9933077;28.816
18/07/2024 18:24;32.9444;16.0934;359;48;0;9.651;248.7963183;28.801
18/07/2024 19:23;34;11.2654;204;32;0;5.653;252.0981678;28.805
18/07/2024 20:23;31.4444;9.65606;26;38;0;0.755;253.6010221;28.82
18/07/2024 21:13;30.4444;11.2654;11;37;0;0;254.6041481;28.844
19/07/2024 7:22;23.9444;1.60934;19;55;0;0.158;255.049552;28.821
19/07/2024 8:22;24.5;6.43738;125;62;0;2.542;251.9478873;28.836
19/07/2024 9:22;25.6667;6.43738;292;55;0;6.405;355.7957172;28.855
19/07/2024 10:21;28.7778;1.60934;399;46;0;10.438;364.7103657;28.86
19/07/2024 11:21;31.4444;3.21869;608;39;0;14.058;368.2548822;28.862
19/07/2024 12:20;33.7778;8.04672;722;34;0;16.614;371.776348;28.854
19/07/2024 13:20;33.8889;19.3121;784;39;0;18.411;367.2159624;28.842
19/07/2024 14:20;33.3333;19.3121;812;43;0;19.444;361.5703887;28.835
19/07/2024 15:20;33.7222;22.5308;775;40;0;18.62;252.5457066;28.824
19/07/2024 16:20;34.2778;14.4841;693;32;0;16.943;251.9932717;28.812
19/07/2024 17:20;34.8333;24.1402;160;30;0;14.13;250.2664478;28.796
19/07/2024 18:24;34.5556;17.7028;401;30;0;10.592;364.4046009;28.788
19/07/2024 19:24;33.0556;16.0934;227;29;0;6.142;361.4520324;28.775
19/07/2024 20:24;31.8889;9.65606;79;32;0;2.405;361.5629831;28.771
19/07/2024 21:14;30.7778;8.04672;12;34;0;0;361.4354199;28.766
20/07/2024 7:23;23.9444;1.60934;21;52;0;0.085;365.3609915;28.675
20/07/2024 8:23;25.3889;3.21869;132;56;0;2.637;362.2640138;28.68
20/07/2024 9:23;27.8333;3.21869;308;44;0;6.526;358.2648531;28.672
20/07/2024 10:23;31.4444;3.21869;415;33;0;10.609;366.8750377;28.676
20/07/2024 11:23;33.9444;8.04672;628;29;0;14.229;366.8086874;28.674
20/07/2024 12:23;35.1111;16.0934;758;33;0;16.917;252.2631593;28.67
20/07/2024 13:22;35.2222;14.4841;371;35;0;18.081;247.7309451;28.654
20/07/2024 14:22;36.2778;22.5308;816;33;0;19.034;247.0545497;28.628
20/07/2024 15:22;36.7222;14.4841;780;30;0;18.409;251.7787927;28.611
20/07/2024 16:22;36.0556;25.7495;680;32;0;16.646;249.4570351;28.582
20/07/2024 17:22;35.7778;24.1402;236;34;0;13.925;246.7386439;28.556
20/07/2024 18:22;35.2778;11.2654;392;34;0;10.122;247.4543857;28.541
20/07/2024 19:21;34.7222;12.8748;225;34;0;5.767;357.8412324;28.534
20/07/2024 20:21;34.2778;8.04672;83;35;0;2.368;361.5097094;28.532
20/07/2024 21:11;33.2222;4.82803;14;39;0;0;356.2018914;28.534
21/07/2024 7:20;26.3333;6.43738;19;40;0;0.119;249.0408367;28.582
21/07/2024 8:20;28.4444;6.43738;146;36;0;2.918;251.1155239;28.602
21/07/2024 9:20;30.4444;11.2654;343;37;0;7.114;251.7842134;28.621
21/07/2024 10:20;31.7222;8.04672;411;34;0;11.395;246.9125255;28.628
21/07/2024 11:20;33.0556;12.8748;656;32;0;15.047;250.2218974;28.64
21/07/2024 12:24;34.7222;1.60934;777;29;0;17.417;247.8943855;28.644
21/07/2024 13:24;36.1667;12.8748;835;24;0;18.451;248.5176073;28.636
21/07/2024 14:24;35.2778;17.7028;837;26;0;19.64;250.5720792;28.634
21/07/2024 15:24;35.4444;20.9215;795;26;0;18.907;247.2929635;28.632
21/07/2024 16:24;35.1667;17.7028;708;27;0;16.952;252.4840766;28.634
21/07/2024 17:24;34.8333;25.7495;70;29;0;14.428;250.0672303;28.636
21/07/2024 18:23;33.3889;20.9215;425;29;0;10.904;252.0845575;28.641
21/07/2024 19:23;32.7778;16.0934;258;30;0;6.583;359.6335558;28.649
21/07/2024 20:23;32.1667;12.8748;83;31;0;2.509;354.5295588;28.669
21/07/2024 21:13;30.5556;9.65606;9;38;0;0;354.3632662;28.69
22/07/2024 7:21;23.7222;8.04672;12;77;0;0.098;365.4720089;28.834
22/07/2024 8:21;24.3333;8.04672;56;77;0;1.268;364.0806223;28.852
22/07/2024 9:21;25.7222;14.4841;309;72;0;6.796;365.0152965;28.87
22/07/2024 10:20;27.0556;12.8748;207;67;0;3.724;361.4582371;28.878
22/07/2024 11:20;27.4444;6.43738;763;63;0;13.502;367.979774;28.875
22/07/2024 12:20;28;6.43738;285;60;0;5.468;361.9018063;28.873
22/07/2024 13:20;29.5;1.60934;373;53;0;7.496;373.927343;28.869
22/07/2024 14:24;30.5556;16.0934;837;52;0;19.535;365.5502014;28.857
22/07/2024 15:24;30.6667;16.0934;780;54;0;18.754;246.022752;28.849
22/07/2024 16:24;31.2778;17.7028;694;48;0;17.016;360.3004941;28.84
22/07/2024 17:23;30.8889;20.9215;74;39;0;14.428;252.579799;28.827
22/07/2024 18:23;30.6111;25.7495;415;39;0;10.725;366.8500855;28.821
22/07/2024 19:23;29.5556;22.5308;243;40;0;6.331;366.4592896;28.83
22/07/2024 20:23;28.1667;12.8748;76;42;0;2.29;367.4023368;28.843
22/07/2024 21:13;27.0556;16.0934;9;47;0;0;369.3253926;28.863
23/07/2024 7:22;21.6111;0;19;66;0;0.118;260.5487315;28.908
23/07/2024 8:22;22.2222;6.43738;139;71;0;2.726;254.273648;28.918
23/07/2024 9:22;24.4444;6.43738;325;69;0;6.893;247.9287448;28.922
23/07/2024 10:22;26.7778;3.21869;397;56;0;11.132;363.749972;28.928
23/07/2024 11:21;29.2222;8.04672;647;48;0;14.659;362.1003232;28.936
23/07/2024 12:21;30.5556;6.43738;758;45;0;17.328;360.1155207;28.929
23/07/2024 13:21;31.1111;12.8748;823;47;0;19.099;368.3233007;28.929
23/07/2024 14:21;32.2778;17.7028;844;39;0;19.564;359.6319213;28.915
23/07/2024 15:20;32.8333;25.7495;810;39;0;19.245;364.6753058;28.903
23/07/2024 16:27;32.8889;19.3121;719;40;0;17.612;247.7087116;28.893
23/07/2024 17:22;32.9444;24.1402;62;38;0;14.802;248.3032283;28.881
23/07/2024 18:22;31.4444;14.4841;431;38;0;10.97;247.129323;28.872
23/07/2024 19:22;30.6667;14.4841;258;32;0;6.563;251.7944045;28.862
23/07/2024 20:21;30.1111;16.0934;84;32;0;2.448;252.6979551;28.865
23/07/2024 21:11;28.7222;4.82803;9;37;0;0;252.6167103;28.876
24/07/2024 7:21;21.7778;0;18;48;0;0.117;252.0826393;28.84
24/07/2024 8:21;23.8889;0;134;47;0;2.666;367.2476531;28.851
24/07/2024 9:21;26.1667;9.65606;308;46;0;6.762;362.8955585;28.867
24/07/2024 10:21;28.2222;1.60934;392;44;0;10.871;367.856047;28.867
24/07/2024 11:20;30.3889;1.60934;640;36;0;14.408;374.2853473;28.87
24/07/2024 12:20;32.7778;14.4841;752;30;0;17.098;361.282771;28.864
24/07/2024 13:20;34.1667;16.0934;824;24;0;18.916;360.8891063;28.848
24/07/2024 14:24;34.8333;9.65606;840;25;0;19.369;364.0698141;28.832
24/07/2024 15:24;34.9444;17.7028;795;25;0;18.797;250.2764387;28.813
24/07/2024 16:24;34.5556;16.0934;705;24;0;17.102;250.6293892;28.795
24/07/2024 17:24;33.7222;12.8748;81;26;0;14.407;251.507921;28.776
24/07/2024 18:24;33.2778;24.1402;417;26;0;10.632;366.9826525;28.762
24/07/2024 19:24;33.2222;17.7028;246;25;0;6.348;368.2981817;28.748
24/07/2024 20:23;32.3333;19.3121;76;30;0;2.323;364.485362;28.745
24/07/2024 21:08;30.3333;12.8748;12;35;0;0;253.7823427;28.743
25/07/2024 7:22;22.6667;3.21869;18;48;0;0.105;363.5004498;28.684
25/07/2024 8:22;24.9444;1.60934;134;44;0;2.522;361.7778791;28.689
25/07/2024 9:22;25.7222;6.43738;304;48;0;6.622;364.6153938;28.706
25/07/2024 10:22;27.6667;6.43738;394;42;0;10.918;249.0979799;28.692
25/07/2024 11:21;30;9.65606;645;39;0;14.619;248.0614286;28.679
25/07/2024 12:20;31.7778;6.43738;749;36;0;16.987;250.3882567;28.676
25/07/2024 13:19;33.7222;14.4841;810;39;0;18.525;249.9391167;28.657
25/07/2024 14:23;34.1667;24.1402;835;30;0;19.324;367.9780727;28.645
25/07/2024 15:23;33.5;19.3121;788;32;0;18.749;254.6417599;28.623
25/07/2024 16:22;33.3333;25.7495;705;37;0;16.966;252.1991275;28.604
25/07/2024 17:22;32.3333;16.0934;100;37;0;14.411;248.6033388;28.592
25/07/2024 18:22;30.6667;17.7028;167;46;0;10.842;369.8545599;28.591
25/07/2024 19:22;30.1111;11.2654;244;48;0;5.887;368.4017267;28.573
25/07/2024 20:22;28.8333;17.7028;76;50;0;2.249;366.5678385;28.59
25/07/2024 21:52;25.9444;8.04672;0;62;0;0;252.2834914;28.609
28/07/2024 10:24;26.9444;1.60934;385;64;0;10.037;248.4271888;28.811
28/07/2024 23:54;25.5556;14.4841;0;73;0;0;254.4312339;28.831
29/07/2024 11:06;30.0556;9.65606;461;45;0;4.307;248.9719345;28.827
29/07/2024 22:45;27.5;8.04672;0;58;0;0;253.5173421;28.802
30/07/2024 9:25;30.9444;9.65606;323;30;0;5.874;364.864082;28.809
30/07/2024 11:10;32;16.0934;559;31;0;3.664;248.7828747;28.793
31/07/2024 9:34;26.8333;3.21869;318;45;0;5.927;359.7835027;28.75
31/07/2024 10:21;30.2222;1.60934;357;31;0;10.04;247.1746907;28.747
01/08/2024 0:08;27.8333;6.43738;0;52;0;0;246.8756143;28.708
01/08/2024 8:21;27.8333;0;114;34;0;2.076;368.1795252;28.695
01/08/2024 9:20;29.4444;1.60934;237;37;0;5.606;366.6189438;28.706
01/08/2024 10:20;34.3889;3.21869;373;26;0;9.44;243.320006;28.705
01/08/2024 11:20;37.5;1.60934;592;19;0;12.862;243.1744792;28.725
01/08/2024 17:28;37.9444;19.3121;209;24;0;14.425;247.6257321;28.637
01/08/2024 18:23;35.7778;17.7028;283;32;0;11.218;367.8157164;28.63
01/08/2024 19:23;34;19.3121;102;39;0;5.642;364.2205616;28.621
01/08/2024 20:23;33;6.43738;63;43;0;1.767;364.721841;28.626
01/08/2024 21:03;32.6111;6.43738;12;42;0;0;252.0390397;28.626
02/08/2024 8:23;25.8333;0;155;50;0;2.19;358.2746938;28.628
02/08/2024 9:22;27.0556;3.21869;264;52;0;5.944;361.259887;28.637
02/08/2024 10:22;30.8889;1.60934;359;39;0;10.135;249.2294795;28.635
02/08/2024 11:22;32.9444;12.8748;628;31;0;13.59;246.2268398;28.642
02/08/2024 12:21;35;6.43738;731;27;0;15.972;241.7164254;28.639
02/08/2024 13:21;34.0556;11.2654;775;51;0;17.397;240.8881818;28.631
02/08/2024 14:21;33.7778;20.9215;793;51;0;18.15;244.6747649;28.608
02/08/2024 15:21;33;25.7495;752;54;0;17.541;248.0248342;28.597
02/08/2024 16:20;33.6667;25.7495;671;48;0;15.865;240.8390446;28.588
02/08/2024 17:20;33.3333;20.9215;77;49;0;13.109;243.9913976;28.573
02/08/2024 18:20;32.8333;20.9215;399;51;0;9.703;373.5974599;28.567
02/08/2024 19:20;32.3333;16.0934;239;51;0;5.605;368.4163711;28.577
02/08/2024 20:24;31.4444;3.21869;54;54;0;1.749;369.5195062;28.589
02/08/2024 21:04;31.1111;1.60934;9;55;0;0;250.9447279;28.604
03/08/2024 8:21;25.2222;1.60934;130;69;0;2.305;243.7930474;28.721
03/08/2024 9:21;26.7222;1.60934;250;65;0;5.671;241.7215793;28.744
03/08/2024 10:21;28.3889;3.21869;329;56;0;9.698;242.9887552;28.751
03/08/2024 11:20;29.9444;11.2654;601;49;0;13.155;239.7762067;28.75
03/08/2024 12:20;31.4444;3.21869;710;45;0;15.64;238.7992004;28.755
03/08/2024 13:20;32.8889;9.65606;773;42;0;17.178;240.0855075;28.748
03/08/2024 14:20;33.5;16.0934;777;46;0;17.475;243.5756328;28.734
03/08/2024 15:24;33.7778;11.2654;744;51;0;16.728;239.0460206;28.715
03/08/2024 16:24;32.5;12.8748;656;53;0;15.644;239.9042036;28.696
03/08/2024 17:24;32.6667;20.9215;83;50;0;12.983;246.2364804;28.696
03/08/2024 18:24;31.0556;19.3121;369;56;0;9.216;363.0762286;28.692
03/08/2024 19:24;30.0556;12.8748;211;55;0;5.282;367.5457788;28.695
03/08/2024 20:24;28.8333;9.65606;53;63;0;1.508;374.9641945;28.704
03/08/2024 20:59;27.8889;11.2654;11;64;0;0;364.72044;28.711
04/08/2024 8:23;24.1667;1.60934;132;88;0;2.102;245.1765614;28.766
04/08/2024 9:23;25.9444;6.43738;257;80;0;5.469;241.2145121;28.775
04/08/2024 10:22;27.3889;4.82803;323;67;0;9.506;238.7709123;28.78
04/08/2024 11:22;30.1667;12.8748;608;48;0;13.054;241.9630288;28.781
04/08/2024 12:22;31.9444;8.04672;712;41;0;15.555;243.1499773;28.775
04/08/2024 13:22;33.8333;9.65606;779;37;0;17.149;240.2188251;28.771
04/08/2024 14:22;33.9444;17.7028;786;37;0;17.798;246.7206136;28.76
04/08/2024 15:21;33.7222;9.65606;756;37;0;17.37;242.7623839;28.739
04/08/2024 16:21;33.5;19.3121;673;37;0;15.782;245.2516683;28.724
04/08/2024 17:21;33.2778;24.1402;72;36;0;13.059;245.8983912;28.719
04/08/2024 18:21;32.6111;12.8748;390;36;0;9.428;363.4691261;28.706
04/08/2024 19:21;31.3333;14.4841;227;39;0;5.358;365.8132339;28.699
04/08/2024 20:21;30.2222;19.3121;62;41;0;1.565;364.3175016;28.701
04/08/2024 21:00;28.8889;11.2654;9;46;0;0;250.2172439;28.708
05/08/2024 8:20;23.3333;1.60934;125;59;0;1.92;246.0585291;28.711
05/08/2024 9:20;26.4444;1.60934;251;50;0;5.607;243.6054387;28.725
05/08/2024 10:20;29.2778;3.21869;345;43;0;9.548;242.7842171;28.723
05/08/2024 11:25;31.2778;11.2654;612;32;0;13.121;244.5316232;28.719
05/08/2024 12:24;33.3889;12.8748;717;30;0;15.794;238.9387227;28.714
05/08/2024 13:24;34.0556;19.3121;784;30;0;17.452;241.4442194;28.705
05/08/2024 14:21;34;17.7028;793;33;0;18.113;246.41198;28.695
05/08/2024 15:21;34.7778;16.0934;759;31;0;17.31;241.3699631;28.684
05/08/2024 16:20;35.0556;22.5308;675;33;0;15.622;243.1763806;28.667
05/08/2024 17:20;34.8889;19.3121;67;31;0;12.941;238.9979842;28.649
05/08/2024 18:20;34.0556;22.5308;396;28;0;9.375;369.9645431;28.635
05/08/2024 19:20;32.9444;12.8748;227;30;0;5.278;361.5326268;28.638
05/08/2024 20:20;31.5556;16.0934;60;34;0;1.476;364.4951694;28.649
05/08/2024 21:00;30.5;6.43738;11;36;0;0;314.5594679;28.655
06/08/2024 8:24;22.8333;1.60934;132;48;0;1.894;249.2740466;28.655
06/08/2024 9:24;26.0556;8.04672;274;41;0;5.606;243.3251599;28.67
06/08/2024 10:24;28.9444;0;329;35;0;9.409;243.7271475;28.675
06/08/2024 11:23;32.3889;8.04672;598;29;0;12.879;240.096399;28.674
06/08/2024 12:23;34.7778;8.04672;714;24;0;15.502;240.8259346;28.667
06/08/2024 13:23;35.7222;20.9215;773;27;0;17.011;238.4581923;28.662
06/08/2024 14:23;35.2778;20.9215;788;27;0;17.761;241.5192095;28.651
06/08/2024 15:22;35.6667;11.2654;749;27;0;16.953;240.1564278;28.642
06/08/2024 16:22;35.8333;12.8748;657;30;0;14.911;242.5622991;28.627
06/08/2024 17:22;35.8333;8.04672;118;29;0;12.334;243.5647913;28.614
06/08/2024 18:22;35.7222;14.4841;371;29;0;8.878;242.9454892;28.599
06/08/2024 19:22;34.7222;19.3121;207;31;0;4.917;244.2253247;28.59
06/08/2024 20:22;33.2778;9.65606;54;31;0;1.211;246.2399497;28.597
06/08/2024 20:57;32.1667;9.65606;12;32;0;0;246.6331641;28.606
07/08/2024 8:21;22.8333;3.21869;120;52;0;1.812;246.4512931;28.634
07/08/2024 9:21;27.3333;1.60934;260;39;0;5.435;243.1448734;28.649
07/08/2024 10:21;29.6111;6.43738;332;37;0;9.321;241.0761574;28.654
07/08/2024 11:20;31.9444;11.2654;596;27;0;12.947;239.980528;28.669
07/08/2024 12:24;34;8.04672;710;24;0;15.473;238.0102365;28.675
07/08/2024 13:24;35.6111;11.2654;773;23;0;17.223;237.6492799;28.668
07/08/2024 14:23;36.7222;22.5308;779;31;0;17.493;238.8791776;28.657
07/08/2024 15:23;37.4444;25.7495;729;33;0;16.802;243.1432889;28.655
07/08/2024 16:22;36.1111;20.9215;649;36;0;14.963;238.6272035;28.638
07/08/2024 17:22;36.0556;22.5308;111;37;0;12.337;243.0803412;28.63
07/08/2024 18:21;34.8889;14.4841;362;41;0;8.817;241.450841;28.623
07/08/2024 19:21;32.6667;19.3121;199;50;0;4.747;241.0357101;28.63
07/08/2024 20:20;30.8889;19.3121;53;54;0;1.175;244.3947529;28.651
07/08/2024 20:55;29.3333;17.7028;12;60;0;0;245.4496348;28.663
08/08/2024 8:23;25.0556;0;114;46;0;1.649;244.3089546;28.72
08/08/2024 9:23;25.4444;3.21869;258;51;0;5.218;244.2572321;28.744
08/08/2024 10:22;28.5556;6.43738;322;40;0;9.013;240.4161745;28.762
08/08/2024 11:22;30.4444;12.8748;582;34;0;12.557;242.4728147;28.764
08/08/2024 12:21;32.6667;3.21869;696;30;0;15.263;243.1057772;28.776
08/08/2024 13:21;34.3333;12.8748;768;29;0;17.01;239.5447815;28.77
08/08/2024 14:20;33.8333;17.7028;763;44;0;17.327;241.7618264;28.759
08/08/2024 15:20;33.5556;16.0934;724;50;0;16.232;240.8125412;28.75
08/08/2024 16:24;33.5556;16.0934;629;49;0;14.664;238.5840709;28.732
08/08/2024 17:24;33.8889;12.8748;113;44;0;12.097;243.0953026;28.723
08/08/2024 18:23;33.2222;20.9215;355;47;0;8.408;241.206873;28.73
08/08/2024 19:22;32.3333;4.82803;192;50;0;4.509;241.3438934;28.728
08/08/2024 20:22;30.5;14.4841;49;56;0;1.114;245.6513875;28.733
08/08/2024 20:57;28.3333;11.2654;9;65;0;0;246.4012385;28.741
09/08/2024 8:23;23.8889;1.60934;128;52;0;1.598;244.0462057;28.818
09/08/2024 9:23;25.3889;4.82803;267;50;0;5.41;243.2468673;28.841
09/08/2024 10:23;26.9444;1.60934;327;48;0;9.325;240.9737132;28.842
09/08/2024 11:22;30.1111;8.04672;589;37;0;12.832;238.3868049;28.842
09/08/2024 12:21;32.3333;14.4841;700;36;0;15.553;242.7763945;28.845
09/08/2024 13:21;34;9.65606;761;35;0;17.019;236.6934563;28.834
09/08/2024 14:20;34.7222;9.65606;766;40;0;17.188;239.8781005;28.838
09/08/2024 15:20;34.4444;9.65606;735;38;0;16.684;243.4622303;28.827
09/08/2024 16:24;35.1667;20.9215;645;35;0;15.046;247.3406163;28.818
09/08/2024 17:24;34.8333;14.4841;93;33;0;12.42;245.3048585;28.813
09/08/2024 18:23;34.3889;11.2654;366;34;0;8.831;242.4611892;28.809
09/08/2024 19:23;33.6111;16.0934;204;31;0;4.855;245.6581093;28.812
09/08/2024 20:23;31.4444;9.65606;47;37;0;1.055;247.3730742;28.822
09/08/2024 20:53;29.8333;12.8748;12;39;0;0;248.4334269;28.826
19/08/2024 11:02;29.1111;12.8748;596;54;0;12.108;243.2791251;28.737
19/08/2024 11:20;29.3333;12.8748;636;54;0;16.04;246.5432794;28.736
19/08/2024 12:24;30.4444;6.43738;749;47;0;18.973;243.8152476;28.729
19/08/2024 13:24;31.5556;8.04672;807;48;0;20.004;242.3778761;28.726
19/08/2024 14:23;31.8333;8.04672;819;48;0;21.068;248.2589948;28.704
19/08/2024 15:23;31.5556;17.7028;775;50;0;20.177;249.0906911;28.693
19/08/2024 16:23;30.9444;11.2654;684;52;0;18.299;245.0242962;28.68
19/08/2024 17:23;30.6111;19.3121;536;51;0;15.302;247.7011892;28.669
19/08/2024 18:23;29.8333;11.2654;380;53;0;10.895;245.9519817;28.672
19/08/2024 19:22;28.8889;11.2654;193;55;0;5.773;249.760715;28.677
19/08/2024 20:22;27.3889;14.4841;25;65;0;0.806;248.9219133;28.673
19/08/2024 20:42;26.8333;14.4841;11;67;0;0;250.0171591;28.682
20/08/2024 8:21;22.6111;1.60934;98;87;0;1.78;247.1586285;28.716
20/08/2024 9:21;24.2222;6.43738;241;82;0;6.436;245.5298455;28.729
20/08/2024 10:21;25.8889;8.04672;403;74;0;11.512;245.4577576;28.749
20/08/2024 11:21;27.1667;9.65606;613;63;0;15.533;246.1408414;28.758
20/08/2024 12:20;29.0556;17.7028;733;58;0;18.603;244.9270892;28.752
20/08/2024 13:20;30.3333;11.2654;802;54;0;20.126;245.492584;28.737
20/08/2024 14:20;31.1667;6.43738;810;52;0;20.607;241.7296688;28.722
20/08/2024 15:20;31.1667;17.7028;777;51;0;20.101;244.4784663;28.716
20/08/2024 16:24;31.5;22.5308;684;44;0;18.398;249.4871579;28.704
20/08/2024 17:24;31.3889;19.3121;538;45;0;15.106;247.6970027;28.698
20/08/2024 18:24;30;17.7028;378;51;0;11.083;248.5503821;28.695
20/08/2024 19:24;29.2778;11.2654;81;51;0;6.093;249.988454;28.696
20/08/2024 20:24;27.7778;14.4841;18;61;0;0.487;247.7439716;28.698
20/08/2024 20:39;27.4444;9.65606;7;63;0;0;250.4516547;28.706
21/08/2024 8:23;23.4444;3.21869;72;83;0;1.349;250.3944947;28.815
21/08/2024 9:22;26.2778;1.60934;260;64;0;5.844;250.6571436;28.815
21/08/2024 10:22;28.2778;16.0934;452;49;0;12.973;250.2099551;28.821
21/08/2024 11:21;28.7778;11.2654;624;59;0;16.303;244.8403236;28.836
21/08/2024 12:21;30.1667;9.65606;714;51;0;18.823;245.2688146;28.846
21/08/2024 13:21;31.5;12.8748;821;47;0;20.507;244.1449305;28.833
21/08/2024 14:20;31.8889;12.8748;810;49;0;20.71;243.5044957;28.823
21/08/2024 15:20;31.0556;25.7495;763;48;0;19.635;251.6798177;28.813
21/08/2024 16:20;31.5;14.4841;671;43;0;17.772;244.4677415;28.798
21/08/2024 17:20;31.2778;17.7028;529;44;0;14.718;245.4420791;28.777
21/08/2024 18:24;30;16.0934;95;51;0;10.279;248.8293599;28.781
21/08/2024 19:24;28.1111;16.0934;90;59;0;2.632;248.9281681;28.783
21/08/2024 20:24;26.4444;12.8748;19;68;0;0.629;250.6385962;28.786
21/08/2024 20:39;26.1111;17.7028;9;72;0;0;249.5756082;28.791
22/08/2024 8:23;22.3333;6.43738;97;76;0;1.621;248.3047128;28.747
22/08/2024 9:23;23.7222;4.82803;223;78;0;6.115;247.8498184;28.765
22/08/2024 10:23;25.5556;8.04672;420;68;0;11.23;245.9522486;28.768
22/08/2024 11:23;27.9444;3.21869;621;57;0;15.391;246.199736;28.78
22/08/2024 12:22;29.8889;11.2654;726;52;0;18.067;248.8628686;28.771
22/08/2024 13:22;31.5556;3.21869;798;46;0;19.79;248.0784415;28.746
22/08/2024 14:22;32.3333;24.1402;831;53;0;20.761;246.8971139;28.726
22/08/2024 15:22;32.4444;17.7028;772;51;0;20.172;248.2969736;28.718
22/08/2024 16:21;32.1667;17.7028;707;51;0;18.728;247.4646602;28.698
22/08/2024 17:21;31.3333;24.1402;603;54;0;17.299;250.6932042;28.686
22/08/2024 18:21;30.9444;11.2654;397;54;0;11.284;247.6775046;28.693
22/08/2024 19:21;30.7222;16.0934;139;57;0;5.978;249.9729757;28.678
22/08/2024 20:21;28.7222;11.2654;12;67;0;0.43;250.2511696;28.69
22/08/2024 20:41;28.3889;8.04672;0;67;0;0;250.7316667;28.703
23/08/2024 8:24;23.8889;3.21869;90;87;0;1.56;247.4644934;28.727
23/08/2024 9:19;24.6667;8.04672;218;84;0;6.133;246.2788125;28.753
23/08/2024 10:24;26.6667;3.21869;418;76;0;11.287;243.8421012;28.764
23/08/2024 11:24;28.2778;9.65606;613;68;0;15.259;246.129266;28.778
23/08/2024 12:23;29.6667;3.21869;719;64;0;17.958;246.0597633;28.769
23/08/2024 13:23;31.2222;12.8748;793;56;0;19.803;246.5890974;28.753
23/08/2024 14:23;31.5;16.0934;791;58;0;20.364;246.0439847;28.756
23/08/2024 15:23;31.4444;16.0934;747;55;0;19.396;244.2369501;28.745
23/08/2024 16:22;31.1667;25.7495;659;53;0;17.702;247.9408707;28.727
23/08/2024 17:22;31.1667;20.9215;519;53;0;14.583;244.7779597;28.712
23/08/2024 18:22;30.5;20.9215;360;54;0;10.228;247.5604327;28.719
23/08/2024 19:22;29.7222;12.8748;178;55;0;5.365;249.3180966;28.713
23/08/2024 20:22;28.3889;9.65606;16;60;0;0.476;249.3808274;28.722
23/08/2024 20:37;28.0556;8.04672;7;64;0;0;250.3415213;28.724
24/08/2024 8:20;22.2222;6.43738;33;83;0;0.766;247.9158017;28.734
24/08/2024 9:20;24.3333;6.43738;206;75;0;5.951;244.1174597;28.755
24/08/2024 10:20;26.1111;16.0934;438;72;0;11.136;244.1331716;28.752
24/08/2024 11:19;26.7778;9.65606;621;69;0;14.393;243.4628475;28.756
24/08/2024 12:24;29.6111;9.65606;717;51;0;18.808;241.2637828;28.753
24/08/2024 13:24;31.3889;9.65606;775;49;0;19.448;242.7296591;28.728
24/08/2024 14:24;33.1667;11.2654;793;44;0;19.8;238.4099224;28.721
24/08/2024 15:24;33.6111;17.7028;311;44;0;20.092;246.2189839;28.71
24/08/2024 16:23;33.3333;12.8748;691;52;0;19.036;240.3633011;28.693
24/08/2024 17:23;31.1111;17.7028;494;62;0;14.226;246.0458028;28.691
24/08/2024 18:23;30.1667;19.3121;330;65;0;9.886;246.8832367;28.694
24/08/2024 19:23;29.4444;6.43738;151;64;0;4.655;243.3560499;28.694
24/08/2024 20:23;29.6111;6.43738;23;62;0;0.821;247.3625829;28.685
24/08/2024 20:38;29.2778;6.43738;9;63;0;0;246.4430702;28.685
25/08/2024 8:22;23.2778;1.60934;62;85;0;1.304;247.1366285;28.748
25/08/2024 9:22;24.2778;0;188;80;0;5.035;244.4543647;28.775
25/08/2024 10:22;26.5556;11.2654;387;72;0;9.8;243.7307169;28.792
25/08/2024 11:21;27.6667;8.04672;550;70;0;14.434;244.2302784;28.815
25/08/2024 12:21;28.5556;17.7028;701;68;0;12.044;245.2451967;28.815
25/08/2024 13:21;29.4444;17.7028;313;64;0;20.034;244.6705617;28.818
25/08/2024 14:21;29.7778;16.0934;445;65;0;11.119;239.8980489;28.811
25/08/2024 15:20;29.8333;14.4841;350;63;0;10.476;245.2106706;28.789
25/08/2024 16:20;30.2778;16.0934;316;63;0;8.445;241.9910166;28.774
25/08/2024 17:20;28.7222;14.4841;81;70;0;2.567;245.7006915;28.762
25/08/2024 18:20;28.7778;11.2654;11;64;0;0.252;248.42879;28.781
25/08/2024 19:20;27.7778;6.43738;62;68;0;1.847;246.6975628;28.754
25/08/2024 20:20;27.0556;17.7028;28;66;0;0.875;249.1829943;28.762
25/08/2024 20:34;26.7778;9.65606;12;66;0;0;249.8630258;28.775
26/08/2024 8:21;23.1667;1.60934;58;85;0;1.262;245.921909;28.816
26/08/2024 9:21;24.1667;1.60934;165;82;0;3.488;244.9242538;28.83
26/08/2024 10:20;25.7222;6.43738;417;75;0;10.429;243.2054693;28.84
26/08/2024 11:20;27.3889;1.60934;598;65;0;15.008;241.7245315;28.846
26/08/2024 12:24;28.9444;8.04672;791;60;0;20.763;225.3173779;28.836
26/08/2024 13:24;29.4444;12.8748;849;55;0;20.883;231.5476943;28.821
26/08/2024 14:24;31;12.8748;819;51;0;21.163;227.250925;28.805
26/08/2024 15:23;31.3889;14.4841;816;52;0;19.405;225.1767048;28.784
26/08/2024 16:23;29.9444;16.0934;357;62;0;20.223;233.1950747;28.776
26/08/2024 17:23;29;14.4841;163;66;0;13.259;235.6181924;28.773
26/08/2024 18:28;27;19.3121;95;73;0;1.384;234.9433482;28.772
26/08/2024 19:23;26.7778;9.65606;111;74;0;5.804;232.9785608;28.769
26/08/2024 20:22;25.8889;11.2654;5;77;0;0.108;235.1375619;28.774
26/08/2024 20:32;25.7222;11.2654;0;77;0;0;234.8974468;28.778
27/08/2024 8:20;23.6111;3.21869;28;82;0;0.521;229.0551741;28.782
27/08/2024 9:20;24;4.82803;74;80;0;2.038;228.9253092;28.793
27/08/2024 10:20;24.2222;6.43738;163;80;0;3.947;227.5344229;28.796
27/08/2024 11:20;25.0556;3.21869;278;78;0;6.981;229.1787677;28.802
27/08/2024 12:20;26.6667;11.2654;374;72;0;9.809;232.3683155;28.8
27/08/2024 13:20;27.7778;9.65606;415;67;0;10.965;236.7639597;28.799
27/08/2024 14:24;29.2222;9.65606;786;61;0;20.085;232.7428991;28.78
27/08/2024 15:24;30.7778;19.3121;735;58;0;18.838;228.4252973;28.759
27/08/2024 16:24;30.2222;14.4841;649;59;0;17.212;233.0576207;28.738
27/08/2024 17:24;30.4444;16.0934;343;60;0;15.283;236.9305858;28.719
27/08/2024 18:23;28.8333;24.1402;111;64;0;4.147;237.5683353;28.716
27/08/2024 19:23;27.1667;17.7028;65;71;0;1.833;235.9156675;28.715
27/08/2024 20:23;26.1667;14.4841;30;75;0;1.192;236.4757916;28.722
27/08/2024 20:33;26.0556;8.04672;14;75;0;0;236.3229258;28.724
28/08/2024 8:20;23.3333;1.60934;54;86;0;1.215;228.7686906;28.751
28/08/2024 9:20;24.3889;6.43738;128;82;0;5.564;231.6307905;28.768
28/08/2024 10:24;26.1667;3.21869;443;73;0;10.552;226.4648299;28.774
28/08/2024 11:24;28.0556;8.04672;596;63;0;14.631;227.4292933;28.784
28/08/2024 12:23;29.3889;9.65606;712;52;0;17.426;235.4002107;28.783
28/08/2024 13:23;30.8333;3.21869;770;50;0;18.959;226.9163384;28.769
28/08/2024 14:22;30.9444;22.5308;775;53;0;19.426;229.2831133;28.751
28/08/2024 15:22;31.1111;8.04672;738;53;0;18.859;229.0727374;28.742
28/08/2024 16:22;31.6111;12.8748;645;52;0;16.921;231.3255094;28.731
28/08/2024 17:22;30.4444;14.4841;497;57;0;13.762;231.409473;28.728
28/08/2024 18:21;30.1111;9.65606;339;56;0;9.405;233.7808515;28.719
28/08/2024 19:21;29.0556;16.0934;153;64;0;4.503;237.0287268;28.715
28/08/2024 20:21;27.3333;11.2654;16;71;0;0.517;235.7519103;28.718
28/08/2024 20:31;27.0556;9.65606;9;72;0;0;235.8094705;28.722
29/08/2024 8:21;22.5556;9.65606;19;79;0;0.378;228.7458566;28.752
29/08/2024 9:21;23.6111;6.43738;171;77;0;4.828;227.5166428;28.767
29/08/2024 10:20;26.6111;14.4841;552;65;0;13.152;228.3151306;28.788
29/08/2024 11:20;26.1111;11.2654;362;68;0;8.513;226.7136349;28.789
29/08/2024 12:20;28.2222;8.04672;615;61;0;11.033;229.2574606;28.785
29/08/2024 13:24;29.7222;19.3121;343;56;0;9.19;236.7721326;28.779
29/08/2024 14:24;31.1111;8.04672;485;51;0;17.124;227.0874512;28.77
29/08/2024 15:24;30;17.7028;670;53;0;14.16;227.5394601;28.772
29/08/2024 16:23;29.3333;11.2654;287;60;0;9.939;231.8530421;28.747
29/08/2024 17:23;28.0556;12.8748;214;64;0;6.572;236.0415462;28.748
29/08/2024 18:23;28.1667;14.4841;183;57;0;4.586;227.1683458;28.741
29/08/2024 19:23;27.6667;20.9215;156;58;0;5.849;236.5574867;28.736
29/08/2024 20:22;26.8333;11.2654;18;59;0;0.673;235.7812491;28.742
29/08/2024 20:27;26.6667;12.8748;12;61;0;0;236.1844544;28.749
30/08/2024 8:23;22.5556;0;25;80;0;0.395;227.4374829;28.783
30/08/2024 9:23;23.1111;11.2654;72;78;0;1.475;227.7473007;28.769
30/08/2024 10:22;24.1111;14.4841;116;74;0;3.359;235.1406308;28.776
30/08/2024 11:22;25.5;9.65606;352;69;0;6.732;226.271667;28.79
30/08/2024 12:21;27.8333;17.7028;710;66;0;19.58;226.1016216;28.775
30/08/2024 13:20;28.6111;17.7028;663;62;0;19.913;233.0900452;28.762
30/08/2024 14:24;31.1667;22.5308;817;54;0;20.014;232.5060531;28.753
30/08/2024 15:24;30.2222;20.9215;262;54;0;10.047;231.9930981;28.746
30/08/2024 16:24;31.3889;19.3121;663;47;0;8.873;225.6361025;28.727
30/08/2024 17:23;28.7222;22.5308;91;56;0;1.828;233.2949503;28.706
30/08/2024 18:23;28.2778;14.4841;104;59;0;2.932;232.3010479;28.726
30/08/2024 19:23;26.7778;22.5308;65;64;0;1.869;234.5235971;28.683
30/08/2024 20:22;26.1667;16.0934;18;67;0;0.812;235.4184912;28.72
30/08/2024 20:27;26.1111;17.7028;11;68;0;0;237.8562366;28.716
31/08/2024 8:21;23.6111;9.65606;49;70;0;0.981;227.897848;28.74
31/08/2024 9:20;25.3333;11.2654;179;64;0;4.65;227.453495;28.744
31/08/2024 10:20;27;9.65606;383;56;0;9.37;227.1874936;28.747
31/08/2024 11:24;28.0556;14.4841;540;58;0;13.407;226.7501959;28.749
31/08/2024 12:24;29.4444;12.8748;694;55;0;16.445;227.6630369;28.766
31/08/2024 13:24;28.8889;17.7028;809;60;0;19.038;224.1004067;28.753
31/08/2024 14:23;31.2778;12.8748;835;53;0;12.116;223.989039;28.744
31/08/2024 15:23;32.0556;14.4841;733;50;0;18.144;234.6081778;28.732
31/08/2024 16:23;31.5;20.9215;629;50;0;9.141;234.7378259;28.714
31/08/2024 17:23;30.9444;17.7028;274;53;0;9.413;228.5106119;28.7
31/08/2024 18:23;30.4444;16.0934;271;55;0;8.219;234.9380275;28.691
31/08/2024 19:23;28.1111;17.7028;74;62;0;1.984;235.1665838;28.683
31/08/2024 20:22;26.7778;14.4841;12;65;0;0.315;235.4832402;28.694
31/08/2024 20:27;26.6667;9.65606;7;65;0;0;234.8516454;28.702
01/09/2024 8:24;21.8333;3.21869;63;82;0;1.195;226.3391681;28.698
01/09/2024 9:23;23.4444;3.21869;192;77;0;5.116;225.6705453;28.71
01/09/2024 10:23;25.1111;11.2654;417;73;0;9.827;225.4478434;28.73
01/09/2024 11:23;26.6667;14.4841;608;70;0;14.356;225.308221;28.745
01/09/2024 12:23;27.6667;19.3121;802;66;0;18.501;224.7561364;28.736
01/09/2024 13:23;28.3889;11.2654;756;65;0;19.214;224.9180757;28.719
01/09/2024 14:22;29.6667;9.65606;761;60;0;18.768;225.9373473;28.7
01/09/2024 15:22;30.5;25.7495;719;60;0;18.55;230.3820953;28.682
01/09/2024 16:22;29.0556;17.7028;123;61;0;3.091;235.7826669;28.676
01/09/2024 17:22;29.6667;20.9215;487;59;0;13.242;225.3271353;28.657
01/09/2024 18:22;29;12.8748;394;63;0;10.823;226.4698837;28.662
01/09/2024 19:21;27.7222;16.0934;151;69;0;4.814;234.9134088;28.657
01/09/2024 20:21;26.5;9.65606;19;74;0;0.651;233.694336;28.668
01/09/2024 20:26;26.2778;12.8748;12;74;0;0;232.9938057;28.668
02/09/2024 8:20;22.8333;3.21869;28;90;0;0.507;225.3567244;28.711
02/09/2024 9:20;23.9444;4.82803;160;85;0;3.175;223.145317;28.714
02/09/2024 10:20;24.6667;6.43738;220;82;0;5.318;222.9318888;28.731
02/09/2024 11:20;25.1667;8.04672;167;79;0;4.745;231.3146179;28.735
02/09/2024 12:24;26.1667;3.21869;348;75;0;8.871;222.2484381;28.727
02/09/2024 13:24;28.2222;14.4841;858;71;0;13.447;222.644638;28.709
02/09/2024 14:21;29.1111;17.7028;898;66;0;23.716;221.9320652;28.686
02/09/2024 15:19;28.8889;17.7028;729;65;0;19.608;228.9116988;28.668
02/09/2024 16:21;28.7778;30.5775;621;65;0;16.858;228.7472577;28.656
02/09/2024 17:21;28.3333;16.0934;492;64;0;13.29;228.9238747;28.647
02/09/2024 18:21;27.6667;14.4841;285;66;0;8.116;231.6209164;28.639
02/09/2024 19:21;26.9444;12.8748;118;72;0;3.566;233.4391928;28.647
02/09/2024 20:20;25.9444;9.65606;7;73;0;0.187;231.1131654;28.645
02/09/2024 20:25;25.8889;6.43738;5;74;0;0;231.4959051;28.646
03/09/2024 8:20;22.2778;1.60934;47;91;0;1.264;222.6778298;28.692
03/09/2024 9:20;22.9444;3.21869;116;88;0;3.058;222.8841193;28.709
03/09/2024 10:20;24.8889;8.04672;237;79;0;11.22;227.9783423;28.724
03/09/2024 11:20;26.4444;1.60934;612;68;0;15.084;221.6991389;28.728
03/09/2024 12:20;27.5;3.21869;691;61;0;16.925;221.3605659;28.72
03/09/2024 13:20;28.7778;16.0934;770;57;0;18.564;222.5835251;28.707
03/09/2024 14:20;29.3889;14.4841;777;56;0;18.888;226.0732001;28.686
03/09/2024 15:23;29.9444;19.3121;721;56;0;17.958;224.9320529;28.67
03/09/2024 16:25;29.6667;22.5308;612;53;0;16.171;227.9115584;28.663
03/09/2024 17:20;29.5556;14.4841;480;52;0;12.874;227.7340407;28.65
03/09/2024 18:20;28.7778;19.3121;311;53;0;8.494;230.8770366;28.644
03/09/2024 19:20;27.4444;17.7028;127;61;0;3.724;231.4154776;28.649
03/09/2024 20:20;25.7778;8.04672;12;67;0;0;230.9668046;28.676
04/09/2024 8:20;21.6667;0;56;85;0;0.936;221.021159;28.691
04/09/2024 9:20;23.7222;6.43738;185;80;0;5.194;220.9364616;28.697
04/09/2024 10:20;25.0556;9.65606;422;73;0;10.161;221.117582;28.706
04/09/2024 11:20;26.5556;3.21869;580;64;0;14.222;225.2443393;28.706
04/09/2024 12:20;27.9444;8.04672;708;54;0;17.344;220.5669151;28.691
04/09/2024 13:20;28.7778;11.2654;773;53;0;18.909;227.2286748;28.669
04/09/2024 14:20;29.4444;17.7028;847;54;0;20.814;222.1218256;28.658
04/09/2024 15:20;30.6667;11.2654;726;49;0;18.141;228.1890518;28.634
04/09/2024 16:20;30.3333;17.7028;663;51;0;16.974;226.7029602;28.634
04/09/2024 17:20;30.3889;14.4841;529;46;0;14.488;231.7364705;28.638
04/09/2024 18:20;29.8889;6.43738;316;47;0;7.711;229.2790269;28.627
04/09/2024 19:20;25.2222;25.7495;77;72;0;0;233.434556;28.649
05/09/2024 17:20;26.6667;8.04672;615;63;0;8.423;228.9881901;28.568
05/09/2024 18:20;25.4444;19.3121;158;68;0;2.519;228.071713;28.55
05/09/2024 19:20;24.7222;14.4841;70;72;0;2.835;228.1160632;28.544
05/09/2024 20:20;23.8889;11.2654;0;76;0;0;228.3850335;28.552
06/09/2024 8:23;21.7778;0;72;87;0;0.846;218.8551693;28.529
06/09/2024 9:31;23.1667;6.43738;213;82;0;5.348;218.7356122;28.533
06/09/2024 10:23;24.2222;8.04672;478;75;0;10.922;224.1565158;28.534
06/09/2024 11:22;25.8333;9.65606;638;66;0;14.468;218.409482;28.53
06/09/2024 12:21;26.7778;9.65606;766;60;0;14.709;230.1337573;28.526
06/09/2024 13:21;28;24.1402;821;57;0;19.243;220.7346755;28.507
06/09/2024 14:20;27.8889;17.7028;768;54;0;19.161;220.5607605;28.493
06/09/2024 15:24;28.1111;19.3121;705;56;0;18.273;224.8590143;28.481
06/09/2024 16:24;28.4444;28.9682;615;56;0;16.222;223.9843688;28.47
06/09/2024 17:24;27.1667;28.9682;464;63;0;12.926;230.0165853;28.463
06/09/2024 18:23;27;17.7028;292;62;0;8.291;228.1140283;28.455
06/09/2024 19:23;25.6667;14.4841;104;68;0;3.442;231.0014975;28.467
06/09/2024 20:18;24.2778;8.04672;12;74;0;0;227.5264169;28.48
07/09/2024 8:20;20.4444;1.60934;47;77;0;0.986;217.8343132;28.562
07/09/2024 9:20;21.0556;0;202;80;0;5.371;217.044999;28.59
07/09/2024 10:24;23.8889;11.2654;378;65;0;9.856;216.0511133;28.61
07/09/2024 11:24;25.7778;6.43738;388;60;0;9.705;216.7861865;28.623
07/09/2024 12:23;27.6667;0;462;52;0;11.465;216.7659378;28.627
07/09/2024 13:23;28.7222;6.43738;415;42;0;10.963;223.9886721;28.621
07/09/2024 14:23;28.8333;1.60934;338;50;0;9.212;221.6976878;28.616
07/09/2024 15:22;28.6667;6.43738;343;53;0;10.919;223.9764462;28.607
07/09/2024 16:22;28.8889;1.60934;278;45;0;6.316;217.9162252;28.572
07/09/2024 17:21;29.4444;9.65606;376;44;0;6.04;216.7419863;28.574
07/09/2024 18:21;29.3333;9.65606;116;43;0;3.282;225.7681025;28.584
07/09/2024 19:21;28.2222;1.60934;32;47;0;1.3;224.9650445;28.595
07/09/2024 20:15;27.9444;3.21869;0;49;0;0;222.5385076;28.653
08/09/2024 8:23;22.6667;6.43738;16;72;0;0.25;224.0726857;28.65
08/09/2024 9:23;22.9444;1.60934;100;72;0;1.815;216.1349935;28.66
08/09/2024 10:23;24.6667;6.43738;227;63;0;5.601;221.6571405;28.672
08/09/2024 11:22;26.6111;8.04672;445;57;0;14.328;223.3134943;28.69
08/09/2024 12:22;28.5556;14.4841;714;51;0;16.681;218.4465267;28.669
08/09/2024 13:21;30.1667;14.4841;285;46;0;16.746;224.5112343;28.659
08/09/2024 14:21;29.6667;4.82803;139;47;0;4.635;224.2074711;28.65
08/09/2024 15:20;29.3889;12.8748;195;52;0;4.777;222.1605549;28.64
08/09/2024 16:20;29.7778;4.82803;200;49;0;4.813;217.8464724;28.622
08/09/2024 17:20;30.3333;9.65606;260;47;0;5.108;220.6629045;28.616
08/09/2024 18:24;30.0556;14.4841;90;49;0;2.51;220.0169989;28.613
08/09/2024 19:24;29.8333;8.04672;40;50;0;1.385;223.2520311;28.619
08/09/2024 20:14;29.3333;3.21869;12;51;0;0;222.74413;28.633
09/09/2024 8:22;21.4444;1.60934;62;49;0;0.707;212.8174821;28.789
09/09/2024 9:21;24.1111;3.21869;193;44;0;5.297;212.5778674;28.804
09/09/2024 10:20;26.9444;9.65606;434;37;0;10.085;211.9737267;28.807
09/09/2024 11:24;28.9444;9.65606;585;34;0;13.853;212.7260462;28.816
09/09/2024 12:24;29.8889;19.3121;707;31;0;16.66;221.0749664;28.809
09/09/2024 13:26;30;1.60934;756;30;0;18.011;214.9539661;28.798
09/09/2024 14:23;29.6111;17.7028;759;41;0;18.686;217.8171335;28.795
09/09/2024 15:23;30;16.0934;710;37;0;17.92;220.5312548;28.788
09/09/2024 16:20;28.9444;20.9215;612;44;0;15.883;209.0168717;28.781
09/09/2024 17:20;28.2778;17.7028;468;45;0;12.417;214.9104999;28.78
09/09/2024 18:20;27.6111;20.9215;116;46;0;8.128;221.1489558;28.781
09/09/2024 19:24;26.8333;9.65606;97;46;0;3.32;222.8030746;28.794
09/09/2024 20:14;25.5556;11.2654;9;48;0;0;220.8190727;28.799
10/09/2024 8:22;19.6667;1.60934;58;57;0;0.579;210.6441202;28.814
10/09/2024 9:22;23.1111;3.21869;188;50;0;5.153;218.1662979;28.813
10/09/2024 10:20;24.6667;1.60934;418;47;0;9.684;209.4441952;28.821
10/09/2024 11:50;27.6111;6.43738;635;42;0;13.64;210.6938078;28.821
10/09/2024 12:24;28.3333;8.04672;691;41;0;16.167;215.615617;28.813
10/09/2024 13:24;29.8889;9.65606;751;34;0;17.856;209.0604047;28.792
10/09/2024 14:22;30.2778;20.9215;758;39;0;18.314;218.7415166;28.773
10/09/2024 15:26;30.7778;16.0934;705;37;0;17.669;217.881549;28.761
10/09/2024 16:21;30.3333;22.5308;612;35;0;15.944;221.0490801;28.74
10/09/2024 17:21;30.0556;16.0934;468;40;0;12.432;220.9685692;28.732
10/09/2024 18:21;28.5556;12.8748;72;42;0;7.896;214.58924;28.729
10/09/2024 19:20;27.3333;14.4841;100;50;0;3.123;219.686115;28.73
10/09/2024 20:10;26.2778;9.65606;11;53;0;0;218.6491801;28.733
11/09/2024 8:24;20.7222;1.60934;46;78;0;1.215;215.9994242;28.755
11/09/2024 9:24;22.4444;6.43738;165;76;0;7.32;210.3921461;28.766
11/09/2024 10:24;23.8333;11.2654;438;71;0;9.903;212.7408741;28.775
11/09/2024 11:24;25.2222;4.82803;552;63;0;13.592;208.0312256;28.781
11/09/2024 12:23;26.6111;6.43738;686;58;0;16.066;208.966617;28.785
11/09/2024 13:23;28.6111;8.04672;742;53;0;17.811;216.3775938;28.764
11/09/2024 14:23;29.3889;1.60934;733;48;0;18.105;207.4990227;28.736
11/09/2024 15:23;29.1667;3.21869;624;47;0;17.612;214.5824015;28.721
11/09/2024 16:22;27.7778;24.1402;580;56;0;15.976;217.8817325;28.715
11/09/2024 17:23;29.0556;9.65606;446;39;0;11.958;218.0035413;28.707
11/09/2024 18:23;27.9444;22.5308;105;46;0;7.557;217.8838507;28.705
11/09/2024 19:23;24.6111;14.4841;58;59;0;1.843;219.3165686;28.727
11/09/2024 20:08;23.9444;12.8748;7;62;0;0;214.963957;28.724
12/09/2024 8:22;18.0556;3.21869;54;63;0;0.479;209.3036888;28.737
12/09/2024 9:22;22.5556;3.21869;186;55;0;4.814;207.5727118;28.748
12/09/2024 10:21;23.1111;8.04672;411;59;0;9.461;207.2509182;28.759
12/09/2024 11:21;25.6111;3.21869;568;50;0;13.505;206.8938479;28.755
12/09/2024 12:21;27.5;9.65606;670;43;0;16.144;208.1754848;28.752
12/09/2024 13:20;28.6111;12.8748;735;45;0;17.693;215.8454576;28.735
12/09/2024 14:20;29.4444;12.8748;724;42;0;17.874;209.6493005;28.716
12/09/2024 15:20;29.3333;20.9215;677;41;0;16.625;209.9972972;28.698
12/09/2024 16:20;29.1111;17.7028;512;42;0;14.63;214.461093;28.687
12/09/2024 17:24;29.1667;19.3121;367;43;0;11.649;208.6401032;28.67
12/09/2024 18:24;28.2778;11.2654;141;39;0;5.742;212.8698051;28.666
12/09/2024 19:24;27.7778;6.43738;65;43;0;1.54;216.2827554;28.67
12/09/2024 20:09;27.2778;3.21869;14;43;0;0;216.4774027;28.669
13/09/2024 8:23;21.7778;11.2654;54;76;0;0.647;207.8004676;28.804
13/09/2024 9:23;21.9444;6.43738;47;73;0;1.186;214.2802228;28.828
13/09/2024 10:22;22.3333;17.7028;135;71;0;3.016;214.5198542;28.849
13/09/2024 11:22;23.2222;14.4841;241;67;0;7.787;206.1603927;28.86
13/09/2024 12:22;23.3889;16.0934;353;66;0;8.96;206.1503017;28.865
13/09/2024 13:21;24.7778;14.4841;364;59;0;9.794;214.2363729;28.866
13/09/2024 14:21;25.0556;20.9215;578;58;0;9.703;205.7517;28.861
13/09/2024 15:20;26.2778;12.8748;856;54;0;21.258;204.2121178;28.845
13/09/2024 16:20;25.1667;16.0934;151;56;0;7.178;215.010192;28.848
13/09/2024 17:24;24.3333;17.7028;86;58;0;2.954;214.6238329;28.847
13/09/2024 18:24;24.4444;16.0934;128;54;0;4.186;209.3367305;28.851
13/09/2024 19:24;23.3333;17.7028;47;59;0;1.525;216.200343;28.857
13/09/2024 20:04;21.9444;11.2654;11;63;0;0;216.8673979;28.876
14/09/2024 8:22;18.5556;1.60934;5;87;0;0.07;211.7248383;28.955
14/09/2024 9:22;19.0556;8.04672;25;82;0;0.39;214.9412565;28.967
14/09/2024 10:22;19.2222;1.60934;46;79;0;1.402;217.0976889;28.974
14/09/2024 11:21;20;8.04672;107;74;0;2.439;210.5213773;28.982
14/09/2024 12:21;20.6111;9.65606;128;71;0;3.31;217.5386394;28.988
14/09/2024 13:21;21.5;16.0934;207;67;0;5.001;209.9339826;28.977
14/09/2024 14:21;23.8889;17.7028;448;56;0;22.372;217.6042557;28.97
14/09/2024 15:21;23.2222;9.65606;306;57;0;9.71;209.1708716;28.948
14/09/2024 16:20;24.2778;1.60934;403;53;0;16.799;217.3191899;28.931
14/09/2024 17:20;24.7778;3.21869;534;52;0;13.3;215.4367649;28.914
14/09/2024 18:20;23.2222;17.7028;113;60;0;9.392;217.0888489;28.904
14/09/2024 19:20;22.0556;16.0934;56;62;0;2.627;219.3842365;28.908
14/09/2024 20:05;21.3889;9.65606;16;63;0;0;219.5327823;28.915
15/09/2024 8:24;15.2222;0;53;84;0;0.358;210.350598;28.873
15/09/2024 9:24;17;1.60934;204;78;0;5.216;210.4956411;28.883
15/09/2024 10:24;19.5;6.43738;431;70;0;10.064;210.6508753;28.89
15/09/2024 11:23;21.7778;6.43738;580;63;0;14.164;215.5297854;28.885
15/09/2024 12:23;24.2778;3.21869;693;42;0;17.029;208.7304716;28.869
15/09/2024 13:23;25.6667;6.43738;745;46;0;18.649;208.7676664;28.854
15/09/2024 14:22;26.9444;11.2654;747;43;0;18.895;217.3655417;28.834
15/09/2024 15:22;27.2778;24.1402;691;44;0;18.138;217.911555;28.812
15/09/2024 16:22;26;17.7028;589;50;0;15.991;213.4172361;28.801
15/09/2024 17:22;25.7778;17.7028;445;52;0;12.436;212.2099889;28.789
15/09/2024 18:21;24.5;12.8748;46;56;0;7.685;217.5770184;28.791
15/09/2024 19:21;23.8333;12.8748;77;57;0;2.764;219.6719543;28.797
15/09/2024 20:01;22.8333;11.2654;11;61;0;0;219.3699257;28.797
16/09/2024 8:20;16.6111;6.43738;42;82;0;0.381;211.0089464;28.781
16/09/2024 9:20;18.7778;8.04672;188;73;0;4.998;210.6387995;28.785
16/09/2024 10:20;21.3333;8.04672;408;65;0;9.858;209.2031294;28.794
16/09/2024 11:20;22.9444;6.43738;559;60;0;13.804;208.2869025;28.79
16/09/2024 12:19;25.0556;6.43738;670;51;0;16.785;207.4251668;28.774
16/09/2024 13:24;26.4444;11.2654;726;49;0;18.348;209.7105635;28.753
16/09/2024 14:23;26.3889;20.9215;729;53;0;18.709;211.1481851;28.737
16/09/2024 15:23;26.9444;22.5308;680;53;0;17.706;217.2614629;28.713
16/09/2024 16:22;26.9444;22.5308;573;53;0;15.477;210.1777338;28.695
16/09/2024 17:22;26.9444;22.5308;431;52;0;11.978;218.7130618;28.683
16/09/2024 18:21;25.6667;12.8748;74;58;0;7.81;214.894371;28.675
16/09/2024 19:21;24.2222;20.9215;76;64;0;2.569;217.2963226;28.679
16/09/2024 20:01;23.0556;12.8748;16;69;0;0;217.7267651;28.682
17/09/2024 8:20;17.4444;1.60934;25;86;0;0.423;212.1167183;28.701
17/09/2024 9:20;19.8333;3.21869;179;80;0;3.799;211.1522048;28.698
17/09/2024 10:24;21.7778;11.2654;431;74;0;9.986;207.5316974;28.704
17/09/2024 11:24;22.9444;8.04672;594;64;0;14.694;207.6052698;28.708
17/09/2024 12:23;24.6667;6.43738;751;55;0;17.704;217.7594566;28.702
17/09/2024 13:23;24.5;9.65606;213;52;0;19.936;218.8910131;28.692
17/09/2024 14:22;26.1667;14.4841;733;44;0;18.573;215.7069194;28.669
17/09/2024 15:22;26.2222;17.7028;670;40;0;17.481;218.0005724;28.65
17/09/2024 16:21;25.5556;16.0934;575;49;0;15.584;208.3155575;28.644
17/09/2024 17:21;25.1667;17.7028;427;54;0;14.88;219.8373462;28.638
17/09/2024 18:21;23.9444;14.4841;93;56;0;8.201;209.8293534;28.644
17/09/2024 19:20;23.1111;14.4841;72;64;0;2.505;216.8472827;28.647
17/09/2024 20:00;22.2778;8.04672;9;67;0;0;218.0811;28.653
18/09/2024 8:23;19.0556;3.21869;42;83;0;0.507;208.8401046;28.7
18/09/2024 9:22;20.2778;8.04672;209;77;0;4.189;208.3318031;28.705
18/09/2024 10:22;20.8333;6.43738;404;74;0;3.596;206.7051551;28.723
18/09/2024 11:20;23.2778;14.4841;476;62;0;13.104;215.188944;28.727
18/09/2024 12:23;24.5;17.7028;628;53;0;15.581;209.982019;28.723
18/09/2024 13:20;25.1111;22.5308;775;54;0;18.99;213.3980383;28.718
18/09/2024 14:20;25;16.0934;241;50;0;7.668;216.5263231;28.707
18/09/2024 15:24;23.8333;11.2654;162;59;0;4.15;212.5913943;28.698
18/09/2024 16:23;23.9444;4.82803;132;57;0;4.471;214.0672949;28.699
18/09/2024 17:23;23.1111;16.0934;132;65;0;3.749;207.8193318;28.698
18/09/2024 18:22;22.5556;16.0934;65;66;0;1.705;216.9641879;28.698
18/09/2024 19:22;22.1111;12.8748;49;66;0;1.541;215.5612592;28.701
18/09/2024 19:57;21.8889;12.8748;7;67;0;0;217.0429141;28.72
