datetime;Power_gen
24/01/2025 13:10;65
24/01/2025 13:15;70
24/01/2025 13:20;76
24/01/2025 13:25;82
24/01/2025 13:30;78
24/01/2025 13:35;69
24/01/2025 13:40;61
24/01/2025 13:45;65
24/01/2025 13:50;70
24/01/2025 13:55;71
24/01/2025 14:00;68
24/01/2025 14:05;64
24/01/2025 14:10;60
24/01/2025 14:15;61
24/01/2025 14:20;62
24/01/2025 14:25;57
24/01/2025 14:30;54
24/01/2025 14:35;51
24/01/2025 14:40;49
24/01/2025 14:45;52
24/01/2025 14:50;53
24/01/2025 14:55;57
24/01/2025 15:00;55
24/01/2025 15:05;44
24/01/2025 15:10;41
24/01/2025 15:15;39
24/01/2025 15:20;39
24/01/2025 15:25;39
24/01/2025 15:30;39
24/01/2025 15:35;39
24/01/2025 15:40;39
24/01/2025 15:45;39
24/01/2025 15:50;39
24/01/2025 15:55;39
24/01/2025 16:00;39
24/01/2025 16:05;39
24/01/2025 16:10;39
24/01/2025 16:15;39
24/01/2025 16:20;39
24/01/2025 16:25;39
24/01/2025 16:30;39
24/01/2025 16:35;39
24/01/2025 16:40;0
24/01/2025 16:45;0
24/01/2025 16:50;0
24/01/2025 16:55;0
24/01/2025 17:00;0
24/01/2025 17:05;0
24/01/2025 17:10;0
24/01/2025 17:15;0
24/01/2025 17:20;0
24/01/2025 17:25;0
24/01/2025 17:30;0
24/01/2025 17:35;0
24/01/2025 17:42;0
24/01/2025 17:42;0
24/01/2025 17:43;0
24/01/2025 17:43;0
24/01/2025 17:44;0
24/01/2025 17:45;0
25/01/2025 9:15;0
25/01/2025 9:16;0
25/01/2025 9:16;0
25/01/2025 9:17;0
25/01/2025 9:17;0
25/01/2025 9:20;0
25/01/2025 9:25;0
25/01/2025 9:30;39
25/01/2025 9:35;39
25/01/2025 9:40;39
25/01/2025 9:45;39
25/01/2025 9:50;39
25/01/2025 9:55;39
25/01/2025 10:00;0
25/01/2025 10:05;0
25/01/2025 10:10;0
25/01/2025 10:15;0
25/01/2025 10:20;0
25/01/2025 10:25;0
25/01/2025 10:30;0
25/01/2025 10:35;0
25/01/2025 10:40;39
25/01/2025 10:45;39
25/01/2025 10:50;39
25/01/2025 10:55;39
25/01/2025 11:00;39
25/01/2025 11:05;44
25/01/2025 11:10;39
25/01/2025 11:15;39
25/01/2025 11:20;39
25/01/2025 11:25;39
25/01/2025 11:30;39
25/01/2025 11:35;39
25/01/2025 11:40;39
25/01/2025 11:45;0
25/01/2025 11:50;0
25/01/2025 11:55;39
25/01/2025 12:00;39
25/01/2025 12:05;39
25/01/2025 12:10;39
25/01/2025 12:15;39
25/01/2025 12:20;143
25/01/2025 12:25;288
25/01/2025 12:30;772
25/01/2025 12:35;136
25/01/2025 12:40;146
25/01/2025 12:45;159
25/01/2025 12:50;175
25/01/2025 12:55;575
25/01/2025 13:00;472
25/01/2025 13:05;203
25/01/2025 13:10;292
25/01/2025 13:15;610
25/01/2025 13:20;181
25/01/2025 13:25;625
25/01/2025 13:30;119
25/01/2025 13:35;674
25/01/2025 13:40;649
25/01/2025 13:45;637
25/01/2025 13:50;659
25/01/2025 13:55;658
25/01/2025 14:00;610
25/01/2025 14:05;599
25/01/2025 14:10;595
25/01/2025 14:15;118
25/01/2025 14:20;597
25/01/2025 14:25;572
25/01/2025 14:30;569
25/01/2025 14:35;559
25/01/2025 14:40;551
25/01/2025 14:45;548
25/01/2025 14:50;541
25/01/2025 14:55;524
25/01/2025 15:00;442
25/01/2025 15:05;343
25/01/2025 15:10;41
25/01/2025 15:15;51
25/01/2025 15:20;48
25/01/2025 15:25;41
25/01/2025 15:30;39
25/01/2025 15:35;39
25/01/2025 15:40;39
25/01/2025 15:45;39
25/01/2025 15:50;39
25/01/2025 15:55;39
25/01/2025 16:00;39
25/01/2025 16:05;39
25/01/2025 16:10;39
25/01/2025 16:15;39
25/01/2025 16:20;39
25/01/2025 16:25;39
25/01/2025 16:30;39
25/01/2025 16:35;39
25/01/2025 16:40;39
25/01/2025 16:45;39
25/01/2025 16:50;39
25/01/2025 16:55;39
25/01/2025 17:00;39
25/01/2025 17:05;39
25/01/2025 17:10;39
25/01/2025 17:15;39
25/01/2025 17:20;39
25/01/2025 17:25;39
25/01/2025 17:30;0
25/01/2025 17:35;0
25/01/2025 17:40;0
25/01/2025 17:45;0
25/01/2025 17:50;0
26/01/2025 8:51;0
26/01/2025 8:51;0
26/01/2025 8:52;0
26/01/2025 8:52;0
26/01/2025 8:53;0
26/01/2025 8:55;0
26/01/2025 9:00;0
26/01/2025 9:05;0
26/01/2025 9:10;0
26/01/2025 9:15;0
26/01/2025 9:20;0
26/01/2025 9:25;0
26/01/2025 9:30;0
26/01/2025 9:35;0
26/01/2025 9:41;0
26/01/2025 9:42;0
26/01/2025 9:42;0
26/01/2025 9:43;0
26/01/2025 9:43;0
26/01/2025 9:45;0
26/01/2025 9:50;0
26/01/2025 9:55;0
26/01/2025 10:00;0
26/01/2025 10:05;39
26/01/2025 10:10;39
26/01/2025 10:15;39
26/01/2025 10:20;39
26/01/2025 10:25;39
26/01/2025 10:30;39
26/01/2025 10:35;39
26/01/2025 10:40;39
26/01/2025 10:45;39
26/01/2025 10:50;39
26/01/2025 10:55;39
26/01/2025 11:00;46
26/01/2025 11:05;43
26/01/2025 11:10;72
26/01/2025 11:15;91
26/01/2025 11:20;116
26/01/2025 11:25;128
26/01/2025 11:30;152
26/01/2025 11:35;95
26/01/2025 11:40;99
26/01/2025 11:45;106
26/01/2025 11:50;111
26/01/2025 11:55;106
26/01/2025 12:00;121
26/01/2025 12:05;132
26/01/2025 12:10;152
26/01/2025 12:15;164
26/01/2025 12:20;82
26/01/2025 12:25;65
26/01/2025 12:30;65
26/01/2025 12:35;76
26/01/2025 12:40;158
26/01/2025 12:45;197
26/01/2025 12:50;179
26/01/2025 12:55;170
26/01/2025 13:00;177
26/01/2025 13:05;173
26/01/2025 13:10;238
26/01/2025 13:15;217
26/01/2025 13:20;265
26/01/2025 13:25;290
26/01/2025 13:30;187
26/01/2025 13:35;251
26/01/2025 13:40;140
26/01/2025 13:45;156
26/01/2025 13:50;151
26/01/2025 13:55;135
26/01/2025 14:00;111
26/01/2025 14:05;103
26/01/2025 14:10;105
26/01/2025 14:15;106
26/01/2025 14:20;93
26/01/2025 14:25;92
26/01/2025 14:30;68
26/01/2025 14:35;88
26/01/2025 14:40;74
26/01/2025 14:45;52
26/01/2025 14:50;42
26/01/2025 14:55;39
26/01/2025 15:00;39
26/01/2025 15:05;39
26/01/2025 15:10;47
26/01/2025 15:15;41
26/01/2025 15:20;39
26/01/2025 15:25;39
26/01/2025 15:30;39
26/01/2025 15:35;39
26/01/2025 15:40;39
26/01/2025 15:45;39
26/01/2025 15:50;39
26/01/2025 15:55;39
26/01/2025 16:00;39
26/01/2025 16:05;39
26/01/2025 16:10;39
26/01/2025 16:15;57
26/01/2025 16:20;39
26/01/2025 16:25;39
26/01/2025 16:30;39
26/01/2025 16:35;47
26/01/2025 16:40;39
26/01/2025 16:45;39
26/01/2025 16:50;39
26/01/2025 16:55;39
26/01/2025 17:00;39
26/01/2025 17:05;39
26/01/2025 17:10;52
26/01/2025 17:15;39
26/01/2025 17:20;39
26/01/2025 17:25;39
26/01/2025 17:30;39
26/01/2025 17:35;39
26/01/2025 17:40;39
26/01/2025 17:45;39
26/01/2025 17:50;39
26/01/2025 17:55;39
26/01/2025 18:00;39
27/01/2025 8:58;0
27/01/2025 8:58;0
27/01/2025 8:59;0
27/01/2025 8:59;0
27/01/2025 9:00;0
27/01/2025 9:05;0
27/01/2025 9:10;0
27/01/2025 9:15;39
27/01/2025 9:20;39
27/01/2025 9:25;39
27/01/2025 9:30;134
27/01/2025 9:35;157
27/01/2025 9:40;108
27/01/2025 9:45;45
27/01/2025 9:50;169
27/01/2025 9:55;60
27/01/2025 10:00;121
27/01/2025 10:05;359
27/01/2025 10:10;408
27/01/2025 10:15;415
27/01/2025 10:20;432
27/01/2025 10:25;443
27/01/2025 10:30;452
27/01/2025 10:35;478
27/01/2025 10:40;496
27/01/2025 10:45;513
27/01/2025 10:50;527
27/01/2025 10:55;536
27/01/2025 11:00;543
27/01/2025 11:05;546
27/01/2025 11:10;552
27/01/2025 11:15;567
27/01/2025 11:20;572
27/01/2025 11:25;578
27/01/2025 11:30;593
27/01/2025 11:35;608
27/01/2025 11:40;636
27/01/2025 11:45;679
27/01/2025 11:50;491
27/01/2025 11:55;128
27/01/2025 12:00;155
27/01/2025 12:05;134
27/01/2025 12:10;205
27/01/2025 12:15;158
27/01/2025 12:20;136
27/01/2025 12:25;143
27/01/2025 12:30;166
27/01/2025 12:35;175
27/01/2025 12:40;675
27/01/2025 12:45;535
27/01/2025 12:50;770
27/01/2025 12:55;110
27/01/2025 13:00;65
27/01/2025 13:05;45
27/01/2025 13:10;49
27/01/2025 13:15;72
27/01/2025 13:20;221
27/01/2025 13:25;775
27/01/2025 13:30;733
27/01/2025 13:35;508
27/01/2025 13:40;467
27/01/2025 13:45;628
27/01/2025 13:50;239
27/01/2025 13:55;111
27/01/2025 14:00;67
27/01/2025 14:05;79
27/01/2025 14:10;86
27/01/2025 14:15;68
27/01/2025 14:20;46
27/01/2025 14:25;52
27/01/2025 14:30;46
27/01/2025 14:35;53
27/01/2025 14:40;61
27/01/2025 14:45;42
27/01/2025 14:50;39
27/01/2025 14:55;39
27/01/2025 15:00;42
27/01/2025 15:05;39
27/01/2025 15:10;39
27/01/2025 15:15;39
27/01/2025 15:20;39
27/01/2025 15:25;39
27/01/2025 15:30;51
27/01/2025 15:35;131
27/01/2025 15:40;101
27/01/2025 15:45;105
27/01/2025 15:50;110
27/01/2025 15:55;88
27/01/2025 16:00;83
27/01/2025 16:05;84
27/01/2025 16:10;67
27/01/2025 16:15;58
27/01/2025 16:20;47
27/01/2025 16:25;52
27/01/2025 16:30;48
27/01/2025 16:35;51
27/01/2025 16:40;39
27/01/2025 16:45;39
27/01/2025 16:50;39
27/01/2025 16:55;39
27/01/2025 17:00;39
27/01/2025 17:05;39
27/01/2025 17:10;39
27/01/2025 17:15;0
27/01/2025 17:20;0
27/01/2025 17:25;0
27/01/2025 17:30;0
27/01/2025 17:35;0
27/01/2025 17:40;0
27/01/2025 17:45;0
27/01/2025 17:50;0
28/01/2025 9:00;0
28/01/2025 9:01;0
28/01/2025 9:01;0
28/01/2025 9:02;0
28/01/2025 9:02;0
28/01/2025 9:05;0
28/01/2025 9:10;0
28/01/2025 9:15;0
28/01/2025 9:20;39
28/01/2025 9:25;39
28/01/2025 9:30;68
28/01/2025 9:35;85
28/01/2025 9:40;90
28/01/2025 9:45;69
28/01/2025 9:50;46
28/01/2025 9:55;71
28/01/2025 10:00;40
28/01/2025 10:05;50
28/01/2025 10:10;139
28/01/2025 10:15;115
28/01/2025 10:20;144
28/01/2025 10:25;111
28/01/2025 10:30;149
28/01/2025 10:35;182
28/01/2025 10:40;157
28/01/2025 10:45;128
28/01/2025 10:50;132
28/01/2025 10:55;71
28/01/2025 11:00;92
28/01/2025 11:05;170
28/01/2025 11:10;266
28/01/2025 11:15;183
28/01/2025 11:20;88
28/01/2025 11:25;86
28/01/2025 11:30;145
28/01/2025 11:35;224
28/01/2025 11:40;225
28/01/2025 11:45;148
28/01/2025 11:50;244
28/01/2025 11:55;157
28/01/2025 12:00;261
28/01/2025 12:05;541
28/01/2025 12:10;530
28/01/2025 12:15;56
28/01/2025 12:20;99
28/01/2025 12:25;58
28/01/2025 12:30;91
28/01/2025 12:35;241
28/01/2025 12:40;245
28/01/2025 12:45;140
28/01/2025 12:50;140
28/01/2025 12:55;89
28/01/2025 13:00;101
28/01/2025 13:05;688
28/01/2025 13:10;703
28/01/2025 13:15;383
28/01/2025 13:20;704
28/01/2025 13:25;216
28/01/2025 13:30;403
28/01/2025 13:35;704
28/01/2025 13:40;199
28/01/2025 13:45;83
28/01/2025 13:50;98
28/01/2025 13:55;43
28/01/2025 14:00;39
28/01/2025 14:05;39
28/01/2025 14:10;39
28/01/2025 14:15;39
28/01/2025 14:20;39
28/01/2025 14:25;58
28/01/2025 14:30;169
28/01/2025 14:35;149
28/01/2025 14:40;52
28/01/2025 14:45;39
28/01/2025 14:50;102
28/01/2025 14:55;133
28/01/2025 15:00;230
28/01/2025 15:05;123
28/01/2025 15:10;185
28/01/2025 15:15;540
28/01/2025 15:20;86
28/01/2025 15:25;39
28/01/2025 15:30;53
28/01/2025 15:35;77
28/01/2025 15:40;221
28/01/2025 15:45;124
28/01/2025 15:50;206
28/01/2025 15:55;227
28/01/2025 16:00;68
28/01/2025 16:05;96
28/01/2025 16:10;86
28/01/2025 16:15;128
28/01/2025 16:20;164
28/01/2025 16:25;160
28/01/2025 16:30;81
28/01/2025 16:35;39
28/01/2025 16:40;39
28/01/2025 16:45;39
28/01/2025 16:50;39
28/01/2025 16:55;39
28/01/2025 17:00;39
28/01/2025 17:05;39
28/01/2025 17:10;39
28/01/2025 17:15;39
28/01/2025 17:20;39
28/01/2025 17:25;45
28/01/2025 17:30;40
28/01/2025 17:35;39
28/01/2025 17:40;39
28/01/2025 17:45;39
28/01/2025 17:50;0
28/01/2025 17:59;0
28/01/2025 17:59;0
28/01/2025 18:00;0
28/01/2025 18:00;0
28/01/2025 18:01;0
28/01/2025 18:05;0
29/01/2025 9:19;0
29/01/2025 9:19;0
29/01/2025 9:20;0
29/01/2025 9:20;0
29/01/2025 9:21;0
29/01/2025 9:25;0
29/01/2025 9:30;0
29/01/2025 9:35;0
29/01/2025 9:40;0
29/01/2025 9:45;0
29/01/2025 9:50;0
29/01/2025 9:55;0
29/01/2025 10:00;39
29/01/2025 10:05;39
29/01/2025 10:10;39
29/01/2025 10:15;39
29/01/2025 10:20;39
29/01/2025 10:25;39
29/01/2025 10:30;39
29/01/2025 10:37;0
29/01/2025 10:37;0
29/01/2025 10:38;0
29/01/2025 10:38;0
29/01/2025 10:39;0
29/01/2025 10:40;0
29/01/2025 10:45;39
29/01/2025 10:50;39
29/01/2025 10:55;39
29/01/2025 11:00;39
29/01/2025 11:05;49
29/01/2025 11:10;65
29/01/2025 11:15;48
29/01/2025 11:20;46
29/01/2025 11:25;42
29/01/2025 11:30;68
29/01/2025 11:35;75
29/01/2025 11:40;115
29/01/2025 11:45;191
29/01/2025 11:50;96
29/01/2025 11:55;110
29/01/2025 12:00;127
29/01/2025 12:05;115
29/01/2025 12:10;90
29/01/2025 12:15;78
29/01/2025 12:20;86
29/01/2025 12:25;103
29/01/2025 12:30;100
29/01/2025 12:35;96
29/01/2025 12:40;62
29/01/2025 12:45;44
29/01/2025 12:50;39
29/01/2025 12:55;39
29/01/2025 13:00;39
29/01/2025 13:05;64
29/01/2025 13:10;42
29/01/2025 13:15;39
29/01/2025 13:20;39
29/01/2025 13:25;39
29/01/2025 13:30;39
29/01/2025 13:35;41
29/01/2025 13:40;39
29/01/2025 13:45;39
29/01/2025 13:50;70
29/01/2025 13:55;39
29/01/2025 14:00;39
29/01/2025 14:05;47
29/01/2025 14:10;51
29/01/2025 14:15;59
29/01/2025 14:20;164
29/01/2025 14:25;196
29/01/2025 14:30;220
29/01/2025 14:35;238
29/01/2025 14:40;345
29/01/2025 14:45;270
29/01/2025 14:50;372
29/01/2025 14:55;189
29/01/2025 15:00;102
29/01/2025 15:05;138
29/01/2025 15:10;102
29/01/2025 15:15;91
29/01/2025 15:20;144
29/01/2025 15:25;284
29/01/2025 15:30;194
29/01/2025 15:35;385
29/01/2025 15:40;403
29/01/2025 15:45;157
29/01/2025 15:50;117
29/01/2025 15:55;93
29/01/2025 16:00;191
29/01/2025 16:05;112
29/01/2025 16:10;105
29/01/2025 16:15;72
29/01/2025 16:20;61
29/01/2025 16:25;63
29/01/2025 16:30;42
29/01/2025 16:35;71
29/01/2025 16:40;54
29/01/2025 16:45;53
29/01/2025 16:50;45
29/01/2025 16:55;76
29/01/2025 17:00;85
29/01/2025 17:05;46
29/01/2025 17:10;39
29/01/2025 17:15;39
29/01/2025 17:20;47
29/01/2025 17:25;39
29/01/2025 17:30;39
29/01/2025 17:35;41
29/01/2025 17:40;58
29/01/2025 17:45;39
29/01/2025 17:50;39
29/01/2025 17:55;39
29/01/2025 18:00;39
29/01/2025 18:05;0
29/01/2025 18:10;0
30/01/2025 9:11;0
30/01/2025 9:11;0
30/01/2025 9:12;0
30/01/2025 9:12;0
30/01/2025 9:13;0
30/01/2025 9:15;0
30/01/2025 9:19;0
30/01/2025 9:19;0
30/01/2025 9:20;0
30/01/2025 9:20;0
30/01/2025 9:21;0
30/01/2025 9:23;0
30/01/2025 9:24;0
30/01/2025 9:25;0
30/01/2025 9:26;0
30/01/2025 9:26;0
30/01/2025 9:27;0
30/01/2025 9:27;0
30/01/2025 9:30;0
30/01/2025 9:30;0
30/01/2025 9:31;0
30/01/2025 9:31;0
30/01/2025 9:32;0
30/01/2025 9:35;0
30/01/2025 9:40;0
30/01/2025 9:43;0
30/01/2025 9:43;0
30/01/2025 9:44;0
30/01/2025 9:44;0
30/01/2025 9:45;0
30/01/2025 9:50;0
30/01/2025 9:55;0
30/01/2025 10:00;0
30/01/2025 10:05;0
30/01/2025 10:10;0
30/01/2025 10:16;0
30/01/2025 10:16;0
30/01/2025 10:17;0
30/01/2025 10:17;0
30/01/2025 10:18;0
30/01/2025 10:20;0
30/01/2025 10:22;0
30/01/2025 10:22;0
30/01/2025 10:23;0
30/01/2025 10:23;0
30/01/2025 10:24;0
30/01/2025 10:25;0
30/01/2025 10:30;0
30/01/2025 10:35;0
30/01/2025 10:40;0
30/01/2025 10:45;0
30/01/2025 10:50;0
30/01/2025 10:55;0
30/01/2025 11:00;0
30/01/2025 11:05;0
30/01/2025 11:10;0
30/01/2025 11:15;0
30/01/2025 11:20;39
30/01/2025 11:25;39
30/01/2025 11:30;39
30/01/2025 11:35;39
30/01/2025 11:40;39
30/01/2025 11:45;39
30/01/2025 11:50;39
30/01/2025 11:55;39
30/01/2025 12:00;39
30/01/2025 12:05;39
30/01/2025 12:10;39
30/01/2025 12:15;39
30/01/2025 12:20;39
30/01/2025 12:25;39
30/01/2025 12:30;39
30/01/2025 12:35;39
30/01/2025 12:40;47
30/01/2025 12:45;39
30/01/2025 12:50;39
30/01/2025 12:55;39
30/01/2025 13:00;39
30/01/2025 13:05;39
30/01/2025 13:10;39
30/01/2025 13:15;56
30/01/2025 13:20;55
30/01/2025 13:25;64
30/01/2025 13:30;83
30/01/2025 13:35;107
30/01/2025 13:40;134
30/01/2025 13:45;96
30/01/2025 13:50;104
30/01/2025 13:55;376
30/01/2025 14:00;240
30/01/2025 14:05;275
30/01/2025 14:10;579
30/01/2025 14:15;254
30/01/2025 14:20;121
30/01/2025 14:25;165
30/01/2025 14:30;153
30/01/2025 14:35;246
30/01/2025 14:40;167
30/01/2025 14:45;136
30/01/2025 14:50;140
30/01/2025 14:55;76
30/01/2025 15:00;78
30/01/2025 15:05;101
30/01/2025 15:10;137
30/01/2025 15:15;97
30/01/2025 15:20;54
30/01/2025 15:25;48
30/01/2025 15:30;112
30/01/2025 15:35;355
30/01/2025 15:40;420
30/01/2025 15:45;148
30/01/2025 15:50;184
30/01/2025 15:55;164
30/01/2025 16:00;105
30/01/2025 16:05;402
30/01/2025 16:10;209
30/01/2025 16:15;233
30/01/2025 16:20;248
30/01/2025 16:25;134
30/01/2025 16:30;80
30/01/2025 16:35;67
30/01/2025 16:40;39
30/01/2025 16:45;39
30/01/2025 16:50;39
30/01/2025 16:55;39
30/01/2025 17:00;39
30/01/2025 17:05;51
30/01/2025 17:10;51
30/01/2025 17:15;46
30/01/2025 17:20;39
30/01/2025 17:25;39
30/01/2025 17:30;39
30/01/2025 17:35;39
30/01/2025 17:40;39
30/01/2025 17:45;39
30/01/2025 17:50;39
30/01/2025 17:55;39
30/01/2025 18:00;39
30/01/2025 18:05;39
30/01/2025 18:10;0
31/01/2025 8:37;0
31/01/2025 8:37;0
31/01/2025 8:38;0
31/01/2025 8:38;0
31/01/2025 8:39;0
31/01/2025 8:40;0
31/01/2025 8:45;0
31/01/2025 8:50;0
31/01/2025 8:55;0
31/01/2025 9:00;39
31/01/2025 9:05;39
31/01/2025 9:10;39
31/01/2025 9:15;39
31/01/2025 9:20;47
31/01/2025 9:25;106
31/01/2025 9:30;126
31/01/2025 9:35;145
31/01/2025 9:40;158
31/01/2025 9:45;186
31/01/2025 9:50;130
31/01/2025 9:55;248
31/01/2025 10:00;370
31/01/2025 10:05;411
31/01/2025 10:10;428
31/01/2025 10:15;445
31/01/2025 10:20;456
31/01/2025 10:25;472
31/01/2025 10:30;491
31/01/2025 10:35;507
31/01/2025 10:40;522
31/01/2025 10:45;534
31/01/2025 10:50;547
31/01/2025 10:55;559
31/01/2025 11:00;563
31/01/2025 11:05;573
31/01/2025 11:10;580
31/01/2025 11:15;588
31/01/2025 11:20;590
31/01/2025 11:25;599
31/01/2025 11:30;605
31/01/2025 11:35;607
31/01/2025 11:40;612
31/01/2025 11:45;616
31/01/2025 11:50;621
31/01/2025 11:55;633
31/01/2025 12:00;636
31/01/2025 12:05;637
31/01/2025 12:10;646
31/01/2025 12:15;647
31/01/2025 12:20;650
31/01/2025 12:25;657
31/01/2025 12:30;642
31/01/2025 12:35;641
31/01/2025 12:40;656
31/01/2025 12:45;657
31/01/2025 12:50;534
31/01/2025 12:55;674
31/01/2025 13:00;678
31/01/2025 13:05;675
31/01/2025 13:10;666
31/01/2025 13:15;670
31/01/2025 13:20;700
31/01/2025 13:25;703
31/01/2025 13:30;705
31/01/2025 13:35;280
31/01/2025 13:40;666
31/01/2025 13:45;663
31/01/2025 13:50;654
31/01/2025 13:55;635
31/01/2025 14:00;636
31/01/2025 14:05;631
31/01/2025 14:10;617
31/01/2025 14:15;616
31/01/2025 14:20;597
31/01/2025 14:25;585
31/01/2025 14:30;582
31/01/2025 14:35;578
31/01/2025 14:40;568
31/01/2025 14:45;556
31/01/2025 14:50;543
31/01/2025 14:55;545
31/01/2025 15:00;539
31/01/2025 15:05;476
31/01/2025 15:10;456
31/01/2025 15:15;361
31/01/2025 15:20;345
31/01/2025 15:25;334
31/01/2025 15:30;320
31/01/2025 15:35;318
31/01/2025 15:40;286
31/01/2025 15:45;278
31/01/2025 15:50;241
31/01/2025 15:55;151
31/01/2025 16:00;174
31/01/2025 16:05;110
31/01/2025 16:10;117
31/01/2025 16:15;92
31/01/2025 16:20;82
31/01/2025 16:25;76
31/01/2025 16:30;82
31/01/2025 16:35;73
31/01/2025 16:40;62
31/01/2025 16:45;57
31/01/2025 16:50;42
31/01/2025 16:55;54
31/01/2025 17:00;64
31/01/2025 17:05;43
31/01/2025 17:10;43
31/01/2025 17:15;50
31/01/2025 17:20;52
31/01/2025 17:25;60
31/01/2025 17:30;52
31/01/2025 17:35;41
31/01/2025 17:40;39
31/01/2025 17:45;39
31/01/2025 17:50;39
31/01/2025 17:55;0
31/01/2025 18:00;40
31/01/2025 18:05;39
31/01/2025 18:10;39
31/01/2025 18:15;39
01/02/2025 8:41;0
01/02/2025 8:41;0
01/02/2025 8:42;0
01/02/2025 8:42;0
01/02/2025 8:43;0
01/02/2025 8:45;0
01/02/2025 8:50;0
01/02/2025 8:55;0
01/02/2025 9:00;0
01/02/2025 9:05;0
01/02/2025 9:10;0
01/02/2025 9:15;0
01/02/2025 9:20;0
01/02/2025 9:25;39
01/02/2025 9:30;39
01/02/2025 9:35;39
01/02/2025 9:40;39
01/02/2025 9:45;39
01/02/2025 9:50;39
01/02/2025 9:55;39
01/02/2025 10:00;39
01/02/2025 10:05;39
01/02/2025 10:10;56
01/02/2025 10:15;52
01/02/2025 10:20;73
01/02/2025 10:25;132
01/02/2025 10:30;454
01/02/2025 10:35;57
01/02/2025 10:40;39
01/02/2025 10:45;44
01/02/2025 10:50;45
01/02/2025 10:55;65
01/02/2025 11:00;40
01/02/2025 11:05;39
01/02/2025 11:10;96
01/02/2025 11:15;196
01/02/2025 11:20;97
01/02/2025 11:25;117
01/02/2025 11:30;180
01/02/2025 11:35;188
01/02/2025 11:40;166
01/02/2025 11:45;76
01/02/2025 11:50;99
01/02/2025 11:55;62
01/02/2025 12:00;83
01/02/2025 12:05;117
01/02/2025 12:10;63
01/02/2025 12:15;71
01/02/2025 12:20;95
01/02/2025 12:25;120
01/02/2025 12:30;128
01/02/2025 12:35;172
01/02/2025 12:40;161
01/02/2025 12:45;166
01/02/2025 12:50;107
01/02/2025 12:55;98
01/02/2025 13:00;97
01/02/2025 13:05;68
01/02/2025 13:10;137
01/02/2025 13:15;101
01/02/2025 13:20;104
01/02/2025 13:25;109
01/02/2025 13:30;112
01/02/2025 13:35;161
01/02/2025 13:40;198
01/02/2025 13:45;167
01/02/2025 13:50;98
01/02/2025 13:55;112
01/02/2025 14:00;142
01/02/2025 14:05;216
01/02/2025 14:10;184
01/02/2025 14:15;166
01/02/2025 14:20;170
01/02/2025 14:25;123
01/02/2025 14:30;111
01/02/2025 14:35;126
01/02/2025 14:40;118
01/02/2025 14:45;127
01/02/2025 14:50;117
01/02/2025 14:55;92
01/02/2025 15:00;56
01/02/2025 15:05;71
01/02/2025 15:10;70
01/02/2025 15:15;65
01/02/2025 15:20;57
01/02/2025 15:25;87
01/02/2025 15:30;101
01/02/2025 15:35;97
01/02/2025 15:40;67
01/02/2025 15:45;91
01/02/2025 15:50;75
01/02/2025 15:55;73
01/02/2025 16:00;104
01/02/2025 16:05;80
01/02/2025 16:10;63
01/02/2025 16:15;62
01/02/2025 16:20;64
01/02/2025 16:25;42
01/02/2025 16:30;39
01/02/2025 16:35;39
01/02/2025 16:40;46
01/02/2025 16:45;57
01/02/2025 16:50;40
01/02/2025 16:55;40
01/02/2025 17:00;49
01/02/2025 17:05;46
01/02/2025 17:10;50
01/02/2025 17:15;39
01/02/2025 17:20;39
01/02/2025 17:25;39
01/02/2025 17:30;39
01/02/2025 17:35;39
01/02/2025 17:40;39
01/02/2025 17:45;39
01/02/2025 17:50;39
01/02/2025 17:55;39
01/02/2025 18:00;39
02/02/2025 8:20;0
02/02/2025 8:20;0
02/02/2025 8:21;0
02/02/2025 8:21;0
02/02/2025 8:22;0
02/02/2025 8:25;0
02/02/2025 8:30;0
02/02/2025 8:35;0
02/02/2025 8:40;39
02/02/2025 8:45;39
02/02/2025 8:50;48
02/02/2025 8:55;63
02/02/2025 9:00;103
02/02/2025 9:05;107
02/02/2025 9:10;172
02/02/2025 9:15;156
02/02/2025 9:20;163
02/02/2025 9:25;129
02/02/2025 9:30;39
02/02/2025 9:35;39
02/02/2025 9:40;39
02/02/2025 9:45;39
02/02/2025 9:50;39
02/02/2025 9:55;39
02/02/2025 10:00;40
02/02/2025 10:05;39
02/02/2025 10:10;39
02/02/2025 10:15;39
02/02/2025 10:20;39
02/02/2025 10:25;39
02/02/2025 10:30;39
02/02/2025 10:35;39
02/02/2025 10:40;39
02/02/2025 10:45;39
02/02/2025 10:50;39
02/02/2025 10:55;39
02/02/2025 11:00;39
02/02/2025 11:05;39
02/02/2025 11:10;39
02/02/2025 11:15;39
02/02/2025 11:20;39
02/02/2025 11:25;39
02/02/2025 11:30;39
02/02/2025 11:35;39
02/02/2025 11:40;39
02/02/2025 11:45;39
02/02/2025 11:50;39
02/02/2025 11:55;39
02/02/2025 12:00;39
02/02/2025 12:05;39
02/02/2025 12:10;39
02/02/2025 12:15;39
02/02/2025 12:20;39
02/02/2025 12:25;39
02/02/2025 12:30;39
02/02/2025 12:35;39
02/02/2025 12:40;39
02/02/2025 12:45;39
02/02/2025 12:50;39
02/02/2025 12:55;52
02/02/2025 13:00;64
02/02/2025 13:05;56
02/02/2025 13:10;47
02/02/2025 13:15;78
02/02/2025 13:20;43
02/02/2025 13:25;103
02/02/2025 13:30;97
02/02/2025 13:35;80
02/02/2025 13:40;72
02/02/2025 13:45;92
02/02/2025 13:50;94
02/02/2025 13:55;112
02/02/2025 14:00;105
02/02/2025 14:05;102
02/02/2025 14:10;53
02/02/2025 14:15;39
02/02/2025 14:20;39
02/02/2025 14:25;53
02/02/2025 14:30;66
02/02/2025 14:35;78
02/02/2025 14:40;97
02/02/2025 14:45;60
02/02/2025 14:50;89
02/02/2025 14:55;39
02/02/2025 15:00;72
02/02/2025 15:05;80
02/02/2025 15:10;92
02/02/2025 15:15;108
02/02/2025 15:20;100
02/02/2025 15:25;39
02/02/2025 15:30;43
02/02/2025 15:35;58
02/02/2025 15:40;43
02/02/2025 15:45;40
02/02/2025 15:50;39
02/02/2025 15:55;39
02/02/2025 16:00;39
02/02/2025 16:05;39
02/02/2025 16:10;39
02/02/2025 16:15;39
02/02/2025 16:20;39
02/02/2025 16:25;39
02/02/2025 16:30;39
02/02/2025 16:35;39
02/02/2025 16:40;39
02/02/2025 16:45;39
02/02/2025 16:50;39
02/02/2025 16:55;39
02/02/2025 17:00;39
02/02/2025 17:05;39
02/02/2025 17:10;39
02/02/2025 17:15;39
02/02/2025 17:20;39
02/02/2025 17:25;39
02/02/2025 17:30;39
02/02/2025 17:35;39
02/02/2025 17:40;39
02/02/2025 17:45;39
02/02/2025 17:50;0
02/02/2025 17:58;0
02/02/2025 17:59;0
02/02/2025 17:59;0
02/02/2025 18:00;0
02/02/2025 18:00;0
02/02/2025 18:05;0
03/02/2025 8:30;0
03/02/2025 8:31;0
03/02/2025 8:31;0
03/02/2025 8:32;0
03/02/2025 8:32;0
03/02/2025 8:35;0
03/02/2025 8:40;0
03/02/2025 8:45;0
03/02/2025 8:50;39
03/02/2025 8:55;39
03/02/2025 9:00;39
03/02/2025 9:05;39
03/02/2025 9:10;39
03/02/2025 9:15;39
03/02/2025 9:20;39
03/02/2025 9:25;39
03/02/2025 9:30;66
03/02/2025 9:35;42
03/02/2025 9:40;39
03/02/2025 9:45;41
03/02/2025 9:50;39
03/02/2025 9:55;39
03/02/2025 10:00;94
03/02/2025 10:05;87
03/02/2025 10:10;65
03/02/2025 10:15;66
03/02/2025 10:20;80
03/02/2025 10:25;76
03/02/2025 10:30;92
03/02/2025 10:35;278
03/02/2025 10:40;189
03/02/2025 10:45;580
03/02/2025 10:50;565
03/02/2025 10:55;575
03/02/2025 11:00;582
03/02/2025 11:05;591
03/02/2025 11:10;599
03/02/2025 11:15;605
03/02/2025 11:20;603
03/02/2025 11:25;613
03/02/2025 11:30;626
03/02/2025 11:35;633
03/02/2025 11:40;636
03/02/2025 11:45;652
03/02/2025 11:46;644
03/02/2025 11:47;644
03/02/2025 11:47;648
03/02/2025 11:50;653
03/02/2025 11:55;660
03/02/2025 12:00;663
03/02/2025 12:05;665
03/02/2025 12:10;670
03/02/2025 12:15;673
03/02/2025 12:20;678
03/02/2025 12:25;680
03/02/2025 12:30;682
03/02/2025 12:35;681
03/02/2025 12:40;679
03/02/2025 12:45;682
03/02/2025 12:50;669
03/02/2025 12:55;476
03/02/2025 13:00;160
03/02/2025 13:05;711
03/02/2025 13:10;736
03/02/2025 13:15;693
03/02/2025 13:20;683
03/02/2025 13:25;678
03/02/2025 13:30;670
03/02/2025 13:35;680
03/02/2025 13:40;692
03/02/2025 13:45;465
03/02/2025 13:50;700
03/02/2025 13:55;659
03/02/2025 14:00;660
03/02/2025 14:05;643
03/02/2025 14:10;660
03/02/2025 14:15;666
03/02/2025 14:20;615
03/02/2025 14:25;356
03/02/2025 14:30;612
03/02/2025 14:35;591
03/02/2025 14:40;587
03/02/2025 14:45;172
03/02/2025 14:50;591
03/02/2025 14:55;473
03/02/2025 15:00;132
03/02/2025 15:05;119
03/02/2025 15:10;162
03/02/2025 15:15;99
03/02/2025 15:20;79
03/02/2025 15:25;82
03/02/2025 15:30;89
03/02/2025 15:35;108
03/02/2025 15:40;142
03/02/2025 15:45;99
03/02/2025 15:50;111
03/02/2025 15:55;81
03/02/2025 16:00;101
03/02/2025 16:05;156
03/02/2025 16:10;106
03/02/2025 16:15;106
03/02/2025 16:20;84
03/02/2025 16:25;100
03/02/2025 16:30;93
03/02/2025 16:35;67
03/02/2025 16:40;62
03/02/2025 16:45;60
03/02/2025 16:50;64
03/02/2025 16:55;55
03/02/2025 17:00;78
03/02/2025 17:05;57
03/02/2025 17:10;48
03/02/2025 17:15;63
03/02/2025 17:20;62
03/02/2025 17:25;64
03/02/2025 17:30;61
03/02/2025 17:35;48
03/02/2025 17:40;39
03/02/2025 17:45;39
03/02/2025 17:50;39
03/02/2025 17:55;39
03/02/2025 18:00;39
03/02/2025 18:05;39
03/02/2025 18:10;39
03/02/2025 18:15;39
03/02/2025 18:20;0
04/02/2025 8:30;0
04/02/2025 8:30;0
04/02/2025 8:31;0
04/02/2025 8:31;0
04/02/2025 8:32;0
04/02/2025 8:35;0
04/02/2025 8:40;0
04/02/2025 8:45;0
04/02/2025 8:50;0
04/02/2025 8:55;39
04/02/2025 9:00;56
04/02/2025 9:05;41
04/02/2025 9:10;100
04/02/2025 9:15;111
04/02/2025 9:20;124
04/02/2025 9:25;122
04/02/2025 9:30;154
04/02/2025 9:35;154
04/02/2025 9:40;158
04/02/2025 9:45;234
04/02/2025 9:50;393
04/02/2025 9:55;421
04/02/2025 10:00;440
04/02/2025 10:05;457
04/02/2025 10:10;477
04/02/2025 10:15;493
04/02/2025 10:20;507
04/02/2025 10:25;521
04/02/2025 10:30;532
04/02/2025 10:35;541
04/02/2025 10:40;552
04/02/2025 10:45;564
04/02/2025 10:50;576
04/02/2025 10:55;586
04/02/2025 11:00;593
04/02/2025 11:05;601
04/02/2025 11:10;607
04/02/2025 11:15;616
04/02/2025 11:20;0
04/02/2025 11:25;629
04/02/2025 11:30;638
04/02/2025 11:35;644
04/02/2025 11:40;649
04/02/2025 11:45;657
04/02/2025 11:47;653
04/02/2025 11:48;656
04/02/2025 11:48;657
04/02/2025 11:50;658
04/02/2025 11:55;661
04/02/2025 12:00;661
04/02/2025 12:05;662
04/02/2025 12:10;664
04/02/2025 12:15;662
04/02/2025 12:20;665
04/02/2025 12:25;664
04/02/2025 12:30;667
04/02/2025 12:35;669
04/02/2025 12:40;671
04/02/2025 12:45;670
04/02/2025 12:50;672
04/02/2025 12:55;674
04/02/2025 13:00;673
04/02/2025 13:05;675
04/02/2025 13:10;674
04/02/2025 13:15;670
04/02/2025 13:20;668
04/02/2025 13:25;667
04/02/2025 13:30;663
04/02/2025 13:35;660
04/02/2025 13:40;656
04/02/2025 13:45;649
04/02/2025 13:50;644
04/02/2025 13:55;642
04/02/2025 14:00;634
04/02/2025 14:05;627
04/02/2025 14:10;620
04/02/2025 14:15;615
04/02/2025 14:20;603
04/02/2025 14:25;601
04/02/2025 14:30;598
04/02/2025 14:35;590
04/02/2025 14:40;578
04/02/2025 14:45;570
04/02/2025 14:50;562
04/02/2025 14:55;550
04/02/2025 15:00;544
04/02/2025 15:05;533
04/02/2025 15:10;525
04/02/2025 15:15;482
04/02/2025 15:20;332
04/02/2025 15:25;330
04/02/2025 15:30;325
04/02/2025 15:35;310
04/02/2025 15:40;298
04/02/2025 15:45;269
04/02/2025 15:50;266
04/02/2025 15:55;262
04/02/2025 16:00;161
04/02/2025 16:05;128
04/02/2025 16:10;119
04/02/2025 16:15;116
04/02/2025 16:20;78
04/02/2025 16:25;90
04/02/2025 16:30;98
04/02/2025 16:35;57
04/02/2025 16:40;62
04/02/2025 16:45;62
04/02/2025 16:50;61
04/02/2025 16:55;62
04/02/2025 17:00;58
04/02/2025 17:05;46
04/02/2025 17:10;39
04/02/2025 17:15;43
04/02/2025 17:20;45
04/02/2025 17:25;42
04/02/2025 17:30;39
04/02/2025 17:35;40
04/02/2025 17:40;39
04/02/2025 17:45;39
04/02/2025 17:50;39
04/02/2025 17:55;39
04/02/2025 18:00;39
04/02/2025 18:05;39
04/02/2025 18:10;39
04/02/2025 18:15;39
04/02/2025 18:20;39
05/02/2025 8:37;0
05/02/2025 8:37;0
05/02/2025 8:38;0
05/02/2025 8:38;0
05/02/2025 8:39;0
05/02/2025 8:40;0
05/02/2025 8:45;0
05/02/2025 8:50;0
05/02/2025 8:55;0
05/02/2025 9:00;39
05/02/2025 9:05;39
05/02/2025 9:10;39
05/02/2025 9:15;39
05/02/2025 9:20;39
05/02/2025 9:25;39
05/02/2025 9:30;39
05/02/2025 9:35;39
05/02/2025 9:40;39
05/02/2025 9:45;39
05/02/2025 9:50;39
05/02/2025 9:55;49
05/02/2025 10:00;64
05/02/2025 10:05;56
05/02/2025 10:10;39
05/02/2025 10:15;39
05/02/2025 10:20;39
05/02/2025 10:25;39
05/02/2025 10:30;42
05/02/2025 10:35;39
05/02/2025 10:40;44
05/02/2025 10:45;45
05/02/2025 10:50;49
05/02/2025 10:55;63
05/02/2025 11:00;71
05/02/2025 11:05;72
05/02/2025 11:10;77
05/02/2025 11:15;52
05/02/2025 11:20;63
05/02/2025 11:25;88
05/02/2025 11:30;88
05/02/2025 11:35;82
05/02/2025 11:40;93
05/02/2025 11:45;88
05/02/2025 11:50;95
05/02/2025 11:55;189
05/02/2025 12:00;189
05/02/2025 12:05;244
05/02/2025 12:10;185
05/02/2025 12:15;185
05/02/2025 12:20;199
05/02/2025 12:25;380
05/02/2025 12:30;249
05/02/2025 12:35;284
05/02/2025 12:40;267
05/02/2025 12:45;260
05/02/2025 12:50;177
05/02/2025 12:55;152
05/02/2025 13:00;101
05/02/2025 13:05;175
05/02/2025 13:10;188
05/02/2025 13:15;155
05/02/2025 13:20;209
05/02/2025 13:25;287
05/02/2025 13:30;188
05/02/2025 13:35;150
05/02/2025 13:40;106
05/02/2025 13:45;98
05/02/2025 13:50;126
05/02/2025 13:55;177
05/02/2025 14:00;156
05/02/2025 14:05;193
05/02/2025 14:10;181
05/02/2025 14:15;242
05/02/2025 14:20;614
05/02/2025 14:25;349
05/02/2025 14:30;328
05/02/2025 14:35;291
05/02/2025 14:40;275
05/02/2025 14:45;661
05/02/2025 14:50;361
05/02/2025 14:55;236
05/02/2025 15:00;258
05/02/2025 15:05;212
05/02/2025 15:10;220
05/02/2025 15:15;517
05/02/2025 15:20;403
05/02/2025 15:25;355
05/02/2025 15:30;345
05/02/2025 15:35;374
05/02/2025 15:40;195
05/02/2025 15:45;159
05/02/2025 15:50;310
05/02/2025 15:55;277
05/02/2025 16:00;201
05/02/2025 16:05;119
05/02/2025 16:10;99
05/02/2025 16:15;108
05/02/2025 16:20;82
05/02/2025 16:25;92
05/02/2025 16:30;100
05/02/2025 16:35;66
05/02/2025 16:40;68
05/02/2025 16:45;67
05/02/2025 16:50;70
05/02/2025 16:55;72
05/02/2025 17:00;64
05/02/2025 17:05;52
05/02/2025 17:10;52
05/02/2025 17:15;70
05/02/2025 17:20;72
05/02/2025 17:25;64
05/02/2025 17:30;56
05/02/2025 17:35;47
05/02/2025 17:40;39
05/02/2025 17:45;39
05/02/2025 17:50;39
05/02/2025 17:55;39
05/02/2025 18:00;39
05/02/2025 18:05;39
05/02/2025 18:10;39
05/02/2025 18:15;39
05/02/2025 18:20;39
05/02/2025 18:25;39
06/02/2025 8:26;0
06/02/2025 8:27;0
06/02/2025 8:27;0
06/02/2025 8:28;0
06/02/2025 8:28;0
06/02/2025 8:30;0
06/02/2025 8:35;0
06/02/2025 8:40;0
06/02/2025 8:45;0
06/02/2025 8:50;39
06/02/2025 8:55;42
06/02/2025 9:00;60
06/02/2025 9:05;73
06/02/2025 9:10;84
06/02/2025 9:15;127
06/02/2025 9:20;139
06/02/2025 9:25;143
06/02/2025 9:30;163
06/02/2025 9:35;171
06/02/2025 9:40;165
06/02/2025 9:45;259
06/02/2025 9:50;347
06/02/2025 9:55;460
06/02/2025 10:00;469
06/02/2025 10:05;487
06/02/2025 10:10;501
06/02/2025 10:15;474
06/02/2025 10:20;487
06/02/2025 10:25;435
06/02/2025 10:30;441
06/02/2025 10:35;538
06/02/2025 10:40;517
06/02/2025 10:45;537
06/02/2025 10:50;582
06/02/2025 10:55;564
06/02/2025 11:00;563
06/02/2025 11:05;587
06/02/2025 11:10;610
06/02/2025 11:15;614
06/02/2025 11:20;615
06/02/2025 11:25;586
06/02/2025 11:30;630
06/02/2025 11:35;649
06/02/2025 11:40;652
06/02/2025 11:45;668
06/02/2025 11:50;655
06/02/2025 11:55;633
06/02/2025 12:00;654
06/02/2025 12:05;587
06/02/2025 12:10;575
06/02/2025 12:15;644
06/02/2025 12:20;636
06/02/2025 12:25;649
06/02/2025 12:30;638
06/02/2025 12:35;651
06/02/2025 12:40;667
06/02/2025 12:45;666
06/02/2025 12:50;674
06/02/2025 12:55;693
06/02/2025 13:00;690
06/02/2025 13:05;697
06/02/2025 13:10;643
06/02/2025 13:15;650
06/02/2025 13:20;690
06/02/2025 13:25;610
06/02/2025 13:30;707
06/02/2025 13:35;655
06/02/2025 13:40;670
06/02/2025 13:45;666
06/02/2025 13:50;644
06/02/2025 13:55;603
06/02/2025 14:00;605
06/02/2025 14:05;643
06/02/2025 14:10;603
06/02/2025 14:15;571
06/02/2025 14:20;573
06/02/2025 14:25;535
06/02/2025 14:30;516
06/02/2025 14:35;506
06/02/2025 14:40;518
06/02/2025 14:45;521
06/02/2025 14:50;413
06/02/2025 14:55;525
06/02/2025 15:00;530
06/02/2025 15:05;504
06/02/2025 15:10;520
06/02/2025 15:15;493
06/02/2025 15:20;388
06/02/2025 15:25;328
06/02/2025 15:30;287
06/02/2025 15:35;250
06/02/2025 15:40;255
06/02/2025 15:45;251
06/02/2025 15:50;252
06/02/2025 15:55;283
06/02/2025 16:00;276
06/02/2025 16:05;155
06/02/2025 16:10;142
06/02/2025 16:15;141
06/02/2025 16:20;153
06/02/2025 16:25;174
06/02/2025 16:30;163
06/02/2025 16:35;140
06/02/2025 16:40;121
06/02/2025 16:45;106
06/02/2025 16:50;100
06/02/2025 16:55;94
06/02/2025 17:00;85
06/02/2025 17:05;80
06/02/2025 17:10;68
06/02/2025 17:15;61
06/02/2025 17:20;61
06/02/2025 17:25;55
06/02/2025 17:30;50
06/02/2025 17:35;39
06/02/2025 17:40;39
06/02/2025 17:45;39
06/02/2025 17:50;39
06/02/2025 17:55;39
06/02/2025 18:00;39
06/02/2025 18:05;39
06/02/2025 18:10;39
06/02/2025 18:15;39
06/02/2025 18:20;39
06/02/2025 18:25;39
07/02/2025 9:05;0
07/02/2025 9:05;0
07/02/2025 9:06;0
07/02/2025 9:06;0
07/02/2025 9:07;0
07/02/2025 9:10;0
07/02/2025 9:15;0
07/02/2025 9:20;0
07/02/2025 9:25;0
07/02/2025 9:30;0
07/02/2025 9:35;0
07/02/2025 9:40;39
07/02/2025 9:45;39
07/02/2025 9:50;39
07/02/2025 9:55;39
07/02/2025 10:00;39
07/02/2025 10:05;39
07/02/2025 10:10;39
07/02/2025 10:15;39
07/02/2025 10:20;39
07/02/2025 10:25;58
07/02/2025 10:30;135
07/02/2025 10:35;105
07/02/2025 10:40;56
07/02/2025 10:45;46
07/02/2025 10:50;78
07/02/2025 10:55;62
07/02/2025 11:00;60
07/02/2025 11:05;43
07/02/2025 11:10;39
07/02/2025 11:15;39
07/02/2025 11:20;45
07/02/2025 11:25;65
07/02/2025 11:30;152
07/02/2025 11:35;123
07/02/2025 11:40;64
07/02/2025 11:45;120
07/02/2025 11:50;357
07/02/2025 11:55;349
07/02/2025 12:00;220
07/02/2025 12:05;299
07/02/2025 12:10;210
07/02/2025 12:15;186
07/02/2025 12:20;211
07/02/2025 12:25;302
07/02/2025 12:30;222
07/02/2025 12:35;494
07/02/2025 12:40;387
07/02/2025 12:45;349
07/02/2025 12:50;295
07/02/2025 12:55;216
07/02/2025 13:00;222
07/02/2025 13:05;228
07/02/2025 13:10;170
07/02/2025 13:15;256
07/02/2025 13:20;261
07/02/2025 13:25;335
07/02/2025 13:30;215
07/02/2025 13:35;156
07/02/2025 13:40;235
07/02/2025 13:45;159
07/02/2025 13:50;92
07/02/2025 13:55;110
07/02/2025 14:00;69
07/02/2025 14:05;39
07/02/2025 14:10;39
07/02/2025 14:15;39
07/02/2025 14:20;53
07/02/2025 14:25;39
07/02/2025 14:30;54
07/02/2025 14:35;39
07/02/2025 14:40;39
07/02/2025 14:45;39
07/02/2025 14:50;39
07/02/2025 14:55;39
07/02/2025 15:00;39
07/02/2025 15:05;39
07/02/2025 15:10;39
07/02/2025 15:15;39
07/02/2025 15:20;39
07/02/2025 15:25;39
07/02/2025 15:30;39
07/02/2025 15:35;0
07/02/2025 15:40;39
07/02/2025 15:45;39
07/02/2025 15:50;39
07/02/2025 15:55;39
07/02/2025 16:00;39
07/02/2025 16:05;39
07/02/2025 16:10;39
07/02/2025 16:15;39
07/02/2025 16:20;39
07/02/2025 16:25;39
07/02/2025 16:30;39
07/02/2025 16:35;39
07/02/2025 16:40;39
07/02/2025 16:45;39
07/02/2025 16:50;39
07/02/2025 16:55;39
07/02/2025 17:00;39
07/02/2025 17:05;39
07/02/2025 17:10;39
07/02/2025 17:15;39
07/02/2025 17:20;39
07/02/2025 17:25;39
07/02/2025 17:30;39
07/02/2025 17:35;39
07/02/2025 17:40;39
07/02/2025 17:45;39
07/02/2025 17:50;39
07/02/2025 17:55;39
07/02/2025 18:00;39
07/02/2025 18:05;39
07/02/2025 18:10;39
08/02/2025 8:30;0
08/02/2025 8:30;0
08/02/2025 8:31;0
08/02/2025 8:31;0
08/02/2025 8:32;0
08/02/2025 8:35;0
08/02/2025 8:40;0
08/02/2025 8:45;0
08/02/2025 8:50;0
08/02/2025 8:55;0
08/02/2025 9:00;39
08/02/2025 9:05;101
08/02/2025 9:10;95
08/02/2025 9:15;155
08/02/2025 9:20;48
08/02/2025 9:25;44
08/02/2025 9:30;45
08/02/2025 9:35;131
08/02/2025 9:40;68
08/02/2025 9:45;323
08/02/2025 9:50;128
08/02/2025 9:55;357
08/02/2025 10:00;346
08/02/2025 10:05;363
08/02/2025 10:10;161
08/02/2025 10:15;180
08/02/2025 10:20;142
08/02/2025 10:25;169
08/02/2025 10:30;499
08/02/2025 10:35;108
08/02/2025 10:40;694
08/02/2025 10:45;697
08/02/2025 10:50;205
08/02/2025 10:55;256
08/02/2025 11:00;180
08/02/2025 11:05;290
08/02/2025 11:10;203
08/02/2025 11:15;237
08/02/2025 11:20;233
08/02/2025 11:25;201
08/02/2025 11:30;160
08/02/2025 11:35;236
08/02/2025 11:40;472
08/02/2025 11:45;366
08/02/2025 11:50;363
08/02/2025 11:55;736
08/02/2025 12:00;414
08/02/2025 12:05;511
08/02/2025 12:10;303
08/02/2025 12:15;477
08/02/2025 12:20;741
08/02/2025 12:25;750
08/02/2025 12:30;217
08/02/2025 12:35;323
08/02/2025 12:40;768
08/02/2025 12:45;777
08/02/2025 12:50;253
08/02/2025 12:55;780
08/02/2025 13:00;780
08/02/2025 13:05;362
08/02/2025 13:10;383
08/02/2025 13:15;290
08/02/2025 13:20;325
08/02/2025 13:25;533
08/02/2025 13:30;780
08/02/2025 13:35;624
08/02/2025 13:40;327
08/02/2025 13:45;450
08/02/2025 13:50;418
08/02/2025 13:55;475
08/02/2025 14:00;485
08/02/2025 14:05;382
08/02/2025 14:10;407
08/02/2025 14:15;336
08/02/2025 14:20;322
08/02/2025 14:25;495
08/02/2025 14:30;345
08/02/2025 14:35;330
08/02/2025 14:40;479
08/02/2025 14:45;307
08/02/2025 14:50;316
08/02/2025 14:55;249
08/02/2025 15:00;218
08/02/2025 15:05;214
08/02/2025 15:10;257
08/02/2025 15:15;247
08/02/2025 15:20;291
08/02/2025 15:25;269
08/02/2025 15:30;236
08/02/2025 15:35;226
08/02/2025 15:40;230
08/02/2025 15:45;194
08/02/2025 15:50;227
08/02/2025 15:55;341
08/02/2025 16:00;198
08/02/2025 16:05;289
08/02/2025 16:10;162
08/02/2025 16:15;121
08/02/2025 16:20;171
08/02/2025 16:25;196
08/02/2025 16:30;172
08/02/2025 16:35;169
08/02/2025 16:40;164
08/02/2025 16:45;176
08/02/2025 16:50;117
08/02/2025 16:55;102
08/02/2025 17:00;99
08/02/2025 17:05;68
08/02/2025 17:10;41
08/02/2025 17:15;42
08/02/2025 17:20;56
08/02/2025 17:25;59
08/02/2025 17:30;41
08/02/2025 17:35;39
08/02/2025 17:40;39
08/02/2025 17:45;39
08/02/2025 17:50;39
08/02/2025 17:55;39
08/02/2025 18:00;39
08/02/2025 18:05;39
08/02/2025 18:10;39
08/02/2025 18:15;39
08/02/2025 18:20;39
08/02/2025 18:25;39
09/02/2025 8:38;0
09/02/2025 8:38;0
09/02/2025 8:39;0
09/02/2025 8:39;0
09/02/2025 8:40;0
09/02/2025 8:44;0
09/02/2025 8:44;0
09/02/2025 8:45;0
09/02/2025 8:45;0
09/02/2025 8:46;0
09/02/2025 8:50;0
09/02/2025 8:55;0
09/02/2025 9:00;0
09/02/2025 9:05;0
09/02/2025 9:10;0
09/02/2025 9:15;39
09/02/2025 9:20;39
09/02/2025 9:25;39
09/02/2025 9:30;39
09/02/2025 9:35;39
09/02/2025 9:40;39
09/02/2025 9:45;39
09/02/2025 9:50;39
09/02/2025 9:55;39
09/02/2025 10:00;39
09/02/2025 10:05;39
09/02/2025 10:10;39
09/02/2025 10:15;69
09/02/2025 10:20;63
09/02/2025 10:25;81
09/02/2025 10:30;104
09/02/2025 10:35;89
09/02/2025 10:40;72
09/02/2025 10:45;71
09/02/2025 10:50;68
09/02/2025 10:55;90
09/02/2025 11:00;109
09/02/2025 11:05;121
09/02/2025 11:10;108
09/02/2025 11:15;79
09/02/2025 11:20;119
09/02/2025 11:25;125
09/02/2025 11:30;128
09/02/2025 11:35;182
09/02/2025 11:40;213
09/02/2025 11:45;134
09/02/2025 11:50;142
09/02/2025 11:55;161
09/02/2025 12:00;281
09/02/2025 12:05;433
09/02/2025 12:10;282
09/02/2025 12:15;238
09/02/2025 12:20;284
09/02/2025 12:25;305
09/02/2025 12:30;360
09/02/2025 12:35;269
09/02/2025 12:40;289
09/02/2025 12:45;198
09/02/2025 12:50;186
09/02/2025 12:55;178
09/02/2025 13:00;185
09/02/2025 13:05;150
09/02/2025 13:10;149
09/02/2025 13:15;158
09/02/2025 13:20;171
09/02/2025 13:25;257
09/02/2025 13:30;261
09/02/2025 13:35;298
09/02/2025 13:40;246
09/02/2025 13:45;217
09/02/2025 13:50;205
09/02/2025 13:55;189
09/02/2025 14:00;191
09/02/2025 14:05;193
09/02/2025 14:10;180
09/02/2025 14:15;173
09/02/2025 14:20;178
09/02/2025 14:25;182
09/02/2025 14:30;178
09/02/2025 14:35;201
09/02/2025 14:40;223
09/02/2025 14:45;207
09/02/2025 14:50;198
09/02/2025 14:55;435
09/02/2025 15:00;558
09/02/2025 15:05;562
09/02/2025 15:10;542
09/02/2025 15:15;246
09/02/2025 15:20;222
09/02/2025 15:25;195
09/02/2025 15:30;186
09/02/2025 15:35;182
09/02/2025 15:40;170
09/02/2025 15:45;165
09/02/2025 15:50;216
09/02/2025 15:55;184
09/02/2025 16:00;204
09/02/2025 16:05;147
09/02/2025 16:10;114
09/02/2025 16:15;101
09/02/2025 16:20;104
09/02/2025 16:25;112
09/02/2025 16:30;100
09/02/2025 16:35;93
09/02/2025 16:40;82
09/02/2025 16:45;70
09/02/2025 16:50;61
09/02/2025 16:55;60
09/02/2025 17:00;42
09/02/2025 17:05;39
09/02/2025 17:10;39
09/02/2025 17:15;39
09/02/2025 17:20;39
09/02/2025 17:25;39
09/02/2025 17:30;39
09/02/2025 17:35;39
09/02/2025 17:40;39
09/02/2025 17:45;39
09/02/2025 17:50;39
09/02/2025 17:55;39
09/02/2025 18:00;39
09/02/2025 18:05;0
09/02/2025 18:10;0
09/02/2025 18:15;0
09/02/2025 18:20;0
10/02/2025 8:53;0
10/02/2025 8:54;0
10/02/2025 8:54;0
10/02/2025 8:55;0
10/02/2025 8:55;0
10/02/2025 9:00;0
10/02/2025 9:05;0
10/02/2025 9:10;0
10/02/2025 9:15;0
10/02/2025 9:20;39
10/02/2025 9:25;39
10/02/2025 9:30;39
10/02/2025 9:35;39
10/02/2025 9:40;58
10/02/2025 9:45;60
10/02/2025 9:50;77
10/02/2025 9:55;0
10/02/2025 10:00;70
10/02/2025 10:05;86
10/02/2025 10:10;97
10/02/2025 10:15;115
10/02/2025 10:20;75
10/02/2025 10:23;78
10/02/2025 10:23;77
10/02/2025 10:24;76
10/02/2025 10:25;74
10/02/2025 10:30;78
10/02/2025 10:35;87
10/02/2025 10:40;109
10/02/2025 10:45;115
10/02/2025 10:50;135
10/02/2025 10:55;139
10/02/2025 11:00;144
10/02/2025 11:05;163
10/02/2025 11:10;527
10/02/2025 11:15;299
10/02/2025 11:20;237
10/02/2025 11:25;282
10/02/2025 11:30;755
10/02/2025 11:35;673
10/02/2025 11:40;699
10/02/2025 11:45;732
10/02/2025 11:50;660
10/02/2025 11:55;259
10/02/2025 12:00;0
10/02/2025 12:05;244
10/02/2025 12:10;596
10/02/2025 12:15;754
10/02/2025 12:20;671
10/02/2025 12:25;494
10/02/2025 12:30;575
10/02/2025 12:35;466
10/02/2025 12:40;776
10/02/2025 12:45;776
10/02/2025 12:50;770
10/02/2025 12:55;777
10/02/2025 13:00;429
10/02/2025 13:05;443
10/02/2025 13:10;339
10/02/2025 13:15;300
10/02/2025 13:20;250
10/02/2025 13:25;222
10/02/2025 13:30;221
10/02/2025 13:35;241
10/02/2025 13:40;256
10/02/2025 13:45;259
10/02/2025 13:50;260
10/02/2025 13:55;311
10/02/2025 14:00;300
10/02/2025 14:05;268
10/02/2025 14:10;518
10/02/2025 14:15;394
10/02/2025 14:20;184
10/02/2025 14:25;163
10/02/2025 14:30;160
10/02/2025 14:35;157
10/02/2025 14:40;165
10/02/2025 14:45;167
10/02/2025 14:50;167
10/02/2025 14:55;168
10/02/2025 15:00;168
10/02/2025 15:05;180
10/02/2025 15:10;181
10/02/2025 15:15;187
10/02/2025 15:20;175
10/02/2025 15:25;157
10/02/2025 15:30;138
10/02/2025 15:35;132
10/02/2025 15:40;124
10/02/2025 15:45;109
10/02/2025 15:50;108
10/02/2025 15:55;110
10/02/2025 16:00;100
10/02/2025 16:05;98
10/02/2025 16:10;102
10/02/2025 16:15;98
10/02/2025 16:20;85
10/02/2025 16:25;71
10/02/2025 16:30;68
10/02/2025 16:35;62
10/02/2025 16:40;55
10/02/2025 16:45;50
10/02/2025 16:50;46
10/02/2025 16:55;42
10/02/2025 17:00;39
10/02/2025 17:05;39
10/02/2025 17:10;39
10/02/2025 17:15;39
10/02/2025 17:20;39
10/02/2025 17:25;39
10/02/2025 17:30;39
10/02/2025 17:35;39
10/02/2025 17:40;39
10/02/2025 17:45;39
10/02/2025 17:50;39
10/02/2025 17:55;39
10/02/2025 18:00;39
10/02/2025 18:05;39
10/02/2025 18:10;39
10/02/2025 18:15;39
10/02/2025 18:20;39
10/02/2025 18:25;39
10/02/2025 18:30;0
11/02/2025 8:21;0
11/02/2025 8:21;0
11/02/2025 8:22;0
11/02/2025 8:22;0
11/02/2025 8:23;0
11/02/2025 8:25;0
11/02/2025 8:30;0
11/02/2025 8:35;0
11/02/2025 8:40;39
11/02/2025 8:45;39
11/02/2025 8:50;39
11/02/2025 8:55;39
11/02/2025 9:00;39
11/02/2025 9:05;39
11/02/2025 9:10;39
11/02/2025 9:15;125
11/02/2025 9:20;154
11/02/2025 9:25;76
11/02/2025 9:30;41
11/02/2025 9:35;60
11/02/2025 9:40;48
11/02/2025 9:45;80
11/02/2025 9:50;200
11/02/2025 9:55;122
11/02/2025 10:00;155
11/02/2025 10:05;260
11/02/2025 10:10;397
11/02/2025 10:15;486
11/02/2025 10:20;510
11/02/2025 10:25;516
11/02/2025 10:30;518
11/02/2025 10:35;556
11/02/2025 10:40;566
11/02/2025 10:45;578
11/02/2025 10:50;586
11/02/2025 10:55;599
11/02/2025 11:00;606
11/02/2025 11:05;614
11/02/2025 11:10;620
11/02/2025 11:15;630
11/02/2025 11:20;637
11/02/2025 11:25;645
11/02/2025 11:30;648
11/02/2025 11:35;657
11/02/2025 11:40;663
11/02/2025 11:45;670
11/02/2025 11:50;675
11/02/2025 11:55;676
11/02/2025 12:00;679
11/02/2025 12:05;680
11/02/2025 12:10;683
11/02/2025 12:15;687
11/02/2025 12:20;691
11/02/2025 12:25;691
11/02/2025 12:30;694
11/02/2025 12:35;696
11/02/2025 12:40;695
11/02/2025 12:45;701
11/02/2025 12:50;686
11/02/2025 12:55;610
11/02/2025 13:00;642
11/02/2025 13:05;690
11/02/2025 13:10;704
11/02/2025 13:15;707
11/02/2025 13:20;700
11/02/2025 13:25;692
11/02/2025 13:30;689
11/02/2025 13:35;681
11/02/2025 13:40;679
11/02/2025 13:45;674
11/02/2025 13:50;673
11/02/2025 13:55;667
11/02/2025 14:00;672
11/02/2025 14:05;660
11/02/2025 14:10;643
11/02/2025 14:15;617
11/02/2025 14:20;533
11/02/2025 14:25;511
11/02/2025 14:30;571
11/02/2025 14:35;527
11/02/2025 14:40;391
11/02/2025 14:45;220
11/02/2025 14:50;150
11/02/2025 14:55;147
11/02/2025 15:00;195
11/02/2025 15:05;273
11/02/2025 15:10;389
11/02/2025 15:15;603
11/02/2025 15:20;607
11/02/2025 15:25;500
11/02/2025 15:30;416
11/02/2025 15:35;285
11/02/2025 15:40;271
11/02/2025 15:45;266
11/02/2025 15:50;229
11/02/2025 15:55;254
11/02/2025 16:00;181
11/02/2025 16:05;220
11/02/2025 16:10;160
11/02/2025 16:15;141
11/02/2025 16:20;134
11/02/2025 16:25;130
11/02/2025 16:30;111
11/02/2025 16:35;85
11/02/2025 16:40;94
11/02/2025 16:45;111
11/02/2025 16:50;91
11/02/2025 16:55;84
11/02/2025 17:00;75
11/02/2025 17:05;87
11/02/2025 17:10;98
11/02/2025 17:15;134
11/02/2025 17:20;128
11/02/2025 17:25;90
11/02/2025 17:30;72
11/02/2025 17:35;76
11/02/2025 17:40;60
11/02/2025 17:45;39
11/02/2025 17:50;39
11/02/2025 17:55;39
11/02/2025 18:00;39
11/02/2025 18:05;39
11/02/2025 18:10;39
11/02/2025 18:15;39
11/02/2025 18:20;39
11/02/2025 18:25;39
11/02/2025 18:30;0
12/02/2025 9:05;0
12/02/2025 9:06;0
12/02/2025 9:06;0
12/02/2025 9:07;0
12/02/2025 9:07;0
12/02/2025 9:10;0
12/02/2025 9:15;0
12/02/2025 9:20;0
12/02/2025 9:25;39
12/02/2025 9:30;39
12/02/2025 9:35;39
12/02/2025 9:40;39
12/02/2025 9:45;39
12/02/2025 9:50;47
12/02/2025 9:55;61
12/02/2025 10:00;77
12/02/2025 10:05;83
12/02/2025 10:10;84
12/02/2025 10:15;88
12/02/2025 10:20;91
12/02/2025 10:25;99
12/02/2025 10:30;102
12/02/2025 10:35;108
12/02/2025 10:40;102
12/02/2025 10:45;93
12/02/2025 10:50;83
12/02/2025 10:55;91
12/02/2025 11:00;86
12/02/2025 11:05;91
12/02/2025 11:10;103
12/02/2025 11:15;114
12/02/2025 11:20;130
12/02/2025 11:25;156
12/02/2025 11:30;189
12/02/2025 11:35;215
12/02/2025 11:40;263
12/02/2025 11:45;256
12/02/2025 11:50;257
12/02/2025 11:55;265
12/02/2025 12:00;253
12/02/2025 12:05;780
12/02/2025 12:10;780
12/02/2025 12:15;779
12/02/2025 12:20;772
12/02/2025 12:25;680
12/02/2025 12:30;764
12/02/2025 12:35;738
12/02/2025 12:40;729
12/02/2025 12:45;715
12/02/2025 12:50;725
12/02/2025 12:55;731
12/02/2025 13:00;739
12/02/2025 13:05;780
12/02/2025 13:10;654
12/02/2025 13:15;767
12/02/2025 13:20;283
12/02/2025 13:25;780
12/02/2025 13:30;473
12/02/2025 13:35;294
12/02/2025 13:40;297
12/02/2025 13:45;218
12/02/2025 13:50;235
12/02/2025 13:55;249
12/02/2025 14:00;408
12/02/2025 14:05;384
12/02/2025 14:10;305
12/02/2025 14:15;343
12/02/2025 14:20;362
12/02/2025 14:25;537
12/02/2025 14:30;330
12/02/2025 14:35;441
12/02/2025 14:40;344
12/02/2025 14:45;277
12/02/2025 14:50;604
12/02/2025 14:55;332
12/02/2025 15:00;283
12/02/2025 15:05;292
12/02/2025 15:10;332
12/02/2025 15:15;344
12/02/2025 15:20;274
12/02/2025 15:25;285
12/02/2025 15:30;198
12/02/2025 15:35;162
12/02/2025 15:40;157
12/02/2025 15:45;109
12/02/2025 15:50;217
12/02/2025 15:55;194
12/02/2025 16:00;114
12/02/2025 16:05;105
12/02/2025 16:10;95
12/02/2025 16:15;85
12/02/2025 16:20;78
12/02/2025 16:25;110
12/02/2025 16:30;68
12/02/2025 16:35;81
12/02/2025 16:40;122
12/02/2025 16:45;99
12/02/2025 16:50;116
12/02/2025 16:55;96
12/02/2025 17:00;83
12/02/2025 17:05;54
12/02/2025 17:10;39
12/02/2025 17:15;39
12/02/2025 17:20;39
12/02/2025 17:25;39
12/02/2025 17:30;39
12/02/2025 17:35;39
12/02/2025 17:40;39
12/02/2025 17:45;39
12/02/2025 17:50;39
12/02/2025 17:55;39
12/02/2025 18:00;0
13/02/2025 8:25;0
13/02/2025 8:25;0
13/02/2025 8:26;0
13/02/2025 8:26;0
13/02/2025 8:27;0
13/02/2025 8:30;0
13/02/2025 8:35;0
13/02/2025 8:40;0
13/02/2025 8:45;0
13/02/2025 8:50;39
13/02/2025 8:55;39
13/02/2025 9:00;39
13/02/2025 9:05;39
13/02/2025 9:10;39
13/02/2025 9:15;39
13/02/2025 9:20;39
13/02/2025 9:25;39
13/02/2025 9:30;39
13/02/2025 9:35;39
13/02/2025 9:40;39
13/02/2025 9:45;39
13/02/2025 9:50;39
13/02/2025 9:55;39
13/02/2025 10:00;45
13/02/2025 10:05;70
13/02/2025 10:10;74
13/02/2025 10:15;49
13/02/2025 10:20;39
13/02/2025 10:25;52
13/02/2025 10:30;52
13/02/2025 10:35;60
13/02/2025 10:40;71
13/02/2025 10:45;72
13/02/2025 10:50;75
13/02/2025 10:55;60
13/02/2025 11:00;73
13/02/2025 11:05;120
13/02/2025 11:10;99
13/02/2025 11:15;102
13/02/2025 11:20;82
13/02/2025 11:25;72
13/02/2025 11:30;89
13/02/2025 11:35;87
13/02/2025 11:40;94
13/02/2025 11:45;103
13/02/2025 11:50;101
13/02/2025 11:55;95
13/02/2025 12:00;108
13/02/2025 12:05;131
13/02/2025 12:10;121
13/02/2025 12:15;133
13/02/2025 12:20;122
13/02/2025 12:25;101
13/02/2025 12:30;118
13/02/2025 12:35;118
13/02/2025 12:40;108
13/02/2025 12:45;90
13/02/2025 12:50;85
13/02/2025 12:55;92
13/02/2025 13:00;90
13/02/2025 13:05;75
13/02/2025 13:10;99
13/02/2025 13:15;85
13/02/2025 13:20;101
13/02/2025 13:25;107
13/02/2025 13:30;99
13/02/2025 13:35;109
13/02/2025 13:40;139
13/02/2025 13:45;132
13/02/2025 13:50;143
13/02/2025 13:55;199
13/02/2025 14:00;220
13/02/2025 14:05;168
13/02/2025 14:10;153
13/02/2025 14:15;195
13/02/2025 14:20;194
13/02/2025 14:25;174
13/02/2025 14:30;166
13/02/2025 14:35;156
13/02/2025 14:40;138
13/02/2025 14:45;144
13/02/2025 14:50;133
13/02/2025 14:55;117
13/02/2025 15:00;188
13/02/2025 15:05;181
13/02/2025 15:10;121
13/02/2025 15:15;122
13/02/2025 15:20;102
13/02/2025 15:25;71
13/02/2025 15:30;64
13/02/2025 15:35;58
13/02/2025 15:40;67
13/02/2025 15:45;71
13/02/2025 15:50;71
13/02/2025 15:55;83
13/02/2025 16:00;78
13/02/2025 16:05;89
13/02/2025 16:10;92
13/02/2025 16:15;94
13/02/2025 16:20;101
13/02/2025 16:25;105
13/02/2025 16:30;104
13/02/2025 16:35;99
13/02/2025 16:40;100
13/02/2025 16:45;104
13/02/2025 16:50;91
13/02/2025 16:55;67
13/02/2025 17:00;63
13/02/2025 17:05;61
13/02/2025 17:10;52
13/02/2025 17:15;40
13/02/2025 17:20;39
13/02/2025 17:25;39
13/02/2025 17:30;39
13/02/2025 17:35;39
13/02/2025 17:40;39
13/02/2025 17:45;39
13/02/2025 17:50;39
13/02/2025 17:55;39
13/02/2025 18:00;0
13/02/2025 18:05;0
14/02/2025 8:27;0
14/02/2025 8:28;0
14/02/2025 8:28;0
14/02/2025 8:29;0
14/02/2025 8:29;0
14/02/2025 8:30;0
14/02/2025 8:35;0
14/02/2025 8:40;0
14/02/2025 8:45;39
14/02/2025 8:50;39
14/02/2025 8:55;39
14/02/2025 9:00;39
14/02/2025 9:05;83
14/02/2025 9:10;56
14/02/2025 9:15;152
14/02/2025 9:20;141
14/02/2025 9:25;151
14/02/2025 9:30;334
14/02/2025 9:35;357
14/02/2025 9:40;373
14/02/2025 9:45;385
14/02/2025 9:50;413
14/02/2025 9:55;434
14/02/2025 10:00;449
14/02/2025 10:05;468
14/02/2025 10:10;482
14/02/2025 10:15;497
14/02/2025 10:20;503
14/02/2025 10:25;507
14/02/2025 10:30;529
14/02/2025 10:35;545
14/02/2025 10:40;550
14/02/2025 10:45;543
14/02/2025 10:50;555
14/02/2025 10:55;573
14/02/2025 11:00;579
14/02/2025 11:05;607
14/02/2025 11:10;580
14/02/2025 11:15;550
14/02/2025 11:20;550
14/02/2025 11:25;627
14/02/2025 11:30;574
14/02/2025 11:35;512
14/02/2025 11:40;530
14/02/2025 11:45;598
14/02/2025 11:50;588
14/02/2025 11:55;542
14/02/2025 12:00;582
14/02/2025 12:05;599
14/02/2025 12:10;612
14/02/2025 12:15;554
14/02/2025 12:20;570
14/02/2025 12:25;532
14/02/2025 12:30;581
14/02/2025 12:35;593
14/02/2025 12:40;562
14/02/2025 12:45;554
14/02/2025 12:50;564
14/02/2025 12:55;596
14/02/2025 13:00;652
14/02/2025 13:05;623
14/02/2025 13:10;639
14/02/2025 13:15;642
14/02/2025 13:20;663
14/02/2025 13:25;657
14/02/2025 13:30;644
14/02/2025 13:35;630
14/02/2025 13:40;635
14/02/2025 13:45;621
14/02/2025 13:50;644
14/02/2025 13:55;633
14/02/2025 14:00;638
14/02/2025 14:05;646
14/02/2025 14:10;654
14/02/2025 14:15;631
14/02/2025 14:20;613
14/02/2025 14:25;612
14/02/2025 14:30;612
14/02/2025 14:35;575
14/02/2025 14:40;522
14/02/2025 14:45;533
14/02/2025 14:50;565
14/02/2025 14:55;579
14/02/2025 15:00;526
14/02/2025 15:05;551
14/02/2025 15:10;518
14/02/2025 15:15;463
14/02/2025 15:20;499
14/02/2025 15:25;494
14/02/2025 15:30;472
14/02/2025 15:35;380
14/02/2025 15:40;330
14/02/2025 15:45;316
14/02/2025 15:50;295
14/02/2025 15:55;276
14/02/2025 16:00;252
14/02/2025 16:05;247
14/02/2025 16:10;244
14/02/2025 16:15;163
14/02/2025 16:20;105
14/02/2025 16:25;86
14/02/2025 16:30;72
14/02/2025 16:35;79
14/02/2025 16:40;82
14/02/2025 16:45;88
14/02/2025 16:50;96
14/02/2025 16:55;113
14/02/2025 17:00;110
14/02/2025 17:05;106
14/02/2025 17:10;101
14/02/2025 17:15;91
14/02/2025 17:20;83
14/02/2025 17:25;76
14/02/2025 17:30;65
14/02/2025 17:35;51
14/02/2025 17:40;39
14/02/2025 17:45;39
14/02/2025 17:50;39
14/02/2025 17:55;39
14/02/2025 18:00;39
14/02/2025 18:05;39
14/02/2025 18:10;39
14/02/2025 18:15;39
14/02/2025 18:20;39
14/02/2025 18:25;39
14/02/2025 18:30;39
14/02/2025 18:35;0
15/02/2025 8:19;0
15/02/2025 8:19;0
15/02/2025 8:20;0
15/02/2025 8:20;0
15/02/2025 8:21;0
15/02/2025 8:25;0
15/02/2025 8:30;0
15/02/2025 8:35;39
15/02/2025 8:40;39
15/02/2025 8:45;39
15/02/2025 8:50;39
15/02/2025 8:55;39
15/02/2025 9:00;44
15/02/2025 9:05;60
15/02/2025 9:10;69
15/02/2025 9:15;72
15/02/2025 9:20;92
15/02/2025 9:25;126
15/02/2025 9:30;152
15/02/2025 9:35;159
15/02/2025 9:40;165
15/02/2025 9:45;196
15/02/2025 9:50;316
15/02/2025 9:55;227
15/02/2025 10:00;338
15/02/2025 10:05;456
15/02/2025 10:10;532
15/02/2025 10:15;472
15/02/2025 10:20;575
15/02/2025 10:25;601
15/02/2025 10:30;459
15/02/2025 10:35;618
15/02/2025 10:40;568
15/02/2025 10:45;284
15/02/2025 10:50;617
15/02/2025 10:55;624
15/02/2025 11:00;625
15/02/2025 11:05;654
15/02/2025 11:10;330
15/02/2025 11:15;702
15/02/2025 11:20;585
15/02/2025 11:25;219
15/02/2025 11:30;453
15/02/2025 11:35;402
15/02/2025 11:40;326
15/02/2025 11:45;561
15/02/2025 11:50;696
15/02/2025 11:55;705
15/02/2025 12:00;682
15/02/2025 12:05;665
15/02/2025 12:10;650
15/02/2025 12:15;620
15/02/2025 12:20;627
15/02/2025 12:25;655
15/02/2025 12:30;695
15/02/2025 12:35;279
15/02/2025 12:40;558
15/02/2025 12:45;705
15/02/2025 12:50;693
15/02/2025 12:55;596
15/02/2025 13:00;570
15/02/2025 13:05;362
15/02/2025 13:10;467
15/02/2025 13:15;525
15/02/2025 13:20;665
15/02/2025 13:25;594
15/02/2025 13:30;609
15/02/2025 13:35;607
15/02/2025 13:40;609
15/02/2025 13:45;562
15/02/2025 13:50;575
15/02/2025 13:55;587
15/02/2025 14:00;418
15/02/2025 14:05;436
15/02/2025 14:10;567
15/02/2025 14:15;555
15/02/2025 14:20;601
15/02/2025 14:25;577
15/02/2025 14:30;520
15/02/2025 14:35;558
15/02/2025 14:40;498
15/02/2025 14:45;387
15/02/2025 14:50;320
15/02/2025 14:55;246
15/02/2025 15:00;311
15/02/2025 15:05;450
15/02/2025 15:10;375
15/02/2025 15:15;443
15/02/2025 15:20;332
15/02/2025 15:25;364
15/02/2025 15:30;451
15/02/2025 15:35;235
15/02/2025 15:40;188
15/02/2025 15:45;238
15/02/2025 15:50;240
15/02/2025 15:55;169
15/02/2025 16:00;159
15/02/2025 16:05;155
15/02/2025 16:10;119
15/02/2025 16:15;101
15/02/2025 16:20;98
15/02/2025 16:25;105
15/02/2025 16:30;106
15/02/2025 16:35;99
15/02/2025 16:40;89
15/02/2025 16:45;78
15/02/2025 16:50;72
15/02/2025 16:55;69
15/02/2025 17:00;71
15/02/2025 17:05;75
15/02/2025 17:10;73
15/02/2025 17:15;63
15/02/2025 17:20;53
15/02/2025 17:25;48
15/02/2025 17:30;47
15/02/2025 17:35;48
15/02/2025 17:40;45
15/02/2025 17:45;39
15/02/2025 17:50;39
15/02/2025 17:55;39
15/02/2025 18:00;39
15/02/2025 18:05;39
15/02/2025 18:10;39
15/02/2025 18:15;39
15/02/2025 18:20;39
15/02/2025 18:25;39
15/02/2025 18:30;39
15/02/2025 18:35;39
16/02/2025 8:13;0
16/02/2025 8:14;0
16/02/2025 8:14;0
16/02/2025 8:15;0
16/02/2025 8:15;0
16/02/2025 8:20;0
16/02/2025 8:25;0
16/02/2025 8:30;39
16/02/2025 8:35;39
16/02/2025 8:40;39
16/02/2025 8:45;39
16/02/2025 8:50;68
16/02/2025 8:55;85
16/02/2025 9:00;122
16/02/2025 9:05;82
16/02/2025 9:10;57
16/02/2025 9:15;154
16/02/2025 9:20;133
16/02/2025 9:25;108
16/02/2025 9:30;82
16/02/2025 9:35;431
16/02/2025 9:40;397
16/02/2025 9:45;441
16/02/2025 9:50;467
16/02/2025 9:55;472
16/02/2025 10:00;479
16/02/2025 10:05;513
16/02/2025 10:10;528
16/02/2025 10:15;548
16/02/2025 10:20;547
16/02/2025 10:25;600
16/02/2025 10:30;536
16/02/2025 10:35;483
16/02/2025 10:40;463
16/02/2025 10:45;416
16/02/2025 10:50;420
16/02/2025 10:55;372
16/02/2025 11:00;312
16/02/2025 11:05;462
16/02/2025 11:10;471
16/02/2025 11:15;379
16/02/2025 11:20;389
16/02/2025 11:25;372
16/02/2025 11:30;340
16/02/2025 11:35;303
16/02/2025 11:40;334
16/02/2025 11:45;390
16/02/2025 11:50;402
16/02/2025 11:55;398
16/02/2025 12:00;416
16/02/2025 12:05;396
16/02/2025 12:10;379
16/02/2025 12:15;330
16/02/2025 12:20;408
16/02/2025 12:25;542
16/02/2025 12:30;460
16/02/2025 12:35;435
16/02/2025 12:40;382
16/02/2025 12:45;441
16/02/2025 12:50;348
16/02/2025 12:55;457
16/02/2025 13:00;734
16/02/2025 13:05;665
16/02/2025 13:10;710
16/02/2025 13:15;732
16/02/2025 13:20;675
16/02/2025 13:25;648
16/02/2025 13:30;692
16/02/2025 13:35;294
16/02/2025 13:40;674
16/02/2025 13:45;711
16/02/2025 13:50;718
16/02/2025 13:55;507
16/02/2025 14:00;447
16/02/2025 14:05;647
16/02/2025 14:10;628
16/02/2025 14:15;667
16/02/2025 14:20;714
16/02/2025 14:25;236
16/02/2025 14:30;242
16/02/2025 14:35;208
16/02/2025 14:40;180
16/02/2025 14:45;253
16/02/2025 14:50;318
16/02/2025 14:55;264
16/02/2025 15:00;230
16/02/2025 15:05;215
16/02/2025 15:10;223
16/02/2025 15:15;230
16/02/2025 15:20;235
16/02/2025 15:25;256
16/02/2025 15:30;224
16/02/2025 15:35;207
16/02/2025 15:40;191
16/02/2025 15:45;161
16/02/2025 15:50;152
16/02/2025 15:55;147
16/02/2025 16:00;142
16/02/2025 16:05;133
16/02/2025 16:10;97
16/02/2025 16:15;60
16/02/2025 16:20;72
16/02/2025 16:25;98
16/02/2025 16:30;73
16/02/2025 16:35;55
16/02/2025 16:40;56
16/02/2025 16:45;45
16/02/2025 16:50;39
16/02/2025 16:55;48
16/02/2025 17:00;58
16/02/2025 17:05;54
16/02/2025 17:10;54
16/02/2025 17:15;56
16/02/2025 17:20;52
16/02/2025 17:25;44
16/02/2025 17:30;43
16/02/2025 17:35;39
16/02/2025 17:40;39
16/02/2025 17:45;39
16/02/2025 17:50;39
16/02/2025 17:55;39
16/02/2025 18:00;39
16/02/2025 18:05;39
16/02/2025 18:10;39
16/02/2025 18:15;39
16/02/2025 18:20;0
16/02/2025 18:25;0
16/02/2025 18:30;0
17/02/2025 8:20;0
17/02/2025 8:20;0
17/02/2025 8:21;0
17/02/2025 8:21;0
17/02/2025 8:22;0
17/02/2025 8:25;0
17/02/2025 8:30;0
17/02/2025 8:35;0
17/02/2025 8:40;0
17/02/2025 8:45;0
17/02/2025 8:50;39
17/02/2025 8:55;39
17/02/2025 9:00;39
17/02/2025 9:05;49
17/02/2025 9:10;94
17/02/2025 9:15;212
17/02/2025 9:20;269
17/02/2025 9:25;300
17/02/2025 9:30;373
17/02/2025 9:35;386
17/02/2025 9:40;404
17/02/2025 9:45;420
17/02/2025 9:50;437
17/02/2025 9:55;451
17/02/2025 10:00;466
17/02/2025 10:05;487
17/02/2025 10:10;507
17/02/2025 10:15;522
17/02/2025 10:20;534
17/02/2025 10:25;548
17/02/2025 10:30;520
17/02/2025 10:35;555
17/02/2025 10:40;580
17/02/2025 10:45;534
17/02/2025 10:50;564
17/02/2025 10:55;606
17/02/2025 11:00;584
17/02/2025 11:05;569
17/02/2025 11:10;594
17/02/2025 11:15;585
17/02/2025 11:20;592
17/02/2025 11:25;606
17/02/2025 11:30;650
17/02/2025 11:35;658
17/02/2025 11:40;666
17/02/2025 11:45;644
17/02/2025 11:50;674
17/02/2025 11:55;617
17/02/2025 12:00;673
17/02/2025 12:05;668
17/02/2025 12:10;673
17/02/2025 12:15;173
17/02/2025 12:20;561
17/02/2025 12:25;721
17/02/2025 12:30;728
17/02/2025 12:35;726
17/02/2025 12:40;700
17/02/2025 12:45;678
17/02/2025 12:50;626
17/02/2025 12:55;674
17/02/2025 13:00;644
17/02/2025 13:05;653
17/02/2025 13:10;660
17/02/2025 13:15;685
17/02/2025 13:20;671
17/02/2025 13:25;688
17/02/2025 13:30;614
17/02/2025 13:35;559
17/02/2025 13:40;620
17/02/2025 13:45;674
17/02/2025 13:50;635
17/02/2025 13:55;635
17/02/2025 14:00;633
17/02/2025 14:05;614
17/02/2025 14:10;607
17/02/2025 14:15;605
17/02/2025 14:20;620
17/02/2025 14:25;524
17/02/2025 14:30;546
17/02/2025 14:35;555
17/02/2025 14:40;573
17/02/2025 14:45;581
17/02/2025 14:50;579
17/02/2025 14:55;533
17/02/2025 15:00;527
17/02/2025 15:05;556
17/02/2025 15:10;496
17/02/2025 15:15;502
17/02/2025 15:20;470
17/02/2025 15:25;458
17/02/2025 15:30;426
17/02/2025 15:35;448
17/02/2025 15:40;330
17/02/2025 15:45;288
17/02/2025 15:50;278
17/02/2025 15:55;259
17/02/2025 16:00;264
17/02/2025 16:05;288
17/02/2025 16:10;267
17/02/2025 16:15;247
17/02/2025 16:20;191
17/02/2025 16:25;100
17/02/2025 16:30;93
17/02/2025 16:35;71
17/02/2025 16:40;102
17/02/2025 16:45;106
17/02/2025 16:50;101
17/02/2025 16:55;104
17/02/2025 17:00;104
17/02/2025 17:05;92
17/02/2025 17:10;79
17/02/2025 17:15;82
17/02/2025 17:20;77
17/02/2025 17:25;62
17/02/2025 17:30;56
17/02/2025 17:35;49
17/02/2025 17:40;43
17/02/2025 17:45;43
17/02/2025 17:50;39
17/02/2025 17:55;39
17/02/2025 18:00;39
17/02/2025 18:05;39
17/02/2025 18:10;39
17/02/2025 18:15;39
17/02/2025 18:20;39
17/02/2025 18:25;39
17/02/2025 18:30;39
17/02/2025 18:35;39
18/02/2025 8:16;0
18/02/2025 8:17;0
18/02/2025 8:17;0
18/02/2025 8:18;0
18/02/2025 8:18;0
18/02/2025 8:20;0
18/02/2025 8:25;0
18/02/2025 8:30;0
18/02/2025 8:35;0
18/02/2025 8:40;39
18/02/2025 8:45;39
18/02/2025 8:50;39
18/02/2025 8:55;39
18/02/2025 9:00;39
18/02/2025 9:05;39
18/02/2025 9:10;61
18/02/2025 9:15;73
18/02/2025 9:20;120
18/02/2025 9:25;119
18/02/2025 9:30;117
18/02/2025 9:35;138
18/02/2025 9:40;203
18/02/2025 9:45;190
18/02/2025 9:50;292
18/02/2025 9:55;316
18/02/2025 10:00;244
18/02/2025 10:05;236
18/02/2025 10:10;252
18/02/2025 10:15;328
18/02/2025 10:20;353
18/02/2025 10:25;425
18/02/2025 10:30;476
18/02/2025 10:35;536
18/02/2025 10:40;393
18/02/2025 10:45;199
18/02/2025 10:50;163
18/02/2025 10:55;136
18/02/2025 11:00;191
18/02/2025 11:05;275
18/02/2025 11:10;477
18/02/2025 11:15;611
18/02/2025 11:20;577
18/02/2025 11:25;586
18/02/2025 11:30;557
18/02/2025 11:35;509
18/02/2025 11:40;510
18/02/2025 11:45;645
18/02/2025 11:50;662
18/02/2025 11:55;674
18/02/2025 12:00;696
18/02/2025 12:05;574
18/02/2025 12:10;601
18/02/2025 12:15;537
18/02/2025 12:20;340
18/02/2025 12:25;635
18/02/2025 12:30;709
18/02/2025 12:35;622
18/02/2025 12:40;347
18/02/2025 12:45;132
18/02/2025 12:50;403
18/02/2025 12:55;759
18/02/2025 13:00;336
18/02/2025 13:05;309
18/02/2025 13:10;749
18/02/2025 13:15;692
18/02/2025 13:20;724
18/02/2025 13:25;713
18/02/2025 13:30;707
18/02/2025 13:35;699
18/02/2025 13:40;699
18/02/2025 13:45;682
18/02/2025 13:50;687
18/02/2025 13:55;661
18/02/2025 14:00;633
18/02/2025 14:05;555
18/02/2025 14:10;552
18/02/2025 14:15;558
18/02/2025 14:20;622
18/02/2025 14:25;360
18/02/2025 14:30;533
18/02/2025 14:35;546
18/02/2025 14:40;510
18/02/2025 14:45;516
18/02/2025 14:50;571
18/02/2025 14:55;553
18/02/2025 15:00;475
18/02/2025 15:05;368
18/02/2025 15:10;221
18/02/2025 15:15;313
18/02/2025 15:20;413
18/02/2025 15:25;382
18/02/2025 15:30;262
18/02/2025 15:35;256
18/02/2025 15:40;292
18/02/2025 15:45;281
18/02/2025 15:50;238
18/02/2025 15:55;175
18/02/2025 16:00;173
18/02/2025 16:05;177
18/02/2025 16:10;189
18/02/2025 16:15;198
18/02/2025 16:20;193
18/02/2025 16:25;153
18/02/2025 16:30;133
18/02/2025 16:35;101
18/02/2025 16:40;82
18/02/2025 16:45;70
18/02/2025 16:50;60
18/02/2025 16:55;56
18/02/2025 17:00;55
18/02/2025 17:05;56
18/02/2025 17:10;53
18/02/2025 17:15;45
18/02/2025 17:20;39
18/02/2025 17:25;39
18/02/2025 17:30;39
18/02/2025 17:35;39
18/02/2025 17:40;39
18/02/2025 17:45;39
18/02/2025 17:50;39
18/02/2025 17:55;39
18/02/2025 18:00;39
18/02/2025 18:05;39
18/02/2025 18:10;39
18/02/2025 18:15;39
18/02/2025 18:20;39
18/02/2025 18:25;39
18/02/2025 18:30;39
18/02/2025 18:35;39
19/02/2025 8:16;0
19/02/2025 8:16;0
19/02/2025 8:17;0
19/02/2025 8:17;0
19/02/2025 8:18;0
19/02/2025 8:20;0
19/02/2025 8:25;0
19/02/2025 8:30;0
19/02/2025 8:35;0
19/02/2025 8:40;39
19/02/2025 8:45;42
19/02/2025 8:50;59
19/02/2025 8:55;71
19/02/2025 9:00;101
19/02/2025 9:05;114
19/02/2025 9:10;74
19/02/2025 9:15;165
19/02/2025 9:20;302
19/02/2025 9:25;320
19/02/2025 9:30;328
19/02/2025 9:35;345
19/02/2025 9:40;357
19/02/2025 9:45;373
19/02/2025 9:50;389
19/02/2025 9:55;399
19/02/2025 10:00;403
19/02/2025 10:05;408
19/02/2025 10:10;442
19/02/2025 10:15;453
19/02/2025 10:20;457
19/02/2025 10:25;503
19/02/2025 10:30;522
19/02/2025 10:35;529
19/02/2025 10:40;535
19/02/2025 10:45;541
19/02/2025 10:50;519
19/02/2025 10:55;544
19/02/2025 11:00;545
19/02/2025 11:05;555
19/02/2025 11:10;570
19/02/2025 11:15;588
19/02/2025 11:20;586
19/02/2025 11:25;599
19/02/2025 11:30;612
19/02/2025 11:35;584
19/02/2025 11:40;628
19/02/2025 11:45;649
19/02/2025 11:50;602
19/02/2025 11:55;653
19/02/2025 12:00;664
19/02/2025 12:05;645
19/02/2025 12:10;644
19/02/2025 12:15;638
19/02/2025 12:20;663
19/02/2025 12:25;662
19/02/2025 12:30;654
19/02/2025 12:35;671
19/02/2025 12:40;665
19/02/2025 12:45;663
19/02/2025 12:50;664
19/02/2025 12:55;674
19/02/2025 13:00;680
19/02/2025 13:05;678
19/02/2025 13:10;673
19/02/2025 13:15;676
19/02/2025 13:20;676
19/02/2025 13:25;658
19/02/2025 13:30;663
19/02/2025 13:35;667
19/02/2025 13:40;652
19/02/2025 13:45;651
19/02/2025 13:50;677
19/02/2025 13:55;654
19/02/2025 14:00;646
19/02/2025 14:05;600
19/02/2025 14:10;648
19/02/2025 14:15;643
19/02/2025 14:20;631
19/02/2025 14:25;627
19/02/2025 14:30;603
19/02/2025 14:35;603
19/02/2025 14:40;583
19/02/2025 14:45;568
19/02/2025 14:50;538
19/02/2025 14:55;539
19/02/2025 15:00;549
19/02/2025 15:05;532
19/02/2025 15:10;513
19/02/2025 15:15;519
19/02/2025 15:20;502
19/02/2025 15:25;472
19/02/2025 15:30;473
19/02/2025 15:35;459
19/02/2025 15:40;433
19/02/2025 15:45;323
19/02/2025 15:50;307
19/02/2025 15:55;267
19/02/2025 16:00;254
19/02/2025 16:05;242
19/02/2025 16:10;241
19/02/2025 16:15;194
19/02/2025 16:20;129
19/02/2025 16:25;111
19/02/2025 16:30;149
19/02/2025 16:35;171
19/02/2025 16:40;162
19/02/2025 16:45;152
19/02/2025 16:50;121
19/02/2025 16:55;137
19/02/2025 17:00;162
19/02/2025 17:05;127
19/02/2025 17:10;68
19/02/2025 17:15;93
19/02/2025 17:20;101
19/02/2025 17:25;82
19/02/2025 17:30;98
19/02/2025 17:35;60
19/02/2025 17:40;62
19/02/2025 17:45;55
19/02/2025 17:50;53
19/02/2025 17:55;43
19/02/2025 18:00;39
19/02/2025 18:05;39
19/02/2025 18:10;39
19/02/2025 18:15;39
19/02/2025 18:20;39
19/02/2025 18:25;39
19/02/2025 18:30;39
19/02/2025 18:35;39
19/02/2025 18:40;39
20/02/2025 8:12;0
20/02/2025 8:13;0
20/02/2025 8:13;0
20/02/2025 8:14;0
20/02/2025 8:14;0
20/02/2025 8:15;0
20/02/2025 8:20;0
20/02/2025 8:25;0
20/02/2025 8:30;39
20/02/2025 8:35;39
20/02/2025 8:40;39
20/02/2025 8:45;43
20/02/2025 8:50;67
20/02/2025 8:55;97
20/02/2025 9:00;131
20/02/2025 9:05;114
20/02/2025 9:10;112
20/02/2025 9:15;235
20/02/2025 9:20;267
20/02/2025 9:25;293
20/02/2025 9:30;309
20/02/2025 9:35;312
20/02/2025 9:40;279
20/02/2025 9:45;305
20/02/2025 9:50;320
20/02/2025 9:55;340
20/02/2025 10:00;406
20/02/2025 10:05;407
20/02/2025 10:10;438
20/02/2025 10:15;490
20/02/2025 10:20;522
20/02/2025 10:25;502
20/02/2025 10:30;530
20/02/2025 10:35;570
20/02/2025 10:40;517
20/02/2025 10:45;563
20/02/2025 10:50;486
20/02/2025 10:55;535
20/02/2025 11:00;546
20/02/2025 11:05;478
20/02/2025 11:10;503
20/02/2025 11:15;530
20/02/2025 11:20;554
20/02/2025 11:25;607
20/02/2025 11:30;572
20/02/2025 11:35;563
20/02/2025 11:40;488
20/02/2025 11:45;437
20/02/2025 11:50;511
20/02/2025 11:55;624
20/02/2025 12:00;638
20/02/2025 12:05;672
20/02/2025 12:10;660
20/02/2025 12:15;687
20/02/2025 12:20;285
20/02/2025 12:25;337
20/02/2025 12:30;628
20/02/2025 12:35;640
20/02/2025 12:40;675
20/02/2025 12:45;696
20/02/2025 12:50;686
20/02/2025 12:55;640
20/02/2025 13:00;651
20/02/2025 13:05;676
20/02/2025 13:10;674
20/02/2025 13:15;650
20/02/2025 13:20;672
20/02/2025 13:25;649
20/02/2025 13:30;682
20/02/2025 13:35;680
20/02/2025 13:40;684
20/02/2025 13:45;666
20/02/2025 13:50;648
20/02/2025 13:55;632
20/02/2025 14:00;619
20/02/2025 14:05;627
20/02/2025 14:10;623
20/02/2025 14:15;604
20/02/2025 14:20;612
20/02/2025 14:25;619
20/02/2025 14:30;566
20/02/2025 14:35;222
20/02/2025 14:40;426
20/02/2025 14:45;616
20/02/2025 14:50;598
20/02/2025 14:55;548
20/02/2025 15:00;497
20/02/2025 15:05;511
20/02/2025 15:10;418
20/02/2025 15:15;526
20/02/2025 15:20;508
20/02/2025 15:25;401
20/02/2025 15:30;513
20/02/2025 15:35;181
20/02/2025 15:40;130
20/02/2025 15:45;124
20/02/2025 15:50;128
20/02/2025 15:55;102
20/02/2025 16:00;69
20/02/2025 16:05;62
20/02/2025 16:10;68
20/02/2025 16:15;75
20/02/2025 16:20;75
20/02/2025 16:25;73
20/02/2025 16:30;74
20/02/2025 16:35;71
20/02/2025 16:40;70
20/02/2025 16:45;70
20/02/2025 16:50;65
20/02/2025 16:55;59
20/02/2025 17:00;64
20/02/2025 17:05;77
20/02/2025 17:10;130
20/02/2025 17:15;115
20/02/2025 17:20;113
20/02/2025 17:25;88
20/02/2025 17:30;64
20/02/2025 17:35;74
20/02/2025 17:40;46
20/02/2025 17:45;39
20/02/2025 17:50;39
20/02/2025 17:55;39
20/02/2025 18:00;39
20/02/2025 18:05;39
20/02/2025 18:10;39
20/02/2025 18:15;39
20/02/2025 18:20;39
20/02/2025 18:25;39
20/02/2025 18:30;39
20/02/2025 18:35;39
20/02/2025 18:40;39
20/02/2025 18:45;39
21/02/2025 8:14;0
21/02/2025 8:15;0
21/02/2025 8:15;0
21/02/2025 8:16;0
21/02/2025 8:16;0
21/02/2025 8:20;0
21/02/2025 8:25;0
21/02/2025 8:30;0
21/02/2025 8:35;39
21/02/2025 8:40;39
21/02/2025 8:45;39
21/02/2025 8:50;49
21/02/2025 8:55;59
21/02/2025 9:00;47
21/02/2025 9:05;42
21/02/2025 9:10;39
21/02/2025 9:15;39
21/02/2025 9:20;39
21/02/2025 9:25;39
21/02/2025 9:30;39
21/02/2025 9:35;39
21/02/2025 9:40;39
21/02/2025 9:45;40
21/02/2025 9:50;40
21/02/2025 9:55;39
21/02/2025 10:00;39
21/02/2025 10:05;39
21/02/2025 10:10;39
21/02/2025 10:15;39
21/02/2025 10:20;39
21/02/2025 10:25;39
21/02/2025 10:30;39
21/02/2025 10:35;39
21/02/2025 10:40;0
21/02/2025 10:45;0
21/02/2025 10:50;0
21/02/2025 10:55;0
21/02/2025 11:00;0
21/02/2025 11:05;0
21/02/2025 11:10;0
21/02/2025 11:15;0
21/02/2025 11:20;0
21/02/2025 11:25;0
21/02/2025 11:30;0
21/02/2025 11:35;39
21/02/2025 11:40;39
21/02/2025 11:45;39
21/02/2025 11:50;39
21/02/2025 11:55;39
21/02/2025 12:00;39
21/02/2025 12:05;39
21/02/2025 12:10;39
21/02/2025 12:15;39
21/02/2025 12:20;39
21/02/2025 12:25;39
21/02/2025 12:30;39
21/02/2025 12:35;39
21/02/2025 12:40;39
21/02/2025 12:45;39
21/02/2025 12:50;39
21/02/2025 12:55;39
21/02/2025 13:00;39
21/02/2025 13:05;39
21/02/2025 13:10;39
21/02/2025 13:15;39
21/02/2025 13:20;39
21/02/2025 13:25;39
21/02/2025 13:30;39
21/02/2025 13:35;39
21/02/2025 13:40;46
21/02/2025 13:45;63
21/02/2025 13:50;82
21/02/2025 13:55;120
21/02/2025 14:00;389
21/02/2025 14:05;580
21/02/2025 14:10;407
21/02/2025 14:15;306
21/02/2025 14:20;338
21/02/2025 14:25;407
21/02/2025 14:30;457
21/02/2025 14:35;609
21/02/2025 14:40;486
21/02/2025 14:45;510
21/02/2025 14:50;531
21/02/2025 14:55;506
21/02/2025 15:00;472
21/02/2025 15:05;506
21/02/2025 15:10;241
21/02/2025 15:15;227
21/02/2025 15:20;225
21/02/2025 15:25;214
21/02/2025 15:30;222
21/02/2025 15:35;202
21/02/2025 15:40;186
21/02/2025 15:45;162
21/02/2025 15:50;141
21/02/2025 15:55;113
21/02/2025 16:00;95
21/02/2025 16:05;80
21/02/2025 16:10;84
21/02/2025 16:15;82
21/02/2025 16:20;71
21/02/2025 16:25;66
21/02/2025 16:30;59
21/02/2025 16:35;56
21/02/2025 16:40;48
21/02/2025 16:45;42
21/02/2025 16:50;39
21/02/2025 16:55;39
21/02/2025 17:00;39
21/02/2025 17:05;39
21/02/2025 17:10;39
21/02/2025 17:15;39
21/02/2025 17:20;39
21/02/2025 17:25;39
21/02/2025 17:30;39
21/02/2025 17:35;39
21/02/2025 17:40;39
21/02/2025 17:45;39
21/02/2025 17:50;39
21/02/2025 17:55;39
21/02/2025 18:00;39
21/02/2025 18:05;39
21/02/2025 18:10;39
21/02/2025 18:15;39
21/02/2025 18:20;39
22/02/2025 8:14;0
22/02/2025 8:14;0
22/02/2025 8:15;0
22/02/2025 8:15;0
22/02/2025 8:16;0
22/02/2025 8:20;0
22/02/2025 8:25;0
22/02/2025 8:30;0
22/02/2025 8:35;39
22/02/2025 8:40;39
22/02/2025 8:45;74
22/02/2025 8:50;84
22/02/2025 8:55;118
22/02/2025 9:00;158
22/02/2025 9:05;192
22/02/2025 9:10;247
22/02/2025 9:15;378
22/02/2025 9:20;371
22/02/2025 9:25;367
22/02/2025 9:30;313
22/02/2025 9:35;467
22/02/2025 9:40;512
22/02/2025 9:45;484
22/02/2025 9:50;234
22/02/2025 9:55;162
22/02/2025 10:00;151
22/02/2025 10:05;143
22/02/2025 10:10;160
22/02/2025 10:15;152
22/02/2025 10:20;161
22/02/2025 10:25;154
22/02/2025 10:30;161
22/02/2025 10:35;165
22/02/2025 10:40;157
22/02/2025 10:45;154
22/02/2025 10:50;160
22/02/2025 10:55;177
22/02/2025 11:00;191
22/02/2025 11:05;237
22/02/2025 11:10;348
22/02/2025 11:15;299
22/02/2025 11:20;276
22/02/2025 11:25;283
22/02/2025 11:30;423
22/02/2025 11:35;438
22/02/2025 11:40;404
22/02/2025 11:45;780
22/02/2025 11:50;753
22/02/2025 11:55;729
22/02/2025 12:00;704
22/02/2025 12:05;701
22/02/2025 12:10;704
22/02/2025 12:15;713
22/02/2025 12:20;715
22/02/2025 12:25;716
22/02/2025 12:30;735
22/02/2025 12:35;729
22/02/2025 12:40;722
22/02/2025 12:45;746
22/02/2025 12:50;780
22/02/2025 12:55;0
22/02/2025 13:00;729
22/02/2025 13:05;748
22/02/2025 13:10;732
22/02/2025 13:15;709
22/02/2025 13:20;686
22/02/2025 13:25;714
22/02/2025 13:30;703
22/02/2025 13:35;693
22/02/2025 13:40;690
22/02/2025 13:45;692
22/02/2025 13:50;686
22/02/2025 13:55;685
22/02/2025 14:00;679
22/02/2025 14:05;674
22/02/2025 14:10;667
22/02/2025 14:15;659
22/02/2025 14:20;652
22/02/2025 14:25;643
22/02/2025 14:30;641
22/02/2025 14:35;626
22/02/2025 14:40;618
22/02/2025 14:45;608
22/02/2025 14:50;601
22/02/2025 14:55;590
22/02/2025 15:00;580
22/02/2025 15:05;573
22/02/2025 15:10;556
22/02/2025 15:15;552
22/02/2025 15:20;539
22/02/2025 15:25;527
22/02/2025 15:30;515
22/02/2025 15:35;503
22/02/2025 15:40;489
22/02/2025 15:45;445
22/02/2025 15:50;327
22/02/2025 15:55;293
22/02/2025 16:00;279
22/02/2025 16:05;275
22/02/2025 16:10;258
22/02/2025 16:15;246
22/02/2025 16:20;234
22/02/2025 16:25;131
22/02/2025 16:30;57
22/02/2025 16:35;76
22/02/2025 16:40;72
22/02/2025 16:45;95
22/02/2025 16:50;94
22/02/2025 16:55;95
22/02/2025 17:00;95
22/02/2025 17:05;98
22/02/2025 17:10;93
22/02/2025 17:15;95
22/02/2025 17:20;94
22/02/2025 17:25;91
22/02/2025 17:30;46
22/02/2025 17:35;60
22/02/2025 17:40;76
22/02/2025 17:45;39
22/02/2025 17:50;39
22/02/2025 17:55;39
22/02/2025 18:00;39
22/02/2025 18:05;39
22/02/2025 18:10;39
22/02/2025 18:15;39
22/02/2025 18:20;39
22/02/2025 18:25;39
22/02/2025 18:30;39
22/02/2025 18:35;0
23/02/2025 8:05;0
23/02/2025 8:06;0
23/02/2025 8:06;0
23/02/2025 8:07;0
23/02/2025 8:07;0
23/02/2025 8:10;0
23/02/2025 8:15;0
23/02/2025 8:20;0
23/02/2025 8:25;0
23/02/2025 8:30;0
23/02/2025 8:35;39
23/02/2025 8:40;72
23/02/2025 8:45;65
23/02/2025 8:50;39
23/02/2025 8:55;100
23/02/2025 9:00;123
23/02/2025 9:05;147
23/02/2025 9:10;331
23/02/2025 9:15;358
23/02/2025 9:20;376
23/02/2025 9:25;397
23/02/2025 9:30;415
23/02/2025 9:35;432
23/02/2025 9:40;448
23/02/2025 9:45;461
23/02/2025 9:50;478
23/02/2025 9:55;494
23/02/2025 10:00;508
23/02/2025 10:05;526
23/02/2025 10:10;516
23/02/2025 10:15;550
23/02/2025 10:20;560
23/02/2025 10:25;573
23/02/2025 10:30;571
23/02/2025 10:35;599
23/02/2025 10:40;612
23/02/2025 10:45;621
23/02/2025 10:50;632
23/02/2025 10:55;641
23/02/2025 11:00;638
23/02/2025 11:05;641
23/02/2025 11:10;661
23/02/2025 11:15;651
23/02/2025 11:20;664
23/02/2025 11:25;670
23/02/2025 11:30;676
23/02/2025 11:35;681
23/02/2025 11:40;678
23/02/2025 11:45;682
23/02/2025 11:50;689
23/02/2025 11:55;693
23/02/2025 12:00;697
23/02/2025 12:05;700
23/02/2025 12:10;703
23/02/2025 12:15;708
23/02/2025 12:20;700
23/02/2025 12:25;550
23/02/2025 12:30;672
23/02/2025 12:35;633
23/02/2025 12:40;655
23/02/2025 12:45;733
23/02/2025 12:50;674
23/02/2025 12:55;681
23/02/2025 13:00;729
23/02/2025 13:05;754
23/02/2025 13:10;756
23/02/2025 13:15;610
23/02/2025 13:20;661
23/02/2025 13:25;712
23/02/2025 13:30;719
23/02/2025 13:35;703
23/02/2025 13:40;706
23/02/2025 13:45;578
23/02/2025 13:50;688
23/02/2025 13:55;733
23/02/2025 14:00;624
23/02/2025 14:05;711
23/02/2025 14:10;708
23/02/2025 14:15;647
23/02/2025 14:20;571
23/02/2025 14:25;618
23/02/2025 14:30;612
23/02/2025 14:35;351
23/02/2025 14:40;335
23/02/2025 14:45;464
23/02/2025 14:50;555
23/02/2025 14:55;476
23/02/2025 15:00;555
23/02/2025 15:05;508
23/02/2025 15:10;503
23/02/2025 15:15;331
23/02/2025 15:20;329
23/02/2025 15:25;345
23/02/2025 15:30;425
23/02/2025 15:35;453
23/02/2025 15:40;454
23/02/2025 15:45;470
23/02/2025 15:50;367
23/02/2025 15:55;237
23/02/2025 16:00;267
23/02/2025 16:05;245
23/02/2025 16:10;251
23/02/2025 16:15;269
23/02/2025 16:20;278
23/02/2025 16:25;201
23/02/2025 16:30;175
23/02/2025 16:35;169
23/02/2025 16:40;172
23/02/2025 16:45;139
23/02/2025 16:50;137
23/02/2025 16:55;146
23/02/2025 17:00;143
23/02/2025 17:05;134
23/02/2025 17:10;108
23/02/2025 17:15;99
23/02/2025 17:20;71
23/02/2025 17:25;60
23/02/2025 17:30;62
23/02/2025 17:35;57
23/02/2025 17:40;47
23/02/2025 17:45;39
23/02/2025 17:50;39
23/02/2025 17:55;41
23/02/2025 18:00;39
23/02/2025 18:05;39
23/02/2025 18:10;39
23/02/2025 18:15;39
23/02/2025 18:20;39
23/02/2025 18:25;39
23/02/2025 18:30;39
23/02/2025 18:35;39
23/02/2025 18:40;39
23/02/2025 18:45;39
24/02/2025 8:11;0
24/02/2025 8:11;0
24/02/2025 8:12;0
24/02/2025 8:12;0
24/02/2025 8:13;0
24/02/2025 8:15;0
24/02/2025 8:20;0
24/02/2025 8:25;0
24/02/2025 8:30;0
24/02/2025 8:35;39
24/02/2025 8:40;39
24/02/2025 8:45;39
24/02/2025 8:50;39
24/02/2025 8:55;44
24/02/2025 9:00;63
24/02/2025 9:05;90
24/02/2025 9:10;91
24/02/2025 9:15;97
24/02/2025 9:20;129
24/02/2025 9:25;144
24/02/2025 9:30;129
24/02/2025 9:35;137
24/02/2025 9:40;141
24/02/2025 9:45;141
24/02/2025 9:50;101
24/02/2025 9:55;94
24/02/2025 10:00;97
24/02/2025 10:05;106
24/02/2025 10:10;95
24/02/2025 10:15;84
24/02/2025 10:20;91
24/02/2025 10:25;105
24/02/2025 10:30;112
24/02/2025 10:35;125
24/02/2025 10:40;134
24/02/2025 10:45;134
24/02/2025 10:50;121
24/02/2025 10:55;111
24/02/2025 11:00;127
24/02/2025 11:05;218
24/02/2025 11:10;315
24/02/2025 11:15;270
24/02/2025 11:20;230
24/02/2025 11:25;222
24/02/2025 11:30;211
24/02/2025 11:35;210
24/02/2025 11:40;230
24/02/2025 11:45;369
24/02/2025 11:50;347
24/02/2025 11:55;285
24/02/2025 12:00;444
24/02/2025 12:05;341
24/02/2025 12:10;306
24/02/2025 12:15;344
24/02/2025 12:20;294
24/02/2025 12:25;281
24/02/2025 12:30;257
24/02/2025 12:35;256
24/02/2025 12:40;332
24/02/2025 12:45;347
24/02/2025 12:50;331
24/02/2025 12:55;309
24/02/2025 13:00;236
24/02/2025 13:05;259
24/02/2025 13:10;220
24/02/2025 13:15;242
24/02/2025 13:20;208
24/02/2025 13:25;168
24/02/2025 13:30;146
24/02/2025 13:35;159
24/02/2025 13:40;135
24/02/2025 13:45;131
24/02/2025 13:50;130
24/02/2025 13:55;156
24/02/2025 14:00;163
24/02/2025 14:05;179
24/02/2025 14:10;198
24/02/2025 14:15;173
24/02/2025 14:20;198
24/02/2025 14:25;253
24/02/2025 14:30;390
24/02/2025 14:35;385
24/02/2025 14:40;302
24/02/2025 14:45;249
24/02/2025 14:50;257
24/02/2025 14:55;218
24/02/2025 15:00;188
24/02/2025 15:05;269
24/02/2025 15:10;112
24/02/2025 15:15;90
24/02/2025 15:20;154
24/02/2025 15:25;146
24/02/2025 15:30;153
24/02/2025 15:35;152
24/02/2025 15:40;126
24/02/2025 15:45;133
24/02/2025 15:50;85
24/02/2025 15:55;98
24/02/2025 16:00;92
24/02/2025 16:05;149
24/02/2025 16:10;174
24/02/2025 16:15;90
24/02/2025 16:20;67
24/02/2025 16:25;46
24/02/2025 16:30;39
24/02/2025 16:35;39
24/02/2025 16:40;39
24/02/2025 16:45;39
24/02/2025 16:50;39
24/02/2025 16:55;39
24/02/2025 17:00;39
24/02/2025 17:05;39
24/02/2025 17:10;39
24/02/2025 17:15;39
24/02/2025 17:20;39
24/02/2025 17:25;39
24/02/2025 17:30;39
24/02/2025 17:35;39
24/02/2025 17:40;39
24/02/2025 17:45;39
24/02/2025 17:50;39
24/02/2025 17:55;39
24/02/2025 18:00;39
24/02/2025 18:05;39
24/02/2025 18:10;0
24/02/2025 18:15;0
24/02/2025 18:20;0
24/02/2025 18:25;0
24/02/2025 18:30;39
24/02/2025 18:35;39
24/02/2025 18:40;39
25/02/2025 8:07;0
25/02/2025 8:08;0
25/02/2025 8:08;0
25/02/2025 8:09;0
25/02/2025 8:09;0
25/02/2025 8:10;0
25/02/2025 8:13;0
25/02/2025 8:13;0
25/02/2025 8:14;0
25/02/2025 8:14;0
25/02/2025 8:15;0
25/02/2025 8:20;0
25/02/2025 8:25;0
25/02/2025 8:30;0
25/02/2025 8:35;39
25/02/2025 8:40;39
25/02/2025 8:45;39
25/02/2025 8:50;39
25/02/2025 8:55;39
25/02/2025 9:00;41
25/02/2025 9:05;43
25/02/2025 9:10;46
25/02/2025 9:15;57
25/02/2025 9:20;57
25/02/2025 9:25;65
25/02/2025 9:30;70
25/02/2025 9:35;77
25/02/2025 9:40;77
25/02/2025 9:45;76
25/02/2025 9:50;79
25/02/2025 9:55;90
25/02/2025 10:00;62
25/02/2025 10:05;79
25/02/2025 10:10;104
25/02/2025 10:15;102
25/02/2025 10:20;77
25/02/2025 10:25;39
25/02/2025 10:30;39
25/02/2025 10:35;39
25/02/2025 10:40;39
25/02/2025 10:45;77
25/02/2025 10:50;124
25/02/2025 10:55;139
25/02/2025 11:00;160
25/02/2025 11:05;221
25/02/2025 11:10;151
25/02/2025 11:15;186
25/02/2025 11:20;236
25/02/2025 11:25;148
25/02/2025 11:30;170
25/02/2025 11:35;275
25/02/2025 11:40;284
25/02/2025 11:45;266
25/02/2025 11:50;302
25/02/2025 11:55;208
25/02/2025 12:00;39
25/02/2025 12:05;39
25/02/2025 12:10;39
25/02/2025 12:15;39
25/02/2025 12:20;39
25/02/2025 12:25;90
25/02/2025 12:30;233
25/02/2025 12:35;290
25/02/2025 12:40;260
25/02/2025 12:45;309
25/02/2025 12:50;266
25/02/2025 12:55;288
25/02/2025 13:00;289
25/02/2025 13:05;276
25/02/2025 13:10;256
25/02/2025 13:15;216
25/02/2025 13:20;208
25/02/2025 13:25;229
25/02/2025 13:30;221
25/02/2025 13:35;186
25/02/2025 13:40;204
25/02/2025 13:45;222
25/02/2025 13:50;235
25/02/2025 13:55;249
25/02/2025 14:00;268
25/02/2025 14:05;279
25/02/2025 14:10;280
25/02/2025 14:15;279
25/02/2025 14:20;204
25/02/2025 14:25;227
25/02/2025 14:30;79
25/02/2025 14:35;39
25/02/2025 14:40;49
25/02/2025 14:45;39
25/02/2025 14:50;39
25/02/2025 14:55;39
25/02/2025 15:00;65
25/02/2025 15:05;270
25/02/2025 15:10;300
25/02/2025 15:15;234
25/02/2025 15:20;150
25/02/2025 15:25;108
25/02/2025 15:30;43
25/02/2025 15:35;39
25/02/2025 15:40;83
25/02/2025 15:45;124
25/02/2025 15:50;172
25/02/2025 15:55;156
25/02/2025 16:00;123
25/02/2025 16:05;112
25/02/2025 16:10;106
25/02/2025 16:15;75
25/02/2025 16:20;70
25/02/2025 16:25;77
25/02/2025 16:30;54
25/02/2025 16:35;47
25/02/2025 16:40;126
25/02/2025 16:45;106
25/02/2025 16:50;39
25/02/2025 16:55;39
25/02/2025 17:00;39
25/02/2025 17:05;39
25/02/2025 17:10;39
25/02/2025 17:15;39
25/02/2025 17:20;39
25/02/2025 17:25;39
25/02/2025 17:30;51
25/02/2025 17:35;41
25/02/2025 17:40;39
25/02/2025 17:45;39
25/02/2025 17:50;75
25/02/2025 17:55;60
25/02/2025 18:00;46
25/02/2025 18:05;39
25/02/2025 18:10;39
25/02/2025 18:15;39
25/02/2025 18:20;39
25/02/2025 18:25;39
25/02/2025 18:30;0
25/02/2025 18:37;0
25/02/2025 18:37;0
25/02/2025 18:38;0
25/02/2025 18:38;0
25/02/2025 18:39;0
25/02/2025 18:40;0
25/02/2025 18:45;0
25/02/2025 18:50;0
25/02/2025 18:55;0
26/02/2025 7:51;0
26/02/2025 7:51;0
26/02/2025 7:52;0
26/02/2025 7:52;0
26/02/2025 7:53;0
26/02/2025 7:55;0
26/02/2025 8:00;0
26/02/2025 8:05;0
26/02/2025 8:10;0
26/02/2025 8:15;39
26/02/2025 8:20;39
26/02/2025 8:25;39
26/02/2025 8:30;39
26/02/2025 8:35;62
26/02/2025 8:40;63
26/02/2025 8:45;76
26/02/2025 8:50;69
26/02/2025 8:55;84
26/02/2025 9:00;162
26/02/2025 9:05;221
26/02/2025 9:10;280
26/02/2025 9:15;299
26/02/2025 9:20;363
26/02/2025 9:25;392
26/02/2025 9:30;435
26/02/2025 9:35;425
26/02/2025 9:40;444
26/02/2025 9:45;457
26/02/2025 9:50;469
26/02/2025 9:55;468
26/02/2025 10:00;532
26/02/2025 10:05;484
26/02/2025 10:10;561
26/02/2025 10:15;523
26/02/2025 10:20;516
26/02/2025 10:25;590
26/02/2025 10:30;598
26/02/2025 10:35;616
26/02/2025 10:40;522
26/02/2025 10:45;648
26/02/2025 10:50;647
26/02/2025 10:55;656
26/02/2025 11:00;660
26/02/2025 11:05;636
26/02/2025 11:10;682
26/02/2025 11:15;691
26/02/2025 11:20;687
26/02/2025 11:25;693
26/02/2025 11:30;699
26/02/2025 11:35;711
26/02/2025 11:40;709
26/02/2025 11:45;705
26/02/2025 11:50;711
26/02/2025 11:55;713
26/02/2025 12:00;721
26/02/2025 12:05;716
26/02/2025 12:10;723
26/02/2025 12:15;728
26/02/2025 12:20;726
26/02/2025 12:25;729
26/02/2025 12:30;726
26/02/2025 12:35;728
26/02/2025 12:40;719
26/02/2025 12:45;717
26/02/2025 12:50;695
26/02/2025 12:55;728
26/02/2025 13:00;743
26/02/2025 13:05;732
26/02/2025 13:10;717
26/02/2025 13:15;707
26/02/2025 13:20;719
26/02/2025 13:25;660
26/02/2025 13:30;702
26/02/2025 13:35;692
26/02/2025 13:40;685
26/02/2025 13:45;715
26/02/2025 13:50;710
26/02/2025 13:55;684
26/02/2025 14:00;689
26/02/2025 14:05;693
26/02/2025 14:10;682
26/02/2025 14:15;685
26/02/2025 14:20;678
26/02/2025 14:25;669
26/02/2025 14:30;650
26/02/2025 14:35;657
26/02/2025 14:40;634
26/02/2025 14:45;638
26/02/2025 14:50;615
26/02/2025 14:55;604
26/02/2025 15:00;609
26/02/2025 15:05;586
26/02/2025 15:10;581
26/02/2025 15:15;551
26/02/2025 15:20;533
26/02/2025 15:25;539
26/02/2025 15:30;536
26/02/2025 15:35;538
26/02/2025 15:40;497
26/02/2025 15:45;504
26/02/2025 15:50;426
26/02/2025 15:55;311
26/02/2025 16:00;308
26/02/2025 16:05;276
26/02/2025 16:10;268
26/02/2025 16:15;254
26/02/2025 16:20;241
26/02/2025 16:25;159
26/02/2025 16:30;102
26/02/2025 16:35;166
26/02/2025 16:40;88
26/02/2025 16:45;97
26/02/2025 16:50;94
26/02/2025 16:55;91
26/02/2025 17:00;87
26/02/2025 17:05;97
26/02/2025 17:10;83
26/02/2025 17:15;73
26/02/2025 17:20;79
26/02/2025 17:25;78
26/02/2025 17:30;76
26/02/2025 17:35;70
26/02/2025 17:40;61
26/02/2025 17:45;56
26/02/2025 17:50;44
26/02/2025 17:55;39
26/02/2025 18:00;39
26/02/2025 18:05;39
26/02/2025 18:10;39
26/02/2025 18:15;39
26/02/2025 18:20;39
26/02/2025 18:25;39
26/02/2025 18:30;39
26/02/2025 18:35;39
26/02/2025 18:40;39
26/02/2025 18:45;0
26/02/2025 18:50;0
27/02/2025 8:06;0
27/02/2025 8:07;0
27/02/2025 8:07;0
27/02/2025 8:08;0
27/02/2025 8:08;0
27/02/2025 8:10;0
27/02/2025 8:15;0
27/02/2025 8:20;0
27/02/2025 8:25;39
27/02/2025 8:30;39
27/02/2025 8:35;39
27/02/2025 8:40;39
27/02/2025 8:45;39
27/02/2025 8:50;39
27/02/2025 8:55;39
27/02/2025 9:00;39
27/02/2025 9:05;39
27/02/2025 9:10;45
27/02/2025 9:15;50
27/02/2025 9:20;62
27/02/2025 9:25;67
27/02/2025 9:30;67
27/02/2025 9:35;60
27/02/2025 9:40;50
27/02/2025 9:45;46
27/02/2025 9:50;45
27/02/2025 9:55;47
27/02/2025 10:00;56
27/02/2025 10:05;69
27/02/2025 10:10;83
27/02/2025 10:15;93
27/02/2025 10:20;99
27/02/2025 10:25;102
27/02/2025 10:30;109
27/02/2025 10:35;124
27/02/2025 10:40;152
27/02/2025 10:45;210
27/02/2025 10:50;221
27/02/2025 10:55;233
27/02/2025 11:00;219
27/02/2025 11:05;209
27/02/2025 11:10;203
27/02/2025 11:15;219
27/02/2025 11:20;269
27/02/2025 11:25;247
27/02/2025 11:30;253
27/02/2025 11:35;275
27/02/2025 11:40;290
27/02/2025 11:45;332
27/02/2025 11:50;366
27/02/2025 11:55;339
27/02/2025 12:00;281
27/02/2025 12:05;266
27/02/2025 12:10;288
27/02/2025 12:15;321
27/02/2025 12:20;384
27/02/2025 12:25;448
27/02/2025 12:30;478
27/02/2025 12:35;459
27/02/2025 12:40;384
27/02/2025 12:45;452
27/02/2025 12:50;343
27/02/2025 12:55;264
27/02/2025 13:00;218
27/02/2025 13:05;213
27/02/2025 13:10;230
27/02/2025 13:15;249
27/02/2025 13:20;257
27/02/2025 13:25;271
27/02/2025 13:30;298
27/02/2025 13:35;381
27/02/2025 13:40;447
27/02/2025 13:45;484
27/02/2025 13:50;562
27/02/2025 13:55;551
27/02/2025 14:00;528
27/02/2025 14:05;515
27/02/2025 14:10;562
27/02/2025 14:15;463
27/02/2025 14:20;390
27/02/2025 14:25;585
27/02/2025 14:30;475
27/02/2025 14:35;414
27/02/2025 14:40;351
27/02/2025 14:45;383
27/02/2025 14:50;493
27/02/2025 14:55;282
27/02/2025 15:00;262
27/02/2025 15:05;242
27/02/2025 15:10;266
27/02/2025 15:15;247
27/02/2025 15:20;226
27/02/2025 15:25;220
27/02/2025 15:30;201
27/02/2025 15:35;186
27/02/2025 15:40;161
27/02/2025 15:45;157
27/02/2025 15:50;140
27/02/2025 15:55;129
27/02/2025 16:00;127
27/02/2025 16:05;125
27/02/2025 16:10;128
27/02/2025 16:15;132
27/02/2025 16:20;146
27/02/2025 16:25;143
27/02/2025 16:30;129
27/02/2025 16:35;111
27/02/2025 16:40;99
27/02/2025 16:45;90
27/02/2025 16:50;84
27/02/2025 16:55;79
27/02/2025 17:00;70
27/02/2025 17:05;64
27/02/2025 17:10;68
27/02/2025 17:15;52
27/02/2025 17:20;46
27/02/2025 17:25;40
27/02/2025 17:30;39
27/02/2025 17:35;39
27/02/2025 17:40;39
27/02/2025 17:45;39
27/02/2025 17:50;39
27/02/2025 17:55;39
27/02/2025 18:00;39
27/02/2025 18:05;39
27/02/2025 18:10;39
27/02/2025 18:15;39
27/02/2025 18:20;39
27/02/2025 18:25;39
27/02/2025 18:30;39
27/02/2025 18:35;39
28/02/2025 8:09;0
28/02/2025 8:09;0
28/02/2025 8:10;0
28/02/2025 8:12;0
28/02/2025 8:13;0
28/02/2025 8:13;0
28/02/2025 8:14;0
28/02/2025 8:14;0
28/02/2025 8:15;0
28/02/2025 8:20;0
28/02/2025 8:25;0
28/02/2025 8:30;0
28/02/2025 8:35;0
28/02/2025 8:40;39
28/02/2025 8:45;39
28/02/2025 8:50;39
28/02/2025 8:55;39
28/02/2025 9:00;39
28/02/2025 9:05;39
28/02/2025 9:10;39
28/02/2025 9:15;39
28/02/2025 9:20;39
28/02/2025 9:25;39
28/02/2025 9:30;39
28/02/2025 9:35;39
28/02/2025 9:40;39
28/02/2025 9:45;39
28/02/2025 9:50;39
28/02/2025 9:55;72
28/02/2025 10:00;66
28/02/2025 10:05;70
28/02/2025 10:10;77
28/02/2025 10:15;70
28/02/2025 10:20;92
28/02/2025 10:25;127
28/02/2025 10:30;166
28/02/2025 10:35;190
28/02/2025 10:40;163
28/02/2025 10:45;170
28/02/2025 10:50;237
28/02/2025 10:55;283
28/02/2025 11:00;264
28/02/2025 11:05;252
28/02/2025 11:10;279
28/02/2025 11:15;615
28/02/2025 11:20;300
28/02/2025 11:25;254
28/02/2025 11:30;325
28/02/2025 11:35;258
28/02/2025 11:40;341
28/02/2025 11:45;400
28/02/2025 11:50;381
28/02/2025 11:55;440
28/02/2025 12:00;615
28/02/2025 12:05;436
28/02/2025 12:10;780
28/02/2025 12:15;364
28/02/2025 12:20;768
28/02/2025 12:25;644
28/02/2025 12:30;175
28/02/2025 12:35;295
28/02/2025 12:40;537
28/02/2025 12:45;415
28/02/2025 12:50;779
28/02/2025 12:55;311
28/02/2025 13:00;459
28/02/2025 13:05;270
28/02/2025 13:10;627
28/02/2025 13:15;452
28/02/2025 13:20;773
28/02/2025 13:25;750
28/02/2025 13:30;335
28/02/2025 13:35;418
28/02/2025 13:40;305
28/02/2025 13:45;309
28/02/2025 13:50;623
28/02/2025 13:55;255
28/02/2025 14:00;368
28/02/2025 14:05;302
28/02/2025 14:10;294
28/02/2025 14:15;330
28/02/2025 14:20;297
28/02/2025 14:25;348
28/02/2025 14:30;299
28/02/2025 14:35;280
28/02/2025 14:40;256
28/02/2025 14:45;255
28/02/2025 14:50;252
28/02/2025 14:55;310
28/02/2025 15:00;246
28/02/2025 15:05;775
28/02/2025 15:10;308
28/02/2025 15:15;707
28/02/2025 15:20;599
28/02/2025 15:25;587
28/02/2025 15:30;575
28/02/2025 15:35;543
28/02/2025 15:40;521
28/02/2025 15:45;511
28/02/2025 15:50;471
28/02/2025 15:55;395
28/02/2025 16:00;307
28/02/2025 16:05;295
28/02/2025 16:10;282
28/02/2025 16:15;234
28/02/2025 16:20;274
28/02/2025 16:25;232
28/02/2025 16:30;196
28/02/2025 16:35;203
28/02/2025 16:40;124
28/02/2025 16:45;120
28/02/2025 16:50;115
28/02/2025 16:55;115
28/02/2025 17:00;112
28/02/2025 17:05;108
28/02/2025 17:10;102
28/02/2025 17:15;103
28/02/2025 17:20;93
28/02/2025 17:25;88
28/02/2025 17:30;84
28/02/2025 17:35;79
28/02/2025 17:40;70
28/02/2025 17:45;65
28/02/2025 17:50;58
28/02/2025 17:55;49
28/02/2025 18:00;40
28/02/2025 18:05;39
28/02/2025 18:10;39
28/02/2025 18:15;39
28/02/2025 18:20;39
28/02/2025 18:25;39
28/02/2025 18:30;39
28/02/2025 18:35;39
28/02/2025 18:40;39
28/02/2025 18:45;39
28/02/2025 18:50;0
01/03/2025 8:03;0
01/03/2025 8:04;0
01/03/2025 8:04;0
01/03/2025 8:05;0
01/03/2025 8:05;0
01/03/2025 8:10;0
01/03/2025 8:15;0
01/03/2025 8:20;39
01/03/2025 8:25;39
01/03/2025 8:30;39
01/03/2025 8:35;75
01/03/2025 8:40;41
01/03/2025 8:45;54
01/03/2025 8:50;67
01/03/2025 8:55;71
01/03/2025 9:00;69
01/03/2025 9:05;63
01/03/2025 9:10;58
01/03/2025 9:15;96
01/03/2025 9:20;138
01/03/2025 9:25;236
01/03/2025 9:30;144
01/03/2025 9:35;64
01/03/2025 9:40;39
01/03/2025 9:45;51
01/03/2025 9:50;95
01/03/2025 9:55;88
01/03/2025 10:00;81
01/03/2025 10:05;80
01/03/2025 10:10;101
01/03/2025 10:15;91
01/03/2025 10:20;123
01/03/2025 10:25;160
01/03/2025 10:30;730
01/03/2025 10:35;466
01/03/2025 10:40;742
01/03/2025 10:45;772
01/03/2025 10:50;778
01/03/2025 10:55;465
01/03/2025 11:00;175
01/03/2025 11:05;175
01/03/2025 11:10;161
01/03/2025 11:15;178
01/03/2025 11:20;775
01/03/2025 11:25;769
01/03/2025 11:30;257
01/03/2025 11:35;190
01/03/2025 11:40;231
01/03/2025 11:45;776
01/03/2025 11:50;776
01/03/2025 11:55;173
01/03/2025 12:00;187
01/03/2025 12:05;99
01/03/2025 12:10;178
01/03/2025 12:15;238
01/03/2025 12:20;254
01/03/2025 12:25;198
01/03/2025 12:30;117
01/03/2025 12:35;101
01/03/2025 12:40;102
01/03/2025 12:45;99
01/03/2025 12:50;87
01/03/2025 12:55;77
01/03/2025 13:00;101
01/03/2025 13:05;170
01/03/2025 13:10;175
01/03/2025 13:15;163
01/03/2025 13:20;171
01/03/2025 13:25;780
01/03/2025 13:30;449
01/03/2025 13:35;780
01/03/2025 13:40;372
01/03/2025 13:45;358
01/03/2025 13:50;312
01/03/2025 13:55;780
01/03/2025 14:00;213
01/03/2025 14:05;170
01/03/2025 14:10;200
01/03/2025 14:15;178
01/03/2025 14:20;246
01/03/2025 14:25;769
01/03/2025 14:30;147
01/03/2025 14:35;174
01/03/2025 14:40;349
01/03/2025 14:45;619
01/03/2025 14:50;694
01/03/2025 14:55;302
01/03/2025 15:00;717
01/03/2025 15:05;696
01/03/2025 15:10;710
01/03/2025 15:15;450
01/03/2025 15:20;167
01/03/2025 15:25;117
01/03/2025 15:30;111
01/03/2025 15:35;85
01/03/2025 15:40;79
01/03/2025 15:45;98
01/03/2025 15:50;121
01/03/2025 15:55;81
01/03/2025 16:00;328
01/03/2025 16:05;315
01/03/2025 16:10;236
01/03/2025 16:15;378
01/03/2025 16:20;106
01/03/2025 16:25;89
01/03/2025 16:30;103
01/03/2025 16:35;183
01/03/2025 16:40;215
01/03/2025 16:45;73
01/03/2025 16:50;123
01/03/2025 16:55;107
01/03/2025 17:00;88
01/03/2025 17:05;142
01/03/2025 17:10;50
01/03/2025 17:15;48
01/03/2025 17:20;68
01/03/2025 17:25;85
01/03/2025 17:30;131
01/03/2025 17:35;108
01/03/2025 17:40;102
01/03/2025 17:45;95
01/03/2025 17:50;56
01/03/2025 17:55;43
01/03/2025 18:00;41
01/03/2025 18:05;39
01/03/2025 18:10;39
01/03/2025 18:15;39
01/03/2025 18:20;39
01/03/2025 18:25;39
01/03/2025 18:30;39
02/03/2025 8:12;0
02/03/2025 8:12;0
02/03/2025 8:13;0
02/03/2025 8:13;0
02/03/2025 8:14;0
02/03/2025 8:15;0
02/03/2025 8:20;0
02/03/2025 8:25;0
02/03/2025 8:30;39
02/03/2025 8:35;39
02/03/2025 8:40;39
02/03/2025 8:45;39
02/03/2025 8:50;48
02/03/2025 8:55;66
02/03/2025 9:00;68
02/03/2025 9:05;49
02/03/2025 9:10;39
02/03/2025 9:15;39
02/03/2025 9:20;39
02/03/2025 9:25;39
02/03/2025 9:30;39
02/03/2025 9:35;39
02/03/2025 9:40;39
02/03/2025 9:45;39
02/03/2025 9:50;52
02/03/2025 9:55;103
02/03/2025 10:00;549
02/03/2025 10:05;285
02/03/2025 10:10;604
02/03/2025 10:15;589
02/03/2025 10:20;583
02/03/2025 10:25;598
02/03/2025 10:30;624
02/03/2025 10:35;581
02/03/2025 10:40;600
02/03/2025 10:45;637
02/03/2025 10:50;628
02/03/2025 10:55;650
02/03/2025 11:00;656
02/03/2025 11:05;664
02/03/2025 11:10;671
02/03/2025 11:15;653
02/03/2025 11:20;678
02/03/2025 11:25;696
02/03/2025 11:30;705
02/03/2025 11:35;710
02/03/2025 11:40;719
02/03/2025 11:45;716
02/03/2025 11:50;719
02/03/2025 11:55;733
02/03/2025 12:00;734
02/03/2025 12:05;744
02/03/2025 12:10;747
02/03/2025 12:15;750
02/03/2025 12:20;755
02/03/2025 12:25;755
02/03/2025 12:30;752
02/03/2025 12:35;755
02/03/2025 12:40;755
02/03/2025 12:45;755
02/03/2025 12:50;763
02/03/2025 12:55;766
02/03/2025 13:00;761
02/03/2025 13:05;759
02/03/2025 13:10;761
02/03/2025 13:15;770
02/03/2025 13:20;774
02/03/2025 13:25;777
02/03/2025 13:30;712
02/03/2025 13:35;780
02/03/2025 13:40;457
02/03/2025 13:45;371
02/03/2025 13:50;531
02/03/2025 13:55;484
02/03/2025 14:00;459
02/03/2025 14:05;576
02/03/2025 14:10;687
02/03/2025 14:15;696
02/03/2025 14:20;701
02/03/2025 14:25;718
02/03/2025 14:30;705
02/03/2025 14:35;686
02/03/2025 14:40;673
02/03/2025 14:45;468
02/03/2025 14:50;410
02/03/2025 14:55;623
02/03/2025 15:00;612
02/03/2025 15:05;750
02/03/2025 15:10;319
02/03/2025 15:15;334
02/03/2025 15:20;700
02/03/2025 15:25;616
02/03/2025 15:30;411
02/03/2025 15:35;268
02/03/2025 15:40;239
02/03/2025 15:45;165
02/03/2025 15:50;150
02/03/2025 15:55;156
02/03/2025 16:00;134
02/03/2025 16:05;138
02/03/2025 16:10;149
02/03/2025 16:15;155
02/03/2025 16:20;149
02/03/2025 16:25;226
02/03/2025 16:30;204
02/03/2025 16:35;156
02/03/2025 16:40;198
02/03/2025 16:45;174
02/03/2025 16:50;162
02/03/2025 16:55;139
02/03/2025 17:00;132
02/03/2025 17:05;108
02/03/2025 17:10;162
02/03/2025 17:15;128
02/03/2025 17:20;112
02/03/2025 17:25;95
02/03/2025 17:30;89
02/03/2025 17:35;74
02/03/2025 17:40;55
02/03/2025 17:45;39
02/03/2025 17:50;39
02/03/2025 17:55;39
02/03/2025 18:00;39
02/03/2025 18:05;39
02/03/2025 18:10;39
02/03/2025 18:15;39
02/03/2025 18:20;39
02/03/2025 18:25;39
02/03/2025 18:30;39
02/03/2025 18:35;39
02/03/2025 18:40;39
02/03/2025 18:45;39
02/03/2025 18:50;39
02/03/2025 18:55;0
03/03/2025 8:05;0
03/03/2025 8:05;0
03/03/2025 8:06;0
03/03/2025 8:06;0
03/03/2025 8:07;0
03/03/2025 8:10;0
03/03/2025 8:15;0
03/03/2025 8:20;0
03/03/2025 8:25;39
03/03/2025 8:30;39
03/03/2025 8:35;39
03/03/2025 8:40;39
03/03/2025 8:45;39
03/03/2025 8:50;39
03/03/2025 8:55;39
03/03/2025 9:00;39
03/03/2025 9:05;43
03/03/2025 9:10;56
03/03/2025 9:15;60
03/03/2025 9:20;66
03/03/2025 9:25;77
03/03/2025 9:30;88
03/03/2025 9:35;99
03/03/2025 9:40;107
03/03/2025 9:45;122
03/03/2025 9:50;139
03/03/2025 9:55;148
03/03/2025 10:00;176
03/03/2025 10:05;553
03/03/2025 10:10;311
03/03/2025 10:15;705
03/03/2025 10:20;305
03/03/2025 10:25;656
03/03/2025 10:30;687
03/03/2025 10:35;665
03/03/2025 10:40;665
03/03/2025 10:45;644
03/03/2025 10:50;328
03/03/2025 10:55;745
03/03/2025 11:00;551
03/03/2025 11:05;779
03/03/2025 11:10;743
03/03/2025 11:15;728
03/03/2025 11:20;715
03/03/2025 11:25;338
03/03/2025 11:30;302
03/03/2025 11:35;291
03/03/2025 11:40;264
03/03/2025 11:45;332
03/03/2025 11:50;370
03/03/2025 11:55;469
03/03/2025 12:00;454
03/03/2025 12:05;780
03/03/2025 12:10;732
03/03/2025 12:15;765
03/03/2025 12:20;770
03/03/2025 12:25;774
03/03/2025 12:30;775
03/03/2025 12:35;396
03/03/2025 12:40;494
03/03/2025 12:45;774
03/03/2025 12:50;777
03/03/2025 12:55;767
03/03/2025 13:00;753
03/03/2025 13:05;751
03/03/2025 13:10;746
03/03/2025 13:15;744
03/03/2025 13:20;742
03/03/2025 13:25;734
03/03/2025 13:30;732
03/03/2025 13:35;749
03/03/2025 13:40;744
03/03/2025 13:45;780
03/03/2025 13:50;0
03/03/2025 13:55;269
03/03/2025 14:00;463
03/03/2025 14:05;775
03/03/2025 14:10;753
03/03/2025 14:15;563
03/03/2025 14:20;484
03/03/2025 14:25;480
03/03/2025 14:30;332
03/03/2025 14:35;689
03/03/2025 14:40;453
03/03/2025 14:45;649
03/03/2025 14:50;645
03/03/2025 14:55;669
03/03/2025 15:00;662
03/03/2025 15:05;141
03/03/2025 15:10;573
03/03/2025 15:15;638
03/03/2025 15:20;193
03/03/2025 15:25;526
03/03/2025 15:30;441
03/03/2025 15:35;516
03/03/2025 15:40;514
03/03/2025 15:45;497
03/03/2025 15:50;491
03/03/2025 15:55;407
03/03/2025 16:00;313
03/03/2025 16:05;205
03/03/2025 16:10;301
03/03/2025 16:15;290
03/03/2025 16:20;272
03/03/2025 16:25;252
03/03/2025 16:30;243
03/03/2025 16:35;239
03/03/2025 16:40;218
03/03/2025 16:45;128
03/03/2025 16:50;105
03/03/2025 16:55;102
03/03/2025 17:00;104
03/03/2025 17:05;98
03/03/2025 17:10;85
03/03/2025 17:15;76
03/03/2025 17:20;86
03/03/2025 17:25;74
03/03/2025 17:30;79
03/03/2025 17:35;74
03/03/2025 17:40;68
03/03/2025 17:45;62
03/03/2025 17:50;54
03/03/2025 17:55;47
03/03/2025 18:00;41
03/03/2025 18:05;39
03/03/2025 18:10;39
03/03/2025 18:15;39
03/03/2025 18:20;39
03/03/2025 18:25;39
03/03/2025 18:30;39
03/03/2025 18:35;39
03/03/2025 18:40;39
03/03/2025 18:45;39
03/03/2025 18:50;39
03/03/2025 18:55;39
03/03/2025 19:00;39
05/03/2025 8:00;0
05/03/2025 8:05;0
05/03/2025 8:10;39
05/03/2025 8:15;39
05/03/2025 8:20;39
05/03/2025 8:25;39
05/03/2025 8:30;39
05/03/2025 8:35;91
05/03/2025 8:40;78
05/03/2025 8:45;39
05/03/2025 8:50;49
05/03/2025 8:55;89
05/03/2025 9:00;98
05/03/2025 9:05;187
05/03/2025 9:10;292
05/03/2025 9:15;83
05/03/2025 9:20;84
05/03/2025 9:25;91
05/03/2025 9:30;95
05/03/2025 9:35;116
05/03/2025 9:40;163
05/03/2025 9:45;177
05/03/2025 9:50;284
05/03/2025 9:55;141
05/03/2025 10:00;138
05/03/2025 10:05;165
05/03/2025 10:10;158
05/03/2025 10:15;286
05/03/2025 10:20;176
05/03/2025 10:25;173
05/03/2025 10:30;513
05/03/2025 10:35;193
05/03/2025 10:40;314
05/03/2025 10:45;220
05/03/2025 10:50;381
05/03/2025 10:55;669
05/03/2025 11:00;653
05/03/2025 11:05;589
05/03/2025 11:10;658
05/03/2025 11:15;644
05/03/2025 11:20;640
05/03/2025 11:25;643
05/03/2025 11:30;646
05/03/2025 11:35;657
05/03/2025 11:40;660
05/03/2025 11:45;676
05/03/2025 11:50;681
05/03/2025 11:55;678
05/03/2025 12:00;679
05/03/2025 12:05;679
05/03/2025 12:10;689
05/03/2025 12:15;691
05/03/2025 12:20;685
05/03/2025 12:25;681
05/03/2025 12:30;672
05/03/2025 12:35;678
05/03/2025 12:40;673
05/03/2025 12:45;674
05/03/2025 12:50;675
05/03/2025 12:55;671
05/03/2025 13:00;677
05/03/2025 13:05;684
05/03/2025 13:10;685
05/03/2025 13:15;692
05/03/2025 13:20;688
05/03/2025 13:25;681
05/03/2025 13:30;672
05/03/2025 13:35;664
05/03/2025 13:40;669
05/03/2025 13:45;672
05/03/2025 13:50;660
05/03/2025 13:55;655
05/03/2025 14:00;644
05/03/2025 14:05;640
05/03/2025 14:10;639
05/03/2025 14:15;633
05/03/2025 14:20;628
05/03/2025 14:25;619
05/03/2025 14:30;611
05/03/2025 14:35;600
05/03/2025 14:40;592
05/03/2025 14:45;580
05/03/2025 14:50;576
05/03/2025 14:55;570
05/03/2025 15:00;559
05/03/2025 15:05;553
05/03/2025 15:10;536
05/03/2025 15:15;529
05/03/2025 15:20;513
05/03/2025 15:25;513
05/03/2025 15:30;498
05/03/2025 15:35;489
05/03/2025 15:40;470
05/03/2025 15:45;456
05/03/2025 15:50;440
05/03/2025 15:55;352
05/03/2025 16:00;304
05/03/2025 16:05;322
05/03/2025 16:10;271
05/03/2025 16:15;234
05/03/2025 16:20;266
05/03/2025 16:25;255
05/03/2025 16:30;152
05/03/2025 16:35;77
05/03/2025 16:40;239
05/03/2025 16:45;188
05/03/2025 16:50;123
05/03/2025 16:55;108
05/03/2025 17:00;118
05/03/2025 17:05;73
05/03/2025 17:10;61
05/03/2025 17:15;39
05/03/2025 17:20;39
05/03/2025 17:25;54
05/03/2025 17:30;60
05/03/2025 17:35;83
05/03/2025 17:40;75
05/03/2025 17:45;67
05/03/2025 17:50;57
05/03/2025 17:55;49
05/03/2025 18:00;41
05/03/2025 18:05;39
05/03/2025 18:10;39
05/03/2025 18:15;39
05/03/2025 18:20;39
05/03/2025 18:25;39
05/03/2025 18:30;39
05/03/2025 18:35;39
05/03/2025 18:40;39
05/03/2025 18:45;39
05/03/2025 18:50;39
05/03/2025 18:55;0
06/03/2025 7:48;0
06/03/2025 7:48;0
06/03/2025 7:49;0
06/03/2025 7:49;0
06/03/2025 7:50;0
06/03/2025 7:55;0
06/03/2025 8:00;0
06/03/2025 8:05;0
06/03/2025 8:10;39
06/03/2025 8:15;39
06/03/2025 8:20;39
06/03/2025 8:25;39
06/03/2025 8:30;40
06/03/2025 8:35;83
06/03/2025 8:40;136
06/03/2025 8:45;39
06/03/2025 8:50;39
06/03/2025 8:55;39
06/03/2025 9:00;68
06/03/2025 9:05;95
06/03/2025 9:10;130
06/03/2025 9:15;160
06/03/2025 9:20;183
06/03/2025 9:25;97
06/03/2025 9:30;105
06/03/2025 9:35;102
06/03/2025 9:40;129
06/03/2025 9:45;119
06/03/2025 9:50;121
06/03/2025 9:55;135
06/03/2025 10:00;142
06/03/2025 10:05;144
06/03/2025 10:10;154
06/03/2025 10:15;186
06/03/2025 10:20;187
06/03/2025 10:25;165
06/03/2025 10:30;174
06/03/2025 10:35;207
06/03/2025 10:40;214
06/03/2025 10:45;210
06/03/2025 10:50;247
06/03/2025 10:55;417
06/03/2025 11:00;634
06/03/2025 11:05;227
06/03/2025 11:10;306
06/03/2025 11:15;759
06/03/2025 11:20;628
06/03/2025 11:25;619
06/03/2025 11:30;154
06/03/2025 11:35;136
06/03/2025 11:40;148
06/03/2025 11:45;169
06/03/2025 11:50;158
06/03/2025 11:55;158
06/03/2025 12:00;154
06/03/2025 12:05;158
06/03/2025 12:10;179
06/03/2025 12:15;217
06/03/2025 12:20;385
06/03/2025 12:25;309
06/03/2025 12:30;667
06/03/2025 12:35;777
06/03/2025 12:40;496
06/03/2025 12:45;775
06/03/2025 12:50;281
06/03/2025 12:55;780
06/03/2025 13:00;776
06/03/2025 13:05;780
06/03/2025 13:10;773
06/03/2025 13:15;780
06/03/2025 13:20;780
06/03/2025 13:25;780
06/03/2025 13:30;0
06/03/2025 13:35;780
06/03/2025 13:40;780
06/03/2025 13:45;780
06/03/2025 13:50;780
06/03/2025 13:55;780
06/03/2025 14:00;780
06/03/2025 14:05;715
06/03/2025 14:10;780
06/03/2025 14:15;769
06/03/2025 14:20;660
06/03/2025 14:25;741
06/03/2025 14:30;723
06/03/2025 14:35;725
06/03/2025 14:40;0
06/03/2025 14:45;748
06/03/2025 14:50;724
06/03/2025 14:55;232
06/03/2025 15:00;208
06/03/2025 15:05;258
06/03/2025 15:10;464
06/03/2025 15:15;267
06/03/2025 15:20;217
06/03/2025 15:25;295
06/03/2025 15:30;166
06/03/2025 15:35;156
06/03/2025 15:40;475
06/03/2025 15:45;595
06/03/2025 15:50;581
06/03/2025 15:55;170
06/03/2025 16:00;180
06/03/2025 16:05;259
06/03/2025 16:10;213
06/03/2025 16:15;237
06/03/2025 16:20;288
06/03/2025 16:25;305
06/03/2025 16:30;333
06/03/2025 16:35;330
06/03/2025 16:40;201
06/03/2025 16:45;186
06/03/2025 16:50;175
06/03/2025 16:55;141
06/03/2025 17:00;162
06/03/2025 17:05;170
06/03/2025 17:10;127
06/03/2025 17:15;113
06/03/2025 17:20;94
06/03/2025 17:25;77
06/03/2025 17:30;70
06/03/2025 17:35;65
06/03/2025 17:40;66
06/03/2025 17:45;72
06/03/2025 17:50;70
06/03/2025 17:55;61
06/03/2025 18:00;46
06/03/2025 18:05;39
06/03/2025 18:10;39
06/03/2025 18:15;39
06/03/2025 18:20;39
06/03/2025 18:25;39
06/03/2025 18:30;39
06/03/2025 18:35;39
06/03/2025 18:40;39
06/03/2025 18:45;0
07/03/2025 7:41;0
07/03/2025 7:41;0
07/03/2025 7:42;0
07/03/2025 7:42;0
07/03/2025 7:43;0
07/03/2025 7:45;0
07/03/2025 7:50;0
07/03/2025 7:55;39
07/03/2025 8:00;39
07/03/2025 8:05;39
07/03/2025 8:10;39
07/03/2025 8:15;39
07/03/2025 8:20;39
07/03/2025 8:25;39
07/03/2025 8:30;66
07/03/2025 8:35;62
07/03/2025 8:40;60
07/03/2025 8:45;95
07/03/2025 8:50;213
07/03/2025 8:55;43
07/03/2025 9:00;39
07/03/2025 9:05;39
07/03/2025 9:10;39
07/03/2025 9:15;39
07/03/2025 9:20;39
07/03/2025 9:25;46
07/03/2025 9:30;439
07/03/2025 9:35;468
07/03/2025 9:40;457
07/03/2025 9:45;505
07/03/2025 9:50;521
07/03/2025 9:55;530
07/03/2025 10:00;546
07/03/2025 10:05;557
07/03/2025 10:10;568
07/03/2025 10:15;582
07/03/2025 10:20;598
07/03/2025 10:25;608
07/03/2025 10:30;504
07/03/2025 10:35;378
07/03/2025 10:40;636
07/03/2025 10:45;652
07/03/2025 10:50;658
07/03/2025 10:55;671
07/03/2025 11:00;670
07/03/2025 11:05;687
07/03/2025 11:10;690
07/03/2025 11:15;701
07/03/2025 11:20;708
07/03/2025 11:25;707
07/03/2025 11:30;715
07/03/2025 11:35;714
07/03/2025 11:40;722
07/03/2025 11:45;725
07/03/2025 11:50;728
07/03/2025 11:55;732
07/03/2025 12:00;742
07/03/2025 12:05;747
07/03/2025 12:10;747
07/03/2025 12:15;0
07/03/2025 12:20;775
07/03/2025 12:25;765
07/03/2025 12:30;775
07/03/2025 12:35;759
07/03/2025 12:40;749
07/03/2025 12:45;734
07/03/2025 12:50;769
07/03/2025 12:55;768
07/03/2025 13:00;762
07/03/2025 13:05;759
07/03/2025 13:10;743
07/03/2025 13:15;610
07/03/2025 13:20;483
07/03/2025 13:25;461
07/03/2025 13:30;470
07/03/2025 13:35;761
07/03/2025 13:40;765
07/03/2025 13:45;627
07/03/2025 13:50;462
07/03/2025 13:55;770
07/03/2025 14:00;738
07/03/2025 14:05;764
07/03/2025 14:10;761
07/03/2025 14:15;385
07/03/2025 14:20;690
07/03/2025 14:25;189
07/03/2025 14:30;671
07/03/2025 14:35;690
07/03/2025 14:40;714
07/03/2025 14:45;314
07/03/2025 14:50;159
07/03/2025 14:55;222
07/03/2025 15:00;272
07/03/2025 15:05;223
07/03/2025 15:10;182
07/03/2025 15:15;181
07/03/2025 15:20;189
07/03/2025 15:25;185
07/03/2025 15:30;163
07/03/2025 15:35;145
07/03/2025 15:40;142
07/03/2025 15:45;173
07/03/2025 15:50;179
07/03/2025 15:55;123
07/03/2025 16:00;103
07/03/2025 16:05;110
07/03/2025 16:10;83
07/03/2025 16:15;39
07/03/2025 16:20;95
07/03/2025 16:25;169
07/03/2025 16:30;156
07/03/2025 16:35;133
07/03/2025 16:40;105
07/03/2025 16:45;90
07/03/2025 16:50;99
07/03/2025 16:55;91
07/03/2025 17:00;101
07/03/2025 17:05;82
07/03/2025 17:10;71
07/03/2025 17:15;68
07/03/2025 17:20;39
07/03/2025 17:25;39
07/03/2025 17:30;39
07/03/2025 17:35;42
07/03/2025 17:40;44
07/03/2025 17:45;46
07/03/2025 17:50;39
07/03/2025 17:55;39
07/03/2025 18:00;39
07/03/2025 18:05;39
07/03/2025 18:10;39
07/03/2025 18:15;39
07/03/2025 18:20;39
07/03/2025 18:25;39
07/03/2025 18:30;39
07/03/2025 18:35;39
08/03/2025 7:54;0
08/03/2025 7:54;0
08/03/2025 7:55;0
08/03/2025 7:55;0
08/03/2025 7:56;0
08/03/2025 8:00;0
08/03/2025 8:05;0
08/03/2025 8:10;0
08/03/2025 8:15;39
08/03/2025 8:20;39
08/03/2025 8:25;39
08/03/2025 8:30;39
08/03/2025 8:35;39
08/03/2025 8:40;39
08/03/2025 8:45;39
08/03/2025 8:50;39
08/03/2025 8:55;39
08/03/2025 9:00;317
08/03/2025 9:05;132
08/03/2025 9:10;385
08/03/2025 9:15;402
08/03/2025 9:20;429
08/03/2025 9:25;440
08/03/2025 9:30;457
08/03/2025 9:35;489
08/03/2025 9:40;477
08/03/2025 9:45;550
08/03/2025 9:50;435
08/03/2025 9:55;447
08/03/2025 10:00;567
08/03/2025 10:05;560
08/03/2025 10:10;515
08/03/2025 10:15;611
08/03/2025 10:20;597
08/03/2025 10:25;565
08/03/2025 10:30;435
08/03/2025 10:35;321
08/03/2025 10:40;417
08/03/2025 10:45;136
08/03/2025 10:50;158
08/03/2025 10:55;176
08/03/2025 11:00;172
08/03/2025 11:05;183
08/03/2025 11:10;197
08/03/2025 11:15;236
08/03/2025 11:20;276
08/03/2025 11:25;582
08/03/2025 11:30;505
08/03/2025 11:35;440
08/03/2025 11:40;521
08/03/2025 11:45;406
08/03/2025 11:50;317
08/03/2025 11:55;316
08/03/2025 12:00;272
08/03/2025 12:05;320
08/03/2025 12:10;316
08/03/2025 12:15;351
08/03/2025 12:20;388
08/03/2025 12:25;311
08/03/2025 12:30;398
08/03/2025 12:35;317
08/03/2025 12:40;292
08/03/2025 12:45;271
08/03/2025 12:50;251
08/03/2025 12:55;195
08/03/2025 13:00;161
08/03/2025 13:05;172
08/03/2025 13:10;185
08/03/2025 13:15;159
08/03/2025 13:20;141
08/03/2025 13:25;154
08/03/2025 13:30;145
08/03/2025 13:35;205
08/03/2025 13:40;299
08/03/2025 13:45;267
08/03/2025 13:50;288
08/03/2025 13:55;259
08/03/2025 14:00;231
08/03/2025 14:05;296
08/03/2025 14:10;530
08/03/2025 14:15;384
08/03/2025 14:20;416
08/03/2025 14:25;309
08/03/2025 14:30;258
08/03/2025 14:35;193
08/03/2025 14:40;212
08/03/2025 14:45;178
08/03/2025 14:50;160
08/03/2025 14:55;136
08/03/2025 15:00;128
08/03/2025 15:05;147
08/03/2025 15:10;298
08/03/2025 15:15;322
08/03/2025 15:20;247
08/03/2025 15:25;193
08/03/2025 15:30;127
08/03/2025 15:35;102
08/03/2025 15:40;107
08/03/2025 15:45;99
08/03/2025 15:50;88
08/03/2025 15:55;93
08/03/2025 16:00;99
08/03/2025 16:05;110
08/03/2025 16:10;115
08/03/2025 16:15;165
08/03/2025 16:20;236
08/03/2025 16:25;361
08/03/2025 16:30;192
08/03/2025 16:35;370
08/03/2025 16:40;331
08/03/2025 16:45;268
08/03/2025 16:50;220
08/03/2025 16:55;132
08/03/2025 17:00;133
08/03/2025 17:05;107
08/03/2025 17:10;93
08/03/2025 17:15;53
08/03/2025 17:20;39
08/03/2025 17:25;39
08/03/2025 17:30;47
08/03/2025 17:35;41
08/03/2025 17:40;39
08/03/2025 17:45;39
08/03/2025 17:50;39
08/03/2025 17:55;39
08/03/2025 18:00;0
08/03/2025 18:05;0
08/03/2025 18:10;39
08/03/2025 18:15;39
08/03/2025 18:20;39
08/03/2025 18:25;39
08/03/2025 18:30;39
08/03/2025 18:35;39
08/03/2025 18:40;39
08/03/2025 18:45;0
08/03/2025 18:50;0
09/03/2025 7:46;0
09/03/2025 7:46;0
09/03/2025 7:47;0
09/03/2025 7:47;0
09/03/2025 7:48;0
09/03/2025 7:50;0
09/03/2025 7:55;0
09/03/2025 8:00;39
09/03/2025 8:05;39
09/03/2025 8:10;39
09/03/2025 8:15;39
09/03/2025 8:20;44
09/03/2025 8:25;42
09/03/2025 8:30;48
09/03/2025 8:35;310
09/03/2025 8:40;286
09/03/2025 8:45;362
09/03/2025 8:50;386
09/03/2025 8:55;415
09/03/2025 9:00;442
09/03/2025 9:05;464
09/03/2025 9:10;495
09/03/2025 9:15;452
09/03/2025 9:20;410
09/03/2025 9:25;224
09/03/2025 9:30;213
09/03/2025 9:35;624
09/03/2025 9:40;624
09/03/2025 9:45;549
09/03/2025 9:50;654
09/03/2025 9:55;655
09/03/2025 10:00;630
09/03/2025 10:05;405
09/03/2025 10:10;658
09/03/2025 10:15;253
09/03/2025 10:20;322
09/03/2025 10:25;731
09/03/2025 10:30;439
09/03/2025 10:35;364
09/03/2025 10:40;197
09/03/2025 10:45;438
09/03/2025 10:50;583
09/03/2025 10:55;722
09/03/2025 11:00;626
09/03/2025 11:05;340
09/03/2025 11:10;769
09/03/2025 11:15;777
09/03/2025 11:20;780
09/03/2025 11:25;772
09/03/2025 11:30;571
09/03/2025 11:35;775
09/03/2025 11:40;699
09/03/2025 11:45;771
09/03/2025 11:50;772
09/03/2025 11:55;780
09/03/2025 12:00;725
09/03/2025 12:05;472
09/03/2025 12:10;472
09/03/2025 12:15;470
09/03/2025 12:20;472
09/03/2025 12:25;470
09/03/2025 12:30;475
09/03/2025 12:35;475
09/03/2025 12:40;476
09/03/2025 12:45;478
09/03/2025 12:50;475
09/03/2025 12:55;471
09/03/2025 13:00;474
09/03/2025 13:05;474
09/03/2025 13:10;472
09/03/2025 13:15;470
09/03/2025 13:20;468
09/03/2025 13:25;465
09/03/2025 13:30;462
09/03/2025 13:35;460
09/03/2025 13:40;458
09/03/2025 13:45;569
09/03/2025 13:50;588
09/03/2025 13:55;654
09/03/2025 14:00;740
09/03/2025 14:05;741
09/03/2025 14:10;736
09/03/2025 14:15;690
09/03/2025 14:20;631
09/03/2025 14:25;583
09/03/2025 14:30;660
09/03/2025 14:35;546
09/03/2025 14:40;562
09/03/2025 14:45;575
09/03/2025 14:50;461
09/03/2025 14:55;491
09/03/2025 15:00;414
09/03/2025 15:05;586
09/03/2025 15:10;512
09/03/2025 15:15;554
09/03/2025 15:20;402
09/03/2025 15:25;508
09/03/2025 15:30;469
09/03/2025 15:35;413
09/03/2025 15:40;359
09/03/2025 15:45;393
09/03/2025 15:50;380
09/03/2025 15:55;408
09/03/2025 16:00;362
09/03/2025 16:05;333
09/03/2025 16:10;384
09/03/2025 16:15;293
09/03/2025 16:20;289
09/03/2025 16:25;290
09/03/2025 16:30;270
09/03/2025 16:35;249
09/03/2025 16:40;212
09/03/2025 16:45;201
09/03/2025 16:50;189
09/03/2025 16:55;156
09/03/2025 17:00;145
09/03/2025 17:05;140
09/03/2025 17:10;127
09/03/2025 17:15;116
09/03/2025 17:20;111
09/03/2025 17:25;109
09/03/2025 17:30;100
09/03/2025 17:35;101
09/03/2025 17:40;87
09/03/2025 17:45;66
09/03/2025 17:50;71
09/03/2025 17:55;62
09/03/2025 18:00;54
09/03/2025 18:05;48
09/03/2025 18:10;42
09/03/2025 18:15;39
09/03/2025 18:20;39
09/03/2025 18:25;39
09/03/2025 18:30;39
09/03/2025 18:35;39
09/03/2025 18:40;39
09/03/2025 18:45;39
09/03/2025 18:50;39
09/03/2025 18:55;39
09/03/2025 19:00;0
10/03/2025 7:41;0
10/03/2025 7:41;0
10/03/2025 7:42;0
10/03/2025 7:42;0
10/03/2025 7:43;0
10/03/2025 7:45;0
10/03/2025 7:50;0
10/03/2025 7:55;0
10/03/2025 8:00;0
10/03/2025 8:05;0
10/03/2025 8:10;0
10/03/2025 8:15;39
10/03/2025 8:20;39
10/03/2025 8:25;42
10/03/2025 8:30;188
10/03/2025 8:35;266
10/03/2025 8:40;288
10/03/2025 8:45;311
10/03/2025 8:50;332
10/03/2025 8:55;354
10/03/2025 9:00;373
10/03/2025 9:05;396
10/03/2025 9:10;415
10/03/2025 9:15;433
10/03/2025 9:20;449
10/03/2025 9:25;468
10/03/2025 9:30;484
10/03/2025 9:35;502
10/03/2025 9:40;518
10/03/2025 9:45;531
10/03/2025 9:50;547
10/03/2025 9:55;557
10/03/2025 10:00;572
10/03/2025 10:05;585
10/03/2025 10:10;599
10/03/2025 10:15;612
10/03/2025 10:20;621
10/03/2025 10:25;635
10/03/2025 10:30;642
10/03/2025 10:35;651
10/03/2025 10:40;659
10/03/2025 10:45;673
10/03/2025 10:50;681
10/03/2025 10:55;686
10/03/2025 11:00;693
10/03/2025 11:05;703
10/03/2025 11:10;710
10/03/2025 11:15;715
10/03/2025 11:20;726
10/03/2025 11:25;729
10/03/2025 11:30;736
10/03/2025 11:35;741
10/03/2025 11:40;747
10/03/2025 11:45;743
10/03/2025 11:50;752
10/03/2025 11:55;756
10/03/2025 12:00;754
10/03/2025 12:05;727
10/03/2025 12:10;465
10/03/2025 12:15;714
10/03/2025 12:20;750
10/03/2025 12:25;733
10/03/2025 12:30;747
10/03/2025 12:35;758
10/03/2025 12:40;700
10/03/2025 12:45;702
10/03/2025 12:50;776
10/03/2025 12:55;773
10/03/2025 13:00;753
10/03/2025 13:05;759
10/03/2025 13:10;742
10/03/2025 13:15;723
10/03/2025 13:20;711
10/03/2025 13:25;686
10/03/2025 13:30;459
10/03/2025 13:35;457
10/03/2025 13:40;459
10/03/2025 13:45;661
10/03/2025 13:50;663
10/03/2025 13:55;732
10/03/2025 14:00;641
10/03/2025 14:05;565
10/03/2025 14:10;482
10/03/2025 14:15;570
10/03/2025 14:20;736
10/03/2025 14:25;700
10/03/2025 14:30;699
10/03/2025 14:35;678
10/03/2025 14:40;679
10/03/2025 14:45;672
10/03/2025 14:50;660
10/03/2025 14:55;559
10/03/2025 15:00;530
10/03/2025 15:05;486
10/03/2025 15:10;610
10/03/2025 15:15;594
10/03/2025 15:20;596
10/03/2025 15:25;583
10/03/2025 15:30;551
10/03/2025 15:35;550
10/03/2025 15:40;510
10/03/2025 15:45;528
10/03/2025 15:50;463
10/03/2025 15:55;473
10/03/2025 16:00;406
10/03/2025 16:05;370
10/03/2025 16:10;416
10/03/2025 16:15;280
10/03/2025 16:20;305
10/03/2025 16:25;263
10/03/2025 16:30;280
10/03/2025 16:35;245
10/03/2025 16:40;176
10/03/2025 16:45;153
10/03/2025 16:50;131
10/03/2025 16:55;114
10/03/2025 17:00;114
10/03/2025 17:05;124
10/03/2025 17:10;159
10/03/2025 17:15;155
10/03/2025 17:20;164
10/03/2025 17:25;190
10/03/2025 17:30;162
10/03/2025 17:35;133
10/03/2025 17:40;118
10/03/2025 17:45;100
10/03/2025 17:50;84
10/03/2025 17:55;79
10/03/2025 18:00;79
10/03/2025 18:05;72
10/03/2025 18:10;60
10/03/2025 18:15;45
10/03/2025 18:20;39
10/03/2025 18:25;39
10/03/2025 18:30;39
10/03/2025 18:35;39
10/03/2025 18:40;39
10/03/2025 18:45;39
10/03/2025 18:50;39
10/03/2025 18:55;39
10/03/2025 19:00;39
11/03/2025 7:54;0
11/03/2025 7:55;0
11/03/2025 7:55;0
11/03/2025 7:56;0
11/03/2025 7:56;0
11/03/2025 8:00;0
11/03/2025 8:05;0
11/03/2025 8:10;0
11/03/2025 8:15;0
11/03/2025 8:20;0
11/03/2025 8:25;39
11/03/2025 8:30;39
11/03/2025 8:35;39
11/03/2025 8:40;39
11/03/2025 8:45;39
11/03/2025 8:50;39
11/03/2025 8:55;39
11/03/2025 9:00;39
11/03/2025 9:05;39
11/03/2025 9:10;39
11/03/2025 9:15;39
11/03/2025 9:20;39
11/03/2025 9:25;39
11/03/2025 9:30;39
11/03/2025 9:35;39
11/03/2025 9:40;39
11/03/2025 9:45;39
11/03/2025 9:50;39
11/03/2025 9:55;39
11/03/2025 10:00;39
11/03/2025 10:05;69
11/03/2025 10:10;102
11/03/2025 10:15;156
11/03/2025 10:20;212
11/03/2025 10:25;395
11/03/2025 10:30;478
11/03/2025 10:35;270
11/03/2025 10:40;331
11/03/2025 10:45;218
11/03/2025 10:50;201
11/03/2025 10:55;129
11/03/2025 11:00;107
11/03/2025 11:05;112
11/03/2025 11:10;120
11/03/2025 11:15;129
11/03/2025 11:20;125
11/03/2025 11:25;123
11/03/2025 11:30;135
11/03/2025 11:35;153
11/03/2025 11:40;164
11/03/2025 11:45;171
11/03/2025 11:50;188
11/03/2025 11:55;215
11/03/2025 12:00;192
11/03/2025 12:05;191
11/03/2025 12:10;243
11/03/2025 12:15;344
11/03/2025 12:20;340
11/03/2025 12:25;323
11/03/2025 12:30;306
11/03/2025 12:35;294
11/03/2025 12:40;253
11/03/2025 12:45;223
11/03/2025 12:50;234
11/03/2025 12:55;270
11/03/2025 13:00;239
11/03/2025 13:05;235
11/03/2025 13:10;244
11/03/2025 13:15;262
11/03/2025 13:20;268
11/03/2025 13:25;302
11/03/2025 13:30;270
11/03/2025 13:35;206
11/03/2025 13:40;198
11/03/2025 13:45;197
11/03/2025 13:50;239
11/03/2025 13:55;284
11/03/2025 14:00;316
11/03/2025 14:05;197
11/03/2025 14:10;477
11/03/2025 14:15;301
11/03/2025 14:20;452
11/03/2025 14:25;305
11/03/2025 14:30;291
11/03/2025 14:35;197
11/03/2025 14:40;204
11/03/2025 14:45;190
11/03/2025 14:50;212
11/03/2025 14:55;710
11/03/2025 15:00;272
11/03/2025 15:05;309
11/03/2025 15:10;621
11/03/2025 15:15;520
11/03/2025 15:20;532
11/03/2025 15:25;348
11/03/2025 15:30;246
11/03/2025 15:35;214
11/03/2025 15:40;215
11/03/2025 15:45;182
11/03/2025 15:50;176
11/03/2025 15:55;187
11/03/2025 16:00;189
11/03/2025 16:05;173
11/03/2025 16:10;139
11/03/2025 16:15;186
11/03/2025 16:20;213
11/03/2025 16:25;178
11/03/2025 16:30;148
11/03/2025 16:35;148
11/03/2025 16:40;159
11/03/2025 16:45;145
11/03/2025 16:50;154
11/03/2025 16:55;113
11/03/2025 17:00;70
11/03/2025 17:05;52
11/03/2025 17:10;39
11/03/2025 17:15;39
11/03/2025 17:20;39
11/03/2025 17:25;39
11/03/2025 17:30;39
11/03/2025 17:35;39
11/03/2025 17:40;39
11/03/2025 17:45;39
11/03/2025 17:50;39
11/03/2025 17:55;39
11/03/2025 18:00;39
11/03/2025 18:05;62
11/03/2025 18:10;40
11/03/2025 18:15;39
11/03/2025 18:20;39
11/03/2025 18:25;39
11/03/2025 18:30;39
11/03/2025 18:35;39
11/03/2025 18:40;39
11/03/2025 18:45;39
11/03/2025 18:50;39
11/03/2025 18:55;0
11/03/2025 19:00;0
12/03/2025 7:40;0
12/03/2025 7:40;0
12/03/2025 7:41;0
12/03/2025 7:41;0
12/03/2025 7:42;0
12/03/2025 7:45;0
12/03/2025 7:50;0
12/03/2025 7:55;0
12/03/2025 8:00;0
12/03/2025 8:05;39
12/03/2025 8:10;39
12/03/2025 8:15;39
12/03/2025 8:20;39
12/03/2025 8:25;106
12/03/2025 8:30;242
12/03/2025 8:35;253
12/03/2025 8:40;268
12/03/2025 8:45;290
12/03/2025 8:50;317
12/03/2025 8:55;340
12/03/2025 9:00;367
12/03/2025 9:05;388
12/03/2025 9:10;405
12/03/2025 9:15;423
12/03/2025 9:20;440
12/03/2025 9:25;475
12/03/2025 9:30;491
12/03/2025 9:35;537
12/03/2025 9:40;594
12/03/2025 9:45;633
12/03/2025 9:50;116
12/03/2025 9:55;109
12/03/2025 10:00;91
12/03/2025 10:05;82
12/03/2025 10:10;87
12/03/2025 10:15;79
12/03/2025 10:20;128
12/03/2025 10:25;153
12/03/2025 10:30;113
12/03/2025 10:35;82
12/03/2025 10:40;95
12/03/2025 10:45;95
12/03/2025 10:50;93
12/03/2025 10:55;53
12/03/2025 11:00;46
12/03/2025 11:05;47
12/03/2025 11:10;62
12/03/2025 11:15;99
12/03/2025 11:20;151
12/03/2025 11:25;78
12/03/2025 11:30;67
12/03/2025 11:35;94
12/03/2025 11:40;51
12/03/2025 11:45;41
12/03/2025 11:50;39
12/03/2025 11:55;58
12/03/2025 12:00;87
12/03/2025 12:05;117
12/03/2025 12:10;115
12/03/2025 12:15;108
12/03/2025 12:20;118
12/03/2025 12:25;101
12/03/2025 12:30;111
12/03/2025 12:35;144
12/03/2025 12:40;178
12/03/2025 12:45;177
12/03/2025 12:50;140
12/03/2025 12:55;169
12/03/2025 13:00;157
12/03/2025 13:05;145
12/03/2025 13:10;161
12/03/2025 13:15;232
12/03/2025 13:20;269
12/03/2025 13:25;320
12/03/2025 13:30;280
12/03/2025 13:35;206
12/03/2025 13:40;157
12/03/2025 13:45;148
12/03/2025 13:50;137
12/03/2025 13:55;130
12/03/2025 14:00;116
12/03/2025 14:05;138
12/03/2025 14:10;145
12/03/2025 14:15;128
12/03/2025 14:20;137
12/03/2025 14:25;137
12/03/2025 14:30;186
12/03/2025 14:35;187
12/03/2025 14:40;156
12/03/2025 14:45;146
12/03/2025 14:50;125
12/03/2025 14:55;100
12/03/2025 15:00;121
12/03/2025 15:05;104
12/03/2025 15:10;152
12/03/2025 15:15;145
12/03/2025 15:20;148
12/03/2025 15:25;135
12/03/2025 15:30;123
12/03/2025 15:35;99
12/03/2025 15:40;106
12/03/2025 15:45;111
12/03/2025 15:50;154
12/03/2025 15:55;39
12/03/2025 16:00;39
12/03/2025 16:05;39
12/03/2025 16:10;39
12/03/2025 16:15;39
12/03/2025 16:20;59
12/03/2025 16:25;39
12/03/2025 16:30;39
12/03/2025 16:35;39
12/03/2025 16:40;39
12/03/2025 16:45;72
12/03/2025 16:50;44
12/03/2025 16:55;39
12/03/2025 17:00;39
12/03/2025 17:05;0
12/03/2025 17:10;0
12/03/2025 17:15;55
12/03/2025 17:20;71
12/03/2025 17:25;66
12/03/2025 17:30;74
12/03/2025 17:35;39
12/03/2025 17:40;44
12/03/2025 17:45;39
12/03/2025 17:50;39
12/03/2025 17:55;39
12/03/2025 18:00;39
12/03/2025 18:05;39
12/03/2025 18:10;39
12/03/2025 18:15;39
12/03/2025 18:20;39
12/03/2025 18:25;39
12/03/2025 18:30;39
12/03/2025 18:35;39
12/03/2025 18:40;39
12/03/2025 18:45;39
13/03/2025 8:06;0
13/03/2025 8:06;0
13/03/2025 8:07;0
13/03/2025 8:07;0
13/03/2025 8:08;0
13/03/2025 8:10;0
13/03/2025 8:15;0
13/03/2025 8:20;0
13/03/2025 8:25;39
13/03/2025 8:30;39
13/03/2025 8:35;39
13/03/2025 8:40;39
13/03/2025 8:45;39
13/03/2025 8:50;39
13/03/2025 8:55;39
13/03/2025 9:00;39
13/03/2025 9:05;39
13/03/2025 9:10;64
13/03/2025 9:15;93
13/03/2025 9:20;121
13/03/2025 9:25;108
13/03/2025 9:30;39
13/03/2025 9:35;39
13/03/2025 9:40;46
13/03/2025 9:45;40
13/03/2025 9:50;39
13/03/2025 9:55;64
13/03/2025 10:00;77
13/03/2025 10:05;87
13/03/2025 10:10;128
13/03/2025 10:15;155
13/03/2025 10:20;128
13/03/2025 10:25;154
13/03/2025 10:30;143
13/03/2025 10:35;335
13/03/2025 10:40;207
13/03/2025 10:45;163
13/03/2025 10:50;192
13/03/2025 10:55;314
13/03/2025 11:00;267
13/03/2025 11:05;122
13/03/2025 11:10;65
13/03/2025 11:15;43
13/03/2025 11:20;39
13/03/2025 11:25;39
13/03/2025 11:30;39
13/03/2025 11:35;39
13/03/2025 11:40;41
13/03/2025 11:45;82
13/03/2025 11:50;92
13/03/2025 11:55;77
13/03/2025 12:00;83
13/03/2025 12:05;130
13/03/2025 12:10;151
13/03/2025 12:15;108
13/03/2025 12:20;71
13/03/2025 12:25;75
13/03/2025 12:30;50
13/03/2025 12:35;39
13/03/2025 12:40;39
13/03/2025 12:45;39
13/03/2025 12:50;39
13/03/2025 12:55;46
13/03/2025 13:00;91
13/03/2025 13:05;127
13/03/2025 13:10;118
13/03/2025 13:15;73
13/03/2025 13:20;44
13/03/2025 13:25;47
13/03/2025 13:30;39
13/03/2025 13:35;39
13/03/2025 13:40;61
13/03/2025 13:45;73
13/03/2025 13:50;144
13/03/2025 13:55;187
13/03/2025 14:00;166
13/03/2025 14:05;181
13/03/2025 14:10;142
13/03/2025 14:15;133
13/03/2025 14:20;131
13/03/2025 14:25;195
13/03/2025 14:30;586
13/03/2025 14:35;753
13/03/2025 14:40;220
13/03/2025 14:45;171
13/03/2025 14:50;225
13/03/2025 14:55;167
13/03/2025 15:00;238
13/03/2025 15:05;268
13/03/2025 15:10;193
13/03/2025 15:15;780
13/03/2025 15:20;160
13/03/2025 15:25;158
13/03/2025 15:30;190
13/03/2025 15:35;167
13/03/2025 15:40;133
13/03/2025 15:45;64
13/03/2025 15:50;39
13/03/2025 15:55;50
13/03/2025 16:00;95
13/03/2025 16:05;154
13/03/2025 16:10;250
13/03/2025 16:15;391
13/03/2025 16:20;389
13/03/2025 16:25;470
13/03/2025 16:30;189
13/03/2025 16:35;108
13/03/2025 16:40;111
13/03/2025 16:45;116
13/03/2025 16:50;104
13/03/2025 16:55;161
13/03/2025 17:00;220
13/03/2025 17:05;119
13/03/2025 17:10;145
13/03/2025 17:15;129
13/03/2025 17:20;123
13/03/2025 17:25;90
13/03/2025 17:30;92
13/03/2025 17:35;84
13/03/2025 17:40;85
13/03/2025 17:45;91
13/03/2025 17:50;97
13/03/2025 17:55;80
13/03/2025 18:00;53
13/03/2025 18:05;39
13/03/2025 18:10;39
13/03/2025 18:15;39
13/03/2025 18:20;39
13/03/2025 18:25;39
13/03/2025 18:30;39
13/03/2025 18:35;39
13/03/2025 18:40;39
13/03/2025 18:45;39
13/03/2025 18:50;39
13/03/2025 18:55;39
13/03/2025 19:00;39
13/03/2025 19:05;0
14/03/2025 7:37;0
14/03/2025 7:38;0
14/03/2025 7:38;0
14/03/2025 7:39;0
14/03/2025 7:39;0
14/03/2025 7:40;0
14/03/2025 7:45;0
14/03/2025 7:50;0
14/03/2025 7:55;0
14/03/2025 8:00;0
14/03/2025 8:05;0
14/03/2025 8:10;0
14/03/2025 8:15;39
14/03/2025 8:20;48
14/03/2025 8:25;53
14/03/2025 8:29;56
14/03/2025 8:30;62
14/03/2025 8:30;58
14/03/2025 8:35;72
14/03/2025 8:40;45
14/03/2025 8:45;57
14/03/2025 8:50;54
14/03/2025 8:55;51
14/03/2025 9:00;52
14/03/2025 9:05;50
14/03/2025 9:10;42
14/03/2025 9:15;41
14/03/2025 9:20;40
14/03/2025 9:25;41
14/03/2025 9:30;39
14/03/2025 9:35;39
14/03/2025 9:40;39
14/03/2025 9:45;39
14/03/2025 9:50;39
14/03/2025 9:55;39
14/03/2025 10:00;39
14/03/2025 10:05;87
14/03/2025 10:10;62
14/03/2025 10:15;58
14/03/2025 10:20;78
14/03/2025 10:25;89
14/03/2025 10:30;90
14/03/2025 10:35;137
14/03/2025 10:40;163
14/03/2025 10:45;159
14/03/2025 10:50;207
14/03/2025 10:55;159
14/03/2025 11:00;146
14/03/2025 11:05;184
14/03/2025 11:10;110
14/03/2025 11:15;73
14/03/2025 11:20;39
14/03/2025 11:25;39
14/03/2025 11:30;48
14/03/2025 11:35;76
14/03/2025 11:40;76
14/03/2025 11:45;94
14/03/2025 11:50;84
14/03/2025 11:55;112
14/03/2025 12:00;131
14/03/2025 12:05;148
14/03/2025 12:10;495
14/03/2025 12:15;773
14/03/2025 12:20;780
14/03/2025 12:25;402
14/03/2025 12:30;136
14/03/2025 12:35;158
14/03/2025 12:40;197
14/03/2025 12:45;75
14/03/2025 12:50;51
14/03/2025 12:55;42
14/03/2025 13:00;39
14/03/2025 13:05;39
14/03/2025 13:10;39
14/03/2025 13:15;39
14/03/2025 13:20;39
14/03/2025 13:25;78
14/03/2025 13:30;139
14/03/2025 13:35;114
14/03/2025 13:40;127
14/03/2025 13:45;194
14/03/2025 13:50;280
14/03/2025 13:55;300
14/03/2025 14:00;531
14/03/2025 14:05;267
14/03/2025 14:10;780
14/03/2025 14:15;758
14/03/2025 14:20;745
14/03/2025 14:25;765
14/03/2025 14:30;277
14/03/2025 14:35;509
14/03/2025 14:40;348
14/03/2025 14:45;245
14/03/2025 14:50;221
14/03/2025 14:55;162
14/03/2025 15:00;772
14/03/2025 15:05;604
14/03/2025 15:10;723
14/03/2025 15:15;679
14/03/2025 15:20;672
14/03/2025 15:25;117
14/03/2025 15:30;172
14/03/2025 15:35;243
14/03/2025 15:40;504
14/03/2025 15:45;218
14/03/2025 15:50;659
14/03/2025 15:55;212
14/03/2025 16:00;578
14/03/2025 16:05;153
14/03/2025 16:10;173
14/03/2025 16:15;138
14/03/2025 16:20;123
14/03/2025 16:25;132
14/03/2025 16:30;110
14/03/2025 16:35;63
14/03/2025 16:40;47
14/03/2025 16:45;39
14/03/2025 16:50;47
14/03/2025 16:55;51
14/03/2025 17:00;53
14/03/2025 17:05;47
14/03/2025 17:10;66
14/03/2025 17:15;152
14/03/2025 17:20;98
14/03/2025 17:25;59
14/03/2025 17:30;107
14/03/2025 17:35;73
14/03/2025 17:40;74
14/03/2025 17:45;68
14/03/2025 17:50;59
14/03/2025 17:55;57
14/03/2025 18:00;52
14/03/2025 18:05;39
14/03/2025 18:10;39
14/03/2025 18:15;39
14/03/2025 18:20;39
14/03/2025 18:25;39
14/03/2025 18:30;39
14/03/2025 18:35;39
14/03/2025 18:40;39
14/03/2025 18:45;39
14/03/2025 18:50;39
14/03/2025 18:55;39
15/03/2025 7:32;0
15/03/2025 7:32;0
15/03/2025 7:33;0
15/03/2025 7:33;0
15/03/2025 7:34;0
15/03/2025 7:35;0
15/03/2025 7:40;0
15/03/2025 7:45;39
15/03/2025 7:50;39
15/03/2025 7:55;39
15/03/2025 8:00;39
15/03/2025 8:05;39
15/03/2025 8:10;39
15/03/2025 8:15;39
15/03/2025 8:20;39
15/03/2025 8:25;129
15/03/2025 8:30;223
15/03/2025 8:35;246
15/03/2025 8:40;307
15/03/2025 8:45;322
15/03/2025 8:50;186
15/03/2025 8:55;364
15/03/2025 9:00;309
15/03/2025 9:05;339
15/03/2025 9:10;440
15/03/2025 9:15;166
15/03/2025 9:20;210
15/03/2025 9:25;210
15/03/2025 9:30;201
15/03/2025 9:35;265
15/03/2025 9:40;434
15/03/2025 9:45;571
15/03/2025 9:50;529
15/03/2025 9:55;119
15/03/2025 10:00;97
15/03/2025 10:05;65
15/03/2025 10:10;43
15/03/2025 10:15;62
15/03/2025 10:20;95
15/03/2025 10:25;111
15/03/2025 10:30;94
15/03/2025 10:35;78
15/03/2025 10:40;74
15/03/2025 10:45;97
15/03/2025 10:50;105
15/03/2025 10:55;125
15/03/2025 11:00;191
15/03/2025 11:05;287
15/03/2025 11:10;281
15/03/2025 11:15;259
15/03/2025 11:20;252
15/03/2025 11:25;149
15/03/2025 11:30;145
15/03/2025 11:35;131
15/03/2025 11:40;77
15/03/2025 11:45;39
15/03/2025 11:50;39
15/03/2025 11:55;39
15/03/2025 12:00;63
15/03/2025 12:05;67
15/03/2025 12:10;75
15/03/2025 12:15;67
15/03/2025 12:20;93
15/03/2025 12:25;212
15/03/2025 12:30;305
15/03/2025 12:35;358
15/03/2025 12:40;406
15/03/2025 12:45;296
15/03/2025 12:50;586
15/03/2025 12:55;403
15/03/2025 13:00;432
15/03/2025 13:05;253
15/03/2025 13:10;290
15/03/2025 13:15;281
15/03/2025 13:20;435
15/03/2025 13:25;167
15/03/2025 13:30;92
15/03/2025 13:35;65
15/03/2025 13:40;47
15/03/2025 13:45;41
15/03/2025 13:50;107
15/03/2025 13:55;163
15/03/2025 14:00;245
15/03/2025 14:05;660
15/03/2025 14:10;314
15/03/2025 14:15;475
15/03/2025 14:20;354
15/03/2025 14:25;777
15/03/2025 14:30;712
15/03/2025 14:35;356
15/03/2025 14:40;251
15/03/2025 14:45;257
15/03/2025 14:50;227
15/03/2025 14:55;192
15/03/2025 15:00;158
15/03/2025 15:05;136
15/03/2025 15:10;121
15/03/2025 15:15;108
15/03/2025 15:20;99
15/03/2025 15:25;91
15/03/2025 15:30;90
15/03/2025 15:35;93
15/03/2025 15:40;90
15/03/2025 15:45;97
15/03/2025 15:50;95
15/03/2025 15:55;85
15/03/2025 16:00;103
15/03/2025 16:05;103
15/03/2025 16:10;90
15/03/2025 16:15;60
15/03/2025 16:20;44
15/03/2025 16:25;59
15/03/2025 16:30;66
15/03/2025 16:35;39
15/03/2025 16:40;39
15/03/2025 16:45;39
15/03/2025 16:50;39
15/03/2025 16:55;39
15/03/2025 17:00;39
15/03/2025 17:05;39
15/03/2025 17:10;39
15/03/2025 17:15;39
15/03/2025 17:20;39
15/03/2025 17:25;39
15/03/2025 17:30;39
15/03/2025 17:35;39
15/03/2025 17:40;39
15/03/2025 17:45;39
15/03/2025 17:50;39
15/03/2025 17:55;39
15/03/2025 18:00;39
15/03/2025 18:05;39
15/03/2025 18:10;0
16/03/2025 8:00;0
16/03/2025 8:01;0
16/03/2025 8:01;0
16/03/2025 8:02;0
16/03/2025 8:02;0
16/03/2025 8:05;0
16/03/2025 8:10;0
16/03/2025 8:15;0
16/03/2025 8:20;39
16/03/2025 8:25;39
16/03/2025 8:30;39
16/03/2025 8:35;39
16/03/2025 8:40;53
16/03/2025 8:45;83
16/03/2025 8:50;141
16/03/2025 8:55;432
16/03/2025 9:00;333
16/03/2025 9:05;357
16/03/2025 9:10;89
16/03/2025 9:15;81
16/03/2025 9:20;85
16/03/2025 9:25;101
16/03/2025 9:30;120
16/03/2025 9:35;247
16/03/2025 9:40;344
16/03/2025 9:45;498
16/03/2025 9:50;623
16/03/2025 9:55;452
16/03/2025 10:00;248
16/03/2025 10:05;189
16/03/2025 10:10;187
16/03/2025 10:15;194
16/03/2025 10:20;227
16/03/2025 10:25;229
16/03/2025 10:30;221
16/03/2025 10:35;279
16/03/2025 10:40;334
16/03/2025 10:45;728
16/03/2025 10:50;277
16/03/2025 10:55;118
16/03/2025 11:00;65
16/03/2025 11:05;46
16/03/2025 11:10;39
16/03/2025 11:15;47
16/03/2025 11:20;42
16/03/2025 11:25;40
16/03/2025 11:30;50
16/03/2025 11:35;41
16/03/2025 11:40;57
16/03/2025 11:45;80
16/03/2025 11:50;73
16/03/2025 11:55;62
16/03/2025 12:00;47
16/03/2025 12:05;39
16/03/2025 12:10;50
16/03/2025 12:15;52
16/03/2025 12:20;57
16/03/2025 12:25;58
16/03/2025 12:30;62
16/03/2025 12:35;73
16/03/2025 12:40;88
16/03/2025 12:45;106
16/03/2025 12:50;119
16/03/2025 12:55;120
16/03/2025 13:00;116
16/03/2025 13:05;110
16/03/2025 13:10;100
16/03/2025 13:15;107
16/03/2025 13:20;126
16/03/2025 13:25;155
16/03/2025 13:30;218
16/03/2025 13:35;316
16/03/2025 13:40;563
16/03/2025 13:45;631
16/03/2025 13:50;777
16/03/2025 13:55;676
16/03/2025 14:00;555
16/03/2025 14:05;764
16/03/2025 14:10;757
16/03/2025 14:15;475
16/03/2025 14:20;771
16/03/2025 14:25;224
16/03/2025 14:30;191
16/03/2025 14:35;310
16/03/2025 14:40;165
16/03/2025 14:45;154
16/03/2025 14:50;164
16/03/2025 14:55;156
16/03/2025 15:00;139
16/03/2025 15:05;149
16/03/2025 15:10;193
16/03/2025 15:15;220
16/03/2025 15:20;203
16/03/2025 15:25;187
16/03/2025 15:30;218
16/03/2025 15:35;209
16/03/2025 15:40;457
16/03/2025 15:45;125
16/03/2025 15:50;93
16/03/2025 15:55;79
16/03/2025 16:00;82
16/03/2025 16:05;95
16/03/2025 16:10;86
16/03/2025 16:15;73
16/03/2025 16:20;68
16/03/2025 16:25;57
16/03/2025 16:30;46
16/03/2025 16:35;56
16/03/2025 16:40;55
16/03/2025 16:45;49
16/03/2025 16:50;45
16/03/2025 16:55;55
16/03/2025 17:00;62
16/03/2025 17:05;66
16/03/2025 17:10;83
16/03/2025 17:15;112
16/03/2025 17:20;148
16/03/2025 17:25;137
16/03/2025 17:30;158
16/03/2025 17:35;150
16/03/2025 17:40;156
16/03/2025 17:45;82
16/03/2025 17:50;95
16/03/2025 17:55;71
16/03/2025 18:00;57
16/03/2025 18:05;39
16/03/2025 18:10;39
16/03/2025 18:15;39
16/03/2025 18:20;39
16/03/2025 18:25;39
16/03/2025 18:30;39
16/03/2025 18:35;39
16/03/2025 18:40;39
16/03/2025 18:45;39
16/03/2025 18:50;39
16/03/2025 18:55;39
16/03/2025 19:00;39
16/03/2025 19:05;39
16/03/2025 19:10;39
16/03/2025 19:15;39
17/03/2025 7:26;0
17/03/2025 7:27;0
17/03/2025 7:27;0
17/03/2025 7:28;0
17/03/2025 7:28;0
17/03/2025 7:30;0
17/03/2025 7:35;0
17/03/2025 7:40;0
17/03/2025 7:45;0
17/03/2025 7:50;0
17/03/2025 7:55;39
17/03/2025 8:00;39
17/03/2025 8:05;39
17/03/2025 8:10;95
17/03/2025 8:15;192
17/03/2025 8:20;228
17/03/2025 8:25;251
17/03/2025 8:30;276
17/03/2025 8:35;296
17/03/2025 8:40;319
17/03/2025 8:45;338
17/03/2025 8:50;359
17/03/2025 8:55;382
17/03/2025 9:00;403
17/03/2025 9:05;423
17/03/2025 9:10;440
17/03/2025 9:15;462
17/03/2025 9:20;477
17/03/2025 9:25;497
17/03/2025 9:30;511
17/03/2025 9:35;532
17/03/2025 9:40;548
17/03/2025 9:45;560
17/03/2025 9:50;577
17/03/2025 9:55;594
17/03/2025 10:00;596
17/03/2025 10:05;601
17/03/2025 10:10;629
17/03/2025 10:15;642
17/03/2025 10:20;655
17/03/2025 10:25;665
17/03/2025 10:30;675
17/03/2025 10:35;684
17/03/2025 10:40;697
17/03/2025 10:45;702
17/03/2025 10:50;712
17/03/2025 10:55;719
17/03/2025 11:00;725
17/03/2025 11:05;728
17/03/2025 11:10;744
17/03/2025 11:15;751
17/03/2025 11:20;756
17/03/2025 11:25;759
17/03/2025 11:30;766
17/03/2025 11:35;764
17/03/2025 11:40;766
17/03/2025 11:45;768
17/03/2025 11:50;773
17/03/2025 11:55;757
17/03/2025 12:00;575
17/03/2025 12:05;475
17/03/2025 12:10;475
17/03/2025 12:15;475
17/03/2025 12:20;481
17/03/2025 12:25;522
17/03/2025 12:30;478
17/03/2025 12:35;479
17/03/2025 12:40;477
17/03/2025 12:45;477
17/03/2025 12:50;480
17/03/2025 12:55;477
17/03/2025 13:00;475
17/03/2025 13:05;474
17/03/2025 13:10;768
17/03/2025 13:15;769
17/03/2025 13:20;765
17/03/2025 13:25;765
17/03/2025 13:30;762
17/03/2025 13:35;760
17/03/2025 13:40;761
17/03/2025 13:45;760
17/03/2025 13:50;766
17/03/2025 13:55;765
17/03/2025 14:00;761
17/03/2025 14:05;756
17/03/2025 14:10;631
17/03/2025 14:15;770
17/03/2025 14:20;761
17/03/2025 14:25;709
17/03/2025 14:30;707
17/03/2025 14:35;698
17/03/2025 14:40;686
17/03/2025 14:45;683
17/03/2025 14:50;677
17/03/2025 14:55;663
17/03/2025 15:00;645
17/03/2025 15:05;628
17/03/2025 15:10;638
17/03/2025 15:15;555
17/03/2025 15:20;608
17/03/2025 15:25;593
17/03/2025 15:30;590
17/03/2025 15:35;582
17/03/2025 15:40;608
17/03/2025 15:45;381
17/03/2025 15:50;195
17/03/2025 15:55;238
17/03/2025 16:00;276
17/03/2025 16:05;232
17/03/2025 16:10;232
17/03/2025 16:15;274
17/03/2025 16:20;310
17/03/2025 16:25;239
17/03/2025 16:30;215
17/03/2025 16:35;201
17/03/2025 16:40;243
17/03/2025 16:45;244
17/03/2025 16:50;201
17/03/2025 16:55;143
17/03/2025 17:00;149
17/03/2025 17:05;163
17/03/2025 17:10;118
17/03/2025 17:15;112
17/03/2025 17:20;109
17/03/2025 17:25;108
17/03/2025 17:30;106
17/03/2025 17:35;97
17/03/2025 17:40;86
17/03/2025 17:45;78
17/03/2025 17:50;62
17/03/2025 17:55;50
17/03/2025 18:00;39
17/03/2025 18:05;39
17/03/2025 18:10;39
17/03/2025 18:15;39
17/03/2025 18:20;39
17/03/2025 18:25;39
17/03/2025 18:30;39
17/03/2025 18:35;39
17/03/2025 18:40;39
17/03/2025 18:45;39
17/03/2025 18:50;39
17/03/2025 18:55;39
17/03/2025 19:00;39
17/03/2025 19:05;0
18/03/2025 7:34;0
18/03/2025 7:35;0
18/03/2025 7:35;0
18/03/2025 7:36;0
18/03/2025 7:36;0
18/03/2025 7:40;0
18/03/2025 7:45;0
18/03/2025 7:50;0
18/03/2025 7:55;0
18/03/2025 8:00;39
18/03/2025 8:05;39
18/03/2025 8:10;39
18/03/2025 8:15;39
18/03/2025 8:20;47
18/03/2025 8:25;152
18/03/2025 8:30;78
18/03/2025 8:35;98
18/03/2025 8:40;88
18/03/2025 8:45;117
18/03/2025 8:50;117
18/03/2025 8:55;135
18/03/2025 9:00;184
18/03/2025 9:05;232
18/03/2025 9:10;175
18/03/2025 9:15;149
18/03/2025 9:20;160
18/03/2025 9:25;160
18/03/2025 9:30;155
18/03/2025 9:35;154
18/03/2025 9:40;155
18/03/2025 9:45;182
18/03/2025 9:50;261
18/03/2025 9:55;519
18/03/2025 10:00;640
18/03/2025 10:05;617
18/03/2025 10:10;412
18/03/2025 10:15;462
18/03/2025 10:20;291
18/03/2025 10:25;341
18/03/2025 10:30;382
18/03/2025 10:35;402
18/03/2025 10:40;725
18/03/2025 10:45;644
18/03/2025 10:50;644
18/03/2025 10:55;453
18/03/2025 11:00;556
18/03/2025 11:05;338
18/03/2025 11:10;290
18/03/2025 11:15;337
18/03/2025 11:20;262
18/03/2025 11:25;334
18/03/2025 11:30;368
18/03/2025 11:35;266
18/03/2025 11:40;310
18/03/2025 11:45;324
18/03/2025 11:50;769
18/03/2025 11:55;757
18/03/2025 12:00;629
18/03/2025 12:05;363
18/03/2025 12:10;285
18/03/2025 12:15;338
18/03/2025 12:20;316
18/03/2025 12:25;287
18/03/2025 12:30;260
18/03/2025 12:35;262
18/03/2025 12:40;271
18/03/2025 12:45;293
18/03/2025 12:50;281
18/03/2025 12:55;289
18/03/2025 13:00;286
18/03/2025 13:05;770
18/03/2025 13:10;647
18/03/2025 13:15;649
18/03/2025 13:20;779
18/03/2025 13:25;604
18/03/2025 13:30;732
18/03/2025 13:35;780
18/03/2025 13:40;293
18/03/2025 13:45;600
18/03/2025 13:50;312
18/03/2025 13:55;202
18/03/2025 14:00;181
18/03/2025 14:05;162
18/03/2025 14:10;174
18/03/2025 14:15;205
18/03/2025 14:20;211
18/03/2025 14:25;758
18/03/2025 14:30;763
18/03/2025 14:35;755
18/03/2025 14:40;239
18/03/2025 14:45;566
18/03/2025 14:50;698
18/03/2025 14:55;255
18/03/2025 15:00;269
18/03/2025 15:05;551
18/03/2025 15:10;651
18/03/2025 15:15;356
18/03/2025 15:20;657
18/03/2025 15:25;219
18/03/2025 15:30;669
18/03/2025 15:35;336
18/03/2025 15:40;139
18/03/2025 15:45;106
18/03/2025 15:50;110
18/03/2025 15:55;109
18/03/2025 16:00;110
18/03/2025 16:05;110
18/03/2025 16:10;118
18/03/2025 16:15;135
18/03/2025 16:20;150
18/03/2025 16:25;125
18/03/2025 16:30;98
18/03/2025 16:35;83
18/03/2025 16:40;81
18/03/2025 16:45;66
18/03/2025 16:50;59
18/03/2025 16:55;58
18/03/2025 17:00;54
18/03/2025 17:05;53
18/03/2025 17:10;50
18/03/2025 17:15;43
18/03/2025 17:20;39
18/03/2025 17:25;39
18/03/2025 17:30;39
18/03/2025 17:35;39
18/03/2025 17:40;39
18/03/2025 17:45;39
18/03/2025 17:50;39
18/03/2025 17:55;39
18/03/2025 18:00;39
18/03/2025 18:05;39
18/03/2025 18:10;39
18/03/2025 18:15;39
18/03/2025 18:20;39
18/03/2025 18:25;39
18/03/2025 18:30;39
18/03/2025 18:35;39
18/03/2025 18:40;39
18/03/2025 18:45;39
18/03/2025 18:50;39
18/03/2025 18:55;39
18/03/2025 19:00;39
18/03/2025 19:05;39
18/03/2025 19:10;0
19/03/2025 7:28;0
19/03/2025 7:28;0
19/03/2025 7:29;0
19/03/2025 7:29;0
19/03/2025 7:30;0
19/03/2025 7:35;0
19/03/2025 7:40;0
19/03/2025 7:45;0
19/03/2025 7:50;0
19/03/2025 7:55;39
19/03/2025 8:00;39
19/03/2025 8:05;44
19/03/2025 8:10;162
19/03/2025 8:15;169
19/03/2025 8:20;217
19/03/2025 8:25;254
19/03/2025 8:30;289
19/03/2025 8:35;216
19/03/2025 8:40;255
19/03/2025 8:45;351
19/03/2025 8:50;361
19/03/2025 8:55;381
19/03/2025 9:00;400
19/03/2025 9:05;411
19/03/2025 9:10;423
19/03/2025 9:15;451
19/03/2025 9:20;472
19/03/2025 9:25;485
19/03/2025 9:30;504
19/03/2025 9:35;522
19/03/2025 9:40;539
19/03/2025 9:45;557
19/03/2025 9:50;569
19/03/2025 9:55;585
19/03/2025 10:00;603
19/03/2025 10:05;613
19/03/2025 10:10;605
19/03/2025 10:15;610
19/03/2025 10:20;642
19/03/2025 10:25;636
19/03/2025 10:30;664
19/03/2025 10:35;673
19/03/2025 10:40;670
19/03/2025 10:45;688
19/03/2025 10:50;692
19/03/2025 10:55;689
19/03/2025 11:00;709
19/03/2025 11:05;700
19/03/2025 11:10;726
19/03/2025 11:15;724
19/03/2025 11:20;730
19/03/2025 11:25;713
19/03/2025 11:30;749
19/03/2025 11:35;752
19/03/2025 11:40;759
19/03/2025 11:45;759
19/03/2025 11:50;765
19/03/2025 11:55;750
19/03/2025 12:00;770
19/03/2025 12:05;566
19/03/2025 12:10;615
19/03/2025 12:15;658
19/03/2025 12:20;678
19/03/2025 12:25;780
19/03/2025 12:30;776
19/03/2025 12:35;773
19/03/2025 12:40;773
19/03/2025 12:45;770
19/03/2025 12:50;771
19/03/2025 12:55;770
19/03/2025 13:00;752
19/03/2025 13:05;713
19/03/2025 13:10;747
19/03/2025 13:15;774
19/03/2025 13:20;764
19/03/2025 13:25;759
19/03/2025 13:30;745
19/03/2025 13:35;747
19/03/2025 13:40;754
19/03/2025 13:45;748
19/03/2025 13:50;748
19/03/2025 13:55;741
19/03/2025 14:00;746
19/03/2025 14:05;728
19/03/2025 14:10;585
19/03/2025 14:15;539
19/03/2025 14:20;659
19/03/2025 14:25;646
19/03/2025 14:30;681
19/03/2025 14:35;424
19/03/2025 14:40;636
19/03/2025 14:45;715
19/03/2025 14:50;670
19/03/2025 14:55;0
19/03/2025 15:00;678
19/03/2025 15:05;0
19/03/2025 15:10;676
19/03/2025 15:15;609
19/03/2025 15:20;605
19/03/2025 15:25;566
19/03/2025 15:30;592
19/03/2025 15:35;550
19/03/2025 15:40;562
19/03/2025 15:45;600
19/03/2025 15:50;527
19/03/2025 15:55;0
19/03/2025 16:00;240
19/03/2025 16:05;434
19/03/2025 16:10;123
19/03/2025 16:15;192
19/03/2025 16:20;125
19/03/2025 16:25;128
19/03/2025 16:30;290
19/03/2025 16:35;193
19/03/2025 16:40;329
19/03/2025 16:45;213
19/03/2025 16:50;231
19/03/2025 16:55;232
19/03/2025 17:00;249
19/03/2025 17:05;237
19/03/2025 17:10;170
19/03/2025 17:15;135
19/03/2025 17:20;114
19/03/2025 17:25;94
19/03/2025 17:30;83
19/03/2025 17:35;94
19/03/2025 17:40;71
19/03/2025 17:45;75
19/03/2025 17:50;62
19/03/2025 17:55;60
19/03/2025 18:00;55
19/03/2025 18:05;45
19/03/2025 18:10;39
19/03/2025 18:15;39
19/03/2025 18:20;39
19/03/2025 18:25;39
19/03/2025 18:30;39
19/03/2025 18:35;39
19/03/2025 18:40;39
19/03/2025 18:45;39
19/03/2025 18:50;39
19/03/2025 18:55;39
19/03/2025 19:00;39
19/03/2025 19:05;39
19/03/2025 19:10;39
19/03/2025 19:15;0
20/03/2025 7:36;0
20/03/2025 7:36;0
20/03/2025 7:37;0
20/03/2025 7:37;0
20/03/2025 7:38;0
20/03/2025 7:40;0
20/03/2025 7:45;0
20/03/2025 7:50;0
20/03/2025 7:55;0
20/03/2025 8:00;0
20/03/2025 8:05;39
20/03/2025 8:10;39
20/03/2025 8:15;39
20/03/2025 8:20;39
20/03/2025 8:25;39
20/03/2025 8:30;39
20/03/2025 8:35;45
20/03/2025 8:40;56
20/03/2025 8:45;66
20/03/2025 8:50;78
20/03/2025 8:55;88
20/03/2025 9:00;102
20/03/2025 9:05;118
20/03/2025 9:10;131
20/03/2025 9:15;147
20/03/2025 9:20;167
20/03/2025 9:25;183
20/03/2025 9:30;174
20/03/2025 9:35;192
20/03/2025 9:40;209
20/03/2025 9:45;220
20/03/2025 9:50;244
20/03/2025 9:55;282
20/03/2025 10:00;311
20/03/2025 10:05;334
20/03/2025 10:10;462
20/03/2025 10:15;396
20/03/2025 10:20;309
20/03/2025 10:25;226
20/03/2025 10:30;378
20/03/2025 10:35;316
20/03/2025 10:40;220
20/03/2025 10:45;220
20/03/2025 10:50;171
20/03/2025 10:55;160
20/03/2025 11:00;145
20/03/2025 11:05;134
20/03/2025 11:10;142
20/03/2025 11:15;175
20/03/2025 11:20;175
20/03/2025 11:25;185
20/03/2025 11:30;204
20/03/2025 11:35;206
20/03/2025 11:40;232
20/03/2025 11:45;222
20/03/2025 11:50;140
20/03/2025 11:55;124
20/03/2025 12:00;85
20/03/2025 12:05;80
20/03/2025 12:10;128
20/03/2025 12:15;126
20/03/2025 12:20;247
20/03/2025 12:25;271
20/03/2025 12:30;370
20/03/2025 12:35;294
20/03/2025 12:40;283
20/03/2025 12:45;254
20/03/2025 12:50;151
20/03/2025 12:55;151
20/03/2025 13:00;149
20/03/2025 13:05;242
20/03/2025 13:10;368
20/03/2025 13:15;410
20/03/2025 13:20;292
20/03/2025 13:25;348
20/03/2025 13:30;338
20/03/2025 13:35;347
20/03/2025 13:40;293
20/03/2025 13:45;261
20/03/2025 13:50;322
20/03/2025 13:55;507
20/03/2025 14:00;449
20/03/2025 14:05;780
20/03/2025 14:10;656
20/03/2025 14:15;279
20/03/2025 14:20;503
20/03/2025 14:25;617
20/03/2025 14:30;710
20/03/2025 14:35;780
20/03/2025 14:40;619
20/03/2025 14:45;283
20/03/2025 14:50;473
20/03/2025 14:55;689
20/03/2025 15:00;639
20/03/2025 15:05;657
20/03/2025 15:10;545
20/03/2025 15:15;728
20/03/2025 15:20;652
20/03/2025 15:25;509
20/03/2025 15:30;497
20/03/2025 15:35;305
20/03/2025 15:40;580
20/03/2025 15:45;308
20/03/2025 15:50;433
20/03/2025 15:55;412
20/03/2025 16:00;577
20/03/2025 16:05;364
20/03/2025 16:10;586
20/03/2025 16:15;463
20/03/2025 16:20;275
20/03/2025 16:25;241
20/03/2025 16:30;211
20/03/2025 16:35;371
20/03/2025 16:40;220
20/03/2025 16:45;271
20/03/2025 16:50;202
20/03/2025 16:55;219
20/03/2025 17:00;152
20/03/2025 17:05;194
20/03/2025 17:10;144
20/03/2025 17:15;126
20/03/2025 17:20;120
20/03/2025 17:25;104
20/03/2025 17:30;103
20/03/2025 17:35;84
20/03/2025 17:40;81
20/03/2025 17:45;76
20/03/2025 17:50;61
20/03/2025 17:55;50
20/03/2025 18:00;49
20/03/2025 18:05;43
20/03/2025 18:10;39
20/03/2025 18:15;40
20/03/2025 18:20;39
20/03/2025 18:25;39
20/03/2025 18:30;39
20/03/2025 18:35;39
20/03/2025 18:40;39
20/03/2025 18:45;39
20/03/2025 18:50;39
20/03/2025 18:55;39
20/03/2025 19:00;39
20/03/2025 19:05;39
20/03/2025 19:10;39
20/03/2025 19:15;39
20/03/2025 19:20;39
20/03/2025 19:25;0
21/03/2025 7:28;0
21/03/2025 7:28;0
21/03/2025 7:29;0
21/03/2025 7:29;0
21/03/2025 7:30;0
21/03/2025 7:35;0
21/03/2025 7:40;0
21/03/2025 7:45;0
21/03/2025 7:50;0
21/03/2025 7:55;0
21/03/2025 8:00;76
21/03/2025 8:05;193
21/03/2025 8:10;222
21/03/2025 8:15;254
21/03/2025 8:20;294
21/03/2025 8:25;333
21/03/2025 8:30;372
21/03/2025 8:35;376
21/03/2025 8:40;405
21/03/2025 8:45;422
21/03/2025 8:50;269
21/03/2025 8:55;284
21/03/2025 9:00;112
21/03/2025 9:05;348
21/03/2025 9:10;505
21/03/2025 9:15;63
21/03/2025 9:20;86
21/03/2025 9:25;92
21/03/2025 9:30;159
21/03/2025 9:35;187
21/03/2025 9:40;175
21/03/2025 9:45;524
21/03/2025 9:50;600
21/03/2025 9:55;601
21/03/2025 10:00;644
21/03/2025 10:05;284
21/03/2025 10:10;250
21/03/2025 10:15;187
21/03/2025 10:20;137
21/03/2025 10:25;131
21/03/2025 10:30;150
21/03/2025 10:35;192
21/03/2025 10:40;232
21/03/2025 10:45;184
21/03/2025 10:50;164
21/03/2025 10:55;151
21/03/2025 11:00;145
21/03/2025 11:05;153
21/03/2025 11:10;176
21/03/2025 11:15;231
21/03/2025 11:20;262
21/03/2025 11:25;780
21/03/2025 11:30;622
21/03/2025 11:35;780
21/03/2025 11:40;770
21/03/2025 11:45;761
21/03/2025 11:50;780
21/03/2025 11:55;394
21/03/2025 12:00;230
21/03/2025 12:05;239
21/03/2025 12:10;213
21/03/2025 12:15;189
21/03/2025 12:20;214
21/03/2025 12:25;436
21/03/2025 12:30;707
21/03/2025 12:35;769
21/03/2025 12:40;770
21/03/2025 12:45;770
21/03/2025 12:50;629
21/03/2025 12:55;726
21/03/2025 13:00;542
21/03/2025 13:05;770
21/03/2025 13:10;780
21/03/2025 13:15;780
21/03/2025 13:20;625
21/03/2025 13:25;333
21/03/2025 13:30;603
21/03/2025 13:35;780
21/03/2025 13:40;717
21/03/2025 13:45;716
21/03/2025 13:50;758
21/03/2025 13:55;149
21/03/2025 14:00;163
21/03/2025 14:05;177
21/03/2025 14:10;169
21/03/2025 14:15;159
21/03/2025 14:20;154
21/03/2025 14:25;156
21/03/2025 14:30;166
21/03/2025 14:35;182
21/03/2025 14:40;178
21/03/2025 14:45;172
21/03/2025 14:50;157
21/03/2025 14:55;148
21/03/2025 15:00;142
21/03/2025 15:05;135
21/03/2025 15:10;134
21/03/2025 15:15;121
21/03/2025 15:20;113
21/03/2025 15:25;103
21/03/2025 15:30;89
21/03/2025 15:35;81
21/03/2025 15:40;58
21/03/2025 15:45;67
21/03/2025 15:50;64
21/03/2025 15:55;58
21/03/2025 16:00;57
21/03/2025 16:05;59
21/03/2025 16:10;55
21/03/2025 16:15;58
21/03/2025 16:20;56
21/03/2025 16:25;49
21/03/2025 16:30;41
21/03/2025 16:35;40
21/03/2025 16:40;44
21/03/2025 16:45;44
21/03/2025 16:50;39
21/03/2025 16:55;41
21/03/2025 17:00;44
21/03/2025 17:05;48
21/03/2025 17:10;47
21/03/2025 17:15;50
21/03/2025 17:20;50
21/03/2025 17:25;49
21/03/2025 17:30;39
21/03/2025 17:35;39
21/03/2025 17:40;39
21/03/2025 17:45;39
21/03/2025 17:50;39
21/03/2025 17:55;39
21/03/2025 18:00;42
21/03/2025 18:05;53
21/03/2025 18:10;87
21/03/2025 18:15;71
21/03/2025 18:20;45
21/03/2025 18:25;39
21/03/2025 18:30;39
21/03/2025 18:35;39
21/03/2025 18:40;39
21/03/2025 18:45;39
21/03/2025 18:50;39
21/03/2025 18:55;39
21/03/2025 19:00;0
21/03/2025 19:05;0
21/03/2025 19:10;0
21/03/2025 19:15;0
22/03/2025 8:05;0
22/03/2025 8:06;0
22/03/2025 8:06;0
22/03/2025 8:07;0
22/03/2025 8:07;0
22/03/2025 8:10;0
22/03/2025 8:10;0
22/03/2025 8:11;0
22/03/2025 8:12;0
22/03/2025 8:12;0
22/03/2025 8:13;0
22/03/2025 8:13;0
22/03/2025 8:14;0
22/03/2025 8:15;0
22/03/2025 8:20;0
22/03/2025 8:25;0
22/03/2025 8:30;39
22/03/2025 8:35;39
22/03/2025 8:40;39
22/03/2025 8:45;39
22/03/2025 8:50;39
22/03/2025 8:55;39
22/03/2025 9:00;39
22/03/2025 9:05;39
22/03/2025 9:10;39
22/03/2025 9:15;39
22/03/2025 9:20;39
22/03/2025 9:25;39
22/03/2025 9:30;39
22/03/2025 9:35;39
22/03/2025 9:40;39
22/03/2025 9:45;39
22/03/2025 9:50;39
22/03/2025 9:55;39
22/03/2025 10:00;39
22/03/2025 10:05;39
22/03/2025 10:10;39
22/03/2025 10:15;55
22/03/2025 10:20;74
22/03/2025 10:25;103
22/03/2025 10:30;85
22/03/2025 10:35;56
22/03/2025 10:40;82
22/03/2025 10:45;91
22/03/2025 10:50;81
22/03/2025 10:55;47
22/03/2025 11:00;54
22/03/2025 11:05;57
22/03/2025 11:10;78
22/03/2025 11:15;60
22/03/2025 11:20;74
22/03/2025 11:25;45
22/03/2025 11:30;61
22/03/2025 11:35;51
22/03/2025 11:40;68
22/03/2025 11:45;42
22/03/2025 11:50;76
22/03/2025 11:55;75
22/03/2025 12:00;124
22/03/2025 12:05;113
22/03/2025 12:10;84
22/03/2025 12:15;102
22/03/2025 12:20;84
22/03/2025 12:25;109
22/03/2025 12:30;119
22/03/2025 12:35;160
22/03/2025 12:40;180
22/03/2025 12:45;204
22/03/2025 12:50;228
22/03/2025 12:55;329
22/03/2025 13:00;278
22/03/2025 13:05;203
22/03/2025 13:10;156
22/03/2025 13:15;170
22/03/2025 13:20;129
22/03/2025 13:25;110
22/03/2025 13:30;139
22/03/2025 13:35;227
22/03/2025 13:40;287
22/03/2025 13:45;307
22/03/2025 13:50;433
22/03/2025 13:55;531
22/03/2025 14:00;625
22/03/2025 14:05;575
22/03/2025 14:10;455
22/03/2025 14:15;624
22/03/2025 14:20;559
22/03/2025 14:25;328
22/03/2025 14:30;384
22/03/2025 14:35;261
22/03/2025 14:40;333
22/03/2025 14:45;405
22/03/2025 14:50;309
22/03/2025 14:55;331
22/03/2025 15:00;320
22/03/2025 15:05;216
22/03/2025 15:10;251
22/03/2025 15:15;220
22/03/2025 15:20;224
22/03/2025 15:25;129
22/03/2025 15:30;122
22/03/2025 15:35;188
22/03/2025 15:40;196
22/03/2025 15:45;185
22/03/2025 15:50;159
22/03/2025 15:55;154
22/03/2025 16:00;158
22/03/2025 16:05;138
22/03/2025 16:10;110
22/03/2025 16:15;123
22/03/2025 16:20;58
22/03/2025 16:25;105
22/03/2025 16:30;133
22/03/2025 16:35;154
22/03/2025 16:40;165
22/03/2025 16:45;122
22/03/2025 16:50;126
22/03/2025 16:55;44
22/03/2025 17:00;92
22/03/2025 17:05;46
22/03/2025 17:10;45
22/03/2025 17:15;82
22/03/2025 17:20;97
22/03/2025 17:25;105
22/03/2025 17:30;78
22/03/2025 17:35;39
22/03/2025 17:40;39
22/03/2025 17:45;39
22/03/2025 17:50;39
22/03/2025 17:55;39
22/03/2025 18:00;39
22/03/2025 18:05;39
22/03/2025 18:10;39
22/03/2025 18:15;39
22/03/2025 18:20;39
22/03/2025 18:25;39
22/03/2025 18:30;39
22/03/2025 18:35;39
22/03/2025 18:40;39
22/03/2025 18:45;39
22/03/2025 18:50;39
22/03/2025 18:55;39
22/03/2025 19:00;39
22/03/2025 19:05;0
22/03/2025 19:10;0
22/03/2025 19:15;0
23/03/2025 7:26;0
23/03/2025 7:27;0
23/03/2025 7:27;0
23/03/2025 7:28;0
23/03/2025 7:28;0
23/03/2025 7:30;0
23/03/2025 7:35;0
23/03/2025 7:40;0
23/03/2025 7:45;39
23/03/2025 7:50;39
23/03/2025 7:55;39
23/03/2025 8:00;39
23/03/2025 8:05;39
23/03/2025 8:10;39
23/03/2025 8:15;39
23/03/2025 8:20;39
23/03/2025 8:25;39
23/03/2025 8:30;46
23/03/2025 8:35;49
23/03/2025 8:40;81
23/03/2025 8:45;85
23/03/2025 8:50;90
23/03/2025 8:55;78
23/03/2025 9:00;98
23/03/2025 9:05;135
23/03/2025 9:10;155
23/03/2025 9:15;111
23/03/2025 9:20;155
23/03/2025 9:25;206
23/03/2025 9:30;254
23/03/2025 9:35;201
23/03/2025 9:40;171
23/03/2025 9:45;171
23/03/2025 9:50;378
23/03/2025 9:55;298
23/03/2025 10:00;219
23/03/2025 10:05;703
23/03/2025 10:10;263
23/03/2025 10:15;458
23/03/2025 10:20;348
23/03/2025 10:25;254
23/03/2025 10:30;317
23/03/2025 10:35;261
23/03/2025 10:40;332
23/03/2025 10:45;640
23/03/2025 10:50;367
23/03/2025 10:55;590
23/03/2025 11:00;566
23/03/2025 11:05;544
23/03/2025 11:10;358
23/03/2025 11:15;299
23/03/2025 11:20;412
23/03/2025 11:25;269
23/03/2025 11:30;248
23/03/2025 11:35;299
23/03/2025 11:40;411
23/03/2025 11:45;336
23/03/2025 11:50;327
23/03/2025 11:55;388
23/03/2025 12:00;429
23/03/2025 12:05;378
23/03/2025 12:10;416
23/03/2025 12:15;396
23/03/2025 12:20;658
23/03/2025 12:25;537
23/03/2025 12:30;301
23/03/2025 12:35;325
23/03/2025 12:40;375
23/03/2025 12:45;529
23/03/2025 12:50;266
23/03/2025 12:55;596
23/03/2025 13:00;520
23/03/2025 13:05;505
23/03/2025 13:10;294
23/03/2025 13:15;291
23/03/2025 13:20;310
23/03/2025 13:25;317
23/03/2025 13:30;246
23/03/2025 13:35;209
23/03/2025 13:40;225
23/03/2025 13:45;240
23/03/2025 13:50;231
23/03/2025 13:55;238
23/03/2025 14:00;309
23/03/2025 14:05;383
23/03/2025 14:10;340
23/03/2025 14:15;374
23/03/2025 14:20;385
23/03/2025 14:25;357
23/03/2025 14:30;570
23/03/2025 14:35;459
23/03/2025 14:40;471
23/03/2025 14:45;697
23/03/2025 14:50;594
23/03/2025 14:55;702
23/03/2025 15:00;731
23/03/2025 15:05;375
23/03/2025 15:10;569
23/03/2025 15:15;519
23/03/2025 15:20;780
23/03/2025 15:25;674
23/03/2025 15:30;713
23/03/2025 15:35;535
23/03/2025 15:40;606
23/03/2025 15:45;695
23/03/2025 15:50;616
23/03/2025 15:55;589
23/03/2025 16:00;551
23/03/2025 16:05;518
23/03/2025 16:10;496
23/03/2025 16:15;510
23/03/2025 16:20;289
23/03/2025 16:25;448
23/03/2025 16:30;454
23/03/2025 16:35;324
23/03/2025 16:40;274
23/03/2025 16:45;254
23/03/2025 16:50;237
23/03/2025 16:55;212
23/03/2025 17:00;198
23/03/2025 17:05;186
23/03/2025 17:10;172
23/03/2025 17:15;118
23/03/2025 17:20;77
23/03/2025 17:25;106
23/03/2025 17:30;84
23/03/2025 17:35;69
23/03/2025 17:40;57
23/03/2025 17:45;61
23/03/2025 17:50;56
23/03/2025 17:55;49
23/03/2025 18:00;44
23/03/2025 18:05;39
23/03/2025 18:10;39
23/03/2025 18:15;39
23/03/2025 18:20;39
23/03/2025 18:25;39
23/03/2025 18:30;39
23/03/2025 18:35;39
23/03/2025 18:40;39
23/03/2025 18:45;39
23/03/2025 18:50;39
23/03/2025 18:55;39
23/03/2025 19:00;39
23/03/2025 19:05;39
23/03/2025 19:10;39
23/03/2025 19:15;0
24/03/2025 7:40;0
24/03/2025 7:40;0
24/03/2025 7:41;0
24/03/2025 7:41;0
24/03/2025 7:42;0
24/03/2025 7:45;0
24/03/2025 7:50;0
24/03/2025 7:55;0
24/03/2025 8:00;0
24/03/2025 8:05;0
24/03/2025 8:10;0
24/03/2025 8:15;0
24/03/2025 8:20;39
24/03/2025 8:25;39
24/03/2025 8:30;39
24/03/2025 8:35;39
24/03/2025 8:40;39
24/03/2025 8:45;39
24/03/2025 8:50;0
24/03/2025 8:55;39
24/03/2025 9:00;43
24/03/2025 9:05;53
24/03/2025 9:10;49
24/03/2025 9:15;39
24/03/2025 9:20;39
24/03/2025 9:25;39
24/03/2025 9:30;39
24/03/2025 9:35;51
24/03/2025 9:40;50
24/03/2025 9:45;40
24/03/2025 9:50;40
24/03/2025 9:55;48
24/03/2025 10:00;39
24/03/2025 10:05;39
24/03/2025 10:10;39
24/03/2025 10:15;39
24/03/2025 10:20;42
24/03/2025 10:25;39
24/03/2025 10:30;39
24/03/2025 10:35;39
24/03/2025 10:40;39
24/03/2025 10:45;50
24/03/2025 10:50;56
24/03/2025 10:55;75
24/03/2025 11:00;39
24/03/2025 11:05;39
24/03/2025 11:10;39
24/03/2025 11:15;58
24/03/2025 11:20;77
24/03/2025 11:25;75
24/03/2025 11:30;65
24/03/2025 11:35;57
24/03/2025 11:40;76
24/03/2025 11:45;94
24/03/2025 11:50;101
24/03/2025 11:55;89
24/03/2025 12:00;79
24/03/2025 12:05;109
24/03/2025 12:10;111
24/03/2025 12:15;82
24/03/2025 12:20;67
24/03/2025 12:25;53
24/03/2025 12:30;47
24/03/2025 12:35;51
24/03/2025 12:40;62
24/03/2025 12:45;57
24/03/2025 12:50;82
24/03/2025 12:55;69
24/03/2025 13:00;120
24/03/2025 13:05;110
24/03/2025 13:10;123
24/03/2025 13:15;109
24/03/2025 13:20;39
24/03/2025 13:25;77
24/03/2025 13:30;100
24/03/2025 13:35;126
24/03/2025 13:40;115
24/03/2025 13:45;115
24/03/2025 13:50;87
24/03/2025 13:55;57
24/03/2025 14:00;39
24/03/2025 14:05;39
24/03/2025 14:10;66
24/03/2025 14:15;108
24/03/2025 14:20;61
24/03/2025 14:25;45
24/03/2025 14:30;41
24/03/2025 14:35;92
24/03/2025 14:40;59
24/03/2025 14:45;42
24/03/2025 14:50;54
24/03/2025 14:55;39
24/03/2025 15:00;39
24/03/2025 15:05;39
24/03/2025 15:10;39
24/03/2025 15:15;39
24/03/2025 15:20;39
24/03/2025 15:25;39
24/03/2025 15:30;48
24/03/2025 15:35;39
24/03/2025 15:40;39
24/03/2025 15:45;39
24/03/2025 15:50;39
24/03/2025 15:55;39
24/03/2025 16:00;39
24/03/2025 16:05;39
24/03/2025 16:10;39
24/03/2025 16:15;39
24/03/2025 16:20;39
24/03/2025 16:25;39
24/03/2025 16:30;39
24/03/2025 16:35;39
24/03/2025 16:40;0
24/03/2025 16:45;0
24/03/2025 16:50;39
24/03/2025 16:55;39
24/03/2025 17:00;39
24/03/2025 17:05;39
24/03/2025 17:10;39
24/03/2025 17:15;39
24/03/2025 17:20;39
24/03/2025 17:25;49
24/03/2025 17:30;39
24/03/2025 17:35;39
24/03/2025 17:40;39
24/03/2025 17:45;39
24/03/2025 17:50;39
24/03/2025 17:55;39
24/03/2025 18:00;39
24/03/2025 18:03;0
24/03/2025 18:03;0
24/03/2025 18:04;0
24/03/2025 18:04;0
24/03/2025 18:05;0
24/03/2025 18:10;0
24/03/2025 18:15;39
24/03/2025 18:19;0
24/03/2025 18:21;0
24/03/2025 18:22;0
24/03/2025 18:22;0
24/03/2025 18:23;0
24/03/2025 18:26;0
24/03/2025 18:26;0
24/03/2025 18:27;0
24/03/2025 18:27;0
24/03/2025 18:28;0
24/03/2025 18:30;0
24/03/2025 18:35;39
24/03/2025 19:01;0
24/03/2025 19:02;0
25/03/2025 7:24;0
25/03/2025 7:24;0
25/03/2025 7:25;0
25/03/2025 7:25;0
25/03/2025 7:26;0
25/03/2025 7:30;0
25/03/2025 7:35;0
25/03/2025 7:40;0
25/03/2025 7:45;0
25/03/2025 7:50;0
25/03/2025 7:55;39
25/03/2025 8:00;39
25/03/2025 8:05;39
25/03/2025 8:10;39
25/03/2025 8:15;39
25/03/2025 8:20;43
25/03/2025 8:25;55
25/03/2025 8:30;47
25/03/2025 8:35;47
25/03/2025 8:40;56
25/03/2025 8:45;71
25/03/2025 8:50;78
25/03/2025 8:55;96
25/03/2025 9:00;114
25/03/2025 9:05;149
25/03/2025 9:10;140
25/03/2025 9:15;171
25/03/2025 9:20;148
25/03/2025 9:25;121
25/03/2025 9:30;97
25/03/2025 9:35;78
25/03/2025 9:40;79
25/03/2025 9:45;79
25/03/2025 9:50;53
25/03/2025 9:55;58
25/03/2025 10:00;101
25/03/2025 10:05;169
25/03/2025 10:10;197
25/03/2025 10:15;98
25/03/2025 10:20;125
25/03/2025 10:25;161
25/03/2025 10:30;164
25/03/2025 10:35;131
25/03/2025 10:40;150
25/03/2025 10:45;235
25/03/2025 10:50;317
25/03/2025 10:55;293
25/03/2025 11:00;376
25/03/2025 11:05;444
25/03/2025 11:10;230
25/03/2025 11:15;389
25/03/2025 11:20;474
25/03/2025 11:25;420
25/03/2025 11:30;380
25/03/2025 11:35;503
25/03/2025 11:40;600
25/03/2025 11:45;665
25/03/2025 11:50;766
25/03/2025 11:55;570
25/03/2025 12:00;380
25/03/2025 12:05;240
25/03/2025 12:10;326
25/03/2025 12:15;168
25/03/2025 12:20;128
25/03/2025 12:25;133
25/03/2025 12:30;128
25/03/2025 12:35;104
25/03/2025 12:40;141
25/03/2025 12:45;159
25/03/2025 12:50;180
25/03/2025 12:55;206
25/03/2025 13:00;206
25/03/2025 13:05;228
25/03/2025 13:10;258
25/03/2025 13:15;293
25/03/2025 13:20;301
25/03/2025 13:25;376
25/03/2025 13:30;401
25/03/2025 13:35;406
25/03/2025 13:40;454
25/03/2025 13:45;412
25/03/2025 13:50;489
25/03/2025 13:55;410
25/03/2025 14:00;479
25/03/2025 14:05;398
25/03/2025 14:10;378
25/03/2025 14:15;418
25/03/2025 14:20;216
25/03/2025 14:25;191
25/03/2025 14:30;185
25/03/2025 14:35;168
25/03/2025 14:40;166
25/03/2025 14:45;175
25/03/2025 14:50;228
25/03/2025 14:55;271
25/03/2025 15:00;258
25/03/2025 15:05;272
25/03/2025 15:10;761
25/03/2025 15:15;171
25/03/2025 15:20;178
25/03/2025 15:25;282
25/03/2025 15:30;249
25/03/2025 15:35;250
25/03/2025 15:40;246
25/03/2025 15:45;194
25/03/2025 15:50;164
25/03/2025 15:55;138
25/03/2025 16:00;119
25/03/2025 16:05;117
25/03/2025 16:10;139
25/03/2025 16:15;161
25/03/2025 16:20;182
25/03/2025 16:25;195
25/03/2025 16:30;292
25/03/2025 16:35;313
25/03/2025 16:40;128
25/03/2025 16:45;108
25/03/2025 16:50;136
25/03/2025 16:55;159
25/03/2025 17:00;237
25/03/2025 17:05;179
25/03/2025 17:10;156
25/03/2025 17:15;213
25/03/2025 17:20;165
25/03/2025 17:25;143
25/03/2025 17:30;107
25/03/2025 17:35;121
25/03/2025 17:40;97
25/03/2025 17:45;56
25/03/2025 17:50;46
25/03/2025 17:55;54
25/03/2025 18:00;57
25/03/2025 18:05;56
25/03/2025 18:10;55
25/03/2025 18:15;52
25/03/2025 18:20;39
25/03/2025 18:25;39
25/03/2025 18:30;39
25/03/2025 18:35;39
25/03/2025 18:40;39
25/03/2025 18:45;39
25/03/2025 18:50;39
25/03/2025 18:55;39
25/03/2025 19:00;39
25/03/2025 19:05;39
25/03/2025 19:10;39
26/03/2025 7:22;0
26/03/2025 7:22;0
26/03/2025 7:23;0
26/03/2025 7:23;0
26/03/2025 7:24;0
26/03/2025 7:25;0
26/03/2025 7:30;0
26/03/2025 7:35;0
26/03/2025 7:40;0
26/03/2025 7:45;0
26/03/2025 7:50;0
26/03/2025 7:55;0
26/03/2025 8:00;0
26/03/2025 8:05;0
26/03/2025 8:10;0
26/03/2025 8:15;39
26/03/2025 8:20;39
26/03/2025 8:25;39
26/03/2025 8:30;39
26/03/2025 8:35;39
26/03/2025 8:40;39
26/03/2025 8:45;39
26/03/2025 8:50;39
26/03/2025 8:55;39
26/03/2025 9:00;39
26/03/2025 9:05;42
26/03/2025 9:10;58
26/03/2025 9:15;63
26/03/2025 9:20;64
26/03/2025 9:25;83
26/03/2025 9:30;104
26/03/2025 9:35;107
26/03/2025 9:40;127
26/03/2025 9:45;145
26/03/2025 9:50;154
26/03/2025 9:55;153
26/03/2025 10:00;108
26/03/2025 10:05;86
26/03/2025 10:10;69
26/03/2025 10:15;53
26/03/2025 10:20;44
26/03/2025 10:25;39
26/03/2025 10:30;39
26/03/2025 10:35;39
26/03/2025 10:40;39
26/03/2025 10:45;70
26/03/2025 10:50;90
26/03/2025 10:55;109
26/03/2025 11:00;127
26/03/2025 11:05;166
26/03/2025 11:10;191
26/03/2025 11:15;194
26/03/2025 11:20;216
26/03/2025 11:25;312
26/03/2025 11:30;340
26/03/2025 11:35;357
26/03/2025 11:40;330
26/03/2025 11:45;312
26/03/2025 11:50;418
26/03/2025 11:55;239
26/03/2025 12:00;216
26/03/2025 12:05;257
26/03/2025 12:10;565
26/03/2025 12:15;507
26/03/2025 12:20;780
26/03/2025 12:25;541
26/03/2025 12:30;423
26/03/2025 12:35;271
26/03/2025 12:40;767
26/03/2025 12:45;269
26/03/2025 12:50;274
26/03/2025 12:55;493
26/03/2025 13:00;452
26/03/2025 13:05;772
26/03/2025 13:10;297
26/03/2025 13:15;448
26/03/2025 13:20;305
26/03/2025 13:25;780
26/03/2025 13:30;780
26/03/2025 13:35;780
26/03/2025 13:40;593
26/03/2025 13:45;780
26/03/2025 13:50;509
26/03/2025 13:55;772
26/03/2025 14:00;705
26/03/2025 14:05;780
26/03/2025 14:10;689
26/03/2025 14:15;522
26/03/2025 14:20;692
26/03/2025 14:25;756
26/03/2025 14:30;494
26/03/2025 14:35;773
26/03/2025 14:40;355
26/03/2025 14:45;450
26/03/2025 14:50;461
26/03/2025 14:55;368
26/03/2025 15:00;618
26/03/2025 15:05;780
26/03/2025 15:10;405
26/03/2025 15:15;430
26/03/2025 15:20;780
26/03/2025 15:25;345
26/03/2025 15:30;440
26/03/2025 15:35;286
26/03/2025 15:40;612
26/03/2025 15:45;282
26/03/2025 15:50;216
26/03/2025 15:55;257
26/03/2025 16:00;279
26/03/2025 16:05;611
26/03/2025 16:10;602
26/03/2025 16:15;325
26/03/2025 16:20;569
26/03/2025 16:25;477
26/03/2025 16:30;433
26/03/2025 16:35;409
26/03/2025 16:40;127
26/03/2025 16:45;265
26/03/2025 16:50;253
26/03/2025 16:55;245
26/03/2025 17:00;226
26/03/2025 17:05;220
26/03/2025 17:10;223
26/03/2025 17:15;243
26/03/2025 17:20;177
26/03/2025 17:25;101
26/03/2025 17:30;105
26/03/2025 17:35;103
26/03/2025 17:40;93
26/03/2025 17:45;94
26/03/2025 17:50;91
26/03/2025 17:55;81
26/03/2025 18:00;67
26/03/2025 18:05;51
26/03/2025 18:10;42
26/03/2025 18:15;39
26/03/2025 18:20;39
26/03/2025 18:25;39
26/03/2025 18:30;39
26/03/2025 18:35;39
26/03/2025 18:40;39
26/03/2025 18:45;39
26/03/2025 18:50;39
26/03/2025 18:55;39
26/03/2025 19:00;39
26/03/2025 19:05;39
26/03/2025 19:10;39
26/03/2025 19:15;39
26/03/2025 19:20;39
26/03/2025 19:25;39
26/03/2025 19:30;39
27/03/2025 7:36;0
27/03/2025 7:36;0
27/03/2025 7:37;0
27/03/2025 7:37;0
27/03/2025 7:38;0
27/03/2025 7:40;0
27/03/2025 7:45;0
27/03/2025 7:50;0
27/03/2025 7:55;0
27/03/2025 8:00;0
27/03/2025 8:05;41
27/03/2025 8:10;73
27/03/2025 8:15;60
27/03/2025 8:20;40
27/03/2025 8:25;62
27/03/2025 8:30;44
27/03/2025 8:35;39
27/03/2025 8:40;39
27/03/2025 8:45;55
27/03/2025 8:50;86
27/03/2025 8:55;90
27/03/2025 9:00;98
27/03/2025 9:05;85
27/03/2025 9:10;55
27/03/2025 9:15;39
27/03/2025 9:20;65
27/03/2025 9:25;66
27/03/2025 9:30;69
27/03/2025 9:35;65
27/03/2025 9:40;60
27/03/2025 9:45;73
27/03/2025 9:50;75
27/03/2025 9:55;68
27/03/2025 10:00;56
27/03/2025 10:05;54
27/03/2025 10:10;68
27/03/2025 10:15;74
27/03/2025 10:20;70
27/03/2025 10:25;53
27/03/2025 10:30;39
27/03/2025 10:35;39
27/03/2025 10:40;39
27/03/2025 10:45;54
27/03/2025 10:50;63
27/03/2025 10:55;80
27/03/2025 11:00;110
27/03/2025 11:05;152
27/03/2025 11:10;181
27/03/2025 11:15;214
27/03/2025 11:20;227
27/03/2025 11:25;227
27/03/2025 11:30;229
27/03/2025 11:35;259
27/03/2025 11:40;302
27/03/2025 11:45;334
27/03/2025 11:50;319
27/03/2025 11:55;319
27/03/2025 12:00;193
27/03/2025 12:05;125
27/03/2025 12:10;187
27/03/2025 12:15;269
27/03/2025 12:20;693
27/03/2025 12:25;450
27/03/2025 12:30;293
27/03/2025 12:35;220
27/03/2025 12:40;241
27/03/2025 12:45;277
27/03/2025 12:50;346
27/03/2025 12:55;487
27/03/2025 13:00;297
27/03/2025 13:05;282
27/03/2025 13:10;316
27/03/2025 13:15;277
27/03/2025 13:20;330
27/03/2025 13:25;334
27/03/2025 13:30;315
27/03/2025 13:35;309
27/03/2025 13:40;283
27/03/2025 13:45;308
27/03/2025 13:50;308
27/03/2025 13:55;331
27/03/2025 14:00;349
27/03/2025 14:05;381
27/03/2025 14:10;415
27/03/2025 14:15;421
27/03/2025 14:20;432
27/03/2025 14:25;464
27/03/2025 14:30;426
27/03/2025 14:35;519
27/03/2025 14:40;573
27/03/2025 14:45;467
27/03/2025 14:50;447
27/03/2025 14:55;440
27/03/2025 15:00;412
27/03/2025 15:05;331
27/03/2025 15:10;312
27/03/2025 15:15;280
27/03/2025 15:20;252
27/03/2025 15:25;226
27/03/2025 15:30;203
27/03/2025 15:35;191
27/03/2025 15:40;164
27/03/2025 15:45;149
27/03/2025 15:50;136
27/03/2025 15:55;123
27/03/2025 16:00;124
27/03/2025 16:05;120
27/03/2025 16:10;128
27/03/2025 16:15;138
27/03/2025 16:20;145
27/03/2025 16:25;147
27/03/2025 16:30;156
27/03/2025 16:35;157
27/03/2025 16:40;167
27/03/2025 16:45;170
27/03/2025 16:50;191
27/03/2025 16:55;182
27/03/2025 17:00;236
27/03/2025 17:05;279
27/03/2025 17:10;209
27/03/2025 17:15;160
27/03/2025 17:20;161
27/03/2025 17:25;147
27/03/2025 17:30;123
27/03/2025 17:35;134
27/03/2025 17:40;129
27/03/2025 17:45;94
27/03/2025 17:50;62
27/03/2025 17:55;68
27/03/2025 18:00;95
27/03/2025 18:05;67
27/03/2025 18:10;57
27/03/2025 18:15;39
27/03/2025 18:20;39
27/03/2025 18:25;42
27/03/2025 18:30;39
27/03/2025 18:35;39
27/03/2025 18:40;39
27/03/2025 18:45;39
27/03/2025 18:50;39
27/03/2025 18:55;39
27/03/2025 19:00;39
27/03/2025 19:05;39
27/03/2025 19:10;40
27/03/2025 19:15;0
27/03/2025 19:20;0
27/03/2025 19:25;0
28/03/2025 7:14;0
28/03/2025 7:14;0
28/03/2025 7:15;0
28/03/2025 7:15;0
28/03/2025 7:16;0
28/03/2025 7:20;0
28/03/2025 7:25;0
28/03/2025 7:30;0
28/03/2025 7:35;0
28/03/2025 7:40;0
28/03/2025 7:45;0
28/03/2025 7:50;0
28/03/2025 7:55;39
28/03/2025 8:00;45
28/03/2025 8:05;86
28/03/2025 8:10;46
28/03/2025 8:15;39
28/03/2025 8:20;39
28/03/2025 8:25;39
28/03/2025 8:30;39
28/03/2025 8:35;39
28/03/2025 8:40;40
28/03/2025 8:45;48
28/03/2025 8:50;74
28/03/2025 8:55;97
28/03/2025 9:00;51
28/03/2025 9:05;65
28/03/2025 9:10;99
28/03/2025 9:15;456
28/03/2025 9:20;299
28/03/2025 9:25;138
28/03/2025 9:30;214
28/03/2025 9:35;318
28/03/2025 9:40;194
28/03/2025 9:45;278
28/03/2025 9:50;287
28/03/2025 9:55;139
28/03/2025 10:00;106
28/03/2025 10:05;105
28/03/2025 10:10;167
28/03/2025 10:15;491
28/03/2025 10:20;306
28/03/2025 10:25;286
28/03/2025 10:30;105
28/03/2025 10:35;92
28/03/2025 10:40;92
28/03/2025 10:45;126
28/03/2025 10:50;160
28/03/2025 10:55;146
28/03/2025 11:00;281
28/03/2025 11:05;270
28/03/2025 11:10;322
28/03/2025 11:15;780
28/03/2025 11:20;325
28/03/2025 11:25;316
28/03/2025 11:30;185
28/03/2025 11:35;298
28/03/2025 11:40;224
28/03/2025 11:45;235
28/03/2025 11:50;300
28/03/2025 11:55;141
28/03/2025 12:00;165
28/03/2025 12:05;200
28/03/2025 12:10;197
28/03/2025 12:15;328
28/03/2025 12:20;700
28/03/2025 12:25;528
28/03/2025 12:30;638
28/03/2025 12:35;565
28/03/2025 12:40;264
28/03/2025 12:45;264
28/03/2025 12:50;244
28/03/2025 12:55;185
28/03/2025 13:00;160
28/03/2025 13:05;171
28/03/2025 13:10;201
28/03/2025 13:15;336
28/03/2025 13:20;470
28/03/2025 13:25;164
28/03/2025 13:30;186
28/03/2025 13:35;701
28/03/2025 13:40;570
28/03/2025 13:45;593
28/03/2025 13:50;620
28/03/2025 13:55;354
28/03/2025 14:00;691
28/03/2025 14:05;326
28/03/2025 14:10;281
28/03/2025 14:15;286
28/03/2025 14:20;346
28/03/2025 14:25;363
28/03/2025 14:30;266
28/03/2025 14:35;280
28/03/2025 14:40;399
28/03/2025 14:45;408
28/03/2025 14:50;672
28/03/2025 14:55;743
28/03/2025 15:00;664
28/03/2025 15:05;776
28/03/2025 15:10;224
28/03/2025 15:15;738
28/03/2025 15:20;756
28/03/2025 15:25;237
28/03/2025 15:30;194
28/03/2025 15:35;244
28/03/2025 15:40;299
28/03/2025 15:45;182
28/03/2025 15:50;267
28/03/2025 15:55;196
28/03/2025 16:00;250
28/03/2025 16:05;280
28/03/2025 16:10;243
28/03/2025 16:15;384
28/03/2025 16:20;455
28/03/2025 16:25;480
28/03/2025 16:30;277
28/03/2025 16:35;159
28/03/2025 16:40;145
28/03/2025 16:45;166
28/03/2025 16:50;305
28/03/2025 16:55;175
28/03/2025 17:00;120
28/03/2025 17:05;130
28/03/2025 17:10;130
28/03/2025 17:15;109
28/03/2025 17:20;122
28/03/2025 17:25;112
28/03/2025 17:30;124
28/03/2025 17:35;141
28/03/2025 17:40;102
28/03/2025 17:45;84
28/03/2025 17:50;99
28/03/2025 17:55;41
28/03/2025 18:00;45
28/03/2025 18:05;64
28/03/2025 18:10;49
28/03/2025 18:15;66
28/03/2025 18:20;60
28/03/2025 18:25;39
28/03/2025 18:30;39
28/03/2025 18:35;39
28/03/2025 18:40;39
28/03/2025 18:45;39
28/03/2025 18:50;39
28/03/2025 18:55;39
28/03/2025 19:00;39
28/03/2025 19:05;39
28/03/2025 19:10;39
28/03/2025 19:15;0
28/03/2025 19:20;0
29/03/2025 7:20;0
29/03/2025 7:20;0
29/03/2025 7:21;0
29/03/2025 7:21;0
29/03/2025 7:22;0
29/03/2025 7:25;0
29/03/2025 7:30;0
29/03/2025 7:35;39
29/03/2025 7:40;39
29/03/2025 7:45;39
29/03/2025 7:50;39
29/03/2025 7:55;39
29/03/2025 8:00;39
29/03/2025 8:05;39
29/03/2025 8:10;39
29/03/2025 8:15;41
29/03/2025 8:20;39
29/03/2025 8:25;44
29/03/2025 8:30;57
29/03/2025 8:35;39
29/03/2025 8:40;39
29/03/2025 8:45;79
29/03/2025 8:50;117
29/03/2025 8:55;284
29/03/2025 9:00;180
29/03/2025 9:05;107
29/03/2025 9:10;121
29/03/2025 9:15;118
29/03/2025 9:20;560
29/03/2025 9:25;546
29/03/2025 9:30;321
29/03/2025 9:35;194
29/03/2025 9:40;350
29/03/2025 9:45;271
29/03/2025 9:50;196
29/03/2025 9:55;138
29/03/2025 10:00;193
29/03/2025 10:05;117
29/03/2025 10:10;140
29/03/2025 10:15;240
29/03/2025 10:20;231
29/03/2025 10:25;306
29/03/2025 10:30;387
29/03/2025 10:35;269
29/03/2025 10:40;346
29/03/2025 10:45;429
29/03/2025 10:50;422
29/03/2025 10:55;406
29/03/2025 11:00;413
29/03/2025 11:05;507
29/03/2025 11:10;534
29/03/2025 11:15;565
29/03/2025 11:20;456
29/03/2025 11:25;586
29/03/2025 11:30;399
29/03/2025 11:35;499
29/03/2025 11:40;369
29/03/2025 11:45;294
29/03/2025 11:50;277
29/03/2025 11:55;160
29/03/2025 12:00;134
29/03/2025 12:05;149
29/03/2025 12:10;199
29/03/2025 12:15;221
29/03/2025 12:20;253
29/03/2025 12:25;304
29/03/2025 12:30;343
29/03/2025 12:35;369
29/03/2025 12:40;351
29/03/2025 12:45;332
29/03/2025 12:50;378
29/03/2025 12:55;481
29/03/2025 13:00;616
29/03/2025 13:05;518
29/03/2025 13:10;402
29/03/2025 13:15;343
29/03/2025 13:20;331
29/03/2025 13:25;359
29/03/2025 13:30;668
29/03/2025 13:35;479
29/03/2025 13:40;472
29/03/2025 13:45;487
29/03/2025 13:50;555
29/03/2025 13:55;375
29/03/2025 14:00;780
29/03/2025 14:05;780
29/03/2025 14:10;398
29/03/2025 14:15;594
29/03/2025 14:20;340
29/03/2025 14:25;305
29/03/2025 14:30;516
29/03/2025 14:35;300
29/03/2025 14:40;0
29/03/2025 14:45;568
29/03/2025 14:50;775
29/03/2025 14:55;780
29/03/2025 15:00;217
29/03/2025 15:05;169
29/03/2025 15:10;143
29/03/2025 15:15;660
29/03/2025 15:20;580
29/03/2025 15:25;594
29/03/2025 15:30;594
29/03/2025 15:35;576
29/03/2025 15:40;486
29/03/2025 15:45;527
29/03/2025 15:50;493
29/03/2025 15:55;510
29/03/2025 16:00;509
29/03/2025 16:05;489
29/03/2025 16:10;470
29/03/2025 16:15;473
29/03/2025 16:20;356
29/03/2025 16:25;395
29/03/2025 16:30;429
29/03/2025 16:35;389
29/03/2025 16:40;283
29/03/2025 16:45;176
29/03/2025 16:50;94
29/03/2025 16:55;134
29/03/2025 17:00;69
29/03/2025 17:05;220
29/03/2025 17:10;205
29/03/2025 17:15;195
29/03/2025 17:20;221
29/03/2025 17:25;227
29/03/2025 17:30;134
29/03/2025 17:35;126
29/03/2025 17:40;128
29/03/2025 17:45;153
29/03/2025 17:50;159
29/03/2025 17:55;127
29/03/2025 18:00;80
29/03/2025 18:05;70
29/03/2025 18:10;58
29/03/2025 18:15;45
29/03/2025 18:20;39
29/03/2025 18:25;39
29/03/2025 18:30;39
29/03/2025 18:35;39
29/03/2025 18:40;39
29/03/2025 18:45;39
29/03/2025 18:50;39
29/03/2025 18:55;39
29/03/2025 19:00;39
29/03/2025 19:05;39
29/03/2025 19:10;39
29/03/2025 19:15;39
29/03/2025 19:20;39
29/03/2025 19:25;39
30/03/2025 7:05;0
30/03/2025 7:06;0
30/03/2025 8:06;0
30/03/2025 8:06;0
30/03/2025 8:07;0
30/03/2025 8:10;0
30/03/2025 8:15;0
30/03/2025 8:20;0
30/03/2025 8:25;39
30/03/2025 8:35;39
30/03/2025 8:40;39
30/03/2025 8:45;114
30/03/2025 8:50;162
30/03/2025 9:00;135
30/03/2025 9:05;85
30/03/2025 9:10;69
30/03/2025 9:15;73
30/03/2025 9:20;72
30/03/2025 9:25;85
30/03/2025 9:30;271
30/03/2025 9:35;376
30/03/2025 9:40;333
30/03/2025 9:45;240
30/03/2025 9:50;161
30/03/2025 9:55;135
30/03/2025 10:00;484
30/03/2025 10:05;347
30/03/2025 10:10;506
30/03/2025 10:15;346
30/03/2025 10:20;333
30/03/2025 10:25;241
30/03/2025 10:30;412
30/03/2025 10:35;524
30/03/2025 10:40;426
30/03/2025 10:45;587
30/03/2025 10:50;592
30/03/2025 10:55;595
30/03/2025 11:00;610
30/03/2025 11:05;621
30/03/2025 11:10;170
30/03/2025 11:15;82
30/03/2025 11:20;83
30/03/2025 11:25;93
30/03/2025 11:30;109
30/03/2025 11:35;152
30/03/2025 11:40;165
30/03/2025 11:45;344
30/03/2025 11:50;278
30/03/2025 11:55;780
30/03/2025 12:00;780
30/03/2025 12:05;727
30/03/2025 12:10;754
30/03/2025 12:15;768
30/03/2025 12:20;632
30/03/2025 12:25;656
30/03/2025 12:30;477
30/03/2025 12:35;701
30/03/2025 12:40;771
30/03/2025 12:45;753
30/03/2025 12:50;778
30/03/2025 12:55;746
30/03/2025 13:00;780
30/03/2025 13:05;780
30/03/2025 13:10;780
30/03/2025 13:15;780
30/03/2025 13:20;780
30/03/2025 13:25;780
30/03/2025 13:30;780
30/03/2025 13:35;780
30/03/2025 13:40;780
30/03/2025 13:45;780
30/03/2025 13:50;780
30/03/2025 13:55;780
30/03/2025 14:00;774
30/03/2025 14:05;770
30/03/2025 14:10;780
30/03/2025 14:15;778
30/03/2025 14:20;770
30/03/2025 14:25;757
30/03/2025 14:30;760
30/03/2025 14:35;585
30/03/2025 14:40;461
30/03/2025 14:45;491
30/03/2025 14:50;659
30/03/2025 14:55;544
30/03/2025 15:00;720
30/03/2025 15:05;735
30/03/2025 15:10;734
30/03/2025 15:15;723
30/03/2025 15:20;714
30/03/2025 15:25;713
30/03/2025 15:30;705
30/03/2025 15:35;696
30/03/2025 15:40;684
30/03/2025 15:45;678
30/03/2025 15:50;668
30/03/2025 15:55;658
30/03/2025 16:00;651
30/03/2025 16:05;639
30/03/2025 16:10;626
30/03/2025 16:15;617
30/03/2025 16:20;603
30/03/2025 16:25;589
30/03/2025 16:30;576
30/03/2025 16:35;559
30/03/2025 16:40;552
30/03/2025 16:45;538
30/03/2025 16:50;521
30/03/2025 16:55;510
30/03/2025 17:00;494
30/03/2025 17:05;479
30/03/2025 17:10;461
30/03/2025 17:15;444
30/03/2025 17:20;429
30/03/2025 17:25;409
30/03/2025 17:30;391
30/03/2025 17:35;374
30/03/2025 17:40;345
30/03/2025 17:45;259
30/03/2025 17:50;219
30/03/2025 17:55;208
30/03/2025 18:00;202
30/03/2025 18:05;189
30/03/2025 18:10;172
30/03/2025 18:15;154
30/03/2025 18:20;142
30/03/2025 18:25;110
30/03/2025 18:30;62
30/03/2025 18:35;60
30/03/2025 18:40;55
30/03/2025 18:45;54
30/03/2025 18:50;52
30/03/2025 18:55;47
30/03/2025 19:00;41
30/03/2025 19:05;39
30/03/2025 19:10;39
30/03/2025 19:15;39
30/03/2025 19:20;39
30/03/2025 19:25;39
30/03/2025 19:30;39
30/03/2025 19:35;39
30/03/2025 19:40;39
30/03/2025 19:45;39
30/03/2025 19:50;39
30/03/2025 19:55;39
30/03/2025 20:00;39
30/03/2025 20:05;39
30/03/2025 20:10;39
30/03/2025 20:15;39
30/03/2025 20:20;39
30/03/2025 20:25;0
30/03/2025 20:30;0
31/03/2025 8:04;0
31/03/2025 8:04;0
31/03/2025 8:05;0
31/03/2025 8:05;0
31/03/2025 8:06;0
31/03/2025 8:10;0
31/03/2025 8:15;0
31/03/2025 8:20;0
31/03/2025 8:25;0
31/03/2025 8:30;0
31/03/2025 8:35;39
31/03/2025 8:40;47
31/03/2025 8:45;134
31/03/2025 8:50;177
31/03/2025 8:55;200
31/03/2025 9:00;221
31/03/2025 9:05;245
31/03/2025 9:10;267
31/03/2025 9:15;290
31/03/2025 9:20;313
31/03/2025 9:25;332
31/03/2025 9:30;354
31/03/2025 9:35;376
31/03/2025 9:40;394
31/03/2025 9:45;409
31/03/2025 9:50;432
31/03/2025 9:55;449
31/03/2025 10:00;470
31/03/2025 10:05;486
31/03/2025 10:10;505
31/03/2025 10:15;519
31/03/2025 10:20;538
31/03/2025 10:25;550
31/03/2025 10:30;568
31/03/2025 10:35;582
31/03/2025 10:40;597
31/03/2025 10:45;608
31/03/2025 10:50;621
31/03/2025 10:55;638
31/03/2025 11:00;643
31/03/2025 11:05;651
31/03/2025 11:10;667
31/03/2025 11:15;680
31/03/2025 11:20;692
31/03/2025 11:25;700
31/03/2025 11:30;709
31/03/2025 11:35;722
31/03/2025 11:40;723
31/03/2025 11:45;727
31/03/2025 11:50;739
31/03/2025 11:55;744
31/03/2025 12:00;747
31/03/2025 12:05;749
31/03/2025 12:10;757
31/03/2025 12:15;761
31/03/2025 12:20;483
31/03/2025 12:25;472
31/03/2025 12:30;478
31/03/2025 12:35;477
31/03/2025 12:40;478
31/03/2025 12:45;482
31/03/2025 12:50;483
31/03/2025 12:55;486
31/03/2025 13:00;770
31/03/2025 13:05;775
31/03/2025 13:10;776
31/03/2025 13:15;780
31/03/2025 13:20;780
31/03/2025 13:25;780
31/03/2025 13:30;780
31/03/2025 13:35;780
31/03/2025 13:40;780
31/03/2025 13:45;780
31/03/2025 13:50;780
31/03/2025 13:55;780
31/03/2025 14:00;780
31/03/2025 14:05;770
31/03/2025 14:10;772
31/03/2025 14:15;780
31/03/2025 14:20;780
31/03/2025 14:25;777
31/03/2025 14:30;770
31/03/2025 14:35;769
31/03/2025 14:40;758
31/03/2025 14:45;735
31/03/2025 14:50;462
31/03/2025 14:55;460
31/03/2025 15:00;455
31/03/2025 15:05;451
31/03/2025 15:10;638
31/03/2025 15:15;732
31/03/2025 15:20;722
31/03/2025 15:25;718
31/03/2025 15:30;713
31/03/2025 15:35;705
31/03/2025 15:40;697
31/03/2025 15:45;688
31/03/2025 15:50;680
31/03/2025 15:55;668
31/03/2025 16:00;654
31/03/2025 16:05;642
31/03/2025 16:10;630
31/03/2025 16:15;620
31/03/2025 16:20;606
31/03/2025 16:25;595
31/03/2025 16:30;581
31/03/2025 16:35;565
31/03/2025 16:40;552
31/03/2025 16:45;537
31/03/2025 16:50;517
31/03/2025 16:55;500
31/03/2025 17:00;485
31/03/2025 17:05;468
31/03/2025 17:10;454
31/03/2025 17:15;439
31/03/2025 17:20;424
31/03/2025 17:25;408
31/03/2025 17:30;393
31/03/2025 17:35;376
31/03/2025 17:40;356
31/03/2025 17:45;288
31/03/2025 17:50;208
31/03/2025 17:55;203
31/03/2025 18:00;191
31/03/2025 18:05;182
31/03/2025 18:10;171
31/03/2025 18:15;164
31/03/2025 18:20;146
31/03/2025 18:25;119
31/03/2025 18:30;67
31/03/2025 18:35;60
31/03/2025 18:40;53
31/03/2025 18:45;52
31/03/2025 18:50;46
31/03/2025 18:55;42
31/03/2025 19:00;39
31/03/2025 19:05;39
31/03/2025 19:10;39
31/03/2025 19:15;39
31/03/2025 19:20;39
31/03/2025 19:25;39
31/03/2025 19:30;39
31/03/2025 19:35;39
31/03/2025 19:40;39
31/03/2025 19:45;39
31/03/2025 19:50;39
31/03/2025 19:55;39
31/03/2025 20:00;39
31/03/2025 20:05;39
31/03/2025 20:10;39
31/03/2025 20:15;0
31/03/2025 20:20;0
31/03/2025 20:25;0
31/03/2025 20:30;0
01/04/2025 8:01;0
01/04/2025 8:02;0
01/04/2025 8:02;0
01/04/2025 8:03;0
01/04/2025 8:03;0
01/04/2025 8:05;0
01/04/2025 8:10;0
01/04/2025 8:15;0
01/04/2025 8:20;0
01/04/2025 8:25;0
01/04/2025 8:30;39
01/04/2025 8:35;39
01/04/2025 8:40;92
01/04/2025 8:45;134
01/04/2025 8:50;176
01/04/2025 8:55;197
01/04/2025 9:00;218
01/04/2025 9:05;241
01/04/2025 9:10;262
01/04/2025 9:15;283
01/04/2025 9:20;301
01/04/2025 9:25;324
01/04/2025 9:30;342
01/04/2025 9:35;361
01/04/2025 9:40;380
01/04/2025 9:45;396
01/04/2025 9:50;413
01/04/2025 9:55;431
01/04/2025 10:00;448
01/04/2025 10:05;464
01/04/2025 10:10;475
01/04/2025 10:15;489
01/04/2025 10:20;503
01/04/2025 10:25;516
01/04/2025 10:30;529
01/04/2025 10:35;542
01/04/2025 10:40;550
01/04/2025 10:45;562
01/04/2025 10:50;575
01/04/2025 10:55;586
01/04/2025 11:00;596
01/04/2025 11:05;605
01/04/2025 11:10;615
01/04/2025 11:15;624
01/04/2025 11:20;633
01/04/2025 11:25;640
01/04/2025 11:30;654
01/04/2025 11:35;667
01/04/2025 11:40;679
01/04/2025 11:45;690
01/04/2025 11:50;696
01/04/2025 11:55;701
01/04/2025 12:00;705
01/04/2025 12:05;714
01/04/2025 12:10;714
01/04/2025 12:15;722
01/04/2025 12:20;726
01/04/2025 12:25;729
01/04/2025 12:30;734
01/04/2025 12:35;723
01/04/2025 12:40;740
01/04/2025 12:45;740
01/04/2025 12:50;742
01/04/2025 12:55;749
01/04/2025 13:00;743
01/04/2025 13:05;743
01/04/2025 13:10;741
01/04/2025 13:15;736
01/04/2025 13:20;742
01/04/2025 13:25;750
01/04/2025 13:30;754
01/04/2025 13:35;759
01/04/2025 13:40;758
01/04/2025 13:45;763
01/04/2025 13:50;762
01/04/2025 13:55;754
01/04/2025 14:00;754
01/04/2025 14:05;744
01/04/2025 14:10;744
01/04/2025 14:15;740
01/04/2025 14:20;731
01/04/2025 14:25;728
01/04/2025 14:30;718
01/04/2025 14:35;693
01/04/2025 14:40;516
01/04/2025 14:45;458
01/04/2025 14:50;455
01/04/2025 14:55;521
01/04/2025 15:00;689
01/04/2025 15:05;713
01/04/2025 15:10;706
01/04/2025 15:15;697
01/04/2025 15:20;693
01/04/2025 15:25;686
01/04/2025 15:30;677
01/04/2025 15:35;671
01/04/2025 15:40;661
01/04/2025 15:45;653
01/04/2025 15:50;647
01/04/2025 15:55;638
01/04/2025 16:00;628
01/04/2025 16:05;619
01/04/2025 16:10;607
01/04/2025 16:15;594
01/04/2025 16:20;580
01/04/2025 16:25;566
01/04/2025 16:30;551
01/04/2025 16:35;542
01/04/2025 16:40;530
01/04/2025 16:45;516
01/04/2025 16:50;498
01/04/2025 16:55;485
01/04/2025 17:00;469
01/04/2025 17:05;452
01/04/2025 17:10;440
01/04/2025 17:15;426
01/04/2025 17:20;410
01/04/2025 17:25;394
01/04/2025 17:30;377
01/04/2025 17:35;360
01/04/2025 17:40;342
01/04/2025 17:45;298
01/04/2025 17:50;215
01/04/2025 17:55;205
01/04/2025 18:00;189
01/04/2025 18:05;175
01/04/2025 18:10;160
01/04/2025 18:15;149
01/04/2025 18:20;140
01/04/2025 18:25;125
01/04/2025 18:30;74
01/04/2025 18:35;60
01/04/2025 18:40;75
01/04/2025 18:45;47
01/04/2025 18:50;49
01/04/2025 18:55;47
01/04/2025 19:00;40
01/04/2025 19:05;39
01/04/2025 19:10;39
01/04/2025 19:15;39
01/04/2025 19:20;39
01/04/2025 19:25;39
01/04/2025 19:30;39
01/04/2025 19:35;39
01/04/2025 19:40;39
01/04/2025 19:45;39
01/04/2025 19:50;39
01/04/2025 19:55;39
01/04/2025 20:00;39
01/04/2025 20:05;39
01/04/2025 20:10;39
01/04/2025 20:15;39
01/04/2025 20:20;39
01/04/2025 20:25;0
02/04/2025 8:05;0
02/04/2025 8:06;0
02/04/2025 8:06;0
02/04/2025 8:07;0
02/04/2025 8:07;0
02/04/2025 8:10;0
02/04/2025 8:15;0
02/04/2025 8:20;0
02/04/2025 8:25;39
02/04/2025 8:30;39
02/04/2025 8:35;41
02/04/2025 8:40;84
02/04/2025 8:45;75
02/04/2025 8:50;90
02/04/2025 8:55;73
02/04/2025 9:00;179
02/04/2025 9:05;204
02/04/2025 9:10;222
02/04/2025 9:15;256
02/04/2025 9:20;287
02/04/2025 9:25;299
02/04/2025 9:30;320
02/04/2025 9:35;339
02/04/2025 9:40;350
02/04/2025 9:45;368
02/04/2025 9:50;388
02/04/2025 9:55;408
02/04/2025 10:00;425
02/04/2025 10:05;449
02/04/2025 10:10;458
02/04/2025 10:15;488
02/04/2025 10:20;491
02/04/2025 10:25;503
02/04/2025 10:30;525
02/04/2025 10:35;353
02/04/2025 10:40;153
02/04/2025 10:45;179
02/04/2025 10:50;132
02/04/2025 10:55;658
02/04/2025 11:00;618
02/04/2025 11:05;633
02/04/2025 11:10;641
02/04/2025 11:15;638
02/04/2025 11:20;664
02/04/2025 11:25;679
02/04/2025 11:30;179
02/04/2025 11:35;745
02/04/2025 11:40;637
02/04/2025 11:45;744
02/04/2025 11:50;320
02/04/2025 11:55;757
02/04/2025 12:00;777
02/04/2025 12:05;718
02/04/2025 12:10;771
02/04/2025 12:15;771
02/04/2025 12:20;769
02/04/2025 12:25;771
02/04/2025 12:30;777
02/04/2025 12:35;775
02/04/2025 12:40;765
02/04/2025 12:45;773
02/04/2025 12:50;774
02/04/2025 12:55;766
02/04/2025 13:00;769
02/04/2025 13:05;771
02/04/2025 13:10;766
02/04/2025 13:15;771
02/04/2025 13:20;776
02/04/2025 13:25;766
02/04/2025 13:30;773
02/04/2025 13:35;775
02/04/2025 13:40;777
02/04/2025 13:45;780
02/04/2025 13:50;780
02/04/2025 13:55;780
02/04/2025 14:00;780
02/04/2025 14:05;772
02/04/2025 14:10;775
02/04/2025 14:15;769
02/04/2025 14:20;770
02/04/2025 14:25;759
02/04/2025 14:30;769
02/04/2025 14:35;770
02/04/2025 14:40;768
02/04/2025 14:45;744
02/04/2025 14:50;768
02/04/2025 14:55;738
02/04/2025 15:00;503
02/04/2025 15:05;780
02/04/2025 15:10;463
02/04/2025 15:15;432
02/04/2025 15:20;668
02/04/2025 15:25;603
02/04/2025 15:30;566
02/04/2025 15:35;670
02/04/2025 15:40;480
02/04/2025 15:45;463
02/04/2025 15:50;633
02/04/2025 15:55;475
02/04/2025 16:00;653
02/04/2025 16:05;537
02/04/2025 16:10;401
02/04/2025 16:15;263
02/04/2025 16:20;321
02/04/2025 16:25;381
02/04/2025 16:30;456
02/04/2025 16:35;263
02/04/2025 16:40;235
02/04/2025 16:45;205
02/04/2025 16:50;219
02/04/2025 16:55;205
02/04/2025 17:00;195
02/04/2025 17:05;189
02/04/2025 17:10;184
02/04/2025 17:15;192
02/04/2025 17:20;183
02/04/2025 17:25;175
02/04/2025 17:30;174
02/04/2025 17:35;170
02/04/2025 17:40;159
02/04/2025 17:45;162
02/04/2025 17:50;208
02/04/2025 17:55;263
02/04/2025 18:00;239
02/04/2025 18:05;176
02/04/2025 18:10;175
02/04/2025 18:15;163
02/04/2025 18:20;196
02/04/2025 18:25;225
02/04/2025 18:30;157
02/04/2025 18:35;122
02/04/2025 18:40;115
02/04/2025 18:45;105
02/04/2025 18:50;78
02/04/2025 18:55;70
02/04/2025 19:00;81
02/04/2025 19:05;88
02/04/2025 19:10;86
02/04/2025 19:15;87
02/04/2025 19:20;94
02/04/2025 19:25;71
02/04/2025 19:30;51
02/04/2025 19:35;40
02/04/2025 19:40;39
02/04/2025 19:45;39
02/04/2025 19:50;39
02/04/2025 19:55;39
02/04/2025 20:00;39
02/04/2025 20:05;39
02/04/2025 20:10;0
03/04/2025 8:04;0
03/04/2025 8:05;0
03/04/2025 8:05;0
03/04/2025 8:06;0
03/04/2025 8:06;0
03/04/2025 8:10;0
03/04/2025 8:15;0
03/04/2025 8:20;0
03/04/2025 8:25;0
03/04/2025 8:30;0
03/04/2025 8:35;0
03/04/2025 8:40;39
03/04/2025 8:45;39
03/04/2025 8:50;39
03/04/2025 8:55;39
03/04/2025 9:00;39
03/04/2025 9:05;39
03/04/2025 9:10;39
03/04/2025 9:15;39
03/04/2025 9:20;39
03/04/2025 9:25;39
03/04/2025 9:30;39
03/04/2025 9:35;39
03/04/2025 9:40;39
03/04/2025 9:45;39
03/04/2025 9:50;50
03/04/2025 9:55;82
03/04/2025 10:00;82
03/04/2025 10:05;89
03/04/2025 10:10;121
03/04/2025 10:15;137
03/04/2025 10:20;107
03/04/2025 10:25;103
03/04/2025 10:30;94
03/04/2025 10:35;101
03/04/2025 10:40;119
03/04/2025 10:45;121
03/04/2025 10:50;126
03/04/2025 10:55;129
03/04/2025 11:00;123
03/04/2025 11:05;134
03/04/2025 11:10;120
03/04/2025 11:15;151
03/04/2025 11:20;156
03/04/2025 11:25;172
03/04/2025 11:30;197
03/04/2025 11:35;206
03/04/2025 11:40;240
03/04/2025 11:45;437
03/04/2025 11:50;358
03/04/2025 11:55;482
03/04/2025 12:00;604
03/04/2025 12:05;436
03/04/2025 12:10;441
03/04/2025 12:15;371
03/04/2025 12:20;512
03/04/2025 12:25;780
03/04/2025 12:30;774
03/04/2025 12:35;778
03/04/2025 12:40;775
03/04/2025 12:45;780
03/04/2025 12:50;776
03/04/2025 12:55;780
03/04/2025 13:00;780
03/04/2025 13:05;780
03/04/2025 13:10;780
03/04/2025 13:15;780
03/04/2025 13:20;780
03/04/2025 13:25;780
03/04/2025 13:30;780
03/04/2025 13:35;780
03/04/2025 13:40;736
03/04/2025 13:45;192
03/04/2025 13:50;187
03/04/2025 13:55;190
03/04/2025 14:00;216
03/04/2025 14:05;264
03/04/2025 14:10;225
03/04/2025 14:15;216
03/04/2025 14:20;201
03/04/2025 14:25;192
03/04/2025 14:30;200
03/04/2025 14:35;780
03/04/2025 14:40;299
03/04/2025 14:45;780
03/04/2025 14:50;142
03/04/2025 14:55;211
03/04/2025 15:00;780
03/04/2025 15:05;144
03/04/2025 15:10;144
03/04/2025 15:15;143
03/04/2025 15:20;242
03/04/2025 15:25;774
03/04/2025 15:30;629
03/04/2025 15:35;677
03/04/2025 15:40;534
03/04/2025 15:45;316
03/04/2025 15:50;332
03/04/2025 15:55;369
03/04/2025 16:00;533
03/04/2025 16:05;537
03/04/2025 16:10;580
03/04/2025 16:15;630
03/04/2025 16:20;526
03/04/2025 16:25;281
03/04/2025 16:30;245
03/04/2025 16:35;216
03/04/2025 16:40;183
03/04/2025 16:45;118
03/04/2025 16:50;78
03/04/2025 16:55;98
03/04/2025 17:00;110
03/04/2025 17:05;129
03/04/2025 17:10;141
03/04/2025 17:15;244
03/04/2025 17:20;220
03/04/2025 17:25;208
03/04/2025 17:30;179
03/04/2025 17:35;337
03/04/2025 17:40;342
03/04/2025 17:45;451
03/04/2025 17:50;213
03/04/2025 17:55;178
03/04/2025 18:00;230
03/04/2025 18:05;255
03/04/2025 18:10;179
03/04/2025 18:15;151
03/04/2025 18:20;163
03/04/2025 18:25;155
03/04/2025 18:30;161
03/04/2025 18:35;133
03/04/2025 18:40;151
03/04/2025 18:45;126
03/04/2025 18:50;109
03/04/2025 18:55;102
03/04/2025 19:00;93
03/04/2025 19:05;71
03/04/2025 19:10;65
03/04/2025 19:15;50
03/04/2025 19:20;47
03/04/2025 19:25;44
03/04/2025 19:30;41
03/04/2025 19:35;39
03/04/2025 19:40;39
03/04/2025 19:45;39
03/04/2025 19:50;39
03/04/2025 19:55;39
03/04/2025 20:00;39
03/04/2025 20:05;39
03/04/2025 20:10;39
03/04/2025 20:15;39
03/04/2025 20:20;39
03/04/2025 20:25;39
03/04/2025 20:30;39
03/04/2025 20:35;39
04/04/2025 8:35;0
04/04/2025 8:36;0
04/04/2025 8:36;0
04/04/2025 8:37;0
04/04/2025 8:37;0
04/04/2025 8:40;0
04/04/2025 8:45;0
04/04/2025 8:50;0
04/04/2025 8:55;0
04/04/2025 9:00;0
04/04/2025 9:05;39
04/04/2025 9:10;39
04/04/2025 9:15;39
04/04/2025 9:20;39
04/04/2025 9:25;57
04/04/2025 9:30;76
04/04/2025 9:35;85
04/04/2025 9:40;87
04/04/2025 9:45;91
04/04/2025 9:50;95
04/04/2025 9:55;92
04/04/2025 10:00;89
04/04/2025 10:05;95
04/04/2025 10:10;108
04/04/2025 10:15;115
04/04/2025 10:20;117
04/04/2025 10:25;114
04/04/2025 10:30;122
04/04/2025 10:35;132
04/04/2025 10:40;135
04/04/2025 10:45;154
04/04/2025 10:50;163
04/04/2025 10:55;168
04/04/2025 11:00;165
04/04/2025 11:05;161
04/04/2025 11:10;140
04/04/2025 11:15;135
04/04/2025 11:20;139
04/04/2025 11:25;161
04/04/2025 11:30;175
04/04/2025 11:35;171
04/04/2025 11:40;172
04/04/2025 11:45;220
04/04/2025 11:50;243
04/04/2025 11:55;271
04/04/2025 12:00;277
04/04/2025 12:05;395
04/04/2025 12:10;424
04/04/2025 12:15;676
04/04/2025 12:20;438
04/04/2025 12:25;276
04/04/2025 12:30;384
04/04/2025 12:35;605
04/04/2025 12:40;779
04/04/2025 12:45;774
04/04/2025 12:50;722
04/04/2025 12:55;776
04/04/2025 13:00;193
04/04/2025 13:05;769
04/04/2025 13:10;771
04/04/2025 13:15;689
04/04/2025 13:20;775
04/04/2025 13:25;776
04/04/2025 13:30;464
04/04/2025 13:35;780
04/04/2025 13:40;780
04/04/2025 13:45;780
04/04/2025 13:50;780
04/04/2025 13:55;780
04/04/2025 14:00;775
04/04/2025 14:05;763
04/04/2025 14:10;749
04/04/2025 14:15;762
04/04/2025 14:20;762
04/04/2025 14:25;768
04/04/2025 14:30;768
04/04/2025 14:35;748
04/04/2025 14:40;745
04/04/2025 14:45;0
04/04/2025 14:50;0
04/04/2025 14:55;744
04/04/2025 15:00;767
04/04/2025 15:05;780
04/04/2025 15:10;220
04/04/2025 15:15;780
04/04/2025 15:20;0
04/04/2025 15:25;148
04/04/2025 15:30;736
04/04/2025 15:35;625
04/04/2025 15:40;701
04/04/2025 15:45;665
04/04/2025 15:50;545
04/04/2025 15:55;198
04/04/2025 16:00;532
04/04/2025 16:05;169
04/04/2025 16:10;0
04/04/2025 16:15;189
04/04/2025 16:20;138
04/04/2025 16:25;136
04/04/2025 16:30;217
04/04/2025 16:35;131
04/04/2025 16:40;103
04/04/2025 16:45;160
04/04/2025 16:50;202
04/04/2025 16:55;76
04/04/2025 17:00;57
04/04/2025 17:05;39
04/04/2025 17:10;39
04/04/2025 17:15;122
04/04/2025 17:20;493
04/04/2025 17:25;446
04/04/2025 17:30;464
04/04/2025 17:35;469
04/04/2025 17:40;423
04/04/2025 17:45;414
04/04/2025 17:50;360
04/04/2025 17:55;339
04/04/2025 18:00;281
04/04/2025 18:05;142
04/04/2025 18:10;166
04/04/2025 18:15;168
04/04/2025 18:20;99
04/04/2025 18:25;107
04/04/2025 18:30;90
04/04/2025 18:35;83
04/04/2025 18:40;75
04/04/2025 18:45;64
04/04/2025 18:50;55
04/04/2025 18:55;58
04/04/2025 19:00;71
04/04/2025 19:05;69
04/04/2025 19:10;64
04/04/2025 19:15;53
04/04/2025 19:20;39
04/04/2025 19:25;39
04/04/2025 19:30;39
04/04/2025 19:35;48
04/04/2025 19:40;45
04/04/2025 19:45;39
04/04/2025 19:50;39
04/04/2025 19:55;39
04/04/2025 20:00;39
04/04/2025 20:05;39
04/04/2025 20:10;0
04/04/2025 20:15;0
04/04/2025 20:20;0
04/04/2025 20:25;0
05/04/2025 7:58;0
05/04/2025 7:59;0
05/04/2025 7:59;0
05/04/2025 8:00;0
05/04/2025 8:00;0
05/04/2025 8:05;0
05/04/2025 8:10;0
05/04/2025 8:15;0
05/04/2025 8:20;0
05/04/2025 8:25;0
05/04/2025 8:30;51
05/04/2025 8:35;81
05/04/2025 8:40;79
05/04/2025 8:45;158
05/04/2025 8:50;193
05/04/2025 8:55;216
05/04/2025 9:00;232
05/04/2025 9:05;255
05/04/2025 9:10;272
05/04/2025 9:15;293
05/04/2025 9:20;319
05/04/2025 9:25;364
05/04/2025 9:30;105
05/04/2025 9:35;190
05/04/2025 9:40;165
05/04/2025 9:45;134
05/04/2025 9:50;96
05/04/2025 9:55;93
05/04/2025 10:00;83
05/04/2025 10:05;90
05/04/2025 10:10;92
05/04/2025 10:15;88
05/04/2025 10:20;103
05/04/2025 10:25;118
05/04/2025 10:30;114
05/04/2025 10:35;128
05/04/2025 10:40;145
05/04/2025 10:45;154
05/04/2025 10:50;162
05/04/2025 10:55;182
05/04/2025 11:00;165
05/04/2025 11:05;158
05/04/2025 11:10;186
05/04/2025 11:15;209
05/04/2025 11:20;219
05/04/2025 11:25;216
05/04/2025 11:30;242
05/04/2025 11:35;274
05/04/2025 11:40;283
05/04/2025 11:45;291
05/04/2025 11:50;289
05/04/2025 11:55;328
05/04/2025 12:00;508
05/04/2025 12:05;479
05/04/2025 12:10;454
05/04/2025 12:15;407
05/04/2025 12:20;415
05/04/2025 12:25;382
05/04/2025 12:30;374
05/04/2025 12:35;392
05/04/2025 12:40;425
05/04/2025 12:45;452
05/04/2025 12:50;596
05/04/2025 12:55;612
05/04/2025 13:00;778
05/04/2025 13:05;658
05/04/2025 13:10;780
05/04/2025 13:15;780
05/04/2025 13:20;493
05/04/2025 13:25;610
05/04/2025 13:30;590
05/04/2025 13:35;780
05/04/2025 13:40;737
05/04/2025 13:45;762
05/04/2025 13:50;630
05/04/2025 13:55;780
05/04/2025 14:00;775
05/04/2025 14:05;780
05/04/2025 14:10;730
05/04/2025 14:15;780
05/04/2025 14:20;777
05/04/2025 14:25;760
05/04/2025 14:30;745
05/04/2025 14:35;763
05/04/2025 14:40;780
05/04/2025 14:45;779
05/04/2025 14:50;780
05/04/2025 14:55;739
05/04/2025 15:00;561
05/04/2025 15:05;452
05/04/2025 15:10;482
05/04/2025 15:15;652
05/04/2025 15:20;611
05/04/2025 15:25;766
05/04/2025 15:30;517
05/04/2025 15:35;453
05/04/2025 15:40;391
05/04/2025 15:45;371
05/04/2025 15:50;780
05/04/2025 15:55;780
05/04/2025 16:00;673
05/04/2025 16:05;712
05/04/2025 16:10;762
05/04/2025 16:15;625
05/04/2025 16:20;674
05/04/2025 16:25;616
05/04/2025 16:30;606
05/04/2025 16:35;587
05/04/2025 16:40;574
05/04/2025 16:45;591
05/04/2025 16:50;377
05/04/2025 16:55;583
05/04/2025 17:00;597
05/04/2025 17:05;573
05/04/2025 17:10;319
05/04/2025 17:15;404
05/04/2025 17:20;573
05/04/2025 17:25;338
05/04/2025 17:30;530
05/04/2025 17:35;412
05/04/2025 17:40;487
05/04/2025 17:45;286
05/04/2025 17:50;300
05/04/2025 17:55;149
05/04/2025 18:00;123
05/04/2025 18:05;137
05/04/2025 18:10;141
05/04/2025 18:15;137
05/04/2025 18:20;144
05/04/2025 18:25;190
05/04/2025 18:30;96
05/04/2025 18:35;109
05/04/2025 18:40;66
05/04/2025 18:45;51
05/04/2025 18:50;45
05/04/2025 18:55;49
05/04/2025 19:00;48
05/04/2025 19:05;39
05/04/2025 19:10;39
05/04/2025 19:15;39
05/04/2025 19:20;39
05/04/2025 19:25;39
05/04/2025 19:30;39
05/04/2025 19:35;39
05/04/2025 19:40;39
05/04/2025 19:45;39
05/04/2025 19:50;39
05/04/2025 19:55;39
05/04/2025 20:00;0
06/04/2025 7:52;0
06/04/2025 7:53;0
06/04/2025 7:53;0
06/04/2025 7:54;0
06/04/2025 7:54;0
06/04/2025 7:55;0
06/04/2025 8:00;0
06/04/2025 8:05;0
06/04/2025 8:10;0
06/04/2025 8:15;39
06/04/2025 8:20;39
06/04/2025 8:25;39
06/04/2025 8:30;93
06/04/2025 8:35;112
06/04/2025 8:40;136
06/04/2025 8:45;186
06/04/2025 8:50;129
06/04/2025 8:55;232
06/04/2025 9:00;264
06/04/2025 9:05;286
06/04/2025 9:10;295
06/04/2025 9:15;313
06/04/2025 9:20;328
06/04/2025 9:25;352
06/04/2025 9:30;375
06/04/2025 9:35;408
06/04/2025 9:40;441
06/04/2025 9:45;488
06/04/2025 9:50;488
06/04/2025 9:55;554
06/04/2025 10:00;566
06/04/2025 10:05;570
06/04/2025 10:10;554
06/04/2025 10:15;490
06/04/2025 10:20;466
06/04/2025 10:25;317
06/04/2025 10:30;467
06/04/2025 10:35;427
06/04/2025 10:40;637
06/04/2025 10:45;648
06/04/2025 10:50;687
06/04/2025 10:55;660
06/04/2025 11:00;659
06/04/2025 11:05;396
06/04/2025 11:10;309
06/04/2025 11:15;329
06/04/2025 11:20;357
06/04/2025 11:25;515
06/04/2025 11:30;396
06/04/2025 11:35;437
06/04/2025 11:40;467
06/04/2025 11:45;523
06/04/2025 11:50;520
06/04/2025 11:55;611
06/04/2025 12:00;565
06/04/2025 12:05;580
06/04/2025 12:10;694
06/04/2025 12:15;550
06/04/2025 12:20;767
06/04/2025 12:25;577
06/04/2025 12:30;598
06/04/2025 12:35;780
06/04/2025 12:40;706
06/04/2025 12:45;736
06/04/2025 12:50;772
06/04/2025 12:55;778
06/04/2025 13:00;775
06/04/2025 13:05;776
06/04/2025 13:10;778
06/04/2025 13:15;776
06/04/2025 13:20;775
06/04/2025 13:25;778
06/04/2025 13:30;777
06/04/2025 13:35;780
06/04/2025 13:40;780
06/04/2025 13:45;780
06/04/2025 13:50;780
06/04/2025 13:55;780
06/04/2025 14:00;777
06/04/2025 14:05;780
06/04/2025 14:10;777
06/04/2025 14:15;770
06/04/2025 14:20;773
06/04/2025 14:25;770
06/04/2025 14:30;771
06/04/2025 14:35;768
06/04/2025 14:40;765
06/04/2025 14:45;759
06/04/2025 14:50;750
06/04/2025 14:55;743
06/04/2025 15:00;739
06/04/2025 15:05;736
06/04/2025 15:10;729
06/04/2025 15:15;719
06/04/2025 15:20;717
06/04/2025 15:25;708
06/04/2025 15:30;713
06/04/2025 15:35;698
06/04/2025 15:40;694
06/04/2025 15:45;687
06/04/2025 15:50;680
06/04/2025 15:55;682
06/04/2025 16:00;655
06/04/2025 16:05;643
06/04/2025 16:10;626
06/04/2025 16:15;611
06/04/2025 16:20;597
06/04/2025 16:25;581
06/04/2025 16:30;572
06/04/2025 16:35;559
06/04/2025 16:40;547
06/04/2025 16:45;527
06/04/2025 16:50;517
06/04/2025 16:55;500
06/04/2025 17:00;490
06/04/2025 17:05;472
06/04/2025 17:10;457
06/04/2025 17:15;439
06/04/2025 17:20;423
06/04/2025 17:25;404
06/04/2025 17:30;389
06/04/2025 17:35;368
06/04/2025 17:40;351
06/04/2025 17:45;332
06/04/2025 17:50;311
06/04/2025 17:55;242
06/04/2025 18:00;196
06/04/2025 18:05;184
06/04/2025 18:10;166
06/04/2025 18:15;157
06/04/2025 18:20;153
06/04/2025 18:25;135
06/04/2025 18:30;121
06/04/2025 18:35;99
06/04/2025 18:40;60
06/04/2025 18:45;54
06/04/2025 18:50;49
06/04/2025 18:55;48
06/04/2025 19:00;46
06/04/2025 19:05;41
06/04/2025 19:10;39
06/04/2025 19:15;39
06/04/2025 19:20;39
06/04/2025 19:25;39
06/04/2025 19:30;39
06/04/2025 19:35;39
06/04/2025 19:40;39
06/04/2025 19:45;39
06/04/2025 19:50;39
06/04/2025 19:55;39
06/04/2025 20:00;39
06/04/2025 20:05;39
06/04/2025 20:10;39
06/04/2025 20:15;39
06/04/2025 20:20;39
06/04/2025 20:25;40
06/04/2025 20:30;39
06/04/2025 20:35;0
07/04/2025 8:01;0
07/04/2025 8:01;0
07/04/2025 8:02;0
07/04/2025 8:02;0
07/04/2025 8:03;0
07/04/2025 8:05;0
07/04/2025 8:10;0
07/04/2025 8:15;0
07/04/2025 8:20;0
07/04/2025 8:25;0
07/04/2025 8:30;0
07/04/2025 8:35;39
07/04/2025 8:40;39
07/04/2025 8:45;39
07/04/2025 8:50;39
07/04/2025 8:55;39
07/04/2025 9:00;62
07/04/2025 9:05;49
07/04/2025 9:10;63
07/04/2025 9:15;83
07/04/2025 9:20;81
07/04/2025 9:25;90
07/04/2025 9:30;94
07/04/2025 9:35;103
07/04/2025 9:40;121
07/04/2025 9:45;110
07/04/2025 9:50;112
07/04/2025 9:55;152
07/04/2025 10:00;178
07/04/2025 10:05;177
07/04/2025 10:10;242
07/04/2025 10:15;217
07/04/2025 10:20;359
07/04/2025 10:25;413
07/04/2025 10:30;313
07/04/2025 10:35;571
07/04/2025 10:40;569
07/04/2025 10:45;578
07/04/2025 10:50;556
07/04/2025 10:55;600
07/04/2025 11:00;615
07/04/2025 11:05;624
07/04/2025 11:10;627
07/04/2025 11:15;637
07/04/2025 11:20;646
07/04/2025 11:25;653
07/04/2025 11:30;661
07/04/2025 11:35;673
07/04/2025 11:40;681
07/04/2025 11:45;684
07/04/2025 11:50;687
07/04/2025 11:55;693
07/04/2025 12:00;692
07/04/2025 12:05;712
07/04/2025 12:10;726
07/04/2025 12:15;734
07/04/2025 12:20;746
07/04/2025 12:25;753
07/04/2025 12:30;760
07/04/2025 12:35;768
07/04/2025 12:40;770
07/04/2025 12:45;770
07/04/2025 12:50;756
07/04/2025 12:55;773
07/04/2025 13:00;771
07/04/2025 13:05;774
07/04/2025 13:10;779
07/04/2025 13:15;780
07/04/2025 13:20;770
07/04/2025 13:25;780
07/04/2025 13:30;780
07/04/2025 13:35;780
07/04/2025 13:40;780
07/04/2025 13:45;780
07/04/2025 13:50;780
07/04/2025 13:55;780
07/04/2025 14:00;770
07/04/2025 14:05;778
07/04/2025 14:10;774
07/04/2025 14:15;777
07/04/2025 14:20;758
07/04/2025 14:25;755
07/04/2025 14:30;752
07/04/2025 14:35;702
07/04/2025 14:40;466
07/04/2025 14:45;462
07/04/2025 14:50;554
07/04/2025 14:55;738
07/04/2025 15:00;746
07/04/2025 15:05;744
07/04/2025 15:10;732
07/04/2025 15:15;738
07/04/2025 15:20;731
07/04/2025 15:25;721
07/04/2025 15:30;713
07/04/2025 15:35;704
07/04/2025 15:40;687
07/04/2025 15:45;671
07/04/2025 15:50;661
07/04/2025 15:55;655
07/04/2025 16:00;647
07/04/2025 16:05;636
07/04/2025 16:10;623
07/04/2025 16:15;612
07/04/2025 16:20;603
07/04/2025 16:25;590
07/04/2025 16:30;573
07/04/2025 16:35;557
07/04/2025 16:40;545
07/04/2025 16:45;528
07/04/2025 16:50;517
07/04/2025 16:55;499
07/04/2025 17:00;487
07/04/2025 17:05;470
07/04/2025 17:10;454
07/04/2025 17:15;437
07/04/2025 17:20;421
07/04/2025 17:25;407
07/04/2025 17:30;391
07/04/2025 17:35;373
07/04/2025 17:40;357
07/04/2025 17:45;339
07/04/2025 17:50;320
07/04/2025 17:55;268
07/04/2025 18:00;200
07/04/2025 18:05;185
07/04/2025 18:10;173
07/04/2025 18:15;160
07/04/2025 18:20;147
07/04/2025 18:25;141
07/04/2025 18:30;127
07/04/2025 18:35;110
07/04/2025 18:40;71
07/04/2025 18:45;64
07/04/2025 18:50;58
07/04/2025 18:55;53
07/04/2025 19:00;47
07/04/2025 19:05;46
07/04/2025 19:10;40
07/04/2025 19:15;39
07/04/2025 19:20;39
07/04/2025 19:25;39
07/04/2025 19:30;39
07/04/2025 19:35;39
07/04/2025 19:40;39
07/04/2025 19:45;39
07/04/2025 19:50;39
07/04/2025 19:55;39
07/04/2025 20:00;39
07/04/2025 20:05;39
07/04/2025 20:10;39
07/04/2025 20:15;39
07/04/2025 20:20;39
07/04/2025 20:25;39
07/04/2025 20:30;39
07/04/2025 20:35;39
08/04/2025 8:02;0
08/04/2025 8:02;0
08/04/2025 8:03;0
08/04/2025 8:03;0
08/04/2025 8:04;0
08/04/2025 8:05;0
08/04/2025 8:10;0
08/04/2025 8:15;0
08/04/2025 8:20;0
08/04/2025 8:25;0
08/04/2025 8:30;0
08/04/2025 8:35;39
08/04/2025 8:40;39
08/04/2025 8:45;39
08/04/2025 8:50;39
08/04/2025 8:55;39
08/04/2025 9:00;39
08/04/2025 9:05;39
08/04/2025 9:10;39
08/04/2025 9:15;41
08/04/2025 9:20;56
08/04/2025 9:25;60
08/04/2025 9:30;73
08/04/2025 9:35;79
08/04/2025 9:40;77
08/04/2025 9:45;98
08/04/2025 9:50;127
08/04/2025 9:55;117
08/04/2025 10:00;128
08/04/2025 10:05;179
08/04/2025 10:10;157
08/04/2025 10:15;163
08/04/2025 10:20;177
08/04/2025 10:25;201
08/04/2025 10:30;181
08/04/2025 10:35;206
08/04/2025 10:40;225
08/04/2025 10:45;250
08/04/2025 10:50;291
08/04/2025 10:55;305
08/04/2025 11:00;606
08/04/2025 11:05;646
08/04/2025 11:10;656
08/04/2025 11:15;654
08/04/2025 11:20;691
08/04/2025 11:25;676
08/04/2025 11:30;710
08/04/2025 11:35;726
08/04/2025 11:40;692
08/04/2025 11:45;629
08/04/2025 11:50;777
08/04/2025 11:55;560
08/04/2025 12:00;390
08/04/2025 12:05;771
08/04/2025 12:10;517
08/04/2025 12:15;370
08/04/2025 12:20;780
08/04/2025 12:25;780
08/04/2025 12:30;732
08/04/2025 12:35;775
08/04/2025 12:40;760
08/04/2025 12:45;758
08/04/2025 12:50;780
08/04/2025 12:55;780
08/04/2025 13:00;660
08/04/2025 13:05;514
08/04/2025 13:10;780
08/04/2025 13:15;780
08/04/2025 13:20;780
08/04/2025 13:25;780
08/04/2025 13:30;780
08/04/2025 13:35;629
08/04/2025 13:40;615
08/04/2025 13:45;780
08/04/2025 13:50;780
08/04/2025 13:55;635
08/04/2025 14:00;774
08/04/2025 14:05;773
08/04/2025 14:10;777
08/04/2025 14:15;780
08/04/2025 14:20;762
08/04/2025 14:25;761
08/04/2025 14:30;753
08/04/2025 14:35;746
08/04/2025 14:40;754
08/04/2025 14:45;770
08/04/2025 14:50;741
08/04/2025 14:55;737
08/04/2025 15:00;655
08/04/2025 15:05;756
08/04/2025 15:10;780
08/04/2025 15:15;779
08/04/2025 15:20;0
08/04/2025 15:25;313
08/04/2025 15:30;773
08/04/2025 15:35;320
08/04/2025 15:40;685
08/04/2025 15:45;676
08/04/2025 15:50;670
08/04/2025 15:55;695
08/04/2025 16:00;644
08/04/2025 16:05;642
08/04/2025 16:10;599
08/04/2025 16:15;621
08/04/2025 16:20;603
08/04/2025 16:25;603
08/04/2025 16:30;657
08/04/2025 16:35;363
08/04/2025 16:40;483
08/04/2025 16:45;367
08/04/2025 16:50;351
08/04/2025 16:55;259
08/04/2025 17:00;267
08/04/2025 17:05;354
08/04/2025 17:10;330
08/04/2025 17:15;527
08/04/2025 17:20;300
08/04/2025 17:25;415
08/04/2025 17:30;408
08/04/2025 17:35;281
08/04/2025 17:40;358
08/04/2025 17:45;332
08/04/2025 17:50;322
08/04/2025 17:55;287
08/04/2025 18:00;220
08/04/2025 18:05;208
08/04/2025 18:10;195
08/04/2025 18:15;183
08/04/2025 18:20;166
08/04/2025 18:25;160
08/04/2025 18:30;144
08/04/2025 18:35;132
08/04/2025 18:40;98
08/04/2025 18:45;83
08/04/2025 18:50;81
08/04/2025 18:55;69
08/04/2025 19:00;62
08/04/2025 19:05;56
08/04/2025 19:10;49
08/04/2025 19:15;44
08/04/2025 19:20;39
08/04/2025 19:25;39
08/04/2025 19:30;39
08/04/2025 19:35;39
08/04/2025 19:40;39
08/04/2025 19:45;39
08/04/2025 19:50;39
08/04/2025 19:55;39
08/04/2025 20:00;39
08/04/2025 20:05;39
08/04/2025 20:10;39
08/04/2025 20:15;39
08/04/2025 20:20;39
08/04/2025 20:25;39
08/04/2025 20:30;0
08/04/2025 20:35;0
09/04/2025 8:11;0
09/04/2025 8:11;0
09/04/2025 8:12;0
09/04/2025 8:12;0
09/04/2025 8:13;0
09/04/2025 8:15;0
09/04/2025 8:20;0
09/04/2025 8:25;0
09/04/2025 8:30;0
09/04/2025 8:35;0
09/04/2025 8:40;0
09/04/2025 8:45;0
09/04/2025 8:50;39
09/04/2025 8:55;39
09/04/2025 9:00;39
09/04/2025 9:05;39
09/04/2025 9:10;39
09/04/2025 9:15;39
09/04/2025 9:20;39
09/04/2025 9:25;39
09/04/2025 9:30;39
09/04/2025 9:35;39
09/04/2025 9:40;49
09/04/2025 9:45;59
09/04/2025 9:50;81
09/04/2025 9:55;42
09/04/2025 10:00;85
09/04/2025 10:05;101
09/04/2025 10:10;113
09/04/2025 10:15;114
09/04/2025 10:20;125
09/04/2025 10:25;167
09/04/2025 10:30;164
09/04/2025 10:35;209
09/04/2025 10:40;307
09/04/2025 10:45;563
09/04/2025 10:50;685
09/04/2025 10:55;520
09/04/2025 11:00;236
09/04/2025 11:05;328
09/04/2025 11:10;280
09/04/2025 11:15;295
09/04/2025 11:20;210
09/04/2025 11:25;233
09/04/2025 11:30;245
09/04/2025 11:35;241
09/04/2025 11:40;276
09/04/2025 11:45;296
09/04/2025 11:50;442
09/04/2025 11:55;551
09/04/2025 12:00;765
09/04/2025 12:05;695
09/04/2025 12:10;719
09/04/2025 12:15;737
09/04/2025 12:20;676
09/04/2025 12:25;627
09/04/2025 12:30;561
09/04/2025 12:35;735
09/04/2025 12:40;777
09/04/2025 12:45;780
09/04/2025 12:50;779
09/04/2025 12:55;760
09/04/2025 13:00;742
09/04/2025 13:05;678
09/04/2025 13:10;641
09/04/2025 13:15;496
09/04/2025 13:20;441
09/04/2025 13:25;780
09/04/2025 13:30;772
09/04/2025 13:35;780
09/04/2025 13:40;773
09/04/2025 13:45;742
09/04/2025 13:50;754
09/04/2025 13:55;749
09/04/2025 14:00;762
09/04/2025 14:05;733
09/04/2025 14:10;740
09/04/2025 14:15;730
09/04/2025 14:20;720
09/04/2025 14:25;722
09/04/2025 14:30;704
09/04/2025 14:35;467
09/04/2025 14:40;466
09/04/2025 14:45;463
09/04/2025 14:50;459
09/04/2025 14:55;490
09/04/2025 15:00;710
09/04/2025 15:05;700
09/04/2025 15:10;697
09/04/2025 15:15;691
09/04/2025 15:20;672
09/04/2025 15:25;687
09/04/2025 15:30;676
09/04/2025 15:35;666
09/04/2025 15:40;651
09/04/2025 15:45;650
09/04/2025 15:50;640
09/04/2025 15:55;638
09/04/2025 16:00;621
09/04/2025 16:05;609
09/04/2025 16:10;598
09/04/2025 16:15;587
09/04/2025 16:20;578
09/04/2025 16:25;565
09/04/2025 16:30;551
09/04/2025 16:35;532
09/04/2025 16:40;534
09/04/2025 16:45;513
09/04/2025 16:50;504
09/04/2025 16:55;488
09/04/2025 17:00;469
09/04/2025 17:05;463
09/04/2025 17:10;447
09/04/2025 17:15;434
09/04/2025 17:20;413
09/04/2025 17:25;399
09/04/2025 17:30;354
09/04/2025 17:35;340
09/04/2025 17:40;329
09/04/2025 17:45;316
09/04/2025 17:50;315
09/04/2025 17:55;283
09/04/2025 18:00;224
09/04/2025 18:05;192
09/04/2025 18:10;178
09/04/2025 18:15;170
09/04/2025 18:20;156
09/04/2025 18:25;153
09/04/2025 18:30;126
09/04/2025 18:35;110
09/04/2025 18:40;92
09/04/2025 18:45;61
09/04/2025 18:50;62
09/04/2025 18:55;57
09/04/2025 19:00;52
09/04/2025 19:05;46
09/04/2025 19:10;41
09/04/2025 19:15;39
09/04/2025 19:20;39
09/04/2025 19:25;39
09/04/2025 19:30;39
09/04/2025 19:35;39
09/04/2025 19:40;39
09/04/2025 19:45;39
09/04/2025 19:50;39
09/04/2025 19:55;39
09/04/2025 20:00;39
09/04/2025 20:05;39
09/04/2025 20:10;39
09/04/2025 20:15;39
09/04/2025 20:20;39
09/04/2025 20:25;39
09/04/2025 20:30;0
09/04/2025 20:35;0
10/04/2025 7:46;0
10/04/2025 7:46;0
10/04/2025 7:47;0
10/04/2025 7:47;0
10/04/2025 7:48;0
10/04/2025 7:50;0
10/04/2025 7:55;0
10/04/2025 8:00;0
10/04/2025 8:05;0
10/04/2025 8:10;39
10/04/2025 8:15;39
10/04/2025 8:20;39
10/04/2025 8:25;68
10/04/2025 8:30;77
10/04/2025 8:35;98
10/04/2025 8:40;131
10/04/2025 8:45;178
10/04/2025 8:50;206
10/04/2025 8:55;226
10/04/2025 9:00;246
10/04/2025 9:05;265
10/04/2025 9:10;286
10/04/2025 9:15;306
10/04/2025 9:20;322
10/04/2025 9:25;345
10/04/2025 9:30;363
10/04/2025 9:40;362
10/04/2025 9:45;407
10/04/2025 9:50;435
10/04/2025 9:55;442
10/04/2025 10:00;466
10/04/2025 10:05;482
10/04/2025 10:10;494
10/04/2025 10:15;510
10/04/2025 10:20;528
10/04/2025 10:25;544
10/04/2025 10:30;554
10/04/2025 10:35;557
10/04/2025 10:40;583
10/04/2025 10:45;600
10/04/2025 10:50;615
10/04/2025 10:55;619
10/04/2025 11:00;627
10/04/2025 11:05;642
10/04/2025 11:10;634
10/04/2025 11:15;629
10/04/2025 11:20;600
10/04/2025 11:25;629
10/04/2025 11:30;673
10/04/2025 11:35;666
10/04/2025 11:40;661
10/04/2025 11:45;690
10/04/2025 11:50;682
10/04/2025 11:55;708
10/04/2025 12:00;702
10/04/2025 12:05;717
10/04/2025 12:10;708
10/04/2025 12:15;725
10/04/2025 12:20;723
10/04/2025 12:25;738
10/04/2025 12:30;733
10/04/2025 12:35;735
10/04/2025 12:40;729
10/04/2025 12:45;761
10/04/2025 12:50;533
10/04/2025 12:55;590
10/04/2025 13:00;742
10/04/2025 13:05;750
10/04/2025 13:10;749
10/04/2025 13:15;774
10/04/2025 13:20;732
10/04/2025 13:25;752
10/04/2025 13:30;671
10/04/2025 13:35;733
10/04/2025 13:40;719
10/04/2025 13:45;639
10/04/2025 13:50;706
10/04/2025 13:55;738
10/04/2025 14:00;631
10/04/2025 14:05;476
10/04/2025 14:10;462
10/04/2025 14:15;727
10/04/2025 14:20;744
10/04/2025 14:25;745
10/04/2025 14:30;745
10/04/2025 14:35;739
10/04/2025 14:40;728
10/04/2025 14:45;728
10/04/2025 14:50;688
10/04/2025 14:55;709
10/04/2025 15:00;698
10/04/2025 15:05;697
10/04/2025 15:10;696
10/04/2025 15:15;696
10/04/2025 15:20;665
10/04/2025 15:25;667
10/04/2025 15:30;662
10/04/2025 15:35;660
10/04/2025 15:40;644
10/04/2025 15:45;657
10/04/2025 15:50;645
10/04/2025 15:55;642
10/04/2025 16:00;631
10/04/2025 16:05;621
10/04/2025 16:10;609
10/04/2025 16:15;598
10/04/2025 16:20;584
10/04/2025 16:25;571
10/04/2025 16:30;559
10/04/2025 16:35;545
10/04/2025 16:40;530
10/04/2025 16:45;519
10/04/2025 16:50;507
10/04/2025 16:55;492
10/04/2025 17:00;479
10/04/2025 17:05;464
10/04/2025 17:10;445
10/04/2025 17:15;430
10/04/2025 17:20;414
10/04/2025 17:25;386
10/04/2025 17:30;373
10/04/2025 17:35;354
10/04/2025 17:40;337
10/04/2025 17:45;321
10/04/2025 17:50;306
10/04/2025 17:55;286
10/04/2025 18:00;235
10/04/2025 18:05;181
10/04/2025 18:10;179
10/04/2025 18:15;69
10/04/2025 18:20;75
10/04/2025 18:25;106
10/04/2025 18:30;77
10/04/2025 18:35;61
10/04/2025 18:40;72
10/04/2025 18:45;59
10/04/2025 18:50;77
10/04/2025 18:55;69
10/04/2025 19:00;57
10/04/2025 19:05;52
10/04/2025 19:10;58
10/04/2025 19:15;52
10/04/2025 19:20;45
10/04/2025 19:25;40
10/04/2025 19:30;39
10/04/2025 19:35;39
10/04/2025 19:40;39
10/04/2025 19:45;39
10/04/2025 19:50;39
10/04/2025 19:55;39
10/04/2025 20:00;39
10/04/2025 20:05;39
10/04/2025 20:10;39
10/04/2025 20:15;39
10/04/2025 20:20;39
10/04/2025 20:25;39
10/04/2025 20:30;39
10/04/2025 20:35;39
10/04/2025 20:40;0
11/04/2025 7:45;0
11/04/2025 7:45;0
11/04/2025 7:46;0
11/04/2025 7:46;0
11/04/2025 7:47;0
11/04/2025 7:50;0
11/04/2025 7:55;0
11/04/2025 8:00;0
11/04/2025 8:05;39
11/04/2025 8:10;39
11/04/2025 8:15;39
11/04/2025 8:20;39
11/04/2025 8:25;59
11/04/2025 8:30;54
11/04/2025 8:35;75
11/04/2025 8:40;100
11/04/2025 8:45;79
11/04/2025 8:50;139
11/04/2025 8:55;166
11/04/2025 9:00;196
11/04/2025 9:05;243
11/04/2025 9:10;241
11/04/2025 9:15;274
11/04/2025 9:20;297
11/04/2025 9:25;306
11/04/2025 9:30;333
11/04/2025 9:35;355
11/04/2025 9:40;374
11/04/2025 9:45;396
11/04/2025 9:50;415
11/04/2025 9:55;429
11/04/2025 10:00;448
11/04/2025 10:05;475
11/04/2025 10:10;315
11/04/2025 10:15;312
11/04/2025 10:20;251
11/04/2025 10:25;322
11/04/2025 10:30;302
11/04/2025 10:35;364
11/04/2025 10:40;461
11/04/2025 10:45;491
11/04/2025 10:50;541
11/04/2025 10:55;532
11/04/2025 11:00;0
11/04/2025 11:05;629
11/04/2025 11:10;657
11/04/2025 11:15;615
11/04/2025 11:20;535
11/04/2025 11:25;626
11/04/2025 11:29;325
11/04/2025 11:30;660
11/04/2025 11:30;428
11/04/2025 11:35;729
11/04/2025 11:40;572
11/04/2025 11:45;468
11/04/2025 11:50;289
11/04/2025 11:55;279
11/04/2025 12:00;374
11/04/2025 12:05;401
11/04/2025 12:10;514
11/04/2025 12:15;410
11/04/2025 12:20;428
11/04/2025 12:25;570
11/04/2025 12:30;714
11/04/2025 12:35;760
11/04/2025 12:40;761
11/04/2025 12:45;757
11/04/2025 12:50;768
11/04/2025 12:55;765
11/04/2025 13:00;762
11/04/2025 13:05;755
11/04/2025 13:10;758
11/04/2025 13:15;767
11/04/2025 13:20;773
11/04/2025 13:25;764
11/04/2025 13:30;757
11/04/2025 13:35;772
11/04/2025 13:40;765
11/04/2025 13:45;757
11/04/2025 13:50;746
11/04/2025 13:55;761
11/04/2025 14:00;749
11/04/2025 14:05;748
11/04/2025 14:10;771
11/04/2025 14:15;747
11/04/2025 14:20;700
11/04/2025 14:25;715
11/04/2025 14:30;727
11/04/2025 14:35;706
11/04/2025 14:40;734
11/04/2025 14:45;691
11/04/2025 14:50;780
11/04/2025 14:55;0
11/04/2025 15:00;367
11/04/2025 15:05;398
11/04/2025 15:10;426
11/04/2025 15:15;0
11/04/2025 15:20;331
11/04/2025 15:25;317
11/04/2025 15:30;402
11/04/2025 15:35;566
11/04/2025 15:40;589
11/04/2025 15:44;705
11/04/2025 15:45;709
11/04/2025 15:45;720
11/04/2025 15:46;707
11/04/2025 15:50;445
11/04/2025 15:55;545
11/04/2025 16:00;289
11/04/2025 16:05;284
11/04/2025 16:10;280
11/04/2025 16:15;291
11/04/2025 16:20;274
11/04/2025 16:25;280
11/04/2025 16:30;331
11/04/2025 16:35;310
11/04/2025 16:40;331
11/04/2025 16:45;458
11/04/2025 16:50;340
11/04/2025 16:55;269
11/04/2025 17:00;226
11/04/2025 17:05;207
11/04/2025 17:10;187
11/04/2025 17:15;180
11/04/2025 17:20;204
11/04/2025 17:25;200
11/04/2025 17:30;203
11/04/2025 17:35;273
11/04/2025 17:40;151
11/04/2025 17:45;150
11/04/2025 17:50;110
11/04/2025 17:55;105
11/04/2025 18:00;102
11/04/2025 18:05;101
11/04/2025 18:10;91
11/04/2025 18:15;82
11/04/2025 18:20;73
11/04/2025 18:25;65
11/04/2025 18:30;60
11/04/2025 18:35;61
11/04/2025 18:40;58
11/04/2025 18:45;52
11/04/2025 18:50;45
11/04/2025 18:55;39
11/04/2025 19:00;39
11/04/2025 19:05;39
11/04/2025 19:10;39
11/04/2025 19:15;39
11/04/2025 19:20;39
11/04/2025 19:25;39
11/04/2025 19:30;39
11/04/2025 19:35;39
11/04/2025 19:40;39
11/04/2025 19:45;39
11/04/2025 19:50;39
11/04/2025 19:55;39
11/04/2025 20:00;39
11/04/2025 20:05;39
11/04/2025 20:10;39
11/04/2025 20:15;39
11/04/2025 20:20;39
11/04/2025 20:25;39
11/04/2025 20:30;39
12/04/2025 8:40;0
12/04/2025 8:40;0
12/04/2025 8:41;0
12/04/2025 8:41;0
12/04/2025 8:42;0
12/04/2025 8:45;0
12/04/2025 8:50;0
12/04/2025 8:55;0
12/04/2025 9:00;0
12/04/2025 9:05;0
12/04/2025 9:10;39
12/04/2025 9:15;39
12/04/2025 9:20;39
12/04/2025 9:25;39
12/04/2025 9:30;39
12/04/2025 9:35;39
12/04/2025 9:40;39
12/04/2025 9:45;39
12/04/2025 9:50;39
12/04/2025 9:55;54
12/04/2025 10:00;77
12/04/2025 10:05;84
12/04/2025 10:10;82
12/04/2025 10:15;82
12/04/2025 10:20;76
12/04/2025 10:25;75
12/04/2025 10:30;86
12/04/2025 10:35;114
12/04/2025 10:40;150
12/04/2025 10:45;145
12/04/2025 10:50;141
12/04/2025 10:55;139
12/04/2025 11:00;111
12/04/2025 11:05;105
12/04/2025 11:10;122
12/04/2025 11:15;121
12/04/2025 11:20;121
12/04/2025 11:25;123
12/04/2025 11:30;141
12/04/2025 11:35;181
12/04/2025 11:40;175
12/04/2025 11:45;193
12/04/2025 11:50;267
12/04/2025 11:55;288
12/04/2025 12:00;311
12/04/2025 12:05;354
12/04/2025 12:10;303
12/04/2025 12:15;300
12/04/2025 12:20;258
12/04/2025 12:25;258
12/04/2025 12:30;240
12/04/2025 12:35;226
12/04/2025 12:40;202
12/04/2025 12:45;201
12/04/2025 12:50;196
12/04/2025 12:55;216
12/04/2025 13:00;202
12/04/2025 13:05;208
12/04/2025 13:10;217
12/04/2025 13:15;200
12/04/2025 13:20;147
12/04/2025 13:25;104
12/04/2025 13:30;94
12/04/2025 13:35;115
12/04/2025 13:40;137
12/04/2025 13:45;132
12/04/2025 13:50;126
12/04/2025 13:55;124
12/04/2025 14:00;131
12/04/2025 14:05;133
12/04/2025 14:10;115
12/04/2025 14:15;106
12/04/2025 14:20;106
12/04/2025 14:25;123
12/04/2025 14:30;158
12/04/2025 14:35;165
12/04/2025 14:40;170
12/04/2025 14:45;203
12/04/2025 14:50;212
12/04/2025 14:55;166
12/04/2025 15:00;146
12/04/2025 15:05;136
12/04/2025 15:10;154
12/04/2025 15:15;137
12/04/2025 15:20;151
12/04/2025 15:25;141
12/04/2025 15:30;150
12/04/2025 15:35;180
12/04/2025 15:40;164
12/04/2025 15:45;130
12/04/2025 15:50;111
12/04/2025 15:55;72
12/04/2025 16:00;45
12/04/2025 16:05;71
12/04/2025 16:10;56
12/04/2025 16:15;42
12/04/2025 16:20;45
12/04/2025 16:25;54
12/04/2025 16:30;54
12/04/2025 16:35;39
12/04/2025 16:40;39
12/04/2025 16:45;39
12/04/2025 16:50;39
12/04/2025 16:55;39
12/04/2025 17:00;39
12/04/2025 17:05;39
12/04/2025 17:10;39
12/04/2025 17:15;39
12/04/2025 17:20;39
12/04/2025 17:25;39
12/04/2025 17:30;39
12/04/2025 17:35;39
12/04/2025 17:40;39
12/04/2025 17:45;39
12/04/2025 17:50;39
12/04/2025 17:55;39
12/04/2025 18:00;39
12/04/2025 18:05;39
12/04/2025 18:10;39
12/04/2025 18:15;39
12/04/2025 18:20;39
12/04/2025 18:25;39
12/04/2025 18:30;39
12/04/2025 18:35;39
12/04/2025 18:40;39
12/04/2025 18:45;39
12/04/2025 18:50;39
12/04/2025 18:55;39
12/04/2025 19:00;39
12/04/2025 19:05;39
12/04/2025 19:10;39
12/04/2025 19:15;39
12/04/2025 19:20;39
12/04/2025 19:25;39
12/04/2025 19:30;39
12/04/2025 19:35;39
12/04/2025 19:40;39
12/04/2025 19:45;39
12/04/2025 19:50;39
12/04/2025 19:55;39
12/04/2025 20:00;0
12/04/2025 20:05;0
12/04/2025 20:10;0
12/04/2025 20:15;0
12/04/2025 20:20;0
13/04/2025 8:35;0
13/04/2025 8:35;0
13/04/2025 8:36;0
13/04/2025 8:36;0
13/04/2025 8:37;0
13/04/2025 8:40;0
13/04/2025 8:45;0
13/04/2025 8:46;0
13/04/2025 8:47;0
13/04/2025 8:47;0
13/04/2025 8:48;0
13/04/2025 8:48;0
13/04/2025 8:50;0
13/04/2025 8:55;0
13/04/2025 9:00;39
13/04/2025 9:05;39
13/04/2025 9:10;39
13/04/2025 9:15;39
13/04/2025 9:20;39
13/04/2025 9:25;39
13/04/2025 9:30;39
13/04/2025 9:35;39
13/04/2025 9:40;39
13/04/2025 9:45;39
13/04/2025 9:50;39
13/04/2025 9:55;39
13/04/2025 10:00;39
13/04/2025 10:05;39
13/04/2025 10:10;43
13/04/2025 10:15;70
13/04/2025 10:20;55
13/04/2025 10:25;39
13/04/2025 10:30;40
13/04/2025 10:35;39
13/04/2025 10:40;39
13/04/2025 10:45;39
13/04/2025 10:50;39
13/04/2025 10:55;39
13/04/2025 11:00;39
13/04/2025 11:05;39
13/04/2025 11:10;39
13/04/2025 11:15;39
13/04/2025 11:20;39
13/04/2025 11:25;39
13/04/2025 11:30;39
13/04/2025 11:35;39
13/04/2025 11:40;39
13/04/2025 11:45;39
13/04/2025 11:50;39
13/04/2025 11:55;54
13/04/2025 12:00;53
13/04/2025 12:05;50
13/04/2025 12:10;55
13/04/2025 12:15;60
13/04/2025 12:20;64
13/04/2025 12:25;60
13/04/2025 12:30;48
13/04/2025 12:35;52
13/04/2025 12:40;58
13/04/2025 12:45;64
13/04/2025 12:50;70
13/04/2025 12:55;83
13/04/2025 13:00;84
13/04/2025 13:05;84
13/04/2025 13:10;75
13/04/2025 13:15;49
13/04/2025 13:20;71
13/04/2025 13:25;66
13/04/2025 13:30;65
13/04/2025 13:35;74
13/04/2025 13:40;92
13/04/2025 13:45;99
13/04/2025 13:50;125
13/04/2025 13:55;119
13/04/2025 14:00;142
13/04/2025 14:05;123
13/04/2025 14:10;133
13/04/2025 14:15;92
13/04/2025 14:20;64
13/04/2025 14:25;50
13/04/2025 14:30;47
13/04/2025 14:35;41
13/04/2025 14:40;63
13/04/2025 14:45;74
13/04/2025 14:50;84
13/04/2025 14:55;93
13/04/2025 15:00;91
13/04/2025 15:05;114
13/04/2025 15:10;141
13/04/2025 15:15;130
13/04/2025 15:20;140
13/04/2025 15:25;157
13/04/2025 15:30;163
13/04/2025 15:35;156
13/04/2025 15:40;151
13/04/2025 15:45;144
13/04/2025 15:50;168
13/04/2025 15:55;242
13/04/2025 16:00;273
13/04/2025 16:05;276
13/04/2025 16:10;209
13/04/2025 16:15;177
13/04/2025 16:20;176
13/04/2025 16:25;242
13/04/2025 16:30;141
13/04/2025 16:35;125
13/04/2025 16:40;112
13/04/2025 16:45;132
13/04/2025 16:50;113
13/04/2025 16:55;105
13/04/2025 17:00;115
13/04/2025 17:05;174
13/04/2025 17:10;171
13/04/2025 17:15;141
13/04/2025 17:20;121
13/04/2025 17:25;153
13/04/2025 17:30;152
13/04/2025 17:35;134
13/04/2025 17:40;95
13/04/2025 17:45;53
13/04/2025 17:50;44
13/04/2025 17:55;48
13/04/2025 18:00;39
13/04/2025 18:05;49
13/04/2025 18:10;42
13/04/2025 18:15;39
13/04/2025 18:20;42
13/04/2025 18:25;39
13/04/2025 18:30;39
13/04/2025 18:35;39
13/04/2025 18:40;39
13/04/2025 18:45;39
13/04/2025 18:50;39
13/04/2025 18:55;39
13/04/2025 19:00;39
13/04/2025 19:05;39
13/04/2025 19:10;39
13/04/2025 19:15;39
13/04/2025 19:20;39
13/04/2025 19:25;39
13/04/2025 19:30;39
13/04/2025 19:35;39
13/04/2025 19:40;39
13/04/2025 19:45;39
13/04/2025 19:50;0
13/04/2025 19:55;0
13/04/2025 20:00;0
14/04/2025 7:40;0
14/04/2025 7:40;0
14/04/2025 7:41;0
14/04/2025 7:41;0
14/04/2025 7:42;0
14/04/2025 7:45;0
14/04/2025 7:50;0
14/04/2025 7:55;0
14/04/2025 8:00;0
14/04/2025 8:05;0
14/04/2025 8:10;39
14/04/2025 8:15;39
14/04/2025 8:20;39
14/04/2025 8:25;39
14/04/2025 8:30;39
14/04/2025 8:35;39
14/04/2025 8:40;39
14/04/2025 8:45;54
14/04/2025 8:50;72
14/04/2025 8:55;95
14/04/2025 9:00;99
14/04/2025 9:05;100
14/04/2025 9:10;85
14/04/2025 9:15;97
14/04/2025 9:20;109
14/04/2025 9:25;101
14/04/2025 9:30;105
14/04/2025 9:35;92
14/04/2025 9:40;95
14/04/2025 9:45;90
14/04/2025 9:50;86
14/04/2025 9:55;85
14/04/2025 10:00;80
14/04/2025 10:05;63
14/04/2025 10:10;52
14/04/2025 10:15;61
14/04/2025 10:20;76
14/04/2025 10:25;103
14/04/2025 10:30;113
14/04/2025 10:35;120
14/04/2025 10:40;107
14/04/2025 10:45;110
14/04/2025 10:50;119
14/04/2025 10:55;137
14/04/2025 11:00;134
14/04/2025 11:05;131
14/04/2025 11:10;124
14/04/2025 11:15;114
14/04/2025 11:20;124
14/04/2025 11:25;143
14/04/2025 11:30;152
14/04/2025 11:35;183
14/04/2025 11:40;215
14/04/2025 11:45;226
14/04/2025 11:50;200
14/04/2025 11:55;171
14/04/2025 12:00;195
14/04/2025 12:05;255
14/04/2025 12:10;277
14/04/2025 12:15;330
14/04/2025 12:20;305
14/04/2025 12:25;262
14/04/2025 12:30;185
14/04/2025 12:35;186
14/04/2025 12:40;242
14/04/2025 12:45;301
14/04/2025 12:50;312
14/04/2025 12:55;412
14/04/2025 13:00;361
14/04/2025 13:05;380
14/04/2025 13:10;253
14/04/2025 13:15;296
14/04/2025 13:20;336
14/04/2025 13:25;296
14/04/2025 13:30;299
14/04/2025 13:35;365
14/04/2025 13:40;329
14/04/2025 13:45;363
14/04/2025 13:50;394
14/04/2025 13:55;457
14/04/2025 14:00;272
14/04/2025 14:05;209
14/04/2025 14:10;265
14/04/2025 14:15;359
14/04/2025 14:20;292
14/04/2025 14:25;308
14/04/2025 14:30;350
14/04/2025 14:35;382
14/04/2025 14:40;342
14/04/2025 14:45;280
14/04/2025 14:50;231
14/04/2025 14:55;193
14/04/2025 15:00;200
14/04/2025 15:05;239
14/04/2025 15:10;225
14/04/2025 15:15;194
14/04/2025 15:20;157
14/04/2025 15:25;151
14/04/2025 15:30;177
14/04/2025 15:35;247
14/04/2025 15:40;375
14/04/2025 15:45;483
14/04/2025 15:50;312
14/04/2025 15:55;264
14/04/2025 16:00;289
14/04/2025 16:05;365
14/04/2025 16:10;342
14/04/2025 16:15;404
14/04/2025 16:20;346
14/04/2025 16:25;466
14/04/2025 16:30;418
14/04/2025 16:35;440
14/04/2025 16:40;643
14/04/2025 16:45;261
14/04/2025 16:50;446
14/04/2025 16:55;564
14/04/2025 17:00;428
14/04/2025 17:05;475
14/04/2025 17:10;569
14/04/2025 17:15;526
14/04/2025 17:20;481
14/04/2025 17:25;455
14/04/2025 17:30;411
14/04/2025 17:35;384
14/04/2025 17:40;360
14/04/2025 17:45;348
14/04/2025 17:50;178
14/04/2025 17:55;265
14/04/2025 18:00;285
14/04/2025 18:05;151
14/04/2025 18:10;170
14/04/2025 18:15;119
14/04/2025 18:20;112
14/04/2025 18:25;120
14/04/2025 18:30;127
14/04/2025 18:35;189
14/04/2025 18:40;168
14/04/2025 18:45;159
14/04/2025 18:50;125
14/04/2025 18:55;101
14/04/2025 19:00;104
14/04/2025 19:05;85
14/04/2025 19:10;98
14/04/2025 19:15;95
14/04/2025 19:20;56
14/04/2025 19:25;39
14/04/2025 19:30;39
14/04/2025 19:35;39
14/04/2025 19:40;39
14/04/2025 19:45;39
14/04/2025 19:50;39
14/04/2025 19:55;39
14/04/2025 20:00;39
14/04/2025 20:05;39
14/04/2025 20:10;39
14/04/2025 20:15;39
14/04/2025 20:20;39
14/04/2025 20:25;39
14/04/2025 20:30;39
14/04/2025 20:35;39
14/04/2025 20:40;39
14/04/2025 20:45;0
14/04/2025 20:50;0
15/04/2025 7:38;0
15/04/2025 7:38;0
15/04/2025 7:39;0
15/04/2025 7:39;0
15/04/2025 7:40;0
15/04/2025 7:45;0
15/04/2025 7:50;0
15/04/2025 7:55;0
15/04/2025 8:00;39
15/04/2025 8:05;39
15/04/2025 8:10;39
15/04/2025 8:15;45
15/04/2025 8:20;55
15/04/2025 8:25;81
15/04/2025 8:30;62
15/04/2025 8:35;39
15/04/2025 8:40;95
15/04/2025 8:45;56
15/04/2025 8:50;68
15/04/2025 8:55;281
15/04/2025 9:00;258
15/04/2025 9:05;110
15/04/2025 9:10;329
15/04/2025 9:15;338
15/04/2025 9:20;362
15/04/2025 9:25;377
15/04/2025 9:30;385
15/04/2025 9:35;412
15/04/2025 9:40;442
15/04/2025 9:45;506
15/04/2025 9:50;490
15/04/2025 9:55;535
15/04/2025 10:00;146
15/04/2025 10:05;573
15/04/2025 10:10;618
15/04/2025 10:15;608
15/04/2025 10:20;621
15/04/2025 10:25;365
15/04/2025 10:30;622
15/04/2025 10:35;624
15/04/2025 10:40;641
15/04/2025 10:45;658
15/04/2025 10:50;682
15/04/2025 10:55;698
15/04/2025 11:00;694
15/04/2025 11:05;696
15/04/2025 11:10;131
15/04/2025 11:15;711
15/04/2025 11:20;713
15/04/2025 11:25;722
15/04/2025 11:30;736
15/04/2025 11:35;739
15/04/2025 11:40;752
15/04/2025 11:45;769
15/04/2025 11:50;635
15/04/2025 11:55;572
15/04/2025 12:00;461
15/04/2025 12:05;464
15/04/2025 12:10;470
15/04/2025 12:15;772
15/04/2025 12:20;779
15/04/2025 12:25;769
15/04/2025 12:30;769
15/04/2025 12:35;779
15/04/2025 12:40;766
15/04/2025 12:45;765
15/04/2025 12:50;772
15/04/2025 12:55;768
15/04/2025 13:00;771
15/04/2025 13:05;763
15/04/2025 13:10;427
15/04/2025 13:15;771
15/04/2025 13:20;630
15/04/2025 13:25;768
15/04/2025 13:30;770
15/04/2025 13:35;493
15/04/2025 13:40;368
15/04/2025 13:45;394
15/04/2025 13:50;336
15/04/2025 13:55;315
15/04/2025 14:00;311
15/04/2025 14:05;280
15/04/2025 14:10;252
15/04/2025 14:15;245
15/04/2025 14:20;242
15/04/2025 14:25;238
15/04/2025 14:30;219
15/04/2025 14:35;202
15/04/2025 14:40;216
15/04/2025 14:45;266
15/04/2025 14:50;255
15/04/2025 14:55;242
15/04/2025 15:00;261
15/04/2025 15:05;231
15/04/2025 15:10;231
15/04/2025 15:15;222
15/04/2025 15:20;198
15/04/2025 15:25;271
15/04/2025 15:30;272
15/04/2025 15:35;346
15/04/2025 15:40;378
15/04/2025 15:45;505
15/04/2025 15:50;650
15/04/2025 15:55;460
15/04/2025 16:00;328
15/04/2025 16:05;214
15/04/2025 16:10;191
15/04/2025 16:15;212
15/04/2025 16:20;215
15/04/2025 16:25;192
15/04/2025 16:30;161
15/04/2025 16:35;137
15/04/2025 16:40;119
15/04/2025 16:45;111
15/04/2025 16:50;92
15/04/2025 16:55;81
15/04/2025 17:00;59
15/04/2025 17:05;75
15/04/2025 17:10;92
15/04/2025 17:15;122
15/04/2025 17:20;159
15/04/2025 17:25;183
15/04/2025 17:30;181
15/04/2025 17:35;169
15/04/2025 17:40;119
15/04/2025 17:45;116
15/04/2025 17:50;114
15/04/2025 17:55;118
15/04/2025 18:00;133
15/04/2025 18:05;142
15/04/2025 18:10;156
15/04/2025 18:15;123
15/04/2025 18:20;79
15/04/2025 18:25;59
15/04/2025 18:30;63
15/04/2025 18:35;39
15/04/2025 18:40;64
15/04/2025 18:45;67
15/04/2025 18:50;65
15/04/2025 18:55;66
15/04/2025 19:00;66
15/04/2025 19:05;80
15/04/2025 19:10;74
15/04/2025 19:15;55
15/04/2025 19:20;48
15/04/2025 19:25;54
15/04/2025 19:30;188
15/04/2025 19:35;94
15/04/2025 19:40;59
15/04/2025 19:45;39
15/04/2025 19:50;39
15/04/2025 19:55;39
15/04/2025 20:00;39
15/04/2025 20:05;40
15/04/2025 20:10;46
15/04/2025 20:15;39
15/04/2025 20:20;44
15/04/2025 20:25;39
15/04/2025 20:30;39
15/04/2025 20:35;39
15/04/2025 20:40;39
15/04/2025 20:45;39
16/04/2025 7:38;0
16/04/2025 7:39;0
16/04/2025 7:39;0
16/04/2025 7:40;0
16/04/2025 7:40;0
16/04/2025 7:45;0
16/04/2025 7:50;0
16/04/2025 7:55;0
16/04/2025 8:00;0
16/04/2025 8:05;0
16/04/2025 8:10;39
16/04/2025 8:15;66
16/04/2025 8:20;78
16/04/2025 8:25;90
16/04/2025 8:30;103
16/04/2025 8:33;112
16/04/2025 8:33;112
16/04/2025 8:34;114
16/04/2025 8:34;117
16/04/2025 8:35;119
16/04/2025 8:40;165
16/04/2025 8:45;221
16/04/2025 8:50;246
16/04/2025 8:55;273
16/04/2025 9:00;298
16/04/2025 9:05;327
16/04/2025 9:10;363
16/04/2025 9:15;331
16/04/2025 9:16;397
16/04/2025 9:17;393
16/04/2025 9:17;336
16/04/2025 9:18;288
16/04/2025 9:20;447
16/04/2025 9:25;470
16/04/2025 9:30;246
16/04/2025 9:35;216
16/04/2025 9:40;365
16/04/2025 9:45;235
16/04/2025 9:50;287
16/04/2025 9:55;458
16/04/2025 10:00;253
16/04/2025 10:05;172
16/04/2025 10:10;504
16/04/2025 10:15;575
16/04/2025 10:20;586
16/04/2025 10:25;598
16/04/2025 10:30;608
16/04/2025 10:35;618
16/04/2025 10:40;634
16/04/2025 10:45;651
16/04/2025 10:50;695
16/04/2025 10:55;597
16/04/2025 11:00;626
16/04/2025 11:05;559
16/04/2025 11:10;419
16/04/2025 11:15;505
16/04/2025 11:20;495
16/04/2025 11:25;617
16/04/2025 11:30;433
16/04/2025 11:35;566
16/04/2025 11:40;419
16/04/2025 11:45;573
16/04/2025 11:50;475
16/04/2025 11:55;509
16/04/2025 12:00;712
16/04/2025 12:05;376
16/04/2025 12:10;303
16/04/2025 12:15;234
16/04/2025 12:20;245
16/04/2025 12:25;555
16/04/2025 12:30;378
16/04/2025 12:35;400
16/04/2025 12:40;525
16/04/2025 12:45;214
16/04/2025 12:50;207
16/04/2025 12:55;224
16/04/2025 13:00;303
16/04/2025 13:05;279
16/04/2025 13:10;339
16/04/2025 13:15;498
16/04/2025 13:20;424
16/04/2025 13:25;324
16/04/2025 13:30;344
16/04/2025 13:35;316
16/04/2025 13:40;170
16/04/2025 13:45;132
16/04/2025 13:50;189
16/04/2025 13:55;248
16/04/2025 14:00;305
16/04/2025 14:05;380
16/04/2025 14:10;291
16/04/2025 14:15;226
16/04/2025 14:20;227
16/04/2025 14:25;272
16/04/2025 14:30;341
16/04/2025 14:35;395
16/04/2025 14:40;500
16/04/2025 14:45;291
16/04/2025 14:50;326
16/04/2025 14:55;346
16/04/2025 15:00;457
16/04/2025 15:05;346
16/04/2025 15:10;657
16/04/2025 15:15;779
16/04/2025 15:20;775
16/04/2025 15:25;780
16/04/2025 15:30;317
16/04/2025 15:35;376
16/04/2025 15:40;279
16/04/2025 15:45;316
16/04/2025 15:50;271
16/04/2025 15:55;248
16/04/2025 16:00;216
16/04/2025 16:05;188
16/04/2025 16:10;188
16/04/2025 16:15;235
16/04/2025 16:20;345
16/04/2025 16:25;286
16/04/2025 16:30;240
16/04/2025 16:35;179
16/04/2025 16:40;99
16/04/2025 16:45;67
16/04/2025 16:50;82
16/04/2025 16:55;132
16/04/2025 17:00;132
16/04/2025 17:05;162
16/04/2025 17:10;224
16/04/2025 17:15;203
16/04/2025 17:20;206
16/04/2025 17:25;160
16/04/2025 17:30;112
16/04/2025 17:35;102
16/04/2025 17:40;113
16/04/2025 17:45;135
16/04/2025 17:50;110
16/04/2025 17:55;126
16/04/2025 18:00;108
16/04/2025 18:05;176
16/04/2025 18:10;136
16/04/2025 18:15;82
16/04/2025 18:20;70
16/04/2025 18:25;83
16/04/2025 18:30;136
16/04/2025 18:35;220
16/04/2025 18:40;105
16/04/2025 18:45;107
16/04/2025 18:50;109
16/04/2025 18:55;89
16/04/2025 19:00;107
16/04/2025 19:05;116
16/04/2025 19:10;110
16/04/2025 19:15;113
16/04/2025 19:20;71
16/04/2025 19:25;66
16/04/2025 19:30;65
16/04/2025 19:35;55
16/04/2025 19:40;43
16/04/2025 19:45;48
16/04/2025 19:50;39
16/04/2025 19:55;39
16/04/2025 20:00;39
16/04/2025 20:05;39
16/04/2025 20:10;39
16/04/2025 20:15;39
16/04/2025 20:20;39
16/04/2025 20:25;39
16/04/2025 20:30;39
16/04/2025 20:35;39
16/04/2025 20:40;39
16/04/2025 20:45;0
17/04/2025 7:36;0
17/04/2025 7:36;0
17/04/2025 7:37;0
17/04/2025 7:37;0
17/04/2025 7:38;0
17/04/2025 7:40;0
17/04/2025 7:49;0
17/04/2025 7:49;0
17/04/2025 7:50;0
17/04/2025 7:50;0
17/04/2025 7:51;0
17/04/2025 7:55;0
17/04/2025 8:00;39
17/04/2025 8:05;39
17/04/2025 8:10;39
17/04/2025 8:15;39
17/04/2025 8:20;40
17/04/2025 8:25;63
17/04/2025 8:30;50
17/04/2025 8:35;111
17/04/2025 8:40;158
17/04/2025 8:45;54
17/04/2025 8:50;43
17/04/2025 8:55;296
17/04/2025 9:00;139
17/04/2025 9:05;245
17/04/2025 9:10;331
17/04/2025 9:15;370
17/04/2025 9:20;372
17/04/2025 9:25;394
17/04/2025 9:30;401
17/04/2025 9:35;419
17/04/2025 9:40;425
17/04/2025 9:45;446
17/04/2025 9:50;465
17/04/2025 9:55;481
17/04/2025 10:00;495
17/04/2025 10:05;514
17/04/2025 10:10;527
17/04/2025 10:15;543
17/04/2025 10:20;555
17/04/2025 10:25;568
17/04/2025 10:30;582
17/04/2025 10:35;596
17/04/2025 10:40;609
17/04/2025 10:45;618
17/04/2025 10:50;624
17/04/2025 10:55;636
17/04/2025 11:00;648
17/04/2025 11:05;659
17/04/2025 11:10;660
17/04/2025 11:15;604
17/04/2025 11:20;686
17/04/2025 11:25;694
17/04/2025 11:30;699
17/04/2025 11:35;705
17/04/2025 11:40;694
17/04/2025 11:45;557
17/04/2025 11:50;758
17/04/2025 11:55;583
17/04/2025 12:00;688
17/04/2025 12:05;665
17/04/2025 12:10;780
17/04/2025 12:15;438
17/04/2025 12:20;702
17/04/2025 12:25;736
17/04/2025 12:30;438
17/04/2025 12:35;323
17/04/2025 12:40;346
17/04/2025 12:45;335
17/04/2025 12:50;287
17/04/2025 12:55;338
17/04/2025 13:00;409
17/04/2025 13:05;335
17/04/2025 13:10;257
17/04/2025 13:15;226
17/04/2025 13:20;273
17/04/2025 13:25;404
17/04/2025 13:30;508
17/04/2025 13:35;433
17/04/2025 13:40;491
17/04/2025 13:45;456
17/04/2025 13:50;765
17/04/2025 13:55;483
17/04/2025 14:00;614
17/04/2025 14:05;506
17/04/2025 14:10;460
17/04/2025 14:15;556
17/04/2025 14:20;548
17/04/2025 14:25;488
17/04/2025 14:30;453
17/04/2025 14:35;337
17/04/2025 14:40;322
17/04/2025 14:45;337
17/04/2025 14:50;380
17/04/2025 14:55;337
17/04/2025 15:00;422
17/04/2025 15:05;367
17/04/2025 15:10;433
17/04/2025 15:15;467
17/04/2025 15:20;578
17/04/2025 15:25;465
17/04/2025 15:30;763
17/04/2025 15:35;597
17/04/2025 15:40;419
17/04/2025 15:45;728
17/04/2025 15:50;430
17/04/2025 15:55;265
17/04/2025 16:00;222
17/04/2025 16:05;240
17/04/2025 16:10;314
17/04/2025 16:15;258
17/04/2025 16:20;380
17/04/2025 16:25;314
17/04/2025 16:30;280
17/04/2025 16:35;245
17/04/2025 16:40;220
17/04/2025 16:45;221
17/04/2025 16:50;194
17/04/2025 16:55;205
17/04/2025 17:00;282
17/04/2025 17:05;278
17/04/2025 17:10;331
17/04/2025 17:15;273
17/04/2025 17:20;217
17/04/2025 17:25;365
17/04/2025 17:30;306
17/04/2025 17:35;427
17/04/2025 17:40;401
17/04/2025 17:45;372
17/04/2025 17:50;338
17/04/2025 17:55;328
17/04/2025 18:00;311
17/04/2025 18:05;251
17/04/2025 18:10;133
17/04/2025 18:15;189
17/04/2025 18:20;261
17/04/2025 18:25;79
17/04/2025 18:30;139
17/04/2025 18:35;189
17/04/2025 18:40;187
17/04/2025 18:45;76
17/04/2025 18:50;106
17/04/2025 18:55;89
17/04/2025 19:00;52
17/04/2025 19:05;45
17/04/2025 19:10;39
17/04/2025 19:15;39
17/04/2025 19:20;39
17/04/2025 19:25;39
17/04/2025 19:30;39
17/04/2025 19:35;39
17/04/2025 19:40;39
17/04/2025 19:45;39
17/04/2025 19:50;39
17/04/2025 19:55;39
17/04/2025 20:00;39
17/04/2025 20:05;39
17/04/2025 20:10;39
17/04/2025 20:15;39
17/04/2025 20:20;39
17/04/2025 20:25;39
17/04/2025 20:30;39
17/04/2025 20:35;39
17/04/2025 20:40;39
17/04/2025 20:45;0
18/04/2025 7:37;0
18/04/2025 7:38;0
18/04/2025 7:38;0
18/04/2025 7:39;0
18/04/2025 7:39;0
18/04/2025 7:40;0
18/04/2025 7:45;0
18/04/2025 7:50;0
18/04/2025 7:55;39
18/04/2025 8:00;39
18/04/2025 8:05;39
18/04/2025 8:10;39
18/04/2025 8:15;49
18/04/2025 8:20;98
18/04/2025 8:25;110
18/04/2025 8:30;113
18/04/2025 8:35;167
18/04/2025 8:40;225
18/04/2025 8:45;267
18/04/2025 8:50;300
18/04/2025 8:55;292
18/04/2025 9:00;338
18/04/2025 9:05;362
18/04/2025 9:10;390
18/04/2025 9:15;420
18/04/2025 9:20;446
18/04/2025 9:25;464
18/04/2025 9:30;486
18/04/2025 9:35;486
18/04/2025 9:40;457
18/04/2025 9:45;546
18/04/2025 9:50;464
18/04/2025 9:55;392
18/04/2025 10:00;275
18/04/2025 10:05;224
18/04/2025 10:10;191
18/04/2025 10:15;166
18/04/2025 10:20;145
18/04/2025 10:25;132
18/04/2025 10:30;133
18/04/2025 10:35;136
18/04/2025 10:40;132
18/04/2025 10:45;131
18/04/2025 10:50;131
18/04/2025 10:55;134
18/04/2025 11:00;136
18/04/2025 11:05;131
18/04/2025 11:10;130
18/04/2025 11:15;133
18/04/2025 11:20;129
18/04/2025 11:25;123
18/04/2025 11:30;119
18/04/2025 11:35;123
18/04/2025 11:40;134
18/04/2025 11:45;147
18/04/2025 11:50;162
18/04/2025 11:55;166
18/04/2025 12:00;172
18/04/2025 12:05;184
18/04/2025 12:10;204
18/04/2025 12:15;235
18/04/2025 12:20;310
18/04/2025 12:25;512
18/04/2025 12:30;683
18/04/2025 12:35;520
18/04/2025 12:40;653
18/04/2025 12:45;549
18/04/2025 12:50;584
18/04/2025 12:55;767
18/04/2025 13:00;768
18/04/2025 13:05;779
18/04/2025 13:10;341
18/04/2025 13:15;533
18/04/2025 13:20;325
18/04/2025 13:25;490
18/04/2025 13:30;321
18/04/2025 13:35;317
18/04/2025 13:40;331
18/04/2025 13:45;502
18/04/2025 13:50;349
18/04/2025 13:55;563
18/04/2025 14:00;778
18/04/2025 14:05;770
18/04/2025 14:10;771
18/04/2025 14:15;730
18/04/2025 14:20;770
18/04/2025 14:25;679
18/04/2025 14:30;633
18/04/2025 14:35;536
18/04/2025 14:40;509
18/04/2025 14:45;480
18/04/2025 14:50;691
18/04/2025 14:55;740
18/04/2025 15:00;779
18/04/2025 15:05;780
18/04/2025 15:10;708
18/04/2025 15:15;768
18/04/2025 15:20;780
18/04/2025 15:25;705
18/04/2025 15:30;681
18/04/2025 15:35;626
18/04/2025 15:40;751
18/04/2025 15:45;270
18/04/2025 15:50;278
18/04/2025 15:55;170
18/04/2025 16:00;127
18/04/2025 16:05;105
18/04/2025 16:10;69
18/04/2025 16:15;54
18/04/2025 16:20;61
18/04/2025 16:25;105
18/04/2025 16:30;80
18/04/2025 16:35;110
18/04/2025 16:40;202
18/04/2025 16:45;156
18/04/2025 16:50;188
18/04/2025 16:55;194
18/04/2025 17:00;147
18/04/2025 17:05;130
18/04/2025 17:10;128
18/04/2025 17:15;111
18/04/2025 17:20;99
18/04/2025 17:25;103
18/04/2025 17:30;63
18/04/2025 17:35;48
18/04/2025 17:40;46
18/04/2025 17:45;47
18/04/2025 17:50;54
18/04/2025 17:55;55
18/04/2025 18:00;72
18/04/2025 18:05;76
18/04/2025 18:10;114
18/04/2025 18:15;128
18/04/2025 18:20;102
18/04/2025 18:25;95
18/04/2025 18:30;83
18/04/2025 18:35;77
18/04/2025 18:40;87
18/04/2025 18:45;85
18/04/2025 18:50;90
18/04/2025 18:55;81
18/04/2025 19:00;64
18/04/2025 19:05;76
18/04/2025 19:10;68
18/04/2025 19:15;57
18/04/2025 19:20;57
18/04/2025 19:25;56
18/04/2025 19:30;48
18/04/2025 19:35;39
18/04/2025 19:40;43
18/04/2025 19:45;39
18/04/2025 19:50;72
18/04/2025 19:55;57
18/04/2025 20:00;39
18/04/2025 20:05;39
18/04/2025 20:10;39
18/04/2025 20:15;39
18/04/2025 20:20;39
18/04/2025 20:25;39
18/04/2025 20:30;39
18/04/2025 20:35;39
18/04/2025 20:40;0
18/04/2025 20:45;0
18/04/2025 20:50;0
19/04/2025 7:53;0
19/04/2025 7:53;0
19/04/2025 7:54;0
19/04/2025 7:54;0
19/04/2025 7:55;0
19/04/2025 8:00;0
19/04/2025 8:05;0
19/04/2025 8:10;39
19/04/2025 8:15;39
19/04/2025 8:20;39
19/04/2025 8:25;39
19/04/2025 8:30;39
19/04/2025 8:35;39
19/04/2025 8:40;39
19/04/2025 8:45;39
19/04/2025 8:50;39
19/04/2025 8:55;39
19/04/2025 9:00;41
19/04/2025 9:05;56
19/04/2025 9:10;67
19/04/2025 9:15;77
19/04/2025 9:20;84
19/04/2025 9:25;93
19/04/2025 9:30;101
19/04/2025 9:35;109
19/04/2025 9:40;118
19/04/2025 9:45;119
19/04/2025 9:50;128
19/04/2025 9:55;141
19/04/2025 10:00;153
19/04/2025 10:05;189
19/04/2025 10:10;264
19/04/2025 10:15;229
19/04/2025 10:20;416
19/04/2025 10:25;376
19/04/2025 10:30;279
19/04/2025 10:35;285
19/04/2025 10:40;527
19/04/2025 10:45;670
19/04/2025 10:50;640
19/04/2025 10:55;296
19/04/2025 11:00;415
19/04/2025 11:05;417
19/04/2025 11:10;536
19/04/2025 11:15;469
19/04/2025 11:20;302
19/04/2025 11:25;318
19/04/2025 11:30;363
19/04/2025 11:35;375
19/04/2025 11:40;365
19/04/2025 11:45;308
19/04/2025 11:50;360
19/04/2025 11:55;431
19/04/2025 12:00;312
19/04/2025 12:05;330
19/04/2025 12:10;465
19/04/2025 12:15;541
19/04/2025 12:20;468
19/04/2025 12:25;425
19/04/2025 12:30;571
19/04/2025 12:35;780
19/04/2025 12:40;523
19/04/2025 12:45;537
19/04/2025 12:50;517
19/04/2025 12:55;757
19/04/2025 13:00;588
19/04/2025 13:05;780
19/04/2025 13:10;771
19/04/2025 13:15;780
19/04/2025 13:20;668
19/04/2025 13:25;695
19/04/2025 13:30;780
19/04/2025 13:35;550
19/04/2025 13:40;776
19/04/2025 13:45;449
19/04/2025 13:50;780
19/04/2025 13:55;623
19/04/2025 14:00;776
19/04/2025 14:05;773
19/04/2025 14:10;758
19/04/2025 14:15;690
19/04/2025 14:20;682
19/04/2025 14:25;589
19/04/2025 14:30;583
19/04/2025 14:35;679
19/04/2025 14:40;685
19/04/2025 14:45;740
19/04/2025 14:50;761
19/04/2025 14:55;759
19/04/2025 15:00;582
19/04/2025 15:05;465
19/04/2025 15:10;510
19/04/2025 15:15;454
19/04/2025 15:20;731
19/04/2025 15:25;737
19/04/2025 15:30;628
19/04/2025 15:35;707
19/04/2025 15:40;692
19/04/2025 15:45;678
19/04/2025 15:50;677
19/04/2025 15:55;672
19/04/2025 16:00;644
19/04/2025 16:05;644
19/04/2025 16:10;629
19/04/2025 16:15;619
19/04/2025 16:20;607
19/04/2025 16:25;595
19/04/2025 16:30;584
19/04/2025 16:35;570
19/04/2025 16:40;559
19/04/2025 16:45;548
19/04/2025 16:50;533
19/04/2025 16:55;522
19/04/2025 17:00;511
19/04/2025 17:05;504
19/04/2025 17:10;415
19/04/2025 17:15;245
19/04/2025 17:20;109
19/04/2025 17:25;55
19/04/2025 17:30;47
19/04/2025 17:35;43
19/04/2025 17:40;39
19/04/2025 17:45;39
19/04/2025 17:50;0
19/04/2025 17:55;0
19/04/2025 18:00;0
19/04/2025 18:05;0
19/04/2025 18:10;0
19/04/2025 18:15;0
19/04/2025 18:20;0
19/04/2025 18:25;0
19/04/2025 18:30;0
19/04/2025 18:35;0
19/04/2025 18:40;0
19/04/2025 18:45;0
19/04/2025 18:50;39
19/04/2025 18:55;39
19/04/2025 19:00;61
19/04/2025 19:05;115
19/04/2025 19:10;146
19/04/2025 19:15;154
19/04/2025 19:20;114
19/04/2025 19:25;79
19/04/2025 19:30;62
19/04/2025 19:35;52
19/04/2025 19:40;50
19/04/2025 19:45;49
19/04/2025 19:50;41
19/04/2025 19:55;39
19/04/2025 20:00;39
19/04/2025 20:05;39
19/04/2025 20:10;39
19/04/2025 20:15;39
19/04/2025 20:20;39
19/04/2025 20:25;39
19/04/2025 20:30;39
19/04/2025 20:35;39
19/04/2025 20:40;0
19/04/2025 20:45;0
20/04/2025 7:50;0
20/04/2025 7:51;0
20/04/2025 7:51;0
20/04/2025 7:52;0
20/04/2025 7:52;0
20/04/2025 7:55;0
20/04/2025 8:00;0
20/04/2025 8:05;0
20/04/2025 8:10;0
20/04/2025 8:15;0
20/04/2025 8:20;39
20/04/2025 8:25;39
20/04/2025 8:30;39
20/04/2025 8:35;39
20/04/2025 8:40;39
20/04/2025 8:45;39
20/04/2025 8:50;39
20/04/2025 8:55;39
20/04/2025 9:00;39
20/04/2025 9:05;39
20/04/2025 9:10;39
20/04/2025 9:15;39
20/04/2025 9:20;56
20/04/2025 9:25;65
20/04/2025 9:30;71
20/04/2025 9:35;99
20/04/2025 9:40;104
20/04/2025 9:45;96
20/04/2025 9:50;115
20/04/2025 9:55;145
20/04/2025 10:00;94
20/04/2025 10:05;74
20/04/2025 10:10;71
20/04/2025 10:15;71
20/04/2025 10:20;51
20/04/2025 10:25;81
20/04/2025 10:30;75
20/04/2025 10:35;74
20/04/2025 10:40;93
20/04/2025 10:45;117
20/04/2025 10:50;171
20/04/2025 10:55;209
20/04/2025 11:00;201
20/04/2025 11:05;174
20/04/2025 11:10;150
20/04/2025 11:15;112
20/04/2025 11:20;125
20/04/2025 11:25;134
20/04/2025 11:30;125
20/04/2025 11:35;115
20/04/2025 11:40;106
20/04/2025 11:45;103
20/04/2025 11:50;98
20/04/2025 11:55;91
20/04/2025 12:00;95
20/04/2025 12:05;101
20/04/2025 12:10;109
20/04/2025 12:15;110
20/04/2025 12:20;112
20/04/2025 12:25;109
20/04/2025 12:30;114
20/04/2025 12:35;119
20/04/2025 12:40;125
20/04/2025 12:45;175
20/04/2025 12:50;197
20/04/2025 12:55;193
20/04/2025 13:00;183
20/04/2025 13:05;195
20/04/2025 13:10;191
20/04/2025 13:15;246
20/04/2025 13:20;191
20/04/2025 13:25;224
20/04/2025 13:30;133
20/04/2025 13:35;190
20/04/2025 13:40;275
20/04/2025 13:45;322
20/04/2025 13:50;334
20/04/2025 13:55;383
20/04/2025 14:00;408
20/04/2025 14:05;405
20/04/2025 14:10;374
20/04/2025 14:15;377
20/04/2025 14:20;420
20/04/2025 14:25;426
20/04/2025 14:30;478
20/04/2025 14:35;505
20/04/2025 14:40;466
20/04/2025 14:45;441
20/04/2025 14:50;392
20/04/2025 14:55;374
20/04/2025 15:00;366
20/04/2025 15:05;361
20/04/2025 15:10;484
20/04/2025 15:15;774
20/04/2025 15:20;770
20/04/2025 15:25;510
20/04/2025 15:30;773
20/04/2025 15:35;336
20/04/2025 15:40;709
20/04/2025 15:45;342
20/04/2025 15:50;309
20/04/2025 15:55;773
20/04/2025 16:00;345
20/04/2025 16:05;721
20/04/2025 16:10;717
20/04/2025 16:15;685
20/04/2025 16:20;575
20/04/2025 16:25;772
20/04/2025 16:30;488
20/04/2025 16:35;713
20/04/2025 16:40;648
20/04/2025 16:45;587
20/04/2025 16:50;537
20/04/2025 16:55;519
20/04/2025 17:00;498
20/04/2025 17:05;484
20/04/2025 17:10;473
20/04/2025 17:15;460
20/04/2025 17:20;448
20/04/2025 17:25;230
20/04/2025 17:30;492
20/04/2025 17:35;250
20/04/2025 17:40;155
20/04/2025 17:45;286
20/04/2025 17:50;230
20/04/2025 17:55;197
20/04/2025 18:00;219
20/04/2025 18:05;133
20/04/2025 18:10;104
20/04/2025 18:15;126
20/04/2025 18:20;88
20/04/2025 18:25;63
20/04/2025 18:30;70
20/04/2025 18:35;55
20/04/2025 18:40;62
20/04/2025 18:45;39
20/04/2025 18:50;42
20/04/2025 18:55;39
20/04/2025 19:00;39
20/04/2025 19:05;39
20/04/2025 19:10;39
20/04/2025 19:15;39
20/04/2025 19:20;39
20/04/2025 19:25;39
20/04/2025 19:30;40
20/04/2025 19:35;39
20/04/2025 19:40;39
20/04/2025 19:45;39
20/04/2025 19:50;39
20/04/2025 19:55;39
20/04/2025 20:00;39
20/04/2025 20:05;39
20/04/2025 20:10;39
20/04/2025 20:15;39
20/04/2025 20:20;39
20/04/2025 20:25;39
20/04/2025 20:30;0
20/04/2025 20:35;0
21/04/2025 7:46;0
21/04/2025 7:46;0
21/04/2025 7:47;0
21/04/2025 7:47;0
21/04/2025 7:48;0
21/04/2025 7:50;0
21/04/2025 7:55;0
21/04/2025 8:00;0
21/04/2025 8:05;0
21/04/2025 8:10;0
21/04/2025 8:15;0
21/04/2025 8:20;0
21/04/2025 8:25;39
21/04/2025 8:30;39
21/04/2025 8:35;39
21/04/2025 8:40;39
21/04/2025 8:45;39
21/04/2025 8:50;39
21/04/2025 8:55;39
21/04/2025 9:00;39
21/04/2025 9:05;39
21/04/2025 9:10;39
21/04/2025 9:15;39
21/04/2025 9:20;43
21/04/2025 9:25;48
21/04/2025 9:30;39
21/04/2025 9:35;39
21/04/2025 9:40;39
21/04/2025 9:45;41
21/04/2025 9:50;51
21/04/2025 9:55;55
21/04/2025 10:00;55
21/04/2025 10:05;78
21/04/2025 10:10;87
21/04/2025 10:15;91
21/04/2025 10:20;132
21/04/2025 10:25;131
21/04/2025 10:30;105
21/04/2025 10:35;124
21/04/2025 10:40;176
21/04/2025 10:45;202
21/04/2025 10:50;194
21/04/2025 10:55;153
21/04/2025 11:00;98
21/04/2025 11:05;119
21/04/2025 11:10;138
21/04/2025 11:15;147
21/04/2025 11:20;256
21/04/2025 11:25;325
21/04/2025 11:30;379
21/04/2025 11:35;427
21/04/2025 11:40;373
21/04/2025 11:45;290
21/04/2025 11:50;211
21/04/2025 11:55;192
21/04/2025 12:00;308
21/04/2025 12:05;217
21/04/2025 12:10;302
21/04/2025 12:15;282
21/04/2025 12:20;250
21/04/2025 12:25;338
21/04/2025 12:30;335
21/04/2025 12:35;318
21/04/2025 12:40;181
21/04/2025 12:45;289
21/04/2025 12:50;396
21/04/2025 12:55;353
21/04/2025 13:00;238
21/04/2025 13:05;180
21/04/2025 13:10;192
21/04/2025 13:15;314
21/04/2025 13:20;293
21/04/2025 13:25;591
21/04/2025 13:30;465
21/04/2025 13:35;465
21/04/2025 13:40;394
21/04/2025 13:45;385
21/04/2025 13:50;401
21/04/2025 13:55;320
21/04/2025 14:00;271
21/04/2025 14:05;225
21/04/2025 14:10;209
21/04/2025 14:15;238
21/04/2025 14:20;349
21/04/2025 14:25;255
21/04/2025 14:30;377
21/04/2025 14:35;388
21/04/2025 14:40;392
21/04/2025 14:45;272
21/04/2025 14:50;206
21/04/2025 14:55;191
21/04/2025 15:00;183
21/04/2025 15:05;209
21/04/2025 15:10;184
21/04/2025 15:15;213
21/04/2025 15:20;192
21/04/2025 15:25;169
21/04/2025 15:30;166
21/04/2025 15:35;186
21/04/2025 15:40;190
21/04/2025 15:45;251
21/04/2025 15:50;262
21/04/2025 15:55;275
21/04/2025 16:00;219
21/04/2025 16:05;233
21/04/2025 16:10;231
21/04/2025 16:15;229
21/04/2025 16:20;163
21/04/2025 16:25;242
21/04/2025 16:30;300
21/04/2025 16:35;181
21/04/2025 16:40;175
21/04/2025 16:45;151
21/04/2025 16:50;96
21/04/2025 16:55;83
21/04/2025 17:00;83
21/04/2025 17:05;66
21/04/2025 17:10;39
21/04/2025 17:15;39
21/04/2025 17:20;39
21/04/2025 17:25;39
21/04/2025 17:30;39
21/04/2025 17:35;39
21/04/2025 17:40;39
21/04/2025 17:45;39
21/04/2025 17:50;39
21/04/2025 17:55;39
21/04/2025 18:00;39
21/04/2025 18:05;39
21/04/2025 18:10;39
21/04/2025 18:15;39
21/04/2025 18:20;39
21/04/2025 18:25;39
21/04/2025 18:30;39
21/04/2025 18:35;39
21/04/2025 18:40;39
21/04/2025 18:45;39
21/04/2025 18:50;39
21/04/2025 18:55;39
21/04/2025 19:00;39
21/04/2025 19:05;39
21/04/2025 19:10;39
21/04/2025 19:15;39
21/04/2025 19:20;39
21/04/2025 19:25;39
21/04/2025 19:30;39
21/04/2025 19:35;39
21/04/2025 19:40;0
21/04/2025 19:45;0
21/04/2025 19:50;39
21/04/2025 19:55;39
21/04/2025 20:00;39
21/04/2025 20:05;39
21/04/2025 20:10;39
21/04/2025 20:15;39
21/04/2025 20:20;0
21/04/2025 20:25;0
22/04/2025 7:38;0
22/04/2025 7:39;0
22/04/2025 7:39;0
22/04/2025 7:40;0
22/04/2025 7:40;0
22/04/2025 7:45;0
22/04/2025 7:50;0
22/04/2025 7:55;0
22/04/2025 8:00;39
22/04/2025 8:05;39
22/04/2025 8:10;39
22/04/2025 8:15;39
22/04/2025 8:20;39
22/04/2025 8:25;76
22/04/2025 8:30;114
22/04/2025 8:35;82
22/04/2025 8:40;151
22/04/2025 8:45;207
22/04/2025 8:50;128
22/04/2025 8:55;249
22/04/2025 9:00;273
22/04/2025 9:05;292
22/04/2025 9:10;314
22/04/2025 9:15;329
22/04/2025 9:20;347
22/04/2025 9:25;369
22/04/2025 9:30;393
22/04/2025 9:35;429
22/04/2025 9:40;507
22/04/2025 9:45;559
22/04/2025 9:50;299
22/04/2025 9:55;129
22/04/2025 10:00;137
22/04/2025 10:05;157
22/04/2025 10:10;171
22/04/2025 10:15;175
22/04/2025 10:20;179
22/04/2025 10:25;182
22/04/2025 10:30;138
22/04/2025 10:35;156
22/04/2025 10:40;169
22/04/2025 10:45;158
22/04/2025 10:50;694
22/04/2025 10:55;682
22/04/2025 11:00;682
22/04/2025 11:05;712
22/04/2025 11:10;170
22/04/2025 11:15;716
22/04/2025 11:20;725
22/04/2025 11:25;194
22/04/2025 11:30;111
22/04/2025 11:35;773
22/04/2025 11:40;350
22/04/2025 11:45;777
22/04/2025 11:50;772
22/04/2025 11:55;774
22/04/2025 12:00;760
22/04/2025 12:05;768
22/04/2025 12:10;497
22/04/2025 12:15;780
22/04/2025 12:20;677
22/04/2025 12:25;780
22/04/2025 12:30;422
22/04/2025 12:35;201
22/04/2025 12:40;722
22/04/2025 12:45;727
22/04/2025 12:50;750
22/04/2025 12:55;780
22/04/2025 13:00;780
22/04/2025 13:05;768
22/04/2025 13:10;141
22/04/2025 13:15;780
22/04/2025 13:20;0
22/04/2025 13:25;301
22/04/2025 13:30;186
22/04/2025 13:35;780
22/04/2025 13:40;780
22/04/2025 13:45;780
22/04/2025 13:50;0
22/04/2025 13:55;780
22/04/2025 14:00;582
22/04/2025 14:05;772
22/04/2025 14:10;284
22/04/2025 14:15;774
22/04/2025 14:20;332
22/04/2025 14:25;760
22/04/2025 14:30;640
22/04/2025 14:35;769
22/04/2025 14:40;767
22/04/2025 14:45;749
22/04/2025 14:50;175
22/04/2025 14:55;764
22/04/2025 15:00;715
22/04/2025 15:05;633
22/04/2025 15:10;471
22/04/2025 15:15;621
22/04/2025 15:20;712
22/04/2025 15:25;707
22/04/2025 15:30;695
22/04/2025 15:35;686
22/04/2025 15:40;679
22/04/2025 15:45;667
22/04/2025 15:50;665
22/04/2025 15:55;655
22/04/2025 16:00;645
22/04/2025 16:05;634
22/04/2025 16:10;621
22/04/2025 16:15;610
22/04/2025 16:20;598
22/04/2025 16:25;619
22/04/2025 16:30;578
22/04/2025 16:35;562
22/04/2025 16:40;551
22/04/2025 16:45;548
22/04/2025 16:50;555
22/04/2025 16:55;519
22/04/2025 17:00;501
22/04/2025 17:05;487
22/04/2025 17:10;475
22/04/2025 17:15;454
22/04/2025 17:20;480
22/04/2025 17:25;442
22/04/2025 17:30;404
22/04/2025 17:35;390
22/04/2025 17:40;374
22/04/2025 17:45;364
22/04/2025 17:50;341
22/04/2025 17:55;317
22/04/2025 18:00;298
22/04/2025 18:05;276
22/04/2025 18:10;259
22/04/2025 18:15;228
22/04/2025 18:20;172
22/04/2025 18:25;156
22/04/2025 18:30;137
22/04/2025 18:35;125
22/04/2025 18:40;111
22/04/2025 18:45;96
22/04/2025 18:50;85
22/04/2025 18:55;56
22/04/2025 19:00;59
22/04/2025 19:05;44
22/04/2025 19:10;39
22/04/2025 19:15;39
22/04/2025 19:20;39
22/04/2025 19:25;39
22/04/2025 19:30;39
22/04/2025 19:35;39
22/04/2025 19:40;39
22/04/2025 19:45;39
22/04/2025 19:50;39
22/04/2025 19:55;39
22/04/2025 20:00;39
22/04/2025 20:05;39
22/04/2025 20:10;39
22/04/2025 20:15;39
22/04/2025 20:20;39
22/04/2025 20:25;39
22/04/2025 20:30;39
22/04/2025 20:35;39
22/04/2025 20:40;39
22/04/2025 20:45;39
22/04/2025 20:50;0
22/04/2025 20:55;0
23/04/2025 7:42;0
23/04/2025 7:43;0
23/04/2025 7:43;0
23/04/2025 7:44;0
23/04/2025 7:44;0
23/04/2025 7:45;0
23/04/2025 7:50;0
23/04/2025 7:55;0
23/04/2025 8:00;0
23/04/2025 8:05;0
23/04/2025 8:10;0
23/04/2025 8:15;39
23/04/2025 8:20;39
23/04/2025 8:25;39
23/04/2025 8:30;39
23/04/2025 8:35;39
23/04/2025 8:40;39
23/04/2025 8:45;39
23/04/2025 8:50;39
23/04/2025 8:55;39
23/04/2025 9:00;39
23/04/2025 9:05;48
23/04/2025 9:10;102
23/04/2025 9:15;39
23/04/2025 9:20;69
23/04/2025 9:25;42
23/04/2025 9:30;51
23/04/2025 9:35;87
23/04/2025 9:40;111
23/04/2025 9:45;113
23/04/2025 9:50;98
23/04/2025 9:55;123
23/04/2025 10:00;135
23/04/2025 10:05;102
23/04/2025 10:10;241
23/04/2025 10:15;329
23/04/2025 10:20;289
23/04/2025 10:25;249
23/04/2025 10:30;334
23/04/2025 10:35;746
23/04/2025 10:40;528
23/04/2025 10:45;735
23/04/2025 10:50;770
23/04/2025 10:55;511
23/04/2025 11:00;328
23/04/2025 11:05;390
23/04/2025 11:10;299
23/04/2025 11:15;279
23/04/2025 11:20;279
23/04/2025 11:25;277
23/04/2025 11:30;195
23/04/2025 11:35;158
23/04/2025 11:40;123
23/04/2025 11:45;180
23/04/2025 11:50;210
23/04/2025 11:55;242
23/04/2025 12:00;266
23/04/2025 12:05;283
23/04/2025 12:10;245
23/04/2025 12:15;236
23/04/2025 12:20;245
23/04/2025 12:25;265
23/04/2025 12:30;261
23/04/2025 12:35;251
23/04/2025 12:40;221
23/04/2025 12:45;254
23/04/2025 12:50;264
23/04/2025 12:55;329
23/04/2025 13:00;464
23/04/2025 13:05;412
23/04/2025 13:10;441
23/04/2025 13:15;467
23/04/2025 13:20;385
23/04/2025 13:25;374
23/04/2025 13:30;261
23/04/2025 13:35;283
23/04/2025 13:40;294
23/04/2025 13:45;325
23/04/2025 13:50;304
23/04/2025 13:55;270
23/04/2025 14:00;271
23/04/2025 14:05;358
23/04/2025 14:10;329
23/04/2025 14:15;337
23/04/2025 14:20;496
23/04/2025 14:25;320
23/04/2025 14:30;408
23/04/2025 14:35;465
23/04/2025 14:40;777
23/04/2025 14:45;780
23/04/2025 14:50;778
23/04/2025 14:55;780
23/04/2025 15:00;736
23/04/2025 15:05;767
23/04/2025 15:10;700
23/04/2025 15:15;449
23/04/2025 15:20;445
23/04/2025 15:25;440
23/04/2025 15:30;539
23/04/2025 15:35;731
23/04/2025 15:40;761
23/04/2025 15:45;770
23/04/2025 15:50;539
23/04/2025 15:55;762
23/04/2025 16:00;779
23/04/2025 16:05;617
23/04/2025 16:10;543
23/04/2025 16:15;551
23/04/2025 16:20;700
23/04/2025 16:25;729
23/04/2025 16:30;441
23/04/2025 16:35;715
23/04/2025 16:40;662
23/04/2025 16:45;701
23/04/2025 16:50;717
23/04/2025 16:55;304
23/04/2025 17:00;228
23/04/2025 17:05;221
23/04/2025 17:10;235
23/04/2025 17:15;234
23/04/2025 17:20;209
23/04/2025 17:25;205
23/04/2025 17:30;211
23/04/2025 17:35;224
23/04/2025 17:40;216
23/04/2025 17:45;203
23/04/2025 17:50;184
23/04/2025 17:55;444
23/04/2025 18:00;283
23/04/2025 18:05;225
23/04/2025 18:10;196
23/04/2025 18:15;195
23/04/2025 18:20;159
23/04/2025 18:25;184
23/04/2025 18:30;203
23/04/2025 18:35;200
23/04/2025 18:40;110
23/04/2025 18:45;71
23/04/2025 18:50;67
23/04/2025 18:55;83
23/04/2025 19:00;39
23/04/2025 19:05;46
23/04/2025 19:10;60
23/04/2025 19:15;82
23/04/2025 19:20;64
23/04/2025 19:25;39
23/04/2025 19:30;39
23/04/2025 19:35;39
23/04/2025 19:40;39
23/04/2025 19:45;39
23/04/2025 19:50;39
23/04/2025 19:55;39
23/04/2025 20:00;39
23/04/2025 20:05;39
23/04/2025 20:10;39
23/04/2025 20:15;39
23/04/2025 20:20;39
23/04/2025 20:25;39
23/04/2025 20:30;39
23/04/2025 20:35;39
23/04/2025 20:40;39
23/04/2025 20:46;0
23/04/2025 20:47;0
23/04/2025 20:47;0
24/04/2025 7:38;0
24/04/2025 7:39;0
24/04/2025 7:39;0
24/04/2025 7:40;0
24/04/2025 7:40;0
24/04/2025 7:45;0
24/04/2025 7:50;0
24/04/2025 7:55;0
24/04/2025 8:00;0
24/04/2025 8:05;39
24/04/2025 8:10;39
24/04/2025 8:15;39
24/04/2025 8:20;39
24/04/2025 8:25;39
24/04/2025 8:30;39
24/04/2025 8:35;39
24/04/2025 8:40;39
24/04/2025 8:45;43
24/04/2025 8:50;48
24/04/2025 8:55;64
24/04/2025 9:00;66
24/04/2025 9:05;60
24/04/2025 9:10;65
24/04/2025 9:15;70
24/04/2025 9:20;78
24/04/2025 9:25;83
24/04/2025 9:30;80
24/04/2025 9:35;72
24/04/2025 9:40;75
24/04/2025 9:45;87
24/04/2025 9:50;94
24/04/2025 9:55;74
24/04/2025 10:00;67
24/04/2025 10:05;39
24/04/2025 10:10;39
24/04/2025 10:15;47
24/04/2025 10:20;54
24/04/2025 10:25;55
24/04/2025 10:30;48
24/04/2025 10:35;53
24/04/2025 10:40;60
24/04/2025 10:45;72
24/04/2025 10:50;86
24/04/2025 10:55;89
24/04/2025 11:00;97
24/04/2025 11:05;101
24/04/2025 11:10;114
24/04/2025 11:15;128
24/04/2025 11:20;147
24/04/2025 11:25;163
24/04/2025 11:30;162
24/04/2025 11:35;170
24/04/2025 11:40;176
24/04/2025 11:45;183
24/04/2025 11:50;185
24/04/2025 11:55;169
24/04/2025 12:00;163
24/04/2025 12:05;163
24/04/2025 12:10;177
24/04/2025 12:15;183
24/04/2025 12:20;187
24/04/2025 12:25;206
24/04/2025 12:30;241
24/04/2025 12:35;287
24/04/2025 12:40;337
24/04/2025 12:45;439
24/04/2025 12:50;680
24/04/2025 12:55;621
24/04/2025 13:00;739
24/04/2025 13:05;617
24/04/2025 13:10;772
24/04/2025 13:15;766
24/04/2025 13:20;750
24/04/2025 13:25;758
24/04/2025 13:30;475
24/04/2025 13:35;777
24/04/2025 13:40;740
24/04/2025 13:45;682
24/04/2025 13:50;780
24/04/2025 13:55;778
24/04/2025 14:00;772
24/04/2025 14:05;709
24/04/2025 14:10;351
24/04/2025 14:15;534
24/04/2025 14:20;770
24/04/2025 14:25;770
24/04/2025 14:30;441
24/04/2025 14:35;774
24/04/2025 14:40;759
24/04/2025 14:45;756
24/04/2025 14:50;757
24/04/2025 14:55;764
24/04/2025 15:00;739
24/04/2025 15:05;711
24/04/2025 15:10;722
24/04/2025 15:15;717
24/04/2025 15:20;710
24/04/2025 15:25;692
24/04/2025 15:30;694
24/04/2025 15:35;686
24/04/2025 15:40;667
24/04/2025 15:45;664
24/04/2025 15:50;650
24/04/2025 15:55;642
24/04/2025 16:00;634
24/04/2025 16:05;621
24/04/2025 16:10;611
24/04/2025 16:15;597
24/04/2025 16:20;585
24/04/2025 16:25;573
24/04/2025 16:30;564
24/04/2025 16:35;550
24/04/2025 16:40;539
24/04/2025 16:45;522
24/04/2025 16:50;508
24/04/2025 16:55;494
24/04/2025 17:00;480
24/04/2025 17:05;461
24/04/2025 17:10;449
24/04/2025 17:15;437
24/04/2025 17:20;421
24/04/2025 17:25;403
24/04/2025 17:30;389
24/04/2025 17:35;371
24/04/2025 17:40;352
24/04/2025 17:45;336
24/04/2025 17:50;320
24/04/2025 17:55;302
24/04/2025 18:00;284
24/04/2025 18:05;266
24/04/2025 18:10;248
24/04/2025 18:15;229
24/04/2025 18:20;191
24/04/2025 18:25;144
24/04/2025 18:30;132
24/04/2025 18:35;118
24/04/2025 18:40;108
24/04/2025 18:45;96
24/04/2025 18:50;83
24/04/2025 18:55;76
24/04/2025 19:00;65
24/04/2025 19:05;48
24/04/2025 19:10;41
24/04/2025 19:15;39
24/04/2025 19:20;39
24/04/2025 19:25;39
24/04/2025 19:30;39
24/04/2025 19:35;39
24/04/2025 19:40;39
24/04/2025 19:45;39
24/04/2025 19:50;39
24/04/2025 19:55;39
24/04/2025 20:00;39
24/04/2025 20:05;39
24/04/2025 20:10;39
24/04/2025 20:15;39
24/04/2025 20:20;39
24/04/2025 20:25;39
24/04/2025 20:30;39
24/04/2025 20:35;39
24/04/2025 20:40;39
24/04/2025 20:45;39
24/04/2025 20:50;39
24/04/2025 20:55;39
24/04/2025 21:00;0
25/04/2025 7:25;0
25/04/2025 7:25;0
25/04/2025 7:26;0
25/04/2025 7:26;0
25/04/2025 7:27;0
25/04/2025 7:30;0
25/04/2025 7:35;0
25/04/2025 7:40;0
25/04/2025 7:45;0
25/04/2025 7:50;0
25/04/2025 7:55;39
25/04/2025 8:00;39
25/04/2025 8:05;46
25/04/2025 8:10;68
25/04/2025 8:15;77
25/04/2025 8:20;90
25/04/2025 8:25;102
25/04/2025 8:30;115
25/04/2025 8:35;133
25/04/2025 8:40;183
25/04/2025 8:45;221
25/04/2025 8:50;244
25/04/2025 8:55;267
25/04/2025 9:00;286
25/04/2025 9:05;306
25/04/2025 9:10;355
25/04/2025 9:15;183
25/04/2025 9:20;265
25/04/2025 9:25;189
25/04/2025 9:30;437
25/04/2025 9:35;205
25/04/2025 9:40;161
25/04/2025 9:45;135
25/04/2025 9:50;154
25/04/2025 9:55;311
25/04/2025 10:00;585
25/04/2025 10:05;305
25/04/2025 10:10;618
25/04/2025 10:15;312
25/04/2025 10:20;583
25/04/2025 10:25;229
25/04/2025 10:30;467
25/04/2025 10:35;589
25/04/2025 10:40;587
25/04/2025 10:45;592
25/04/2025 10:50;608
25/04/2025 10:55;617
25/04/2025 11:00;632
25/04/2025 11:05;644
25/04/2025 11:10;643
25/04/2025 11:15;658
25/04/2025 11:20;667
25/04/2025 11:25;673
25/04/2025 11:30;680
25/04/2025 11:35;682
25/04/2025 11:40;695
25/04/2025 11:45;706
25/04/2025 11:50;715
25/04/2025 11:55;718
25/04/2025 12:00;724
25/04/2025 12:05;732
25/04/2025 12:10;735
25/04/2025 12:15;737
25/04/2025 12:20;740
25/04/2025 12:25;676
25/04/2025 12:30;470
25/04/2025 12:35;471
25/04/2025 12:40;472
25/04/2025 12:45;475
25/04/2025 12:50;477
25/04/2025 12:55;477
25/04/2025 13:00;471
25/04/2025 13:05;475
25/04/2025 13:10;476
25/04/2025 13:15;481
25/04/2025 13:20;480
25/04/2025 13:25;770
25/04/2025 13:30;770
25/04/2025 13:35;729
25/04/2025 13:40;769
25/04/2025 13:45;770
25/04/2025 13:50;770
25/04/2025 13:55;773
25/04/2025 14:00;770
25/04/2025 14:05;762
25/04/2025 14:10;750
25/04/2025 14:15;736
25/04/2025 14:20;739
25/04/2025 14:25;718
25/04/2025 14:30;732
25/04/2025 14:35;744
25/04/2025 14:40;738
25/04/2025 14:45;736
25/04/2025 14:50;724
25/04/2025 14:55;725
25/04/2025 15:00;722
25/04/2025 15:05;704
25/04/2025 15:10;699
25/04/2025 15:15;685
25/04/2025 15:20;687
25/04/2025 15:25;673
25/04/2025 15:30;690
25/04/2025 15:35;710
25/04/2025 15:40;727
25/04/2025 15:45;713
25/04/2025 15:50;679
25/04/2025 15:55;454
25/04/2025 16:00;512
25/04/2025 16:05;278
25/04/2025 16:10;349
25/04/2025 16:15;353
25/04/2025 16:20;259
25/04/2025 16:25;246
25/04/2025 16:30;175
25/04/2025 16:35;176
25/04/2025 16:40;128
25/04/2025 16:45;109
25/04/2025 16:50;151
25/04/2025 16:55;168
25/04/2025 17:00;148
25/04/2025 17:05;134
25/04/2025 17:10;175
25/04/2025 17:15;39
25/04/2025 17:20;39
25/04/2025 17:25;39
25/04/2025 17:30;39
25/04/2025 17:35;45
25/04/2025 17:40;39
25/04/2025 17:45;57
25/04/2025 17:50;39
25/04/2025 17:55;39
25/04/2025 18:00;39
25/04/2025 18:05;39
25/04/2025 18:10;39
25/04/2025 18:15;102
25/04/2025 18:20;126
25/04/2025 18:25;39
25/04/2025 18:30;39
25/04/2025 18:35;0
25/04/2025 18:40;39
25/04/2025 18:45;39
25/04/2025 18:50;39
25/04/2025 18:55;0
25/04/2025 19:00;0
25/04/2025 19:05;0
25/04/2025 19:10;0
25/04/2025 19:15;0
25/04/2025 19:19;0
25/04/2025 19:19;0
25/04/2025 19:20;0
25/04/2025 19:20;0
25/04/2025 19:21;0
25/04/2025 19:27;0
25/04/2025 19:27;0
25/04/2025 19:28;0
25/04/2025 19:28;0
25/04/2025 19:29;0
25/04/2025 19:32;0
25/04/2025 19:33;0
25/04/2025 19:33;0
25/04/2025 19:34;0
25/04/2025 19:34;0
25/04/2025 19:35;0
25/04/2025 19:40;0
25/04/2025 19:45;0
26/04/2025 7:34;0
26/04/2025 7:35;0
26/04/2025 7:35;0
26/04/2025 7:36;0
26/04/2025 7:36;0
26/04/2025 7:40;0
26/04/2025 7:45;39
26/04/2025 7:50;39
26/04/2025 7:55;39
26/04/2025 8:00;39
26/04/2025 8:05;39
26/04/2025 8:10;39
26/04/2025 8:15;39
26/04/2025 8:20;49
26/04/2025 8:25;39
26/04/2025 8:30;39
26/04/2025 8:35;39
26/04/2025 8:40;39
26/04/2025 8:45;39
26/04/2025 8:50;39
26/04/2025 8:55;56
26/04/2025 9:00;64
26/04/2025 9:05;60
26/04/2025 9:10;41
26/04/2025 9:15;44
26/04/2025 9:20;50
26/04/2025 9:25;74
26/04/2025 9:30;88
26/04/2025 9:35;96
26/04/2025 9:40;65
26/04/2025 9:45;58
26/04/2025 9:50;69
26/04/2025 9:55;64
26/04/2025 10:00;39
26/04/2025 10:05;105
26/04/2025 10:10;65
26/04/2025 10:15;136
26/04/2025 10:20;176
26/04/2025 10:25;138
26/04/2025 10:30;67
26/04/2025 10:35;53
26/04/2025 10:40;39
26/04/2025 10:45;198
26/04/2025 10:50;300
26/04/2025 10:55;183
26/04/2025 11:00;100
26/04/2025 11:05;51
26/04/2025 11:10;39
26/04/2025 11:15;112
26/04/2025 11:20;67
26/04/2025 11:25;218
26/04/2025 11:30;61
26/04/2025 11:35;60
26/04/2025 11:40;101
26/04/2025 11:45;321
26/04/2025 11:50;337
26/04/2025 11:55;114
26/04/2025 12:00;189
26/04/2025 12:05;213
26/04/2025 12:10;210
26/04/2025 12:15;209
26/04/2025 12:20;247
26/04/2025 12:25;146
26/04/2025 12:30;205
26/04/2025 12:35;173
26/04/2025 12:40;197
26/04/2025 12:45;302
26/04/2025 12:50;472
26/04/2025 12:55;353
26/04/2025 13:00;555
26/04/2025 13:05;572
26/04/2025 13:10;465
26/04/2025 13:15;625
26/04/2025 13:20;426
26/04/2025 13:25;171
26/04/2025 13:30;272
26/04/2025 13:35;292
26/04/2025 13:40;232
26/04/2025 13:45;253
26/04/2025 13:50;351
26/04/2025 13:55;155
26/04/2025 14:00;67
26/04/2025 14:05;298
26/04/2025 14:10;262
26/04/2025 14:15;106
26/04/2025 14:20;160
26/04/2025 14:25;208
26/04/2025 14:30;283
26/04/2025 14:35;339
26/04/2025 14:40;360
26/04/2025 14:45;217
26/04/2025 14:50;172
26/04/2025 14:55;268
26/04/2025 15:00;220
26/04/2025 15:05;193
26/04/2025 15:10;195
26/04/2025 15:15;217
26/04/2025 15:20;369
26/04/2025 15:25;298
26/04/2025 15:30;762
26/04/2025 15:35;300
26/04/2025 15:40;329
26/04/2025 15:45;274
26/04/2025 15:50;409
26/04/2025 15:55;448
26/04/2025 16:00;470
26/04/2025 16:05;457
26/04/2025 16:10;485
26/04/2025 16:15;755
26/04/2025 16:20;614
26/04/2025 16:25;632
26/04/2025 16:30;570
26/04/2025 16:35;391
26/04/2025 16:40;327
26/04/2025 16:45;544
26/04/2025 16:50;379
26/04/2025 16:55;311
26/04/2025 17:00;289
26/04/2025 17:05;317
26/04/2025 17:10;272
26/04/2025 17:15;217
26/04/2025 17:20;180
26/04/2025 17:25;128
26/04/2025 17:30;120
26/04/2025 17:35;39
26/04/2025 17:40;54
26/04/2025 17:45;80
26/04/2025 17:50;107
26/04/2025 17:55;93
26/04/2025 18:00;99
26/04/2025 18:05;108
26/04/2025 18:10;121
26/04/2025 18:15;94
26/04/2025 18:20;120
26/04/2025 18:25;69
26/04/2025 18:30;80
26/04/2025 18:35;56
26/04/2025 18:40;74
26/04/2025 18:45;49
26/04/2025 18:50;49
26/04/2025 18:55;48
26/04/2025 19:00;39
26/04/2025 19:05;39
26/04/2025 19:10;39
26/04/2025 19:15;39
26/04/2025 19:20;46
26/04/2025 19:25;51
26/04/2025 19:30;39
26/04/2025 19:35;39
26/04/2025 19:40;39
26/04/2025 19:45;39
26/04/2025 19:50;39
26/04/2025 19:55;39
26/04/2025 20:00;39
26/04/2025 20:05;39
26/04/2025 20:10;39
26/04/2025 20:15;39
26/04/2025 20:20;39
26/04/2025 20:25;39
26/04/2025 20:30;39
26/04/2025 20:35;39
26/04/2025 20:40;39
26/04/2025 20:45;0
26/04/2025 20:50;0
27/04/2025 7:44;0
27/04/2025 7:44;0
27/04/2025 7:45;0
27/04/2025 7:45;0
27/04/2025 7:46;0
27/04/2025 7:50;0
27/04/2025 7:53;0
27/04/2025 7:54;0
27/04/2025 7:54;0
27/04/2025 7:55;0
27/04/2025 7:55;0
27/04/2025 8:00;0
27/04/2025 8:03;0
27/04/2025 8:03;0
27/04/2025 8:04;0
27/04/2025 8:11;0
27/04/2025 8:12;0
27/04/2025 8:12;0
27/04/2025 8:13;0
27/04/2025 8:13;0
27/04/2025 8:17;0
27/04/2025 8:18;0
27/04/2025 8:18;0
27/04/2025 8:19;0
27/04/2025 8:19;0
27/04/2025 8:20;0
27/04/2025 8:25;0
27/04/2025 8:30;0
27/04/2025 8:35;0
27/04/2025 8:40;0
27/04/2025 8:45;0
27/04/2025 8:50;0
27/04/2025 8:55;39
27/04/2025 9:00;39
27/04/2025 9:05;39
27/04/2025 9:10;39
27/04/2025 9:15;39
27/04/2025 9:20;39
27/04/2025 9:25;39
27/04/2025 9:30;39
27/04/2025 9:35;39
27/04/2025 9:40;39
27/04/2025 9:45;39
27/04/2025 9:50;39
27/04/2025 9:55;39
27/04/2025 10:00;39
27/04/2025 10:05;65
27/04/2025 10:10;39
27/04/2025 10:15;39
27/04/2025 10:20;71
27/04/2025 10:25;159
27/04/2025 10:30;243
27/04/2025 10:35;318
27/04/2025 10:40;252
27/04/2025 10:45;278
27/04/2025 10:50;242
27/04/2025 10:55;139
27/04/2025 11:00;88
27/04/2025 11:05;83
27/04/2025 11:10;49
27/04/2025 11:15;53
27/04/2025 11:20;90
27/04/2025 11:25;146
27/04/2025 11:30;194
27/04/2025 11:35;222
27/04/2025 11:40;253
27/04/2025 11:45;305
27/04/2025 11:50;313
27/04/2025 11:55;318
27/04/2025 12:00;456
27/04/2025 12:05;380
27/04/2025 12:10;325
27/04/2025 12:15;309
27/04/2025 12:20;332
27/04/2025 12:25;780
27/04/2025 12:30;759
27/04/2025 12:35;203
27/04/2025 12:40;204
27/04/2025 12:45;209
27/04/2025 12:50;184
27/04/2025 12:55;213
27/04/2025 13:00;262
27/04/2025 13:05;245
27/04/2025 13:10;186
27/04/2025 13:15;202
27/04/2025 13:20;167
27/04/2025 13:25;255
27/04/2025 13:30;440
27/04/2025 13:35;237
27/04/2025 13:40;202
27/04/2025 13:45;157
27/04/2025 13:50;167
27/04/2025 13:55;343
27/04/2025 14:00;378
27/04/2025 14:05;233
27/04/2025 14:10;258
27/04/2025 14:15;225
27/04/2025 14:20;222
27/04/2025 14:25;300
27/04/2025 14:30;780
27/04/2025 14:35;780
27/04/2025 14:40;780
27/04/2025 14:45;780
27/04/2025 14:50;780
27/04/2025 14:55;360
27/04/2025 15:00;262
27/04/2025 15:05;238
27/04/2025 15:10;275
27/04/2025 15:15;297
27/04/2025 15:20;780
27/04/2025 15:25;770
27/04/2025 15:30;723
27/04/2025 15:35;709
27/04/2025 15:40;711
27/04/2025 15:45;691
27/04/2025 15:50;719
27/04/2025 15:55;712
27/04/2025 16:00;684
27/04/2025 16:05;645
27/04/2025 16:10;616
27/04/2025 16:15;607
27/04/2025 16:20;597
27/04/2025 16:25;587
27/04/2025 16:30;571
27/04/2025 16:35;560
27/04/2025 16:40;550
27/04/2025 16:45;535
27/04/2025 16:50;519
27/04/2025 16:55;503
27/04/2025 17:00;487
27/04/2025 17:05;470
27/04/2025 17:10;457
27/04/2025 17:15;440
27/04/2025 17:20;428
27/04/2025 17:25;414
27/04/2025 17:30;396
27/04/2025 17:35;377
27/04/2025 17:40;364
27/04/2025 17:45;342
27/04/2025 17:50;327
27/04/2025 17:55;311
27/04/2025 18:00;292
27/04/2025 18:05;274
27/04/2025 18:10;255
27/04/2025 18:15;237
27/04/2025 18:20;220
27/04/2025 18:25;180
27/04/2025 18:30;133
27/04/2025 18:35;124
27/04/2025 18:40;112
27/04/2025 18:45;99
27/04/2025 18:50;88
27/04/2025 18:55;80
27/04/2025 19:00;69
27/04/2025 19:05;60
27/04/2025 19:10;39
27/04/2025 19:15;39
27/04/2025 19:20;39
27/04/2025 19:25;39
27/04/2025 19:30;39
27/04/2025 19:35;39
27/04/2025 19:40;39
27/04/2025 19:45;39
27/04/2025 19:50;39
27/04/2025 19:55;39
27/04/2025 20:00;39
27/04/2025 20:05;39
27/04/2025 20:10;39
27/04/2025 20:15;39
27/04/2025 20:20;39
27/04/2025 20:25;39
27/04/2025 20:30;39
27/04/2025 20:35;39
27/04/2025 20:40;39
27/04/2025 20:45;39
27/04/2025 20:50;39
27/04/2025 20:55;0
27/04/2025 21:00;0
28/04/2025 7:19;0
28/04/2025 7:19;0
28/04/2025 7:20;0
28/04/2025 7:20;0
28/04/2025 7:21;0
28/04/2025 7:25;0
28/04/2025 7:30;0
28/04/2025 7:35;0
28/04/2025 7:40;0
28/04/2025 7:45;0
28/04/2025 7:50;39
28/04/2025 7:55;39
28/04/2025 8:00;39
28/04/2025 8:05;69
28/04/2025 8:10;79
28/04/2025 8:15;90
28/04/2025 8:20;102
28/04/2025 8:25;114
28/04/2025 8:30;127
28/04/2025 8:35;147
28/04/2025 8:40;207
28/04/2025 8:45;253
28/04/2025 8:50;273
28/04/2025 8:55;294
28/04/2025 9:00;312
28/04/2025 9:05;331
28/04/2025 9:10;350
28/04/2025 9:15;367
28/04/2025 9:20;385
28/04/2025 9:25;407
28/04/2025 9:30;424
28/04/2025 9:35;440
28/04/2025 9:40;456
28/04/2025 9:45;472
28/04/2025 9:50;488
28/04/2025 9:55;503
28/04/2025 10:00;518
28/04/2025 10:05;531
28/04/2025 10:10;544
28/04/2025 10:15;559
28/04/2025 10:20;574
28/04/2025 10:25;590
28/04/2025 10:30;600
28/04/2025 10:35;609
28/04/2025 10:40;616
28/04/2025 10:45;627
28/04/2025 10:50;639
28/04/2025 10:55;644
28/04/2025 11:00;658
28/04/2025 11:05;667
28/04/2025 11:10;672
28/04/2025 11:15;684
28/04/2025 11:20;697
28/04/2025 11:25;708
28/04/2025 11:30;712
28/04/2025 11:35;716
28/04/2025 11:40;719
28/04/2025 11:45;721
28/04/2025 11:50;730
28/04/2025 11:55;732
28/04/2025 12:00;734
28/04/2025 12:05;741
28/04/2025 12:10;694
28/04/2025 12:15;476
28/04/2025 12:20;741
28/04/2025 12:25;747
28/04/2025 12:30;750
28/04/2025 12:35;0
28/04/2025 12:40;757
28/04/2025 12:45;764
28/04/2025 12:50;774
28/04/2025 12:55;777
28/04/2025 13:00;778
28/04/2025 13:03;779
28/04/2025 13:04;780
28/04/2025 13:04;780
28/04/2025 13:05;780
28/04/2025 13:10;780
28/04/2025 13:15;780
28/04/2025 13:20;780
28/04/2025 13:25;780
28/04/2025 13:30;778
28/04/2025 13:35;772
28/04/2025 13:40;770
28/04/2025 13:45;768
28/04/2025 13:48;770
28/04/2025 13:48;770
28/04/2025 13:49;769
28/04/2025 13:49;770
28/04/2025 13:50;768
28/04/2025 13:55;771
28/04/2025 14:00;766
28/04/2025 14:05;761
28/04/2025 14:10;762
28/04/2025 14:15;757
28/04/2025 14:18;755
28/04/2025 14:19;754
28/04/2025 14:19;754
28/04/2025 14:20;756
28/04/2025 14:20;754
28/04/2025 14:25;756
28/04/2025 14:30;738
28/04/2025 14:35;727
28/04/2025 14:40;0
28/04/2025 14:45;504
28/04/2025 14:48;532
28/04/2025 14:49;530
28/04/2025 14:49;508
28/04/2025 14:50;526
28/04/2025 14:50;493
28/04/2025 14:55;540
28/04/2025 15:00;721
28/04/2025 15:05;714
28/04/2025 15:10;708
28/04/2025 15:15;701
28/04/2025 15:19;693
28/04/2025 15:19;692
28/04/2025 15:20;692
28/04/2025 15:20;691
28/04/2025 15:21;691
28/04/2025 15:25;688
28/04/2025 15:30;674
28/04/2025 15:35;662
28/04/2025 15:40;658
28/04/2025 15:45;656
28/04/2025 15:49;649
28/04/2025 15:50;649
28/04/2025 15:50;648
28/04/2025 15:51;647
28/04/2025 15:51;648
28/04/2025 15:55;634
28/04/2025 16:00;631
28/04/2025 16:05;621
28/04/2025 16:10;602
28/04/2025 16:15;594
28/04/2025 16:20;583
28/04/2025 16:25;571
28/04/2025 16:30;558
28/04/2025 16:35;542
28/04/2025 16:39;530
28/04/2025 16:39;529
28/04/2025 16:40;528
28/04/2025 16:40;524
28/04/2025 16:41;519
28/04/2025 16:45;503
28/04/2025 16:50;497
28/04/2025 16:55;481
28/04/2025 17:00;467
28/04/2025 17:05;432
28/04/2025 17:09;442
28/04/2025 17:10;439
28/04/2025 17:10;442
28/04/2025 17:11;440
28/04/2025 17:11;443
28/04/2025 17:15;428
28/04/2025 17:20;415
28/04/2025 17:25;399
28/04/2025 17:30;388
28/04/2025 17:35;372
28/04/2025 17:40;347
28/04/2025 17:45;333
28/04/2025 17:50;310
28/04/2025 17:55;303
28/04/2025 18:00;0
28/04/2025 18:05;266
28/04/2025 18:10;247
28/04/2025 18:15;218
28/04/2025 18:20;199
28/04/2025 18:25;177
28/04/2025 18:28;148
28/04/2025 18:29;143
28/04/2025 18:29;141
28/04/2025 18:30;137
28/04/2025 18:35;116
28/04/2025 18:40;113
28/04/2025 18:45;99
28/04/2025 18:50;89
28/04/2025 18:55;80
28/04/2025 19:00;72
28/04/2025 19:05;59
28/04/2025 19:10;46
28/04/2025 19:15;40
28/04/2025 19:20;39
28/04/2025 19:25;39
28/04/2025 19:30;39
28/04/2025 19:35;39
28/04/2025 19:40;39
28/04/2025 19:45;39
28/04/2025 19:50;39
28/04/2025 19:55;39
28/04/2025 20:00;39
28/04/2025 20:05;39
28/04/2025 20:10;39
28/04/2025 20:15;39
28/04/2025 20:20;39
28/04/2025 20:25;39
28/04/2025 20:30;39
28/04/2025 20:35;39
28/04/2025 20:40;39
28/04/2025 20:45;39
28/04/2025 20:50;39
28/04/2025 20:55;0
29/04/2025 7:14;0
29/04/2025 7:14;0
29/04/2025 7:15;0
29/04/2025 7:15;0
29/04/2025 7:16;0
29/04/2025 7:16;0
29/04/2025 7:20;0
29/04/2025 7:25;0
29/04/2025 7:30;0
29/04/2025 7:35;0
29/04/2025 7:40;39
29/04/2025 7:45;39
29/04/2025 7:50;39
29/04/2025 7:55;39
29/04/2025 8:00;39
29/04/2025 8:05;80
29/04/2025 8:10;93
29/04/2025 8:15;106
29/04/2025 8:20;115
29/04/2025 8:25;132
29/04/2025 8:30;144
29/04/2025 8:35;169
29/04/2025 8:40;228
29/04/2025 8:45;274
29/04/2025 8:50;296
29/04/2025 8:55;315
29/04/2025 9:00;334
29/04/2025 9:05;351
29/04/2025 9:10;375
29/04/2025 9:15;396
29/04/2025 9:20;406
29/04/2025 9:25;415
29/04/2025 9:30;422
29/04/2025 9:35;452
29/04/2025 9:40;475
29/04/2025 9:45;473
29/04/2025 9:50;473
29/04/2025 9:55;497
29/04/2025 10:00;0
29/04/2025 10:05;440
29/04/2025 10:10;391
29/04/2025 10:15;396
29/04/2025 10:20;467
29/04/2025 10:25;473
29/04/2025 10:29;478
29/04/2025 10:29;487
29/04/2025 10:30;512
29/04/2025 10:35;535
29/04/2025 10:40;522
29/04/2025 10:45;607
29/04/2025 10:50;604
29/04/2025 10:55;652
29/04/2025 11:00;654
29/04/2025 11:05;664
29/04/2025 11:10;672
29/04/2025 11:15;684
29/04/2025 11:20;690
29/04/2025 11:25;699
29/04/2025 11:30;706
29/04/2025 11:35;713
29/04/2025 11:40;718
29/04/2025 11:45;721
29/04/2025 11:50;727
29/04/2025 11:55;728
29/04/2025 12:00;737
29/04/2025 12:05;737
29/04/2025 12:10;736
29/04/2025 12:15;717
29/04/2025 12:20;735
29/04/2025 12:25;746
29/04/2025 12:30;752
29/04/2025 12:35;748
29/04/2025 12:40;756
29/04/2025 12:45;752
29/04/2025 12:50;757
29/04/2025 12:55;753
29/04/2025 13:00;742
29/04/2025 13:05;756
29/04/2025 13:10;756
29/04/2025 13:15;755
29/04/2025 13:20;755
29/04/2025 13:25;762
29/04/2025 13:30;760
29/04/2025 13:35;759
29/04/2025 13:40;758
29/04/2025 13:45;555
29/04/2025 13:50;632
29/04/2025 13:55;629
29/04/2025 14:00;740
29/04/2025 14:05;725
29/04/2025 14:10;564
29/04/2025 14:15;722
29/04/2025 14:20;612
29/04/2025 14:25;709
29/04/2025 14:30;703
29/04/2025 14:35;567
29/04/2025 14:40;648
29/04/2025 14:45;692
29/04/2025 14:50;691
29/04/2025 14:55;689
29/04/2025 15:00;679
29/04/2025 15:05;675
29/04/2025 15:10;669
29/04/2025 15:15;0
29/04/2025 15:20;657
29/04/2025 15:25;648
29/04/2025 15:30;0
29/04/2025 15:35;630
29/04/2025 15:40;636
29/04/2025 15:45;621
29/04/2025 15:45;0
29/04/2025 15:46;0
29/04/2025 15:50;617
29/04/2025 15:55;612
29/04/2025 16:00;0
29/04/2025 16:05;586
29/04/2025 16:10;585
29/04/2025 16:15;573
29/04/2025 16:20;560
29/04/2025 16:25;552
29/04/2025 16:30;531
29/04/2025 16:30;0
29/04/2025 16:31;455
29/04/2025 16:31;532
29/04/2025 16:35;523
29/04/2025 16:40;518
29/04/2025 16:45;507
29/04/2025 16:50;493
29/04/2025 16:55;475
29/04/2025 17:00;464
29/04/2025 17:05;452
29/04/2025 17:10;438
29/04/2025 17:15;425
29/04/2025 17:20;409
29/04/2025 17:25;396
29/04/2025 17:30;377
29/04/2025 17:35;360
29/04/2025 17:40;346
29/04/2025 17:45;327
29/04/2025 17:50;312
29/04/2025 17:55;291
29/04/2025 18:00;276
29/04/2025 18:05;260
29/04/2025 18:10;244
29/04/2025 18:15;225
29/04/2025 18:20;208
29/04/2025 18:25;188
29/04/2025 18:30;139
29/04/2025 18:35;116
29/04/2025 18:40;106
29/04/2025 18:45;97
29/04/2025 18:50;87
29/04/2025 18:55;76
29/04/2025 19:00;66
29/04/2025 19:05;57
29/04/2025 19:10;42
29/04/2025 19:15;39
29/04/2025 19:20;39
29/04/2025 19:25;39
29/04/2025 19:30;39
29/04/2025 19:35;39
29/04/2025 19:40;39
29/04/2025 19:45;39
29/04/2025 19:50;39
29/04/2025 19:55;39
29/04/2025 20:00;39
29/04/2025 20:05;39
29/04/2025 20:10;39
29/04/2025 20:15;39
29/04/2025 20:20;39
29/04/2025 20:25;39
29/04/2025 20:30;39
29/04/2025 20:35;39
29/04/2025 20:40;39
29/04/2025 20:45;0
29/04/2025 20:50;0
29/04/2025 20:55;0
30/04/2025 7:18;0
30/04/2025 7:19;0
30/04/2025 7:19;0
30/04/2025 7:20;0
30/04/2025 7:20;0
30/04/2025 7:25;0
30/04/2025 7:30;0
30/04/2025 7:35;0
30/04/2025 7:40;0
30/04/2025 7:45;0
30/04/2025 7:50;39
30/04/2025 7:55;39
30/04/2025 8:00;39
30/04/2025 8:05;39
30/04/2025 8:10;39
30/04/2025 8:15;39
30/04/2025 8:20;39
30/04/2025 8:25;62
30/04/2025 8:30;124
30/04/2025 8:35;163
30/04/2025 8:40;102
30/04/2025 8:45;236
30/04/2025 8:50;259
30/04/2025 8:55;280
30/04/2025 9:00;296
30/04/2025 9:05;314
30/04/2025 9:10;328
30/04/2025 9:15;344
30/04/2025 9:20;365
30/04/2025 9:25;0
30/04/2025 9:30;394
30/04/2025 9:35;415
30/04/2025 9:40;427
30/04/2025 9:45;444
30/04/2025 9:50;0
30/04/2025 9:54;469
30/04/2025 9:54;470
30/04/2025 9:55;476
30/04/2025 10:00;489
30/04/2025 10:05;0
30/04/2025 10:10;516
30/04/2025 10:15;0
30/04/2025 10:20;537
30/04/2025 10:25;0
30/04/2025 10:30;574
30/04/2025 10:33;569
30/04/2025 10:33;569
30/04/2025 10:34;573
30/04/2025 10:35;575
30/04/2025 10:40;583
30/04/2025 10:45;596
30/04/2025 10:50;612
30/04/2025 10:55;627
30/04/2025 11:00;636
30/04/2025 11:05;648
30/04/2025 11:06;644
30/04/2025 11:06;645
30/04/2025 11:07;644
30/04/2025 11:10;649
30/04/2025 11:15;660
30/04/2025 11:20;667
30/04/2025 11:25;673
30/04/2025 11:30;673
30/04/2025 11:35;697
30/04/2025 11:40;695
30/04/2025 11:45;671
30/04/2025 11:50;683
30/04/2025 11:55;706
30/04/2025 12:00;715
30/04/2025 12:05;718
30/04/2025 12:10;711
30/04/2025 12:15;713
30/04/2025 12:20;732
30/04/2025 12:25;724
30/04/2025 12:30;738
30/04/2025 12:35;743
30/04/2025 12:40;748
30/04/2025 12:45;740
30/04/2025 12:50;734
30/04/2025 12:55;746
30/04/2025 13:00;744
30/04/2025 13:05;747
30/04/2025 13:10;752
30/04/2025 13:15;749
30/04/2025 13:20;744
30/04/2025 13:25;736
30/04/2025 13:30;733
30/04/2025 13:35;740
30/04/2025 13:40;722
30/04/2025 13:45;729
30/04/2025 13:50;720
30/04/2025 13:55;716
30/04/2025 14:00;709
30/04/2025 14:05;712
30/04/2025 14:10;701
30/04/2025 14:15;668
30/04/2025 14:20;536
30/04/2025 14:25;705
30/04/2025 14:30;703
30/04/2025 14:35;550
30/04/2025 14:40;534
30/04/2025 14:45;688
30/04/2025 14:50;680
30/04/2025 14:55;679
30/04/2025 15:00;42
30/04/2025 15:05;683
30/04/2025 15:10;640
30/04/2025 15:15;650
30/04/2025 15:20;653
30/04/2025 15:25;654
30/04/2025 15:30;643
30/04/2025 15:35;0
30/04/2025 15:40;578
30/04/2025 15:45;622
30/04/2025 15:45;628
30/04/2025 15:46;639
30/04/2025 15:46;632
30/04/2025 15:50;587
30/04/2025 15:55;598
30/04/2025 16:00;550
30/04/2025 16:05;482
30/04/2025 16:10;431
30/04/2025 16:15;396
30/04/2025 16:20;328
30/04/2025 16:25;290
30/04/2025 16:30;294
30/04/2025 16:35;294
30/04/2025 16:40;320
30/04/2025 16:45;450
30/04/2025 16:50;463
30/04/2025 16:55;446
30/04/2025 17:00;473
30/04/2025 17:05;385
30/04/2025 17:10;242
30/04/2025 17:15;394
30/04/2025 17:20;299
30/04/2025 17:25;289
30/04/2025 17:30;287
30/04/2025 17:35;306
30/04/2025 17:40;283
30/04/2025 17:45;244
30/04/2025 17:50;192
30/04/2025 17:55;192
30/04/2025 18:00;206
30/04/2025 18:05;219
30/04/2025 18:10;313
30/04/2025 18:15;179
30/04/2025 18:20;120
30/04/2025 18:25;115
30/04/2025 18:30;95
30/04/2025 18:35;89
30/04/2025 18:40;89
30/04/2025 18:45;86
30/04/2025 18:50;72
30/04/2025 18:55;68
30/04/2025 19:00;68
30/04/2025 19:05;64
30/04/2025 19:10;53
30/04/2025 19:15;49
30/04/2025 19:20;42
30/04/2025 19:25;39
30/04/2025 19:30;46
30/04/2025 19:35;43
30/04/2025 19:40;39
30/04/2025 19:45;39
30/04/2025 19:50;39
30/04/2025 19:55;39
30/04/2025 20:00;39
30/04/2025 20:05;39
30/04/2025 20:10;39
30/04/2025 20:15;39
30/04/2025 20:20;39
30/04/2025 20:25;39
30/04/2025 20:30;39
30/04/2025 20:35;39
30/04/2025 20:40;39
01/05/2025 7:32;0
01/05/2025 7:32;0
01/05/2025 7:33;0
01/05/2025 7:33;0
01/05/2025 7:34;0
01/05/2025 7:35;0
01/05/2025 7:40;0
01/05/2025 7:45;39
01/05/2025 7:50;39
01/05/2025 7:55;39
01/05/2025 8:00;39
01/05/2025 8:05;39
01/05/2025 8:10;39
01/05/2025 8:15;39
01/05/2025 8:20;39
01/05/2025 8:25;39
01/05/2025 8:30;39
01/05/2025 8:35;39
01/05/2025 8:40;39
01/05/2025 8:45;39
01/05/2025 8:50;39
01/05/2025 8:55;39
01/05/2025 9:00;39
01/05/2025 9:05;39
01/05/2025 9:10;57
01/05/2025 9:15;85
01/05/2025 9:20;119
01/05/2025 9:25;79
01/05/2025 9:30;91
01/05/2025 9:35;76
01/05/2025 9:40;97
01/05/2025 9:45;171
01/05/2025 9:50;122
01/05/2025 9:55;43
01/05/2025 10:00;39
01/05/2025 10:05;39
01/05/2025 10:10;43
01/05/2025 10:15;51
01/05/2025 10:20;55
01/05/2025 10:25;71
01/05/2025 10:30;123
01/05/2025 10:35;482
01/05/2025 10:40;336
01/05/2025 10:45;185
01/05/2025 10:50;87
01/05/2025 10:55;58
01/05/2025 11:00;58
01/05/2025 11:05;71
01/05/2025 11:10;52
01/05/2025 11:15;39
01/05/2025 11:20;39
01/05/2025 11:25;41
01/05/2025 11:30;56
01/05/2025 11:35;60
01/05/2025 11:40;69
01/05/2025 11:45;110
01/05/2025 11:50;139
01/05/2025 11:55;122
01/05/2025 12:00;143
01/05/2025 12:05;232
01/05/2025 12:10;248
01/05/2025 12:15;195
01/05/2025 12:20;138
01/05/2025 12:25;109
01/05/2025 12:30;73
01/05/2025 12:35;45
01/05/2025 12:40;80
01/05/2025 12:45;94
01/05/2025 12:50;109
01/05/2025 12:55;138
01/05/2025 13:00;160
01/05/2025 13:05;476
01/05/2025 13:10;266
01/05/2025 13:15;263
01/05/2025 13:20;200
01/05/2025 13:25;122
01/05/2025 13:30;102
01/05/2025 13:35;105
01/05/2025 13:40;98
01/05/2025 13:45;89
01/05/2025 13:50;80
01/05/2025 13:55;95
01/05/2025 14:00;130
01/05/2025 14:05;146
01/05/2025 14:10;131
01/05/2025 14:15;133
01/05/2025 14:20;168
01/05/2025 14:25;229
01/05/2025 14:30;251
01/05/2025 14:35;219
01/05/2025 14:40;192
01/05/2025 14:45;175
01/05/2025 14:50;139
01/05/2025 14:55;122
01/05/2025 15:00;133
01/05/2025 15:05;146
01/05/2025 15:10;131
01/05/2025 15:15;134
01/05/2025 15:20;122
01/05/2025 15:25;83
01/05/2025 15:30;97
01/05/2025 15:35;124
01/05/2025 15:40;92
01/05/2025 15:45;98
01/05/2025 15:50;81
01/05/2025 15:55;96
01/05/2025 16:00;126
01/05/2025 16:05;158
01/05/2025 16:10;157
01/05/2025 16:15;188
01/05/2025 16:20;188
01/05/2025 16:25;226
01/05/2025 16:30;250
01/05/2025 16:35;214
01/05/2025 16:40;254
01/05/2025 16:45;693
01/05/2025 16:50;228
01/05/2025 16:55;209
01/05/2025 17:00;399
01/05/2025 17:05;406
01/05/2025 17:10;540
01/05/2025 17:15;251
01/05/2025 17:20;204
01/05/2025 17:25;198
01/05/2025 17:30;216
01/05/2025 17:35;217
01/05/2025 17:40;220
01/05/2025 17:45;164
01/05/2025 17:50;178
01/05/2025 17:55;239
01/05/2025 18:00;142
01/05/2025 18:05;161
01/05/2025 18:10;160
01/05/2025 18:15;138
01/05/2025 18:20;148
01/05/2025 18:25;148
01/05/2025 18:30;84
01/05/2025 18:35;84
01/05/2025 18:40;90
01/05/2025 18:45;92
01/05/2025 18:50;107
01/05/2025 18:55;110
01/05/2025 19:00;72
01/05/2025 19:05;81
01/05/2025 19:10;83
01/05/2025 19:15;64
01/05/2025 19:20;60
01/05/2025 19:25;45
01/05/2025 19:30;52
01/05/2025 19:35;65
01/05/2025 19:40;52
01/05/2025 19:45;39
01/05/2025 19:50;39
01/05/2025 19:55;39
01/05/2025 20:00;39
01/05/2025 20:05;39
01/05/2025 20:10;39
01/05/2025 20:15;39
01/05/2025 20:20;39
01/05/2025 20:25;39
01/05/2025 20:30;39
01/05/2025 20:35;39
01/05/2025 20:40;39
01/05/2025 20:45;39
01/05/2025 20:50;39
01/05/2025 20:55;39
01/05/2025 21:00;39
01/05/2025 21:05;39
02/05/2025 7:34;0
02/05/2025 7:34;0
02/05/2025 7:35;0
02/05/2025 7:35;0
02/05/2025 7:36;0
02/05/2025 7:40;0
02/05/2025 7:45;0
02/05/2025 7:50;0
02/05/2025 7:55;0
02/05/2025 8:00;0
02/05/2025 8:05;0
02/05/2025 8:10;0
02/05/2025 8:15;0
02/05/2025 8:20;0
02/05/2025 8:25;0
02/05/2025 8:30;39
02/05/2025 8:35;39
02/05/2025 8:40;39
02/05/2025 8:45;39
02/05/2025 8:50;39
02/05/2025 8:55;39
02/05/2025 9:00;39
02/05/2025 9:05;39
02/05/2025 9:10;46
02/05/2025 9:15;73
02/05/2025 9:20;67
02/05/2025 9:25;76
02/05/2025 9:30;84
02/05/2025 9:35;56
02/05/2025 9:40;50
02/05/2025 9:45;65
02/05/2025 9:50;62
02/05/2025 9:55;51
02/05/2025 10:00;52
02/05/2025 10:05;59
02/05/2025 10:10;44
02/05/2025 10:15;39
02/05/2025 10:20;39
02/05/2025 10:25;57
02/05/2025 10:30;66
02/05/2025 10:35;51
02/05/2025 10:40;66
02/05/2025 10:45;48
02/05/2025 10:50;39
02/05/2025 10:55;42
02/05/2025 11:00;39
02/05/2025 11:05;39
02/05/2025 11:10;39
02/05/2025 11:15;39
02/05/2025 11:20;39
02/05/2025 11:25;39
02/05/2025 11:30;39
02/05/2025 11:35;39
02/05/2025 11:40;40
02/05/2025 11:45;39
02/05/2025 11:50;39
02/05/2025 11:55;39
02/05/2025 12:00;39
02/05/2025 12:05;39
02/05/2025 12:10;66
02/05/2025 12:15;106
02/05/2025 12:20;184
02/05/2025 12:25;218
02/05/2025 12:30;247
02/05/2025 12:35;350
02/05/2025 12:40;631
02/05/2025 12:45;780
02/05/2025 12:50;769
02/05/2025 12:55;780
02/05/2025 13:00;780
02/05/2025 13:05;780
02/05/2025 13:10;497
02/05/2025 13:15;780
02/05/2025 13:20;780
02/05/2025 13:25;780
02/05/2025 13:30;780
02/05/2025 13:35;771
02/05/2025 13:40;775
02/05/2025 13:45;780
02/05/2025 13:50;773
02/05/2025 13:55;770
02/05/2025 14:00;395
02/05/2025 14:05;527
02/05/2025 14:10;389
02/05/2025 14:15;284
02/05/2025 14:20;401
02/05/2025 14:25;290
02/05/2025 14:30;208
02/05/2025 14:35;248
02/05/2025 14:40;226
02/05/2025 14:45;225
02/05/2025 14:50;252
02/05/2025 14:55;237
02/05/2025 15:00;170
02/05/2025 15:05;160
02/05/2025 15:10;113
02/05/2025 15:15;93
02/05/2025 15:20;107
02/05/2025 15:25;168
02/05/2025 15:30;281
02/05/2025 15:35;396
02/05/2025 15:40;625
02/05/2025 15:45;659
02/05/2025 15:50;574
02/05/2025 15:55;641
02/05/2025 16:00;588
02/05/2025 16:05;570
02/05/2025 16:10;595
02/05/2025 16:15;585
02/05/2025 16:20;572
02/05/2025 16:25;556
02/05/2025 16:30;544
02/05/2025 16:35;530
02/05/2025 16:40;523
02/05/2025 16:45;507
02/05/2025 16:50;499
02/05/2025 16:55;499
02/05/2025 17:00;508
02/05/2025 17:05;518
02/05/2025 17:10;151
02/05/2025 17:15;0
02/05/2025 17:20;0
02/05/2025 17:25;311
02/05/2025 17:30;458
02/05/2025 17:35;445
02/05/2025 17:40;416
02/05/2025 17:45;363
02/05/2025 17:50;330
02/05/2025 17:55;308
02/05/2025 18:00;286
02/05/2025 18:05;271
02/05/2025 18:10;262
02/05/2025 18:15;249
02/05/2025 18:20;248
02/05/2025 18:25;235
02/05/2025 18:30;210
02/05/2025 18:35;109
02/05/2025 18:40;181
02/05/2025 18:45;158
02/05/2025 18:50;136
02/05/2025 18:55;103
02/05/2025 19:00;85
02/05/2025 19:05;76
02/05/2025 19:10;64
02/05/2025 19:15;48
02/05/2025 19:20;58
02/05/2025 19:25;54
02/05/2025 19:30;48
02/05/2025 19:35;39
02/05/2025 19:40;39
02/05/2025 19:45;39
02/05/2025 19:50;39
02/05/2025 19:55;39
02/05/2025 20:00;39
02/05/2025 20:05;39
02/05/2025 20:10;39
02/05/2025 20:15;39
02/05/2025 20:20;39
02/05/2025 20:25;0
02/05/2025 20:32;0
02/05/2025 20:32;0
02/05/2025 20:33;0
02/05/2025 20:33;0
02/05/2025 20:34;0
02/05/2025 20:35;0
02/05/2025 20:40;0
03/05/2025 7:13;0
03/05/2025 7:14;0
03/05/2025 7:14;0
03/05/2025 7:15;0
03/05/2025 7:15;0
03/05/2025 7:20;0
03/05/2025 7:25;0
03/05/2025 7:30;0
03/05/2025 7:35;0
03/05/2025 7:40;0
03/05/2025 7:45;0
03/05/2025 7:50;39
03/05/2025 7:55;39
03/05/2025 8:00;48
03/05/2025 8:05;76
03/05/2025 8:10;87
03/05/2025 8:15;99
03/05/2025 8:20;117
03/05/2025 8:25;147
03/05/2025 8:30;185
03/05/2025 8:35;225
03/05/2025 8:40;277
03/05/2025 8:45;297
03/05/2025 8:50;93
03/05/2025 8:55;78
03/05/2025 9:00;77
03/05/2025 9:05;81
03/05/2025 9:10;361
03/05/2025 9:15;104
03/05/2025 9:20;105
03/05/2025 9:25;105
03/05/2025 9:30;107
03/05/2025 9:35;96
03/05/2025 9:40;468
03/05/2025 9:45;520
03/05/2025 9:50;529
03/05/2025 9:55;524
03/05/2025 10:00;548
03/05/2025 10:05;620
03/05/2025 10:10;654
03/05/2025 10:15;273
03/05/2025 10:20;220
03/05/2025 10:25;224
03/05/2025 10:30;313
03/05/2025 10:35;475
03/05/2025 10:40;321
03/05/2025 10:45;651
03/05/2025 10:50;337
03/05/2025 10:55;620
03/05/2025 11:00;664
03/05/2025 11:05;666
03/05/2025 11:10;684
03/05/2025 11:15;709
03/05/2025 11:20;661
03/05/2025 11:25;689
03/05/2025 11:30;698
03/05/2025 11:35;714
03/05/2025 11:40;711
03/05/2025 11:45;568
03/05/2025 11:50;483
03/05/2025 11:55;489
03/05/2025 12:00;469
03/05/2025 12:05;472
03/05/2025 12:10;472
03/05/2025 12:15;470
03/05/2025 12:20;471
03/05/2025 12:25;473
03/05/2025 12:30;475
03/05/2025 12:35;478
03/05/2025 12:40;480
03/05/2025 12:45;482
03/05/2025 12:50;485
03/05/2025 12:55;486
03/05/2025 13:00;743
03/05/2025 13:05;753
03/05/2025 13:10;756
03/05/2025 13:15;758
03/05/2025 13:20;767
03/05/2025 13:25;767
03/05/2025 13:30;768
03/05/2025 13:35;775
03/05/2025 13:40;779
03/05/2025 13:45;770
03/05/2025 13:50;780
03/05/2025 13:55;780
03/05/2025 14:00;754
03/05/2025 14:05;780
03/05/2025 14:10;779
03/05/2025 14:15;780
03/05/2025 14:20;780
03/05/2025 14:25;780
03/05/2025 14:30;0
03/05/2025 14:35;253
03/05/2025 14:40;584
03/05/2025 14:45;479
03/05/2025 14:50;450
03/05/2025 14:55;370
03/05/2025 15:00;329
03/05/2025 15:05;284
03/05/2025 15:10;268
03/05/2025 15:15;301
03/05/2025 15:20;426
03/05/2025 15:25;406
03/05/2025 15:30;596
03/05/2025 15:35;366
03/05/2025 15:40;734
03/05/2025 15:45;664
03/05/2025 15:50;638
03/05/2025 15:55;626
03/05/2025 16:00;359
03/05/2025 16:05;680
03/05/2025 16:10;525
03/05/2025 16:15;648
03/05/2025 16:20;431
03/05/2025 16:25;0
03/05/2025 16:30;580
03/05/2025 16:35;560
03/05/2025 16:40;534
03/05/2025 16:45;511
03/05/2025 16:50;501
03/05/2025 16:55;490
03/05/2025 17:00;472
03/05/2025 17:05;458
03/05/2025 17:10;442
03/05/2025 17:15;430
03/05/2025 17:20;417
03/05/2025 17:25;401
03/05/2025 17:30;386
03/05/2025 17:35;371
03/05/2025 17:40;355
03/05/2025 17:45;338
03/05/2025 17:50;323
03/05/2025 17:55;310
03/05/2025 18:00;297
03/05/2025 18:05;95
03/05/2025 18:10;116
03/05/2025 18:15;101
03/05/2025 18:20;96
03/05/2025 18:25;191
03/05/2025 18:30;122
03/05/2025 18:35;90
03/05/2025 18:40;71
03/05/2025 18:45;47
03/05/2025 18:50;93
03/05/2025 18:55;81
03/05/2025 19:00;74
03/05/2025 19:05;75
03/05/2025 19:10;64
03/05/2025 19:15;39
03/05/2025 19:20;39
03/05/2025 19:25;39
03/05/2025 19:30;39
03/05/2025 19:35;39
03/05/2025 19:40;39
03/05/2025 19:45;39
03/05/2025 19:50;39
03/05/2025 19:55;39
03/05/2025 20:00;39
03/05/2025 20:05;39
03/05/2025 20:10;39
03/05/2025 20:15;39
03/05/2025 20:20;39
03/05/2025 20:25;39
03/05/2025 20:30;39
03/05/2025 20:35;39
03/05/2025 20:40;39
03/05/2025 20:45;39
03/05/2025 20:50;39
03/05/2025 20:55;39
03/05/2025 21:00;0
03/05/2025 21:05;0
04/05/2025 7:14;0
04/05/2025 7:15;0
04/05/2025 7:15;0
04/05/2025 7:16;0
04/05/2025 7:16;0
04/05/2025 7:20;0
04/05/2025 7:25;0
04/05/2025 7:30;0
04/05/2025 7:35;0
04/05/2025 7:40;39
04/05/2025 7:45;39
04/05/2025 7:50;39
04/05/2025 7:55;39
04/05/2025 8:00;62
04/05/2025 8:05;76
04/05/2025 8:10;90
04/05/2025 8:15;104
04/05/2025 8:20;116
04/05/2025 8:25;136
04/05/2025 8:30;148
04/05/2025 8:35;186
04/05/2025 8:40;110
04/05/2025 8:45;119
04/05/2025 8:50;291
04/05/2025 8:55;139
04/05/2025 9:00;119
04/05/2025 9:05;117
04/05/2025 9:10;127
04/05/2025 9:15;125
04/05/2025 9:20;127
04/05/2025 9:25;133
04/05/2025 9:30;148
04/05/2025 9:35;197
04/05/2025 9:40;234
04/05/2025 9:45;182
04/05/2025 9:50;139
04/05/2025 9:55;134
04/05/2025 10:00;131
04/05/2025 10:05;263
04/05/2025 10:10;714
04/05/2025 10:15;759
04/05/2025 10:20;304
04/05/2025 10:25;762
04/05/2025 10:30;225
04/05/2025 10:35;276
04/05/2025 10:40;350
04/05/2025 10:45;253
04/05/2025 10:50;244
04/05/2025 10:55;227
04/05/2025 11:00;292
04/05/2025 11:05;776
04/05/2025 11:10;615
04/05/2025 11:15;326
04/05/2025 11:20;378
04/05/2025 11:25;462
04/05/2025 11:30;310
04/05/2025 11:35;362
04/05/2025 11:40;429
04/05/2025 11:45;332
04/05/2025 11:50;567
04/05/2025 11:55;585
04/05/2025 12:00;329
04/05/2025 12:05;613
04/05/2025 12:10;273
04/05/2025 12:15;383
04/05/2025 12:20;425
04/05/2025 12:25;264
04/05/2025 12:30;327
04/05/2025 12:35;426
04/05/2025 12:40;387
04/05/2025 12:45;428
04/05/2025 12:50;344
04/05/2025 12:55;607
04/05/2025 13:00;616
04/05/2025 13:05;771
04/05/2025 13:10;773
04/05/2025 13:15;376
04/05/2025 13:20;283
04/05/2025 13:25;345
04/05/2025 13:30;364
04/05/2025 13:35;394
04/05/2025 13:40;441
04/05/2025 13:45;656
04/05/2025 13:50;690
04/05/2025 13:55;400
04/05/2025 14:00;775
04/05/2025 14:05;334
04/05/2025 14:10;260
04/05/2025 14:15;250
04/05/2025 14:20;434
04/05/2025 14:25;0
04/05/2025 14:30;151
04/05/2025 14:35;152
04/05/2025 14:40;159
04/05/2025 14:45;200
04/05/2025 14:50;220
04/05/2025 14:55;183
04/05/2025 15:00;181
04/05/2025 15:05;136
04/05/2025 15:10;110
04/05/2025 15:15;96
04/05/2025 15:20;153
04/05/2025 15:25;206
04/05/2025 15:30;158
04/05/2025 15:35;110
04/05/2025 15:40;123
04/05/2025 15:45;224
04/05/2025 15:50;258
04/05/2025 15:55;245
04/05/2025 16:00;192
04/05/2025 16:05;191
04/05/2025 16:10;266
04/05/2025 16:15;297
04/05/2025 16:20;319
04/05/2025 16:25;292
04/05/2025 16:30;303
04/05/2025 16:35;256
04/05/2025 16:40;242
04/05/2025 16:45;232
04/05/2025 16:50;231
04/05/2025 16:55;252
04/05/2025 17:00;252
04/05/2025 17:05;230
04/05/2025 17:10;227
04/05/2025 17:15;233
04/05/2025 17:20;216
04/05/2025 17:25;217
04/05/2025 17:30;219
04/05/2025 17:35;218
04/05/2025 17:40;194
04/05/2025 17:45;120
04/05/2025 17:50;141
04/05/2025 17:55;109
04/05/2025 18:00;81
04/05/2025 18:05;85
04/05/2025 18:10;95
04/05/2025 18:15;80
04/05/2025 18:20;65
04/05/2025 18:25;81
04/05/2025 18:30;102
04/05/2025 18:35;52
04/05/2025 18:40;59
04/05/2025 18:45;81
04/05/2025 18:50;67
04/05/2025 18:55;58
04/05/2025 19:00;47
04/05/2025 19:05;42
04/05/2025 19:10;46
04/05/2025 19:15;52
04/05/2025 19:20;49
04/05/2025 19:25;39
04/05/2025 19:30;52
04/05/2025 19:35;45
04/05/2025 19:40;39
04/05/2025 19:45;39
04/05/2025 19:50;42
04/05/2025 19:55;41
04/05/2025 20:00;39
04/05/2025 20:05;39
04/05/2025 20:10;39
04/05/2025 20:15;39
04/05/2025 20:20;39
04/05/2025 20:25;39
04/05/2025 20:30;39
04/05/2025 20:35;39
04/05/2025 20:40;39
04/05/2025 20:45;39
04/05/2025 20:50;39
05/05/2025 7:55;0
05/05/2025 7:56;0
05/05/2025 7:56;0
05/05/2025 7:57;0
05/05/2025 7:57;0
05/05/2025 8:00;0
05/05/2025 8:05;0
05/05/2025 8:10;0
05/05/2025 8:15;0
05/05/2025 8:20;0
05/05/2025 8:25;0
05/05/2025 8:30;0
05/05/2025 8:35;39
05/05/2025 8:40;39
05/05/2025 8:45;39
05/05/2025 8:50;39
05/05/2025 8:55;39
05/05/2025 9:00;39
05/05/2025 9:05;41
05/05/2025 9:10;44
05/05/2025 9:15;39
05/05/2025 9:20;39
05/05/2025 9:25;39
05/05/2025 9:30;0
05/05/2025 9:35;0
05/05/2025 9:40;0
05/05/2025 9:45;0
05/05/2025 9:50;0
05/05/2025 9:55;0
05/05/2025 10:00;0
05/05/2025 10:04;0
05/05/2025 10:04;0
05/05/2025 10:05;0
05/05/2025 10:05;0
05/05/2025 10:06;0
05/05/2025 10:10;0
05/05/2025 10:16;0
05/05/2025 10:17;0
05/05/2025 10:17;0
05/05/2025 10:18;0
05/05/2025 10:18;0
05/05/2025 10:20;0
05/05/2025 10:25;39
05/05/2025 10:30;39
05/05/2025 10:35;39
05/05/2025 10:40;39
05/05/2025 10:45;39
05/05/2025 10:50;46
05/05/2025 10:55;72
05/05/2025 11:00;153
05/05/2025 11:05;282
05/05/2025 11:10;329
05/05/2025 11:15;651
05/05/2025 11:20;259
05/05/2025 11:25;200
05/05/2025 11:30;235
05/05/2025 11:35;263
05/05/2025 11:40;350
05/05/2025 11:45;370
05/05/2025 11:50;332
05/05/2025 11:55;398
05/05/2025 12:00;288
05/05/2025 12:05;178
05/05/2025 12:10;236
05/05/2025 12:15;378
05/05/2025 12:20;373
05/05/2025 12:25;494
05/05/2025 12:30;508
05/05/2025 12:35;520
05/05/2025 12:40;780
05/05/2025 12:45;265
05/05/2025 12:50;780
05/05/2025 12:55;460
05/05/2025 13:00;318
05/05/2025 13:05;229
05/05/2025 13:10;225
05/05/2025 13:15;779
05/05/2025 13:20;778
05/05/2025 13:25;777
05/05/2025 13:30;780
05/05/2025 13:35;780
05/05/2025 13:40;780
05/05/2025 13:45;780
05/05/2025 13:50;780
05/05/2025 13:55;546
05/05/2025 14:00;776
05/05/2025 14:05;397
05/05/2025 14:10;501
05/05/2025 14:15;414
05/05/2025 14:20;352
05/05/2025 14:25;270
05/05/2025 14:30;264
05/05/2025 14:35;245
05/05/2025 14:40;219
05/05/2025 14:45;208
05/05/2025 14:50;204
05/05/2025 14:55;178
05/05/2025 15:00;142
05/05/2025 15:05;80
05/05/2025 15:10;41
05/05/2025 15:15;39
05/05/2025 15:20;39
05/05/2025 15:25;39
05/05/2025 15:30;50
05/05/2025 15:35;61
05/05/2025 15:40;61
05/05/2025 15:45;84
05/05/2025 15:50;134
05/05/2025 15:55;196
05/05/2025 16:00;191
05/05/2025 16:05;197
05/05/2025 16:10;193
05/05/2025 16:15;222
05/05/2025 16:20;126
05/05/2025 16:25;75
05/05/2025 16:30;39
05/05/2025 16:35;39
05/05/2025 16:40;40
05/05/2025 16:45;39
05/05/2025 16:50;39
05/05/2025 16:55;47
05/05/2025 17:00;39
05/05/2025 17:05;41
05/05/2025 17:10;57
05/05/2025 17:15;40
05/05/2025 17:20;40
05/05/2025 17:25;87
05/05/2025 17:30;78
05/05/2025 17:35;119
05/05/2025 17:40;152
05/05/2025 17:45;109
05/05/2025 17:50;78
05/05/2025 17:55;92
05/05/2025 18:00;68
05/05/2025 18:05;75
05/05/2025 18:10;94
05/05/2025 18:15;44
05/05/2025 18:20;39
05/05/2025 18:25;39
05/05/2025 18:30;39
05/05/2025 18:35;39
05/05/2025 18:40;39
05/05/2025 18:45;39
05/05/2025 18:50;39
05/05/2025 18:55;39
05/05/2025 19:00;39
05/05/2025 19:05;39
05/05/2025 19:10;39
05/05/2025 19:15;39
05/05/2025 19:20;39
05/05/2025 19:25;39
05/05/2025 19:30;39
05/05/2025 19:35;39
05/05/2025 19:40;39
05/05/2025 19:45;39
05/05/2025 19:50;39
05/05/2025 19:55;39
05/05/2025 20:00;39
05/05/2025 20:05;39
05/05/2025 20:10;39
05/05/2025 20:15;39
05/05/2025 20:20;39
05/05/2025 20:25;39
05/05/2025 20:30;39
05/05/2025 20:35;39
05/05/2025 20:40;39
05/05/2025 20:45;0
05/05/2025 20:50;0
05/05/2025 20:55;0
05/05/2025 21:00;0
06/05/2025 7:24;0
06/05/2025 7:24;0
06/05/2025 7:25;0
06/05/2025 7:25;0
06/05/2025 7:26;0
06/05/2025 8:05;0
06/05/2025 8:06;0
06/05/2025 8:06;0
06/05/2025 8:07;0
06/05/2025 8:07;0
06/05/2025 8:10;0
06/05/2025 8:15;39
06/05/2025 8:20;39
06/05/2025 8:25;39
06/05/2025 8:30;49
06/05/2025 8:35;61
06/05/2025 8:40;39
06/05/2025 8:45;40
06/05/2025 8:50;39
06/05/2025 8:55;39
06/05/2025 9:00;39
06/05/2025 9:05;39
06/05/2025 9:10;39
06/05/2025 9:15;39
06/05/2025 9:20;39
06/05/2025 9:25;39
06/05/2025 9:30;39
06/05/2025 9:35;39
06/05/2025 9:40;39
06/05/2025 9:45;54
06/05/2025 9:50;74
06/05/2025 9:55;113
06/05/2025 10:00;146
06/05/2025 10:05;158
06/05/2025 10:10;101
06/05/2025 10:15;151
06/05/2025 10:20;124
06/05/2025 10:25;64
06/05/2025 10:30;136
06/05/2025 10:35;231
06/05/2025 10:40;190
06/05/2025 10:45;306
06/05/2025 10:50;198
06/05/2025 10:55;180
06/05/2025 11:00;173
06/05/2025 11:05;224
06/05/2025 11:10;127
06/05/2025 11:15;77
06/05/2025 11:20;74
06/05/2025 11:25;60
06/05/2025 11:30;71
06/05/2025 11:35;40
06/05/2025 11:40;49
06/05/2025 11:45;39
06/05/2025 11:50;47
06/05/2025 11:55;81
06/05/2025 12:00;119
06/05/2025 12:05;107
06/05/2025 12:10;118
06/05/2025 12:15;110
06/05/2025 12:20;133
06/05/2025 12:25;187
06/05/2025 12:30;216
06/05/2025 12:35;218
06/05/2025 12:40;190
06/05/2025 12:45;187
06/05/2025 12:50;101
06/05/2025 12:55;91
06/05/2025 13:00;96
06/05/2025 13:05;110
06/05/2025 13:10;130
06/05/2025 13:15;98
06/05/2025 13:20;140
06/05/2025 13:25;252
06/05/2025 13:30;316
06/05/2025 13:35;334
06/05/2025 13:40;338
06/05/2025 13:45;418
06/05/2025 13:50;751
06/05/2025 13:55;471
06/05/2025 14:00;417
06/05/2025 14:05;423
06/05/2025 14:10;528
06/05/2025 14:15;382
06/05/2025 14:20;766
06/05/2025 14:25;774
06/05/2025 14:30;428
06/05/2025 14:35;230
06/05/2025 14:40;140
06/05/2025 14:45;109
06/05/2025 14:50;121
06/05/2025 14:55;115
06/05/2025 15:00;120
06/05/2025 15:05;100
06/05/2025 15:10;90
06/05/2025 15:15;95
06/05/2025 15:20;99
06/05/2025 15:25;118
06/05/2025 15:30;175
06/05/2025 15:35;220
06/05/2025 15:40;285
06/05/2025 15:45;301
06/05/2025 15:50;444
06/05/2025 15:55;712
06/05/2025 16:00;708
06/05/2025 16:05;562
06/05/2025 16:10;780
06/05/2025 16:15;387
06/05/2025 16:20;201
06/05/2025 16:25;210
06/05/2025 16:30;471
06/05/2025 16:35;393
06/05/2025 16:40;316
06/05/2025 16:45;277
06/05/2025 16:50;487
06/05/2025 16:55;224
06/05/2025 17:00;257
06/05/2025 17:05;247
06/05/2025 17:10;336
06/05/2025 17:15;530
06/05/2025 17:20;320
06/05/2025 17:25;202
06/05/2025 17:30;373
06/05/2025 17:35;417
06/05/2025 17:40;384
06/05/2025 17:45;356
06/05/2025 17:50;340
06/05/2025 17:55;323
06/05/2025 18:00;304
06/05/2025 18:05;285
06/05/2025 18:10;268
06/05/2025 18:15;251
06/05/2025 18:20;232
06/05/2025 18:25;216
06/05/2025 18:30;198
06/05/2025 18:35;179
06/05/2025 18:40;140
06/05/2025 18:45;118
06/05/2025 18:50;105
06/05/2025 18:55;93
06/05/2025 19:00;84
06/05/2025 19:05;75
06/05/2025 19:10;60
06/05/2025 19:15;55
06/05/2025 19:20;48
06/05/2025 19:25;41
06/05/2025 19:30;40
06/05/2025 19:35;39
06/05/2025 19:40;39
06/05/2025 19:45;39
06/05/2025 19:50;39
06/05/2025 19:55;39
06/05/2025 20:00;39
06/05/2025 20:05;39
06/05/2025 20:10;39
06/05/2025 20:15;39
06/05/2025 20:20;39
06/05/2025 20:25;39
06/05/2025 20:30;39
06/05/2025 20:35;39
06/05/2025 20:40;39
06/05/2025 20:45;39
06/05/2025 20:50;39
06/05/2025 20:55;39
06/05/2025 21:00;39
06/05/2025 21:05;39
06/05/2025 21:10;39
06/05/2025 21:15;0
07/05/2025 7:07;0
07/05/2025 7:07;0
07/05/2025 7:08;0
07/05/2025 7:08;0
07/05/2025 7:09;0
07/05/2025 7:10;0
07/05/2025 7:15;0
07/05/2025 7:20;0
07/05/2025 7:25;0
07/05/2025 7:30;0
07/05/2025 7:35;39
07/05/2025 7:40;39
07/05/2025 7:45;39
07/05/2025 7:50;39
07/05/2025 7:55;46
07/05/2025 8:00;65
07/05/2025 8:05;82
07/05/2025 8:10;92
07/05/2025 8:15;105
07/05/2025 8:20;116
07/05/2025 8:25;128
07/05/2025 8:30;140
07/05/2025 8:35;164
07/05/2025 8:40;218
07/05/2025 8:45;256
07/05/2025 8:50;277
07/05/2025 8:55;295
07/05/2025 9:00;312
07/05/2025 9:05;333
07/05/2025 9:10;351
07/05/2025 9:15;366
07/05/2025 9:20;385
07/05/2025 9:25;398
07/05/2025 9:30;417
07/05/2025 9:35;431
07/05/2025 9:40;440
07/05/2025 9:45;459
07/05/2025 9:50;475
07/05/2025 9:55;486
07/05/2025 10:00;503
07/05/2025 10:05;515
07/05/2025 10:10;528
07/05/2025 10:15;542
07/05/2025 10:20;554
07/05/2025 10:25;566
07/05/2025 10:30;579
07/05/2025 10:35;585
07/05/2025 10:40;598
07/05/2025 10:45;607
07/05/2025 10:50;622
07/05/2025 10:55;635
07/05/2025 11:00;678
07/05/2025 11:05;690
07/05/2025 11:10;170
07/05/2025 11:15;690
07/05/2025 11:20;757
07/05/2025 11:25;755
07/05/2025 11:30;759
07/05/2025 11:35;779
07/05/2025 11:40;776
07/05/2025 11:45;755
07/05/2025 11:50;714
07/05/2025 11:55;757
07/05/2025 12:00;758
07/05/2025 12:05;758
07/05/2025 12:10;774
07/05/2025 12:15;669
07/05/2025 12:20;0
07/05/2025 12:25;769
07/05/2025 12:30;779
07/05/2025 12:35;780
07/05/2025 12:40;637
07/05/2025 12:45;780
07/05/2025 12:50;687
07/05/2025 12:55;777
07/05/2025 13:00;780
07/05/2025 13:05;772
07/05/2025 13:10;748
07/05/2025 13:15;774
07/05/2025 13:20;770
07/05/2025 13:25;774
07/05/2025 13:30;774
07/05/2025 13:35;780
07/05/2025 13:40;778
07/05/2025 13:45;780
07/05/2025 13:50;774
07/05/2025 13:55;780
07/05/2025 14:00;687
07/05/2025 14:05;694
07/05/2025 14:10;768
07/05/2025 14:15;774
07/05/2025 14:20;769
07/05/2025 14:25;772
07/05/2025 14:30;771
07/05/2025 14:35;776
07/05/2025 14:40;773
07/05/2025 14:45;755
07/05/2025 14:50;735
07/05/2025 14:55;726
07/05/2025 15:00;750
07/05/2025 15:05;759
07/05/2025 15:10;769
07/05/2025 15:15;733
07/05/2025 15:20;719
07/05/2025 15:25;721
07/05/2025 15:30;710
07/05/2025 15:35;699
07/05/2025 15:40;692
07/05/2025 15:45;679
07/05/2025 15:50;673
07/05/2025 15:55;664
07/05/2025 16:00;660
07/05/2025 16:05;636
07/05/2025 16:10;624
07/05/2025 16:15;614
07/05/2025 16:20;606
07/05/2025 16:25;591
07/05/2025 16:30;572
07/05/2025 16:35;561
07/05/2025 16:40;546
07/05/2025 16:45;535
07/05/2025 16:50;517
07/05/2025 16:55;506
07/05/2025 17:00;491
07/05/2025 17:05;475
07/05/2025 17:10;460
07/05/2025 17:15;443
07/05/2025 17:20;426
07/05/2025 17:25;419
07/05/2025 17:30;401
07/05/2025 17:35;384
07/05/2025 17:40;368
07/05/2025 17:45;350
07/05/2025 17:50;336
07/05/2025 17:55;320
07/05/2025 18:00;299
07/05/2025 18:05;282
07/05/2025 18:10;263
07/05/2025 18:15;247
07/05/2025 18:20;229
07/05/2025 18:25;212
07/05/2025 18:30;194
07/05/2025 18:35;174
07/05/2025 18:40;140
07/05/2025 18:45;109
07/05/2025 18:50;99
07/05/2025 18:55;89
07/05/2025 19:00;80
07/05/2025 19:05;68
07/05/2025 19:10;55
07/05/2025 19:15;46
07/05/2025 19:20;39
07/05/2025 19:25;39
07/05/2025 19:30;39
07/05/2025 19:35;39
07/05/2025 19:40;39
07/05/2025 19:45;39
07/05/2025 19:50;39
07/05/2025 19:55;39
07/05/2025 20:00;39
07/05/2025 20:05;39
07/05/2025 20:10;39
07/05/2025 20:15;39
07/05/2025 20:20;39
07/05/2025 20:25;39
07/05/2025 20:30;39
07/05/2025 20:35;39
07/05/2025 20:40;39
07/05/2025 20:45;39
07/05/2025 20:50;39
07/05/2025 20:55;39
07/05/2025 21:00;39
07/05/2025 21:05;39
07/05/2025 21:10;39
07/05/2025 21:15;0
08/05/2025 7:04;0
08/05/2025 7:05;0
08/05/2025 7:05;0
08/05/2025 7:06;0
08/05/2025 7:06;0
08/05/2025 7:10;0
08/05/2025 7:15;0
08/05/2025 7:20;0
08/05/2025 7:25;39
08/05/2025 7:30;39
08/05/2025 7:35;39
08/05/2025 7:40;39
08/05/2025 7:45;39
08/05/2025 7:50;39
08/05/2025 7:55;39
08/05/2025 8:00;39
08/05/2025 8:05;92
08/05/2025 8:10;45
08/05/2025 8:15;102
08/05/2025 8:20;64
08/05/2025 8:25;92
08/05/2025 8:30;89
08/05/2025 8:35;134
08/05/2025 8:40;77
08/05/2025 8:45;245
08/05/2025 8:50;304
08/05/2025 8:55;161
08/05/2025 9:00;189
08/05/2025 9:05;142
08/05/2025 9:10;151
08/05/2025 9:15;126
08/05/2025 9:20;147
08/05/2025 9:25;126
08/05/2025 9:30;148
08/05/2025 9:35;165
08/05/2025 9:40;533
08/05/2025 9:45;542
08/05/2025 9:50;194
08/05/2025 9:55;592
08/05/2025 10:00;520
08/05/2025 10:05;212
08/05/2025 10:10;220
08/05/2025 10:15;175
08/05/2025 10:20;668
08/05/2025 10:25;664
08/05/2025 10:30;318
08/05/2025 10:35;693
08/05/2025 10:40;671
08/05/2025 10:45;669
08/05/2025 10:50;700
08/05/2025 10:55;242
08/05/2025 11:00;265
08/05/2025 11:05;732
08/05/2025 11:10;275
08/05/2025 11:15;272
08/05/2025 11:20;293
08/05/2025 11:25;185
08/05/2025 11:30;249
08/05/2025 11:35;407
08/05/2025 11:40;257
08/05/2025 11:45;245
08/05/2025 11:50;768
08/05/2025 11:55;777
08/05/2025 12:00;293
08/05/2025 12:05;363
08/05/2025 12:10;291
08/05/2025 12:15;333
08/05/2025 12:20;594
08/05/2025 12:25;764
08/05/2025 12:30;385
08/05/2025 12:35;654
08/05/2025 12:40;739
08/05/2025 12:45;433
08/05/2025 12:50;395
08/05/2025 12:55;450
08/05/2025 13:00;355
08/05/2025 13:05;309
08/05/2025 13:10;346
08/05/2025 13:15;586
08/05/2025 13:20;586
08/05/2025 13:25;777
08/05/2025 13:30;780
08/05/2025 13:35;780
08/05/2025 13:40;778
08/05/2025 13:45;772
08/05/2025 13:50;774
08/05/2025 13:55;767
08/05/2025 14:00;777
08/05/2025 14:05;773
08/05/2025 14:10;768
08/05/2025 14:15;769
08/05/2025 14:20;750
08/05/2025 14:25;768
08/05/2025 14:30;757
08/05/2025 14:35;770
08/05/2025 14:40;774
08/05/2025 14:45;771
08/05/2025 14:50;724
08/05/2025 14:55;644
08/05/2025 15:00;492
08/05/2025 15:05;714
08/05/2025 15:10;697
08/05/2025 15:15;729
08/05/2025 15:20;725
08/05/2025 15:25;709
08/05/2025 15:30;691
08/05/2025 15:35;702
08/05/2025 15:40;673
08/05/2025 15:45;639
08/05/2025 15:50;647
08/05/2025 15:55;650
08/05/2025 16:00;629
08/05/2025 16:05;647
08/05/2025 16:10;627
08/05/2025 16:15;622
08/05/2025 16:20;609
08/05/2025 16:25;563
08/05/2025 16:30;557
08/05/2025 16:35;567
08/05/2025 16:40;562
08/05/2025 16:45;542
08/05/2025 16:50;533
08/05/2025 16:55;515
08/05/2025 17:00;527
08/05/2025 17:05;579
08/05/2025 17:10;293
08/05/2025 17:15;465
08/05/2025 17:20;472
08/05/2025 17:25;310
08/05/2025 17:30;511
08/05/2025 17:35;360
08/05/2025 17:40;444
08/05/2025 17:45;393
08/05/2025 17:50;224
08/05/2025 17:55;356
08/05/2025 18:00;374
08/05/2025 18:05;355
08/05/2025 18:10;348
08/05/2025 18:15;311
08/05/2025 18:20;273
08/05/2025 18:25;186
08/05/2025 18:30;217
08/05/2025 18:35;207
08/05/2025 18:40;211
08/05/2025 18:45;161
08/05/2025 18:50;76
08/05/2025 18:55;122
08/05/2025 19:00;123
08/05/2025 19:05;106
08/05/2025 19:10;91
08/05/2025 19:15;78
08/05/2025 19:20;75
08/05/2025 19:25;59
08/05/2025 19:30;55
08/05/2025 19:35;40
08/05/2025 19:40;44
08/05/2025 19:45;39
08/05/2025 19:50;39
08/05/2025 19:55;39
08/05/2025 20:00;39
08/05/2025 20:05;39
08/05/2025 20:10;39
08/05/2025 20:15;39
08/05/2025 20:20;39
08/05/2025 20:25;39
08/05/2025 20:30;39
08/05/2025 20:35;39
08/05/2025 20:40;39
08/05/2025 20:45;39
08/05/2025 20:50;39
08/05/2025 20:55;39
08/05/2025 21:00;39
08/05/2025 21:05;0
09/05/2025 7:22;0
09/05/2025 7:22;0
09/05/2025 7:23;0
09/05/2025 7:23;0
09/05/2025 7:24;0
09/05/2025 7:25;0
09/05/2025 7:30;0
09/05/2025 7:35;0
09/05/2025 7:40;0
09/05/2025 7:45;0
09/05/2025 7:50;0
09/05/2025 7:55;0
09/05/2025 8:00;39
09/05/2025 8:05;39
09/05/2025 8:10;39
09/05/2025 8:15;39
09/05/2025 8:20;39
09/05/2025 8:25;39
09/05/2025 8:30;39
09/05/2025 8:35;39
09/05/2025 8:40;39
09/05/2025 8:45;39
09/05/2025 8:50;39
09/05/2025 8:55;39
09/05/2025 9:00;39
09/05/2025 9:05;39
09/05/2025 9:10;39
09/05/2025 9:15;39
09/05/2025 9:20;39
09/05/2025 9:25;39
09/05/2025 9:30;39
09/05/2025 9:35;39
09/05/2025 9:40;39
09/05/2025 9:45;45
09/05/2025 9:50;40
09/05/2025 9:55;44
09/05/2025 10:00;58
09/05/2025 10:05;50
09/05/2025 10:10;39
09/05/2025 10:15;39
09/05/2025 10:20;39
09/05/2025 10:25;39
09/05/2025 10:30;39
09/05/2025 10:35;39
09/05/2025 10:40;39
09/05/2025 10:45;39
09/05/2025 10:50;39
09/05/2025 10:55;39
09/05/2025 11:00;39
09/05/2025 11:05;39
09/05/2025 11:10;39
09/05/2025 11:15;53
09/05/2025 11:20;63
09/05/2025 11:25;53
09/05/2025 11:30;53
09/05/2025 11:35;65
09/05/2025 11:40;75
09/05/2025 11:45;80
09/05/2025 11:50;82
09/05/2025 11:55;103
09/05/2025 12:00;134
09/05/2025 12:05;156
09/05/2025 12:10;156
09/05/2025 12:15;138
09/05/2025 12:20;125
09/05/2025 12:25;109
09/05/2025 12:30;110
09/05/2025 12:35;123
09/05/2025 12:40;132
09/05/2025 12:45;128
09/05/2025 12:50;131
09/05/2025 12:55;116
09/05/2025 13:00;135
09/05/2025 13:05;165
09/05/2025 13:10;214
09/05/2025 13:15;350
09/05/2025 13:20;291
09/05/2025 13:25;144
09/05/2025 13:30;137
09/05/2025 13:35;172
09/05/2025 13:40;179
09/05/2025 13:45;167
09/05/2025 13:50;178
09/05/2025 13:55;160
09/05/2025 14:00;165
09/05/2025 14:05;197
09/05/2025 14:10;176
09/05/2025 14:15;177
09/05/2025 14:20;157
09/05/2025 14:25;171
09/05/2025 14:30;178
09/05/2025 14:35;209
09/05/2025 14:40;209
09/05/2025 14:45;237
09/05/2025 14:50;347
09/05/2025 14:55;291
09/05/2025 15:00;293
09/05/2025 15:05;265
09/05/2025 15:10;188
09/05/2025 15:15;153
09/05/2025 15:20;150
09/05/2025 15:25;177
09/05/2025 15:30;218
09/05/2025 15:35;132
09/05/2025 15:40;141
09/05/2025 15:45;115
09/05/2025 15:50;85
09/05/2025 15:55;62
09/05/2025 16:00;51
09/05/2025 16:05;45
09/05/2025 16:10;60
09/05/2025 16:15;63
09/05/2025 16:20;67
09/05/2025 16:25;77
09/05/2025 16:30;82
09/05/2025 16:35;99
09/05/2025 16:40;100
09/05/2025 16:45;143
09/05/2025 16:50;234
09/05/2025 16:55;155
09/05/2025 17:00;217
09/05/2025 17:05;241
09/05/2025 17:10;188
09/05/2025 17:15;200
09/05/2025 17:20;183
09/05/2025 17:25;158
09/05/2025 17:30;169
09/05/2025 17:35;123
09/05/2025 17:40;165
09/05/2025 17:45;130
09/05/2025 17:50;86
09/05/2025 17:55;119
09/05/2025 18:00;87
09/05/2025 18:05;39
09/05/2025 18:10;39
09/05/2025 18:15;39
09/05/2025 18:20;39
09/05/2025 18:25;39
09/05/2025 18:30;39
09/05/2025 18:35;39
09/05/2025 18:40;39
09/05/2025 18:45;39
09/05/2025 18:50;47
09/05/2025 18:55;81
09/05/2025 19:00;79
09/05/2025 19:05;39
09/05/2025 19:10;39
09/05/2025 19:15;39
09/05/2025 19:20;39
09/05/2025 19:25;39
09/05/2025 19:30;39
09/05/2025 19:35;39
09/05/2025 19:40;39
09/05/2025 19:45;39
09/05/2025 19:50;39
09/05/2025 19:55;39
09/05/2025 20:00;39
09/05/2025 20:05;39
09/05/2025 20:10;39
09/05/2025 20:15;39
09/05/2025 20:20;0
09/05/2025 20:25;0
09/05/2025 20:30;0
09/05/2025 20:37;0
09/05/2025 20:38;0
09/05/2025 20:38;0
09/05/2025 20:39;0
09/05/2025 20:39;0
09/05/2025 20:40;0
10/05/2025 7:11;0
10/05/2025 7:12;0
10/05/2025 7:12;0
10/05/2025 7:13;0
10/05/2025 7:13;0
10/05/2025 7:15;0
10/05/2025 7:20;0
10/05/2025 7:25;0
10/05/2025 7:30;0
10/05/2025 7:35;0
10/05/2025 7:40;39
10/05/2025 7:45;39
10/05/2025 7:50;39
10/05/2025 7:55;39
10/05/2025 8:00;46
10/05/2025 8:05;55
10/05/2025 8:10;76
10/05/2025 8:15;87
10/05/2025 8:20;129
10/05/2025 8:25;128
10/05/2025 8:30;160
10/05/2025 8:35;118
10/05/2025 8:40;90
10/05/2025 8:45;85
10/05/2025 8:50;86
10/05/2025 8:55;93
10/05/2025 9:00;84
10/05/2025 9:05;72
10/05/2025 9:10;75
10/05/2025 9:15;69
10/05/2025 9:20;67
10/05/2025 9:25;79
10/05/2025 9:30;89
10/05/2025 9:35;93
10/05/2025 9:40;91
10/05/2025 9:45;94
10/05/2025 9:50;88
10/05/2025 9:55;90
10/05/2025 10:00;93
10/05/2025 10:05;91
10/05/2025 10:10;85
10/05/2025 10:15;86
10/05/2025 10:20;87
10/05/2025 10:25;96
10/05/2025 10:30;86
10/05/2025 10:35;101
10/05/2025 10:40;105
10/05/2025 10:45;111
10/05/2025 10:50;119
10/05/2025 10:55;120
10/05/2025 11:00;99
10/05/2025 11:05;106
10/05/2025 11:10;128
10/05/2025 11:15;140
10/05/2025 11:20;155
10/05/2025 11:25;147
10/05/2025 11:30;127
10/05/2025 11:35;80
10/05/2025 11:40;43
10/05/2025 11:45;39
10/05/2025 11:50;39
10/05/2025 11:55;39
10/05/2025 12:00;39
10/05/2025 12:05;39
10/05/2025 12:10;39
10/05/2025 12:15;39
10/05/2025 12:20;61
10/05/2025 12:25;114
10/05/2025 12:30;194
10/05/2025 12:35;230
10/05/2025 12:40;194
10/05/2025 12:45;183
10/05/2025 12:50;188
10/05/2025 12:55;161
10/05/2025 13:00;129
10/05/2025 13:05;92
10/05/2025 13:10;103
10/05/2025 13:15;123
10/05/2025 13:20;101
10/05/2025 13:25;107
10/05/2025 13:30;241
10/05/2025 13:35;250
10/05/2025 13:40;466
10/05/2025 13:45;554
10/05/2025 13:50;488
10/05/2025 13:55;374
10/05/2025 14:00;275
10/05/2025 14:05;171
10/05/2025 14:10;145
10/05/2025 14:15;127
10/05/2025 14:20;219
10/05/2025 14:25;774
10/05/2025 14:30;780
10/05/2025 14:35;779
10/05/2025 14:40;780
10/05/2025 14:45;780
10/05/2025 14:50;606
10/05/2025 14:55;443
10/05/2025 15:00;768
10/05/2025 15:05;780
10/05/2025 15:10;446
10/05/2025 15:15;780
10/05/2025 15:20;780
10/05/2025 15:25;773
10/05/2025 15:30;251
10/05/2025 15:35;449
10/05/2025 15:40;370
10/05/2025 15:45;376
10/05/2025 15:50;310
10/05/2025 15:55;575
10/05/2025 16:00;677
10/05/2025 16:05;685
10/05/2025 16:10;735
10/05/2025 16:15;402
10/05/2025 16:20;780
10/05/2025 16:25;367
10/05/2025 16:30;487
10/05/2025 16:35;386
10/05/2025 16:40;258
10/05/2025 16:45;426
10/05/2025 16:50;312
10/05/2025 16:55;274
10/05/2025 17:00;332
10/05/2025 17:05;311
10/05/2025 17:10;263
10/05/2025 17:15;229
10/05/2025 17:20;427
10/05/2025 17:25;306
10/05/2025 17:30;377
10/05/2025 17:35;375
10/05/2025 17:40;284
10/05/2025 17:45;185
10/05/2025 17:50;137
10/05/2025 17:55;102
10/05/2025 18:00;103
10/05/2025 18:05;80
10/05/2025 18:10;65
10/05/2025 18:15;59
10/05/2025 18:20;117
10/05/2025 18:25;102
10/05/2025 18:30;48
10/05/2025 18:35;42
10/05/2025 18:40;53
10/05/2025 18:45;106
10/05/2025 18:50;118
10/05/2025 18:55;120
10/05/2025 19:00;69
10/05/2025 19:05;39
10/05/2025 19:10;54
10/05/2025 19:15;51
10/05/2025 19:20;39
10/05/2025 19:25;39
10/05/2025 19:30;39
10/05/2025 19:35;39
10/05/2025 19:40;39
10/05/2025 19:48;0
10/05/2025 19:49;0
10/05/2025 19:49;0
10/05/2025 19:50;0
10/05/2025 19:50;0
10/05/2025 19:55;0
10/05/2025 20:00;39
10/05/2025 20:05;39
10/05/2025 20:10;39
10/05/2025 20:15;39
10/05/2025 20:20;39
10/05/2025 20:25;39
10/05/2025 20:30;39
10/05/2025 20:35;39
10/05/2025 20:40;39
10/05/2025 20:45;39
10/05/2025 20:50;39
10/05/2025 20:55;39
10/05/2025 21:00;39
10/05/2025 21:05;0
11/05/2025 7:09;0
11/05/2025 7:10;0
11/05/2025 7:10;0
11/05/2025 7:11;0
11/05/2025 7:11;0
11/05/2025 7:15;0
11/05/2025 7:20;0
11/05/2025 7:25;0
11/05/2025 7:30;39
11/05/2025 7:35;39
11/05/2025 7:40;39
11/05/2025 7:45;39
11/05/2025 7:50;39
11/05/2025 7:55;39
11/05/2025 8:00;39
11/05/2025 8:05;39
11/05/2025 8:10;39
11/05/2025 8:15;39
11/05/2025 8:20;39
11/05/2025 8:25;49
11/05/2025 8:30;60
11/05/2025 8:35;101
11/05/2025 8:40;182
11/05/2025 8:45;218
11/05/2025 8:50;245
11/05/2025 8:55;257
11/05/2025 9:00;290
11/05/2025 9:05;301
11/05/2025 9:10;318
11/05/2025 9:15;353
11/05/2025 9:20;385
11/05/2025 9:25;413
11/05/2025 9:30;432
11/05/2025 9:35;429
11/05/2025 9:40;454
11/05/2025 9:45;483
11/05/2025 9:50;487
11/05/2025 9:55;526
11/05/2025 10:00;545
11/05/2025 10:05;414
11/05/2025 10:10;565
11/05/2025 10:15;576
11/05/2025 10:20;486
11/05/2025 10:25;542
11/05/2025 10:30;539
11/05/2025 10:35;602
11/05/2025 10:40;635
11/05/2025 10:45;633
11/05/2025 10:50;667
11/05/2025 10:55;648
11/05/2025 11:00;652
11/05/2025 11:05;664
11/05/2025 11:10;676
11/05/2025 11:15;702
11/05/2025 11:20;693
11/05/2025 11:25;721
11/05/2025 11:30;695
11/05/2025 11:35;0
11/05/2025 11:40;518
11/05/2025 11:45;396
11/05/2025 11:50;243
11/05/2025 11:55;766
11/05/2025 12:00;393
11/05/2025 12:05;282
11/05/2025 12:10;297
11/05/2025 12:15;400
11/05/2025 12:20;326
11/05/2025 12:25;289
11/05/2025 12:30;591
11/05/2025 12:35;505
11/05/2025 12:40;528
11/05/2025 12:45;297
11/05/2025 12:50;512
11/05/2025 12:55;368
11/05/2025 13:00;622
11/05/2025 13:05;644
11/05/2025 13:10;625
11/05/2025 13:15;471
11/05/2025 13:20;561
11/05/2025 13:25;633
11/05/2025 13:30;595
11/05/2025 13:35;409
11/05/2025 13:40;337
11/05/2025 13:45;340
11/05/2025 13:50;403
11/05/2025 13:55;301
11/05/2025 14:00;225
11/05/2025 14:05;297
11/05/2025 14:10;388
11/05/2025 14:15;431
11/05/2025 14:20;385
11/05/2025 14:25;355
11/05/2025 14:30;295
11/05/2025 14:35;246
11/05/2025 14:40;215
11/05/2025 14:45;189
11/05/2025 14:50;140
11/05/2025 14:55;444
11/05/2025 15:00;261
11/05/2025 15:05;263
11/05/2025 15:10;309
11/05/2025 15:15;267
11/05/2025 15:20;280
11/05/2025 15:25;229
11/05/2025 15:30;199
11/05/2025 15:35;170
11/05/2025 15:40;131
11/05/2025 15:45;112
11/05/2025 15:50;129
11/05/2025 15:55;209
11/05/2025 16:00;190
11/05/2025 16:05;169
11/05/2025 16:10;171
11/05/2025 16:15;141
11/05/2025 16:20;91
11/05/2025 16:25;77
11/05/2025 16:30;65
11/05/2025 16:35;61
11/05/2025 16:40;48
11/05/2025 16:45;63
11/05/2025 16:50;84
11/05/2025 16:55;79
11/05/2025 17:00;80
11/05/2025 17:05;140
11/05/2025 17:10;132
11/05/2025 17:15;115
11/05/2025 17:20;86
11/05/2025 17:25;78
11/05/2025 17:30;70
11/05/2025 17:35;60
11/05/2025 17:40;48
11/05/2025 17:45;94
11/05/2025 17:50;206
11/05/2025 17:55;205
11/05/2025 18:00;116
11/05/2025 18:05;81
11/05/2025 18:10;82
11/05/2025 18:15;80
11/05/2025 18:20;100
11/05/2025 18:25;87
11/05/2025 18:30;60
11/05/2025 18:35;40
11/05/2025 18:40;61
11/05/2025 18:45;83
11/05/2025 18:50;65
11/05/2025 18:55;60
11/05/2025 19:00;59
11/05/2025 19:05;60
11/05/2025 19:10;39
11/05/2025 19:15;39
11/05/2025 19:20;39
11/05/2025 19:25;0
11/05/2025 19:30;0
11/05/2025 19:35;0
11/05/2025 19:40;39
11/05/2025 19:45;39
11/05/2025 19:50;58
11/05/2025 19:55;39
11/05/2025 20:00;61
11/05/2025 20:05;57
11/05/2025 20:10;53
11/05/2025 20:15;39
11/05/2025 20:20;39
11/05/2025 20:25;39
11/05/2025 20:30;39
11/05/2025 20:35;39
11/05/2025 20:40;39
11/05/2025 20:45;39
11/05/2025 20:50;0
11/05/2025 20:55;0
11/05/2025 21:00;0
11/05/2025 21:05;0
12/05/2025 7:03;0
12/05/2025 7:03;0
12/05/2025 7:04;0
12/05/2025 7:04;0
12/05/2025 7:05;0
12/05/2025 7:10;0
12/05/2025 7:15;0
12/05/2025 7:20;0
12/05/2025 7:25;0
12/05/2025 7:30;0
12/05/2025 7:35;39
12/05/2025 7:40;39
12/05/2025 7:45;39
12/05/2025 7:50;39
12/05/2025 7:55;45
12/05/2025 8:00;57
12/05/2025 8:05;83
12/05/2025 8:10;98
12/05/2025 8:15;107
12/05/2025 8:20;129
12/05/2025 8:25;149
12/05/2025 8:30;136
12/05/2025 8:35;217
12/05/2025 8:40;292
12/05/2025 8:45;389
12/05/2025 8:50;358
12/05/2025 8:55;134
12/05/2025 9:00;123
12/05/2025 9:05;104
12/05/2025 9:10;53
12/05/2025 9:15;410
12/05/2025 9:20;442
12/05/2025 9:25;182
12/05/2025 9:30;202
12/05/2025 9:35;179
12/05/2025 9:40;173
12/05/2025 9:45;291
12/05/2025 9:50;302
12/05/2025 9:55;292
12/05/2025 10:00;187
12/05/2025 10:05;616
12/05/2025 10:10;354
12/05/2025 10:15;221
12/05/2025 10:20;213
12/05/2025 10:25;261
12/05/2025 10:30;632
12/05/2025 10:35;625
12/05/2025 10:40;583
12/05/2025 10:45;645
12/05/2025 10:50;670
12/05/2025 10:55;341
12/05/2025 11:00;336
12/05/2025 11:05;261
12/05/2025 11:10;466
12/05/2025 11:15;408
12/05/2025 11:20;317
12/05/2025 11:25;308
12/05/2025 11:30;383
12/05/2025 11:35;387
12/05/2025 11:40;307
12/05/2025 11:45;308
12/05/2025 11:50;318
12/05/2025 11:55;679
12/05/2025 12:00;577
12/05/2025 12:05;399
12/05/2025 12:10;463
12/05/2025 12:15;453
12/05/2025 12:20;540
12/05/2025 12:25;457
12/05/2025 12:30;419
12/05/2025 12:35;395
12/05/2025 12:40;372
12/05/2025 12:45;432
12/05/2025 12:50;494
12/05/2025 12:55;391
12/05/2025 13:00;376
12/05/2025 13:05;503
12/05/2025 13:10;567
12/05/2025 13:15;546
12/05/2025 13:20;780
12/05/2025 13:25;568
12/05/2025 13:30;485
12/05/2025 13:35;539
12/05/2025 13:40;496
12/05/2025 13:45;571
12/05/2025 13:50;419
12/05/2025 13:55;401
12/05/2025 14:00;532
12/05/2025 14:05;652
12/05/2025 14:10;405
12/05/2025 14:15;390
12/05/2025 14:20;412
12/05/2025 14:25;454
12/05/2025 14:30;509
12/05/2025 14:35;483
12/05/2025 14:40;457
12/05/2025 14:45;415
12/05/2025 14:50;407
12/05/2025 14:55;430
12/05/2025 15:00;777
12/05/2025 15:05;619
12/05/2025 15:10;319
12/05/2025 15:15;353
12/05/2025 15:20;569
12/05/2025 15:25;737
12/05/2025 15:30;635
12/05/2025 15:35;645
12/05/2025 15:40;709
12/05/2025 15:45;744
12/05/2025 15:50;616
12/05/2025 15:55;291
12/05/2025 16:00;578
12/05/2025 16:05;404
12/05/2025 16:10;316
12/05/2025 16:15;249
12/05/2025 16:20;234
12/05/2025 16:25;247
12/05/2025 16:30;220
12/05/2025 16:35;238
12/05/2025 16:40;321
12/05/2025 16:45;350
12/05/2025 16:50;507
12/05/2025 16:55;328
12/05/2025 17:00;478
12/05/2025 17:05;332
12/05/2025 17:10;265
12/05/2025 17:15;270
12/05/2025 17:20;241
12/05/2025 17:25;220
12/05/2025 17:30;219
12/05/2025 17:35;218
12/05/2025 17:40;230
12/05/2025 17:45;219
12/05/2025 17:50;230
12/05/2025 17:55;148
12/05/2025 18:00;119
12/05/2025 18:05;110
12/05/2025 18:10;108
12/05/2025 18:15;91
12/05/2025 18:20;78
12/05/2025 18:25;63
12/05/2025 18:30;39
12/05/2025 18:35;39
12/05/2025 18:40;39
12/05/2025 18:45;39
12/05/2025 18:50;39
12/05/2025 18:55;39
12/05/2025 19:00;39
12/05/2025 19:05;39
12/05/2025 19:10;39
12/05/2025 19:15;39
12/05/2025 19:20;39
12/05/2025 19:25;39
12/05/2025 19:30;39
12/05/2025 19:35;39
12/05/2025 19:40;39
12/05/2025 19:45;39
12/05/2025 19:50;0
12/05/2025 19:55;0
12/05/2025 20:00;0
12/05/2025 20:05;0
13/05/2025 7:07;0
13/05/2025 7:07;0
13/05/2025 7:08;0
13/05/2025 7:08;0
13/05/2025 7:09;0
13/05/2025 7:10;0
13/05/2025 7:15;0
13/05/2025 7:20;0
13/05/2025 7:25;0
13/05/2025 7:30;0
13/05/2025 7:35;39
13/05/2025 7:40;39
13/05/2025 7:45;39
13/05/2025 7:50;39
13/05/2025 7:55;39
13/05/2025 8:00;39
13/05/2025 8:05;39
13/05/2025 8:10;39
13/05/2025 8:15;39
13/05/2025 8:20;39
13/05/2025 8:25;39
13/05/2025 8:30;39
13/05/2025 8:35;41
13/05/2025 8:40;39
13/05/2025 8:45;39
13/05/2025 8:50;40
13/05/2025 8:55;66
13/05/2025 9:00;79
13/05/2025 9:05;86
13/05/2025 9:10;94
13/05/2025 9:15;81
13/05/2025 9:20;91
13/05/2025 9:25;104
13/05/2025 9:30;88
13/05/2025 9:35;125
13/05/2025 9:40;243
13/05/2025 9:45;248
13/05/2025 9:50;189
13/05/2025 9:55;179
13/05/2025 10:00;214
13/05/2025 10:05;263
13/05/2025 10:10;516
13/05/2025 10:15;233
13/05/2025 10:20;297
13/05/2025 10:25;368
13/05/2025 10:30;323
13/05/2025 10:35;292
13/05/2025 10:40;304
13/05/2025 10:45;553
13/05/2025 10:50;330
13/05/2025 10:55;295
13/05/2025 11:00;272
13/05/2025 11:05;276
13/05/2025 11:10;374
13/05/2025 11:15;383
13/05/2025 11:20;460
13/05/2025 11:25;445
13/05/2025 11:30;429
13/05/2025 11:35;397
13/05/2025 11:40;497
13/05/2025 11:45;302
13/05/2025 11:50;337
13/05/2025 11:55;510
13/05/2025 12:00;315
13/05/2025 12:05;584
13/05/2025 12:10;353
13/05/2025 12:15;416
13/05/2025 12:20;433
13/05/2025 12:25;440
13/05/2025 12:30;333
13/05/2025 12:35;489
13/05/2025 12:40;409
13/05/2025 12:45;411
13/05/2025 12:50;274
13/05/2025 12:55;267
13/05/2025 13:00;181
13/05/2025 13:05;234
13/05/2025 13:10;450
13/05/2025 13:15;780
13/05/2025 13:20;757
13/05/2025 13:25;780
13/05/2025 13:30;300
13/05/2025 13:35;770
13/05/2025 13:40;322
13/05/2025 13:45;344
13/05/2025 13:50;286
13/05/2025 13:55;233
13/05/2025 14:00;226
13/05/2025 14:05;292
13/05/2025 14:10;558
13/05/2025 14:15;390
13/05/2025 14:20;777
13/05/2025 14:25;778
13/05/2025 14:30;588
13/05/2025 14:35;451
13/05/2025 14:40;251
13/05/2025 14:45;420
13/05/2025 14:50;217
13/05/2025 14:55;315
13/05/2025 15:00;688
13/05/2025 15:05;587
13/05/2025 15:10;779
13/05/2025 15:15;701
13/05/2025 15:20;316
13/05/2025 15:25;581
13/05/2025 15:30;745
13/05/2025 15:35;384
13/05/2025 15:40;601
13/05/2025 15:45;259
13/05/2025 15:50;328
13/05/2025 15:55;240
13/05/2025 16:00;457
13/05/2025 16:05;326
13/05/2025 16:10;635
13/05/2025 16:15;303
13/05/2025 16:20;468
13/05/2025 16:25;518
13/05/2025 16:30;667
13/05/2025 16:35;568
13/05/2025 16:40;478
13/05/2025 16:45;571
13/05/2025 16:50;543
13/05/2025 16:55;568
13/05/2025 17:00;542
13/05/2025 17:05;492
13/05/2025 17:10;499
13/05/2025 17:15;522
13/05/2025 17:20;458
13/05/2025 17:25;503
13/05/2025 17:30;264
13/05/2025 17:35;260
13/05/2025 17:40;245
13/05/2025 17:45;205
13/05/2025 17:50;236
13/05/2025 17:55;392
13/05/2025 18:00;313
13/05/2025 18:05;315
13/05/2025 18:10;263
13/05/2025 18:15;270
13/05/2025 18:20;241
13/05/2025 18:25;170
13/05/2025 18:30;155
13/05/2025 18:35;106
13/05/2025 18:40;121
13/05/2025 18:45;170
13/05/2025 18:50;118
13/05/2025 18:55;135
13/05/2025 19:00;105
13/05/2025 19:05;116
13/05/2025 19:10;79
13/05/2025 19:15;75
13/05/2025 19:20;71
13/05/2025 19:25;55
13/05/2025 19:30;68
13/05/2025 19:35;73
13/05/2025 19:40;64
13/05/2025 19:45;39
13/05/2025 19:50;40
13/05/2025 19:55;39
13/05/2025 20:00;39
13/05/2025 20:05;39
13/05/2025 20:10;39
13/05/2025 20:15;39
13/05/2025 20:20;39
13/05/2025 20:25;39
13/05/2025 20:30;39
13/05/2025 20:35;39
13/05/2025 20:40;39
13/05/2025 20:45;39
13/05/2025 20:50;39
13/05/2025 20:55;39
13/05/2025 21:00;39
13/05/2025 21:05;39
13/05/2025 21:10;0
13/05/2025 21:15;0
13/05/2025 21:20;0
14/05/2025 8:40;0
14/05/2025 8:41;0
14/05/2025 8:41;0
14/05/2025 8:42;0
14/05/2025 8:42;0
14/05/2025 8:45;0
14/05/2025 8:50;0
14/05/2025 8:55;0
14/05/2025 9:00;0
14/05/2025 9:05;0
14/05/2025 9:10;0
14/05/2025 9:15;0
14/05/2025 9:20;0
14/05/2025 9:25;0
14/05/2025 9:30;0
14/05/2025 9:35;39
14/05/2025 9:40;39
14/05/2025 9:45;39
14/05/2025 9:50;39
14/05/2025 9:55;39
14/05/2025 10:00;39
14/05/2025 10:05;39
14/05/2025 10:10;39
14/05/2025 10:15;39
14/05/2025 10:20;56
14/05/2025 10:25;49
14/05/2025 10:30;50
14/05/2025 10:35;39
14/05/2025 10:40;39
14/05/2025 10:45;39
14/05/2025 10:50;39
14/05/2025 10:55;39
14/05/2025 11:00;39
14/05/2025 11:05;39
14/05/2025 11:10;39
14/05/2025 11:15;39
14/05/2025 11:20;41
14/05/2025 11:25;55
14/05/2025 11:30;54
14/05/2025 11:35;82
14/05/2025 11:40;71
14/05/2025 11:45;86
14/05/2025 11:50;66
14/05/2025 11:55;110
14/05/2025 12:00;98
14/05/2025 12:05;98
14/05/2025 12:10;129
14/05/2025 12:15;117
14/05/2025 12:20;117
14/05/2025 12:25;173
14/05/2025 12:30;307
14/05/2025 12:35;261
14/05/2025 12:40;364
14/05/2025 12:45;336
14/05/2025 12:50;133
14/05/2025 12:55;127
14/05/2025 13:00;129
14/05/2025 13:05;156
14/05/2025 13:10;153
14/05/2025 13:15;78
14/05/2025 13:20;86
14/05/2025 13:25;97
14/05/2025 13:30;116
14/05/2025 13:35;152
14/05/2025 13:40;182
14/05/2025 13:45;185
14/05/2025 13:50;208
14/05/2025 13:55;146
14/05/2025 14:00;89
14/05/2025 14:05;129
14/05/2025 14:10;160
14/05/2025 14:15;215
14/05/2025 14:20;209
14/05/2025 14:25;193
14/05/2025 14:30;185
14/05/2025 14:35;146
14/05/2025 14:40;116
14/05/2025 14:45;94
14/05/2025 14:50;100
14/05/2025 14:55;78
14/05/2025 15:00;77
14/05/2025 15:05;70
14/05/2025 15:10;59
14/05/2025 15:15;90
14/05/2025 15:20;82
14/05/2025 15:25;60
14/05/2025 15:30;92
14/05/2025 15:35;84
14/05/2025 15:40;94
14/05/2025 15:45;109
14/05/2025 15:50;84
14/05/2025 15:55;80
14/05/2025 16:00;93
14/05/2025 16:05;138
14/05/2025 16:10;141
14/05/2025 16:15;103
14/05/2025 16:20;76
14/05/2025 16:25;87
14/05/2025 16:30;79
14/05/2025 16:35;62
14/05/2025 16:40;81
14/05/2025 16:45;94
14/05/2025 16:50;45
14/05/2025 16:55;41
14/05/2025 17:00;60
14/05/2025 17:05;44
14/05/2025 17:10;43
14/05/2025 17:15;51
14/05/2025 17:20;59
14/05/2025 17:25;53
14/05/2025 17:30;39
14/05/2025 17:35;39
14/05/2025 17:40;39
14/05/2025 17:45;39
14/05/2025 17:50;39
14/05/2025 17:55;39
14/05/2025 18:00;39
14/05/2025 18:05;40
14/05/2025 18:10;39
14/05/2025 18:15;39
14/05/2025 18:20;39
14/05/2025 18:25;39
14/05/2025 18:30;39
14/05/2025 18:35;40
14/05/2025 18:40;39
14/05/2025 18:45;0
14/05/2025 18:50;39
14/05/2025 18:55;39
14/05/2025 19:00;39
14/05/2025 19:05;39
14/05/2025 19:10;39
14/05/2025 19:15;39
14/05/2025 19:20;39
14/05/2025 19:25;39
14/05/2025 19:30;39
14/05/2025 19:35;39
14/05/2025 19:40;39
14/05/2025 19:45;39
14/05/2025 19:50;39
14/05/2025 19:55;39
14/05/2025 20:00;39
14/05/2025 20:05;39
14/05/2025 20:10;39
14/05/2025 20:15;39
14/05/2025 20:20;39
14/05/2025 20:27;0
14/05/2025 20:28;0
14/05/2025 20:28;0
14/05/2025 20:29;0
14/05/2025 20:29;0
14/05/2025 20:30;0
14/05/2025 20:36;0
14/05/2025 20:37;0
14/05/2025 20:37;0
14/05/2025 20:38;0
14/05/2025 20:38;0
14/05/2025 20:40;0
14/05/2025 20:45;0
14/05/2025 20:50;0
15/05/2025 7:56;0
15/05/2025 7:56;0
15/05/2025 7:57;0
15/05/2025 7:57;0
15/05/2025 7:58;0
15/05/2025 8:00;0
15/05/2025 8:05;0
15/05/2025 8:10;0
15/05/2025 8:15;0
15/05/2025 8:20;0
15/05/2025 8:25;0
15/05/2025 8:30;0
15/05/2025 8:35;0
15/05/2025 8:40;0
15/05/2025 8:45;0
15/05/2025 8:50;39
15/05/2025 8:55;39
15/05/2025 9:00;39
15/05/2025 9:05;39
15/05/2025 9:10;39
15/05/2025 9:15;39
15/05/2025 9:20;39
15/05/2025 9:25;39
15/05/2025 9:30;39
15/05/2025 9:35;39
15/05/2025 9:40;39
15/05/2025 9:45;39
15/05/2025 9:50;39
15/05/2025 9:55;39
15/05/2025 10:00;39
15/05/2025 10:05;39
15/05/2025 10:10;39
15/05/2025 10:15;39
15/05/2025 10:20;39
15/05/2025 10:25;39
15/05/2025 10:30;44
15/05/2025 10:35;44
15/05/2025 10:40;39
15/05/2025 10:45;39
15/05/2025 10:50;83
15/05/2025 10:55;112
15/05/2025 11:00;166
15/05/2025 11:05;114
15/05/2025 11:10;112
15/05/2025 11:15;131
15/05/2025 11:20;108
15/05/2025 11:25;91
15/05/2025 11:30;89
15/05/2025 11:35;73
15/05/2025 11:40;108
15/05/2025 11:45;67
15/05/2025 11:50;72
15/05/2025 11:55;121
15/05/2025 12:00;109
15/05/2025 12:05;136
15/05/2025 12:10;146
15/05/2025 12:15;74
15/05/2025 12:20;110
15/05/2025 12:25;127
15/05/2025 12:30;174
15/05/2025 12:35;81
15/05/2025 12:40;49
15/05/2025 12:45;71
15/05/2025 12:50;159
15/05/2025 12:55;150
15/05/2025 13:00;122
15/05/2025 13:05;60
15/05/2025 13:10;118
15/05/2025 13:15;164
15/05/2025 13:20;324
15/05/2025 13:25;350
15/05/2025 13:30;307
15/05/2025 13:35;312
15/05/2025 13:40;295
15/05/2025 13:45;279
15/05/2025 13:50;317
15/05/2025 13:55;230
15/05/2025 14:00;146
15/05/2025 14:05;122
15/05/2025 14:10;126
15/05/2025 14:15;154
15/05/2025 14:20;180
15/05/2025 14:25;219
15/05/2025 14:30;243
15/05/2025 14:35;201
15/05/2025 14:40;150
15/05/2025 14:45;135
15/05/2025 14:50;130
15/05/2025 14:55;115
15/05/2025 15:00;99
15/05/2025 15:05;101
15/05/2025 15:10;109
15/05/2025 15:15;122
15/05/2025 15:20;96
15/05/2025 15:25;86
15/05/2025 15:30;77
15/05/2025 15:35;72
15/05/2025 15:40;68
15/05/2025 15:45;82
15/05/2025 15:50;119
15/05/2025 15:55;110
15/05/2025 16:00;110
15/05/2025 16:05;127
15/05/2025 16:10;114
15/05/2025 16:15;91
15/05/2025 16:20;100
15/05/2025 16:25;120
15/05/2025 16:30;116
15/05/2025 16:35;146
15/05/2025 16:40;131
15/05/2025 16:45;123
15/05/2025 16:50;151
15/05/2025 16:55;107
15/05/2025 17:00;91
15/05/2025 17:05;100
15/05/2025 17:10;104
15/05/2025 17:15;108
15/05/2025 17:20;158
15/05/2025 17:25;199
15/05/2025 17:30;260
15/05/2025 17:35;240
15/05/2025 17:40;269
15/05/2025 17:45;203
15/05/2025 17:50;214
15/05/2025 17:55;213
15/05/2025 18:00;245
15/05/2025 18:05;349
15/05/2025 18:10;197
15/05/2025 18:15;192
15/05/2025 18:20;312
15/05/2025 18:25;153
15/05/2025 18:30;124
15/05/2025 18:35;124
15/05/2025 18:40;74
15/05/2025 18:45;45
15/05/2025 18:50;56
15/05/2025 18:55;54
15/05/2025 19:00;39
15/05/2025 19:05;39
15/05/2025 19:10;41
15/05/2025 19:15;53
15/05/2025 19:20;57
15/05/2025 19:25;45
15/05/2025 19:30;55
15/05/2025 19:35;50
15/05/2025 19:40;41
15/05/2025 19:45;39
15/05/2025 19:50;39
15/05/2025 19:55;39
15/05/2025 20:00;39
15/05/2025 20:05;39
15/05/2025 20:10;39
15/05/2025 20:15;39
15/05/2025 20:20;39
15/05/2025 20:25;39
15/05/2025 20:30;39
15/05/2025 20:35;39
15/05/2025 20:40;39
15/05/2025 20:45;39
15/05/2025 20:50;39
15/05/2025 20:55;39
15/05/2025 21:00;39
15/05/2025 21:05;39
15/05/2025 21:10;39
15/05/2025 21:15;0
15/05/2025 21:20;0
16/05/2025 7:05;0
16/05/2025 7:06;0
16/05/2025 7:06;0
16/05/2025 7:07;0
16/05/2025 7:07;0
16/05/2025 7:10;0
16/05/2025 7:15;0
16/05/2025 7:20;0
16/05/2025 7:25;0
16/05/2025 7:30;0
16/05/2025 7:35;0
16/05/2025 7:40;0
16/05/2025 7:45;0
16/05/2025 7:50;0
16/05/2025 7:55;0
16/05/2025 8:00;39
16/05/2025 8:05;48
16/05/2025 8:10;39
16/05/2025 8:15;39
16/05/2025 8:20;39
16/05/2025 8:25;39
16/05/2025 8:30;39
16/05/2025 8:35;41
16/05/2025 8:40;58
16/05/2025 8:45;54
16/05/2025 8:50;43
16/05/2025 8:55;49
16/05/2025 9:00;64
16/05/2025 9:05;48
16/05/2025 9:10;79
16/05/2025 9:15;202
16/05/2025 9:20;149
16/05/2025 9:25;142
16/05/2025 9:30;129
16/05/2025 9:35;147
16/05/2025 9:40;189
16/05/2025 9:45;190
16/05/2025 9:50;134
16/05/2025 9:55;342
16/05/2025 10:00;198
16/05/2025 10:05;168
16/05/2025 10:10;234
16/05/2025 10:15;247
16/05/2025 10:20;408
16/05/2025 10:25;363
16/05/2025 10:30;225
16/05/2025 10:35;465
16/05/2025 10:40;257
16/05/2025 10:45;199
16/05/2025 10:50;368
16/05/2025 10:55;225
16/05/2025 11:00;256
16/05/2025 11:05;248
16/05/2025 11:10;176
16/05/2025 11:15;242
16/05/2025 11:20;203
16/05/2025 11:25;263
16/05/2025 11:30;304
16/05/2025 11:35;520
16/05/2025 11:40;262
16/05/2025 11:45;516
16/05/2025 11:50;336
16/05/2025 11:55;302
16/05/2025 12:00;194
16/05/2025 12:05;147
16/05/2025 12:10;147
16/05/2025 12:15;166
16/05/2025 12:20;224
16/05/2025 12:25;721
16/05/2025 12:30;346
16/05/2025 12:35;236
16/05/2025 12:40;364
16/05/2025 12:45;503
16/05/2025 12:50;348
16/05/2025 12:55;734
16/05/2025 13:00;684
16/05/2025 13:05;366
16/05/2025 13:10;430
16/05/2025 13:15;444
16/05/2025 13:20;780
16/05/2025 13:25;494
16/05/2025 13:30;608
16/05/2025 13:35;500
16/05/2025 13:40;495
16/05/2025 13:45;764
16/05/2025 13:50;294
16/05/2025 13:55;448
16/05/2025 14:00;384
16/05/2025 14:05;311
16/05/2025 14:10;363
16/05/2025 14:15;370
16/05/2025 14:20;412
16/05/2025 14:25;369
16/05/2025 14:30;500
16/05/2025 14:35;539
16/05/2025 14:40;774
16/05/2025 14:45;780
16/05/2025 14:50;656
16/05/2025 14:55;443
16/05/2025 15:00;774
16/05/2025 15:05;742
16/05/2025 15:10;762
16/05/2025 15:15;707
16/05/2025 15:20;747
16/05/2025 15:25;748
16/05/2025 15:30;587
16/05/2025 15:35;702
16/05/2025 15:40;270
16/05/2025 15:45;504
16/05/2025 15:50;330
16/05/2025 15:55;0
16/05/2025 16:00;638
16/05/2025 16:05;631
16/05/2025 16:10;675
16/05/2025 16:15;658
16/05/2025 16:20;610
16/05/2025 16:25;604
16/05/2025 16:30;583
16/05/2025 16:35;582
16/05/2025 16:40;558
16/05/2025 16:45;391
16/05/2025 16:50;541
16/05/2025 16:55;526
16/05/2025 17:00;516
16/05/2025 17:05;531
16/05/2025 17:10;502
16/05/2025 17:15;472
16/05/2025 17:20;454
16/05/2025 17:25;186
16/05/2025 17:30;426
16/05/2025 17:35;393
16/05/2025 17:40;380
16/05/2025 17:45;347
16/05/2025 17:50;335
16/05/2025 17:55;320
16/05/2025 18:00;295
16/05/2025 18:05;275
16/05/2025 18:10;265
16/05/2025 18:15;247
16/05/2025 18:20;230
16/05/2025 18:25;214
16/05/2025 18:30;195
16/05/2025 18:35;175
16/05/2025 18:40;157
16/05/2025 18:45;148
16/05/2025 18:50;128
16/05/2025 18:55;102
16/05/2025 19:00;87
16/05/2025 19:05;77
16/05/2025 19:10;60
16/05/2025 19:15;53
16/05/2025 19:20;46
16/05/2025 19:25;40
16/05/2025 19:30;39
16/05/2025 19:35;39
16/05/2025 19:40;39
16/05/2025 19:45;39
16/05/2025 19:50;39
16/05/2025 19:55;39
16/05/2025 20:00;39
16/05/2025 20:05;39
16/05/2025 20:10;39
16/05/2025 20:15;39
16/05/2025 20:20;39
16/05/2025 20:25;39
16/05/2025 20:30;39
16/05/2025 20:35;39
16/05/2025 20:40;39
16/05/2025 20:45;39
16/05/2025 20:50;39
16/05/2025 20:55;39
16/05/2025 21:00;39
16/05/2025 21:05;39
16/05/2025 21:10;39
16/05/2025 21:15;39
16/05/2025 21:20;0
17/05/2025 6:58;0
17/05/2025 6:58;0
17/05/2025 6:59;0
17/05/2025 6:59;0
17/05/2025 7:00;0
17/05/2025 7:05;0
17/05/2025 7:10;0
17/05/2025 7:15;0
17/05/2025 7:20;0
17/05/2025 7:25;39
17/05/2025 7:30;39
17/05/2025 7:35;39
17/05/2025 7:40;39
17/05/2025 7:45;39
17/05/2025 7:50;39
17/05/2025 7:55;44
17/05/2025 8:00;50
17/05/2025 8:05;88
17/05/2025 8:10;104
17/05/2025 8:15;113
17/05/2025 8:20;124
17/05/2025 8:25;133
17/05/2025 8:30;149
17/05/2025 8:35;174
17/05/2025 8:40;226
17/05/2025 8:45;267
17/05/2025 8:50;285
17/05/2025 8:55;304
17/05/2025 9:00;321
17/05/2025 9:05;340
17/05/2025 9:10;358
17/05/2025 9:15;375
17/05/2025 9:20;388
17/05/2025 9:25;403
17/05/2025 9:30;421
17/05/2025 9:35;432
17/05/2025 9:40;455
17/05/2025 9:45;474
17/05/2025 9:50;484
17/05/2025 9:55;495
17/05/2025 10:00;512
17/05/2025 10:05;527
17/05/2025 10:10;537
17/05/2025 10:15;551
17/05/2025 10:20;563
17/05/2025 10:25;576
17/05/2025 10:30;588
17/05/2025 10:35;600
17/05/2025 10:40;606
17/05/2025 10:45;618
17/05/2025 10:50;624
17/05/2025 10:55;634
17/05/2025 11:00;646
17/05/2025 11:05;646
17/05/2025 11:10;656
17/05/2025 11:15;659
17/05/2025 11:20;667
17/05/2025 11:25;673
17/05/2025 11:30;685
17/05/2025 11:35;694
17/05/2025 11:40;699
17/05/2025 11:45;711
17/05/2025 11:50;727
17/05/2025 11:55;733
17/05/2025 12:00;737
17/05/2025 12:05;733
17/05/2025 12:10;468
17/05/2025 12:15;475
17/05/2025 12:20;475
17/05/2025 12:25;478
17/05/2025 12:30;480
17/05/2025 12:35;482
17/05/2025 12:40;485
17/05/2025 12:45;486
17/05/2025 12:50;770
17/05/2025 12:55;772
17/05/2025 13:00;776
17/05/2025 13:05;779
17/05/2025 13:10;780
17/05/2025 13:15;779
17/05/2025 13:20;777
17/05/2025 13:25;780
17/05/2025 13:30;778
17/05/2025 13:35;778
17/05/2025 13:40;776
17/05/2025 13:45;773
17/05/2025 13:50;775
17/05/2025 13:55;773
17/05/2025 14:00;770
17/05/2025 14:05;768
17/05/2025 14:10;759
17/05/2025 14:15;749
17/05/2025 14:20;751
17/05/2025 14:25;750
17/05/2025 14:30;743
17/05/2025 14:35;736
17/05/2025 14:40;526
17/05/2025 14:45;464
17/05/2025 14:50;462
17/05/2025 14:55;457
17/05/2025 15:00;492
17/05/2025 15:05;581
17/05/2025 15:10;693
17/05/2025 15:15;688
17/05/2025 15:20;701
17/05/2025 15:25;681
17/05/2025 15:30;681
17/05/2025 15:35;673
17/05/2025 15:40;667
17/05/2025 15:45;658
17/05/2025 15:50;651
17/05/2025 15:55;643
17/05/2025 16:00;620
17/05/2025 16:05;630
17/05/2025 16:10;611
17/05/2025 16:15;590
17/05/2025 16:20;570
17/05/2025 16:25;584
17/05/2025 16:30;516
17/05/2025 16:35;557
17/05/2025 16:40;522
17/05/2025 16:45;498
17/05/2025 16:50;467
17/05/2025 16:55;503
17/05/2025 17:00;506
17/05/2025 17:05;480
17/05/2025 17:10;441
17/05/2025 17:15;444
17/05/2025 17:20;434
17/05/2025 17:25;418
17/05/2025 17:30;366
17/05/2025 17:35;387
17/05/2025 17:40;367
17/05/2025 17:45;330
17/05/2025 17:50;347
17/05/2025 17:55;328
17/05/2025 18:00;311
17/05/2025 18:05;291
17/05/2025 18:10;276
17/05/2025 18:15;259
17/05/2025 18:20;212
17/05/2025 18:25;204
17/05/2025 18:30;207
17/05/2025 18:35;196
17/05/2025 18:40;179
17/05/2025 18:45;162
17/05/2025 18:50;143
17/05/2025 18:55;112
17/05/2025 19:00;90
17/05/2025 19:05;83
17/05/2025 19:10;72
17/05/2025 19:15;64
17/05/2025 19:20;55
17/05/2025 19:25;51
17/05/2025 19:30;52
17/05/2025 19:35;51
17/05/2025 19:40;47
17/05/2025 19:45;47
17/05/2025 19:50;45
17/05/2025 19:55;46
17/05/2025 20:00;45
17/05/2025 20:05;45
17/05/2025 20:10;45
17/05/2025 20:15;44
17/05/2025 20:20;41
17/05/2025 20:25;39
17/05/2025 20:30;39
17/05/2025 20:35;39
17/05/2025 20:40;39
17/05/2025 20:45;39
17/05/2025 20:50;39
17/05/2025 20:55;39
17/05/2025 21:00;39
17/05/2025 21:05;39
17/05/2025 21:10;39
17/05/2025 21:15;39
17/05/2025 21:20;0
18/05/2025 6:57;0
18/05/2025 6:57;0
18/05/2025 6:58;0
18/05/2025 6:58;0
18/05/2025 6:59;0
18/05/2025 7:00;0
18/05/2025 7:05;0
18/05/2025 7:10;0
18/05/2025 7:15;0
18/05/2025 7:20;0
18/05/2025 7:25;0
18/05/2025 7:30;39
18/05/2025 7:35;39
18/05/2025 7:40;39
18/05/2025 7:45;39
18/05/2025 7:50;39
18/05/2025 7:55;45
18/05/2025 8:00;52
18/05/2025 8:05;39
18/05/2025 8:10;79
18/05/2025 8:15;113
18/05/2025 8:20;120
18/05/2025 8:25;129
18/05/2025 8:30;146
18/05/2025 8:35;167
18/05/2025 8:40;220
18/05/2025 8:45;266
18/05/2025 8:50;284
18/05/2025 8:55;301
18/05/2025 9:00;319
18/05/2025 9:05;330
18/05/2025 9:10;345
18/05/2025 9:15;360
18/05/2025 9:20;377
18/05/2025 9:25;396
18/05/2025 9:30;409
18/05/2025 9:35;428
18/05/2025 9:40;438
18/05/2025 9:45;453
18/05/2025 9:50;465
18/05/2025 9:55;482
18/05/2025 10:00;496
18/05/2025 10:05;508
18/05/2025 10:10;517
18/05/2025 10:15;531
18/05/2025 10:20;544
18/05/2025 10:25;554
18/05/2025 10:30;571
18/05/2025 10:35;558
18/05/2025 10:40;567
18/05/2025 10:45;599
18/05/2025 10:50;615
18/05/2025 10:55;616
18/05/2025 11:00;634
18/05/2025 11:05;621
18/05/2025 11:10;618
18/05/2025 11:15;660
18/05/2025 11:20;668
18/05/2025 11:25;679
18/05/2025 11:30;569
18/05/2025 11:35;715
18/05/2025 11:40;706
18/05/2025 11:45;711
18/05/2025 11:50;509
18/05/2025 11:55;476
18/05/2025 12:00;482
18/05/2025 12:05;465
18/05/2025 12:10;460
18/05/2025 12:15;469
18/05/2025 12:20;468
18/05/2025 12:25;469
18/05/2025 12:30;471
18/05/2025 12:35;477
18/05/2025 12:40;475
18/05/2025 12:45;474
18/05/2025 12:50;480
18/05/2025 12:55;481
18/05/2025 13:00;482
18/05/2025 13:05;483
18/05/2025 13:10;484
18/05/2025 13:15;489
18/05/2025 13:20;485
18/05/2025 13:25;484
18/05/2025 13:30;485
18/05/2025 13:35;486
18/05/2025 13:40;485
18/05/2025 13:45;484
18/05/2025 13:50;483
18/05/2025 13:55;482
18/05/2025 14:00;487
18/05/2025 14:05;578
18/05/2025 14:10;695
18/05/2025 14:15;666
18/05/2025 14:20;692
18/05/2025 14:25;708
18/05/2025 14:30;705
18/05/2025 14:35;695
18/05/2025 14:40;667
18/05/2025 14:45;699
18/05/2025 14:50;686
18/05/2025 14:55;684
18/05/2025 15:00;666
18/05/2025 15:05;691
18/05/2025 15:10;686
18/05/2025 15:15;678
18/05/2025 15:20;692
18/05/2025 15:25;663
18/05/2025 15:30;685
18/05/2025 15:35;605
18/05/2025 15:40;614
18/05/2025 15:45;576
18/05/2025 15:50;630
18/05/2025 15:55;491
18/05/2025 16:00;562
18/05/2025 16:05;563
18/05/2025 16:10;445
18/05/2025 16:15;378
18/05/2025 16:20;519
18/05/2025 16:25;468
18/05/2025 16:30;451
18/05/2025 16:35;448
18/05/2025 16:40;373
18/05/2025 16:45;405
18/05/2025 16:50;313
18/05/2025 16:55;409
18/05/2025 17:00;336
18/05/2025 17:05;329
18/05/2025 17:10;482
18/05/2025 17:15;460
18/05/2025 17:20;321
18/05/2025 17:25;224
18/05/2025 17:30;205
18/05/2025 17:35;236
18/05/2025 17:40;214
18/05/2025 17:45;200
18/05/2025 17:50;213
18/05/2025 17:55;206
18/05/2025 18:00;229
18/05/2025 18:05;255
18/05/2025 18:10;295
18/05/2025 18:15;266
18/05/2025 18:20;289
18/05/2025 18:25;194
18/05/2025 18:30;176
18/05/2025 18:35;193
18/05/2025 18:40;177
18/05/2025 18:45;160
18/05/2025 18:50;137
18/05/2025 18:55;131
18/05/2025 19:00;164
18/05/2025 19:05;148
18/05/2025 19:10;130
18/05/2025 19:15;99
18/05/2025 19:20;78
18/05/2025 19:25;63
18/05/2025 19:30;49
18/05/2025 19:35;45
18/05/2025 19:40;40
18/05/2025 19:45;39
18/05/2025 19:50;42
18/05/2025 19:55;46
18/05/2025 20:00;49
18/05/2025 20:05;58
18/05/2025 20:10;66
18/05/2025 20:15;56
18/05/2025 20:20;47
18/05/2025 20:25;55
18/05/2025 20:30;71
18/05/2025 20:35;76
18/05/2025 20:40;74
18/05/2025 20:45;57
18/05/2025 20:50;39
18/05/2025 20:55;39
18/05/2025 21:00;39
18/05/2025 21:05;39
18/05/2025 21:10;39
19/05/2025 7:38;0
19/05/2025 7:54;0
19/05/2025 7:55;0
19/05/2025 7:55;0
19/05/2025 7:56;0
19/05/2025 7:56;0
19/05/2025 8:00;0
19/05/2025 8:05;0
19/05/2025 8:10;0
19/05/2025 8:15;39
19/05/2025 8:20;39
19/05/2025 8:25;39
19/05/2025 8:30;39
19/05/2025 8:35;78
19/05/2025 8:40;39
19/05/2025 8:45;39
19/05/2025 8:50;39
19/05/2025 8:55;39
19/05/2025 9:00;40
19/05/2025 9:05;39
19/05/2025 9:10;39
19/05/2025 9:15;48
19/05/2025 9:20;39
19/05/2025 9:25;39
19/05/2025 9:30;39
19/05/2025 9:35;39
19/05/2025 9:40;54
19/05/2025 9:45;49
19/05/2025 9:50;68
19/05/2025 9:55;68
19/05/2025 10:00;69
19/05/2025 10:05;71
19/05/2025 10:10;43
19/05/2025 10:15;39
19/05/2025 10:20;39
19/05/2025 10:25;39
19/05/2025 10:30;49
19/05/2025 10:35;64
19/05/2025 10:40;73
19/05/2025 10:45;81
19/05/2025 10:50;64
19/05/2025 10:55;73
19/05/2025 11:00;39
19/05/2025 11:05;62
19/05/2025 11:10;54
19/05/2025 11:15;133
19/05/2025 11:20;157
19/05/2025 11:25;191
19/05/2025 11:30;161
19/05/2025 11:35;258
19/05/2025 11:40;276
19/05/2025 11:45;244
19/05/2025 11:50;230
19/05/2025 11:55;184
19/05/2025 12:00;257
19/05/2025 12:05;189
19/05/2025 12:10;200
19/05/2025 12:15;235
19/05/2025 12:20;219
19/05/2025 12:25;164
19/05/2025 12:30;156
19/05/2025 12:35;169
19/05/2025 12:40;190
19/05/2025 12:45;236
19/05/2025 12:50;238
19/05/2025 12:55;240
19/05/2025 13:00;234
19/05/2025 13:05;233
19/05/2025 13:10;253
19/05/2025 13:15;265
19/05/2025 13:20;278
19/05/2025 13:25;283
19/05/2025 13:30;272
19/05/2025 13:35;274
19/05/2025 13:40;307
19/05/2025 13:45;378
19/05/2025 13:50;501
19/05/2025 13:55;532
19/05/2025 14:00;480
19/05/2025 14:05;380
19/05/2025 14:10;343
19/05/2025 14:15;452
19/05/2025 14:20;767
19/05/2025 14:25;770
19/05/2025 14:30;770
19/05/2025 14:35;606
19/05/2025 14:40;615
19/05/2025 14:45;780
19/05/2025 14:50;779
19/05/2025 14:55;462
19/05/2025 15:00;772
19/05/2025 15:05;380
19/05/2025 15:10;775
19/05/2025 15:15;770
19/05/2025 15:20;417
19/05/2025 15:25;704
19/05/2025 15:30;464
19/05/2025 15:35;517
19/05/2025 15:40;484
19/05/2025 15:45;660
19/05/2025 15:50;438
19/05/2025 15:55;579
19/05/2025 16:00;531
19/05/2025 16:05;780
19/05/2025 16:10;757
19/05/2025 16:15;399
19/05/2025 16:20;405
19/05/2025 16:25;413
19/05/2025 16:30;355
19/05/2025 16:35;381
19/05/2025 16:40;301
19/05/2025 16:45;290
19/05/2025 16:50;133
19/05/2025 16:55;84
19/05/2025 17:00;123
19/05/2025 17:05;199
19/05/2025 17:10;193
19/05/2025 17:15;177
19/05/2025 17:20;656
19/05/2025 17:25;302
19/05/2025 17:30;524
19/05/2025 17:35;447
19/05/2025 17:40;439
19/05/2025 17:45;412
19/05/2025 17:50;432
19/05/2025 17:55;217
19/05/2025 18:00;184
19/05/2025 18:05;162
19/05/2025 18:10;202
19/05/2025 18:15;194
19/05/2025 18:20;160
19/05/2025 18:25;161
19/05/2025 18:30;170
19/05/2025 18:35;244
19/05/2025 18:40;168
19/05/2025 18:45;144
19/05/2025 18:50;100
19/05/2025 18:55;69
19/05/2025 19:00;49
19/05/2025 19:05;42
19/05/2025 19:10;39
19/05/2025 19:15;39
19/05/2025 19:20;39
19/05/2025 19:25;42
19/05/2025 19:30;42
19/05/2025 19:35;50
19/05/2025 19:40;60
19/05/2025 19:45;75
19/05/2025 19:50;47
19/05/2025 19:55;39
19/05/2025 20:00;39
19/05/2025 20:05;39
19/05/2025 20:10;39
19/05/2025 20:15;39
19/05/2025 20:20;39
19/05/2025 20:25;39
19/05/2025 20:30;39
19/05/2025 20:35;39
19/05/2025 20:40;39
19/05/2025 20:45;39
19/05/2025 20:50;0
19/05/2025 20:55;0
19/05/2025 21:00;0
19/05/2025 21:05;0
20/05/2025 6:58;0
20/05/2025 6:58;0
20/05/2025 6:59;0
20/05/2025 6:59;0
20/05/2025 7:00;0
20/05/2025 7:05;0
20/05/2025 7:10;0
20/05/2025 7:15;0
20/05/2025 7:20;0
20/05/2025 7:25;0
20/05/2025 7:30;39
20/05/2025 7:35;39
20/05/2025 7:40;39
20/05/2025 7:45;39
20/05/2025 7:50;39
20/05/2025 7:55;39
20/05/2025 8:00;39
20/05/2025 8:05;39
20/05/2025 8:10;39
20/05/2025 8:15;52
20/05/2025 8:20;83
20/05/2025 8:25;127
20/05/2025 8:30;72
20/05/2025 8:35;67
20/05/2025 8:40;70
20/05/2025 8:45;107
20/05/2025 8:50;155
20/05/2025 8:55;136
20/05/2025 9:00;112
20/05/2025 9:05;103
20/05/2025 9:10;282
20/05/2025 9:15;439
20/05/2025 9:20;282
20/05/2025 9:25;135
20/05/2025 9:30;355
20/05/2025 9:35;164
20/05/2025 9:40;145
20/05/2025 9:45;104
20/05/2025 9:50;54
20/05/2025 9:55;39
20/05/2025 10:00;39
20/05/2025 10:05;39
20/05/2025 10:10;54
20/05/2025 10:15;75
20/05/2025 10:20;173
20/05/2025 10:25;174
20/05/2025 10:30;292
20/05/2025 10:35;228
20/05/2025 10:40;211
20/05/2025 10:45;186
20/05/2025 10:50;503
20/05/2025 10:55;583
20/05/2025 11:00;239
20/05/2025 11:05;477
20/05/2025 11:10;280
20/05/2025 11:15;361
20/05/2025 11:20;488
20/05/2025 11:25;342
20/05/2025 11:30;310
20/05/2025 11:35;368
20/05/2025 11:40;399
20/05/2025 11:45;329
20/05/2025 11:50;413
20/05/2025 11:55;769
20/05/2025 12:00;295
20/05/2025 12:05;774
20/05/2025 12:10;324
20/05/2025 12:15;780
20/05/2025 12:20;309
20/05/2025 12:25;630
20/05/2025 12:30;434
20/05/2025 12:35;774
20/05/2025 12:40;774
20/05/2025 12:45;778
20/05/2025 12:50;238
20/05/2025 12:55;780
20/05/2025 13:00;779
20/05/2025 13:05;780
20/05/2025 13:10;779
20/05/2025 13:15;335
20/05/2025 13:20;473
20/05/2025 13:25;203
20/05/2025 13:30;780
20/05/2025 13:35;769
20/05/2025 13:40;423
20/05/2025 13:45;777
20/05/2025 13:50;770
20/05/2025 13:55;775
20/05/2025 14:00;0
20/05/2025 14:05;692
20/05/2025 14:10;764
20/05/2025 14:15;766
20/05/2025 14:20;0
20/05/2025 14:25;692
20/05/2025 14:30;765
20/05/2025 14:35;762
20/05/2025 14:40;749
20/05/2025 14:45;725
20/05/2025 14:50;718
20/05/2025 14:55;705
20/05/2025 15:00;491
20/05/2025 15:05;708
20/05/2025 15:10;672
20/05/2025 15:15;690
20/05/2025 15:20;0
20/05/2025 15:25;682
20/05/2025 15:30;680
20/05/2025 15:35;661
20/05/2025 15:40;0
20/05/2025 15:45;648
20/05/2025 15:50;639
20/05/2025 15:50;638
20/05/2025 15:51;637
20/05/2025 15:55;0
20/05/2025 16:00;620
20/05/2025 16:05;608
20/05/2025 16:10;598
20/05/2025 16:15;590
20/05/2025 16:20;571
20/05/2025 16:24;559
20/05/2025 16:25;557
20/05/2025 16:25;560
20/05/2025 16:26;558
20/05/2025 16:30;554
20/05/2025 16:35;548
20/05/2025 16:40;0
20/05/2025 16:45;521
20/05/2025 16:50;505
20/05/2025 16:55;497
20/05/2025 17:00;484
20/05/2025 17:05;410
20/05/2025 17:10;454
20/05/2025 17:10;459
20/05/2025 17:11;457
20/05/2025 17:15;442
20/05/2025 17:20;440
20/05/2025 17:25;425
20/05/2025 17:30;422
20/05/2025 17:35;395
20/05/2025 17:40;370
20/05/2025 17:45;98
20/05/2025 17:50;360
20/05/2025 17:55;318
20/05/2025 17:56;329
20/05/2025 17:56;110
20/05/2025 17:57;327
20/05/2025 18:00;315
20/05/2025 18:05;298
20/05/2025 18:10;279
20/05/2025 18:15;242
20/05/2025 18:20;232
20/05/2025 18:25;211
20/05/2025 18:30;214
20/05/2025 18:35;214
20/05/2025 18:40;164
20/05/2025 18:45;164
20/05/2025 18:50;93
20/05/2025 18:50;0
20/05/2025 18:51;0
20/05/2025 18:51;0
20/05/2025 18:52;94
20/05/2025 18:55;124
20/05/2025 19:00;165
20/05/2025 19:05;131
20/05/2025 19:10;121
20/05/2025 19:15;93
20/05/2025 19:20;63
20/05/2025 19:25;54
20/05/2025 19:30;55
20/05/2025 19:35;47
20/05/2025 19:40;41
20/05/2025 19:45;39
20/05/2025 19:50;39
20/05/2025 19:55;39
20/05/2025 20:00;39
20/05/2025 20:05;39
20/05/2025 20:10;39
20/05/2025 20:15;39
20/05/2025 20:20;39
20/05/2025 20:25;39
20/05/2025 20:30;39
20/05/2025 20:35;39
20/05/2025 20:40;39
20/05/2025 20:45;39
20/05/2025 20:50;39
20/05/2025 20:55;39
20/05/2025 21:00;39
20/05/2025 21:05;39
20/05/2025 21:10;39
20/05/2025 21:15;39
20/05/2025 21:20;39
20/05/2025 21:25;0
21/05/2025 6:55;0
21/05/2025 6:55;0
21/05/2025 6:56;0
21/05/2025 6:56;0
21/05/2025 6:57;0
21/05/2025 7:00;0
21/05/2025 7:05;0
21/05/2025 7:10;0
21/05/2025 7:15;0
21/05/2025 7:20;39
21/05/2025 7:25;39
21/05/2025 7:30;39
21/05/2025 7:35;39
21/05/2025 7:40;39
21/05/2025 7:45;39
21/05/2025 7:50;39
21/05/2025 7:55;47
21/05/2025 8:00;67
21/05/2025 8:05;66
21/05/2025 8:10;98
21/05/2025 8:15;128
21/05/2025 8:20;130
21/05/2025 8:25;150
21/05/2025 8:30;153
21/05/2025 8:35;156
21/05/2025 8:40;221
21/05/2025 8:45;269
21/05/2025 8:50;163
21/05/2025 8:55;251
21/05/2025 9:00;153
21/05/2025 9:05;143
21/05/2025 9:10;153
21/05/2025 9:15;170
21/05/2025 9:20;160
21/05/2025 9:25;173
21/05/2025 9:30;159
21/05/2025 9:35;141
21/05/2025 9:40;160
21/05/2025 9:45;193
21/05/2025 9:50;237
21/05/2025 9:55;233
21/05/2025 10:00;240
21/05/2025 10:05;320
21/05/2025 10:10;266
21/05/2025 10:15;226
21/05/2025 10:20;233
21/05/2025 10:25;252
21/05/2025 10:30;209
21/05/2025 10:35;377
21/05/2025 10:40;333
21/05/2025 10:45;238
21/05/2025 10:50;218
21/05/2025 10:55;295
21/05/2025 11:00;223
21/05/2025 11:05;202
21/05/2025 11:10;128
21/05/2025 11:15;184
21/05/2025 11:20;213
21/05/2025 11:25;259
21/05/2025 11:30;245
21/05/2025 11:35;278
21/05/2025 11:40;214
21/05/2025 11:45;158
21/05/2025 11:50;162
21/05/2025 11:55;238
21/05/2025 12:00;181
21/05/2025 12:05;234
21/05/2025 12:10;203
21/05/2025 12:15;204
21/05/2025 12:20;270
21/05/2025 12:25;198
21/05/2025 12:30;182
21/05/2025 12:35;165
21/05/2025 12:40;168
21/05/2025 12:45;118
21/05/2025 12:50;185
21/05/2025 12:55;307
21/05/2025 13:00;259
21/05/2025 13:05;205
21/05/2025 13:10;215
21/05/2025 13:15;237
21/05/2025 13:20;114
21/05/2025 13:25;84
21/05/2025 13:30;101
21/05/2025 13:35;166
21/05/2025 13:40;131
21/05/2025 13:45;80
21/05/2025 13:50;68
21/05/2025 13:55;60
21/05/2025 14:00;74
21/05/2025 14:05;54
21/05/2025 14:10;78
21/05/2025 14:15;95
21/05/2025 14:20;80
21/05/2025 14:25;75
21/05/2025 14:30;85
21/05/2025 14:35;131
21/05/2025 14:40;142
21/05/2025 14:45;174
21/05/2025 14:50;163
21/05/2025 14:55;174
21/05/2025 15:00;162
21/05/2025 15:05;108
21/05/2025 15:10;94
21/05/2025 15:15;88
21/05/2025 15:20;79
21/05/2025 15:25;68
21/05/2025 15:30;43
21/05/2025 15:35;43
21/05/2025 15:40;91
21/05/2025 15:45;78
21/05/2025 15:50;75
21/05/2025 15:55;80
21/05/2025 16:00;86
21/05/2025 16:05;39
21/05/2025 16:10;39
21/05/2025 16:15;51
21/05/2025 16:20;43
21/05/2025 16:25;39
21/05/2025 16:30;39
21/05/2025 16:35;68
21/05/2025 16:40;115
21/05/2025 16:45;164
21/05/2025 16:50;185
21/05/2025 16:55;103
21/05/2025 17:00;111
21/05/2025 17:05;88
21/05/2025 17:10;150
21/05/2025 17:15;135
21/05/2025 17:20;120
21/05/2025 17:25;124
21/05/2025 17:30;148
21/05/2025 17:35;139
21/05/2025 17:40;114
21/05/2025 17:45;69
21/05/2025 17:50;85
21/05/2025 17:55;107
21/05/2025 18:00;109
21/05/2025 18:05;108
21/05/2025 18:10;105
21/05/2025 18:15;110
21/05/2025 18:20;114
21/05/2025 18:25;71
21/05/2025 18:30;72
21/05/2025 18:35;84
21/05/2025 18:40;63
21/05/2025 18:45;54
21/05/2025 18:50;44
21/05/2025 18:55;44
21/05/2025 19:00;46
21/05/2025 19:05;71
21/05/2025 19:10;65
21/05/2025 19:15;39
21/05/2025 19:20;39
21/05/2025 19:25;39
21/05/2025 19:30;39
21/05/2025 19:35;39
21/05/2025 19:40;39
21/05/2025 19:45;39
21/05/2025 19:50;39
21/05/2025 19:55;39
21/05/2025 20:00;39
21/05/2025 20:05;39
21/05/2025 20:10;39
21/05/2025 20:15;39
21/05/2025 20:20;39
21/05/2025 20:25;39
21/05/2025 20:30;43
21/05/2025 20:35;50
21/05/2025 20:40;39
21/05/2025 20:45;39
21/05/2025 20:50;39
21/05/2025 20:55;39
21/05/2025 21:00;39
21/05/2025 21:05;39
21/05/2025 21:10;39
21/05/2025 21:15;39
21/05/2025 21:20;0
21/05/2025 21:25;0
22/05/2025 6:52;0
22/05/2025 6:53;0
22/05/2025 6:53;0
22/05/2025 6:54;0
22/05/2025 6:54;0
22/05/2025 6:55;0
22/05/2025 7:00;0
22/05/2025 7:05;0
22/05/2025 7:10;39
22/05/2025 7:15;39
22/05/2025 7:20;39
22/05/2025 7:25;39
22/05/2025 7:30;39
22/05/2025 7:35;39
22/05/2025 7:40;39
22/05/2025 7:45;39
22/05/2025 7:50;39
22/05/2025 7:55;39
22/05/2025 8:00;39
22/05/2025 8:05;39
22/05/2025 8:10;39
22/05/2025 8:15;39
22/05/2025 8:20;39
22/05/2025 8:25;39
22/05/2025 8:30;39
22/05/2025 8:35;39
22/05/2025 8:40;39
22/05/2025 8:45;39
22/05/2025 8:50;39
22/05/2025 8:55;39
22/05/2025 9:00;54
22/05/2025 9:05;77
22/05/2025 9:10;102
22/05/2025 9:15;123
22/05/2025 9:20;408
22/05/2025 9:25;504
22/05/2025 9:30;218
22/05/2025 9:35;256
22/05/2025 9:40;217
22/05/2025 9:45;169
22/05/2025 9:50;440
22/05/2025 9:55;291
22/05/2025 10:00;321
22/05/2025 10:05;391
22/05/2025 10:10;258
22/05/2025 10:15;301
22/05/2025 10:20;732
22/05/2025 10:25;709
22/05/2025 10:30;714
22/05/2025 10:35;351
22/05/2025 10:40;553
22/05/2025 10:45;646
22/05/2025 10:50;616
22/05/2025 10:55;696
22/05/2025 11:00;478
22/05/2025 11:05;349
22/05/2025 11:10;546
22/05/2025 11:15;417
22/05/2025 11:20;423
22/05/2025 11:25;772
22/05/2025 11:30;780
22/05/2025 11:35;779
22/05/2025 11:40;589
22/05/2025 11:45;422
22/05/2025 11:50;379
22/05/2025 11:55;616
22/05/2025 12:00;780
22/05/2025 12:05;416
22/05/2025 12:10;780
22/05/2025 12:15;780
22/05/2025 12:20;215
22/05/2025 12:25;367
22/05/2025 12:30;780
22/05/2025 12:35;0
22/05/2025 12:40;682
22/05/2025 12:45;266
22/05/2025 12:50;438
22/05/2025 12:55;778
22/05/2025 13:00;779
22/05/2025 13:05;539
22/05/2025 13:10;775
22/05/2025 13:15;358
22/05/2025 13:20;775
22/05/2025 13:25;776
22/05/2025 13:30;657
22/05/2025 13:35;601
22/05/2025 13:40;382
22/05/2025 13:45;778
22/05/2025 13:50;773
22/05/2025 13:55;386
22/05/2025 14:00;769
22/05/2025 14:05;767
22/05/2025 14:10;773
22/05/2025 14:15;772
22/05/2025 14:20;762
22/05/2025 14:25;777
22/05/2025 14:30;334
22/05/2025 14:35;767
22/05/2025 14:40;751
22/05/2025 14:45;772
22/05/2025 14:50;768
22/05/2025 14:55;766
22/05/2025 15:00;780
22/05/2025 15:05;755
22/05/2025 15:10;695
22/05/2025 15:15;777
22/05/2025 15:20;772
22/05/2025 15:25;773
22/05/2025 15:30;0
22/05/2025 15:35;690
22/05/2025 15:40;0
22/05/2025 15:45;266
22/05/2025 15:50;678
22/05/2025 15:55;646
22/05/2025 15:57;649
22/05/2025 15:58;648
22/05/2025 15:58;651
22/05/2025 15:59;649
22/05/2025 16:00;646
22/05/2025 16:05;638
22/05/2025 16:10;609
22/05/2025 16:15;613
22/05/2025 16:20;605
22/05/2025 16:25;582
22/05/2025 16:30;563
22/05/2025 16:35;554
22/05/2025 16:40;536
22/05/2025 16:45;528
22/05/2025 16:50;515
22/05/2025 16:55;499
22/05/2025 17:00;486
22/05/2025 17:05;473
22/05/2025 17:10;462
22/05/2025 17:15;446
22/05/2025 17:20;433
22/05/2025 17:25;419
22/05/2025 17:30;404
22/05/2025 17:35;387
22/05/2025 17:40;368
22/05/2025 17:45;355
22/05/2025 17:50;339
22/05/2025 17:55;330
22/05/2025 18:00;309
22/05/2025 18:05;291
22/05/2025 18:10;271
22/05/2025 18:15;253
22/05/2025 18:20;243
22/05/2025 18:25;220
22/05/2025 18:30;209
22/05/2025 18:35;184
22/05/2025 18:40;167
22/05/2025 18:45;151
22/05/2025 18:50;138
22/05/2025 18:55;119
22/05/2025 19:00;96
22/05/2025 19:05;78
22/05/2025 19:10;54
22/05/2025 19:15;46
22/05/2025 19:20;43
22/05/2025 19:25;39
22/05/2025 19:30;39
22/05/2025 19:35;39
22/05/2025 19:40;39
22/05/2025 19:45;39
22/05/2025 19:50;39
22/05/2025 19:55;39
22/05/2025 20:00;39
22/05/2025 20:05;39
22/05/2025 20:10;39
22/05/2025 20:15;39
22/05/2025 20:20;39
22/05/2025 20:25;39
22/05/2025 20:30;39
22/05/2025 20:35;39
22/05/2025 20:40;39
22/05/2025 20:45;39
22/05/2025 20:50;39
22/05/2025 20:55;39
22/05/2025 21:00;39
22/05/2025 21:05;39
22/05/2025 21:10;39
22/05/2025 21:15;39
22/05/2025 21:20;0
22/05/2025 21:25;0
23/05/2025 6:57;0
23/05/2025 6:58;0
23/05/2025 6:58;0
23/05/2025 6:59;0
23/05/2025 6:59;0
23/05/2025 7:00;0
23/05/2025 7:05;0
23/05/2025 7:10;0
23/05/2025 7:15;39
23/05/2025 7:20;39
23/05/2025 7:25;39
23/05/2025 7:30;39
23/05/2025 7:35;39
23/05/2025 7:40;39
23/05/2025 7:45;39
23/05/2025 7:50;39
23/05/2025 7:55;46
23/05/2025 8:00;60
23/05/2025 8:05;95
23/05/2025 8:10;109
23/05/2025 8:15;120
23/05/2025 8:20;128
23/05/2025 8:25;141
23/05/2025 8:30;149
23/05/2025 8:35;172
23/05/2025 8:40;222
23/05/2025 8:45;265
23/05/2025 8:50;285
23/05/2025 8:55;299
23/05/2025 9:00;315
23/05/2025 9:05;327
23/05/2025 9:10;345
23/05/2025 9:15;364
23/05/2025 9:20;378
23/05/2025 9:25;397
23/05/2025 9:30;410
23/05/2025 9:35;435
23/05/2025 9:40;254
23/05/2025 9:45;157
23/05/2025 9:50;148
23/05/2025 9:55;628
23/05/2025 10:00;226
23/05/2025 10:05;646
23/05/2025 10:10;199
23/05/2025 10:15;118
23/05/2025 10:20;118
23/05/2025 10:25;104
23/05/2025 10:30;103
23/05/2025 10:35;98
23/05/2025 10:40;135
23/05/2025 10:45;206
23/05/2025 10:50;382
23/05/2025 10:55;214
23/05/2025 11:00;266
23/05/2025 11:05;227
23/05/2025 11:10;216
23/05/2025 11:15;665
23/05/2025 11:20;293
23/05/2025 11:25;613
23/05/2025 11:30;465
23/05/2025 11:35;470
23/05/2025 11:40;481
23/05/2025 11:45;473
23/05/2025 11:50;491
23/05/2025 11:55;752
23/05/2025 12:00;767
23/05/2025 12:05;769
23/05/2025 12:10;754
23/05/2025 12:15;753
23/05/2025 12:20;774
23/05/2025 12:25;756
23/05/2025 12:30;770
23/05/2025 12:35;779
23/05/2025 12:40;780
23/05/2025 12:45;780
23/05/2025 12:50;780
23/05/2025 12:55;776
23/05/2025 13:00;769
23/05/2025 13:05;775
23/05/2025 13:10;780
23/05/2025 13:15;780
23/05/2025 13:20;771
23/05/2025 13:25;771
23/05/2025 13:30;771
23/05/2025 13:35;773
23/05/2025 13:40;770
23/05/2025 13:45;768
23/05/2025 13:50;767
23/05/2025 13:55;770
23/05/2025 14:00;761
23/05/2025 14:05;759
23/05/2025 14:10;751
23/05/2025 14:15;746
23/05/2025 14:20;747
23/05/2025 14:25;746
23/05/2025 14:30;726
23/05/2025 14:35;716
23/05/2025 14:40;714
23/05/2025 14:45;739
23/05/2025 14:50;732
23/05/2025 14:55;731
23/05/2025 15:00;727
23/05/2025 15:05;720
23/05/2025 15:10;713
23/05/2025 15:15;705
23/05/2025 15:20;698
23/05/2025 15:25;680
23/05/2025 15:30;680
23/05/2025 15:35;677
23/05/2025 15:40;687
23/05/2025 15:45;609
23/05/2025 15:50;652
23/05/2025 15:55;567
23/05/2025 16:00;615
23/05/2025 16:05;624
23/05/2025 16:10;613
23/05/2025 16:15;601
23/05/2025 16:20;603
23/05/2025 16:25;521
23/05/2025 16:30;537
23/05/2025 16:35;519
23/05/2025 16:40;586
23/05/2025 16:45;546
23/05/2025 16:50;530
23/05/2025 16:55;504
23/05/2025 17:00;505
23/05/2025 17:05;490
23/05/2025 17:10;481
23/05/2025 17:15;471
23/05/2025 17:20;450
23/05/2025 17:25;423
23/05/2025 17:30;371
23/05/2025 17:35;400
23/05/2025 17:40;381
23/05/2025 17:45;359
23/05/2025 17:50;345
23/05/2025 17:55;330
23/05/2025 18:00;302
23/05/2025 18:05;297
23/05/2025 18:10;267
23/05/2025 18:15;261
23/05/2025 18:20;249
23/05/2025 18:25;240
23/05/2025 18:30;222
23/05/2025 18:35;210
23/05/2025 18:40;196
23/05/2025 18:45;193
23/05/2025 18:50;164
23/05/2025 18:55;63
23/05/2025 19:00;121
23/05/2025 19:05;47
23/05/2025 19:10;59
23/05/2025 19:15;58
23/05/2025 19:20;61
23/05/2025 19:25;69
23/05/2025 19:30;60
23/05/2025 19:35;59
23/05/2025 19:40;58
23/05/2025 19:45;47
23/05/2025 19:50;39
23/05/2025 19:55;39
23/05/2025 20:00;46
23/05/2025 20:05;39
23/05/2025 20:10;39
23/05/2025 20:15;39
23/05/2025 20:20;39
23/05/2025 20:25;39
23/05/2025 20:30;39
23/05/2025 20:35;39
23/05/2025 20:40;39
23/05/2025 20:45;39
23/05/2025 20:50;39
23/05/2025 20:55;39
23/05/2025 21:00;39
23/05/2025 21:05;39
23/05/2025 21:10;39
23/05/2025 21:15;39
23/05/2025 21:20;39
23/05/2025 21:25;0
23/05/2025 21:30;0
24/05/2025 6:51;0
24/05/2025 6:51;0
24/05/2025 6:52;0
24/05/2025 6:52;0
24/05/2025 6:53;0
24/05/2025 6:55;0
24/05/2025 7:00;0
24/05/2025 7:05;0
24/05/2025 7:10;0
24/05/2025 7:15;0
24/05/2025 7:20;0
24/05/2025 7:25;39
24/05/2025 7:30;39
24/05/2025 7:35;39
24/05/2025 7:40;39
24/05/2025 7:45;39
24/05/2025 7:50;39
24/05/2025 7:55;39
24/05/2025 8:00;58
24/05/2025 8:05;96
24/05/2025 8:10;112
24/05/2025 8:15;115
24/05/2025 8:20;134
24/05/2025 8:25;145
24/05/2025 8:30;156
24/05/2025 8:35;173
24/05/2025 8:40;235
24/05/2025 8:45;263
24/05/2025 8:50;297
24/05/2025 8:55;272
24/05/2025 9:00;335
24/05/2025 9:05;350
24/05/2025 9:10;351
24/05/2025 9:15;368
24/05/2025 9:20;394
24/05/2025 9:25;360
24/05/2025 9:30;436
24/05/2025 9:35;449
24/05/2025 9:40;421
24/05/2025 9:45;461
24/05/2025 9:50;472
24/05/2025 9:55;337
24/05/2025 10:00;408
24/05/2025 10:05;562
24/05/2025 10:10;567
24/05/2025 10:15;595
24/05/2025 10:20;506
24/05/2025 10:25;541
24/05/2025 10:30;569
24/05/2025 10:35;603
24/05/2025 10:40;620
24/05/2025 10:45;625
24/05/2025 10:50;631
24/05/2025 10:55;644
24/05/2025 11:00;657
24/05/2025 11:05;674
24/05/2025 11:10;687
24/05/2025 11:15;416
24/05/2025 11:20;355
24/05/2025 11:25;716
24/05/2025 11:30;714
24/05/2025 11:35;711
24/05/2025 11:40;721
24/05/2025 11:45;717
24/05/2025 11:50;724
24/05/2025 11:55;731
24/05/2025 12:00;736
24/05/2025 12:05;737
24/05/2025 12:10;744
24/05/2025 12:15;746
24/05/2025 12:20;744
24/05/2025 12:25;758
24/05/2025 12:30;760
24/05/2025 12:35;764
24/05/2025 12:40;764
24/05/2025 12:45;774
24/05/2025 12:50;771
24/05/2025 12:55;769
24/05/2025 13:00;769
24/05/2025 13:05;776
24/05/2025 13:10;780
24/05/2025 13:15;777
24/05/2025 13:20;779
24/05/2025 13:25;778
24/05/2025 13:30;779
24/05/2025 13:35;774
24/05/2025 13:40;774
24/05/2025 13:45;773
24/05/2025 13:50;775
24/05/2025 13:55;773
24/05/2025 14:00;770
24/05/2025 14:05;770
24/05/2025 14:10;762
24/05/2025 14:15;757
24/05/2025 14:20;738
24/05/2025 14:25;742
24/05/2025 14:30;735
24/05/2025 14:35;710
24/05/2025 14:40;463
24/05/2025 14:45;459
24/05/2025 14:50;455
24/05/2025 14:55;500
24/05/2025 15:00;576
24/05/2025 15:05;718
24/05/2025 15:10;713
24/05/2025 15:15;708
24/05/2025 15:20;701
24/05/2025 15:25;690
24/05/2025 15:30;683
24/05/2025 15:35;672
24/05/2025 15:40;666
24/05/2025 15:45;658
24/05/2025 15:50;650
24/05/2025 15:55;638
24/05/2025 16:00;628
24/05/2025 16:05;622
24/05/2025 16:10;610
24/05/2025 16:15;599
24/05/2025 16:20;590
24/05/2025 16:25;578
24/05/2025 16:30;567
24/05/2025 16:35;553
24/05/2025 16:40;542
24/05/2025 16:45;529
24/05/2025 16:50;515
24/05/2025 16:55;505
24/05/2025 17:00;490
24/05/2025 17:05;464
24/05/2025 17:10;462
24/05/2025 17:15;446
24/05/2025 17:20;429
24/05/2025 17:25;420
24/05/2025 17:30;402
24/05/2025 17:35;387
24/05/2025 17:40;370
24/05/2025 17:45;355
24/05/2025 17:50;337
24/05/2025 17:55;320
24/05/2025 18:00;304
24/05/2025 18:05;286
24/05/2025 18:10;269
24/05/2025 18:15;251
24/05/2025 18:20;236
24/05/2025 18:25;217
24/05/2025 18:30;200
24/05/2025 18:35;182
24/05/2025 18:40;164
24/05/2025 18:45;147
24/05/2025 18:50;130
24/05/2025 18:55;114
24/05/2025 19:00;96
24/05/2025 19:05;73
24/05/2025 19:10;40
24/05/2025 19:15;39
24/05/2025 19:20;39
24/05/2025 19:25;39
24/05/2025 19:30;39
24/05/2025 19:35;39
24/05/2025 19:40;39
24/05/2025 19:45;39
24/05/2025 19:50;39
24/05/2025 19:55;39
24/05/2025 20:00;39
24/05/2025 20:05;39
24/05/2025 20:10;39
24/05/2025 20:15;39
24/05/2025 20:20;39
24/05/2025 20:25;39
24/05/2025 20:30;39
24/05/2025 20:35;39
24/05/2025 20:40;39
24/05/2025 20:45;39
24/05/2025 20:50;39
24/05/2025 20:55;39
24/05/2025 21:00;39
24/05/2025 21:05;39
24/05/2025 21:10;39
24/05/2025 21:15;39
24/05/2025 21:20;39
24/05/2025 21:25;0
24/05/2025 21:30;0
25/05/2025 6:50;0
25/05/2025 6:51;0
25/05/2025 6:51;0
25/05/2025 6:52;0
25/05/2025 6:52;0
25/05/2025 6:55;0
25/05/2025 7:00;0
25/05/2025 7:05;0
25/05/2025 7:10;0
25/05/2025 7:15;39
25/05/2025 7:20;39
25/05/2025 7:25;39
25/05/2025 7:30;39
25/05/2025 7:35;39
25/05/2025 7:40;39
25/05/2025 7:45;39
25/05/2025 7:50;39
25/05/2025 7:55;47
25/05/2025 8:00;91
25/05/2025 8:05;137
25/05/2025 8:10;148
25/05/2025 8:15;100
25/05/2025 8:20;101
25/05/2025 8:25;156
25/05/2025 8:30;185
25/05/2025 8:35;185
25/05/2025 8:40;184
25/05/2025 8:45;299
25/05/2025 8:50;317
25/05/2025 8:55;333
25/05/2025 9:00;339
25/05/2025 9:05;355
25/05/2025 9:10;380
25/05/2025 9:15;387
25/05/2025 9:20;407
25/05/2025 9:25;445
25/05/2025 9:30;165
25/05/2025 9:35;488
25/05/2025 9:40;484
25/05/2025 9:45;542
25/05/2025 9:50;222
25/05/2025 9:55;165
25/05/2025 10:00;621
25/05/2025 10:05;137
25/05/2025 10:10;235
25/05/2025 10:15;182
25/05/2025 10:20;615
25/05/2025 10:25;632
25/05/2025 10:30;238
25/05/2025 10:35;201
25/05/2025 10:40;141
25/05/2025 10:45;136
25/05/2025 10:50;195
25/05/2025 10:55;275
25/05/2025 11:00;283
25/05/2025 11:05;515
25/05/2025 11:10;745
25/05/2025 11:15;492
25/05/2025 11:20;780
25/05/2025 11:25;775
25/05/2025 11:30;441
25/05/2025 11:35;745
25/05/2025 11:40;760
25/05/2025 11:45;780
25/05/2025 11:50;292
25/05/2025 11:55;732
25/05/2025 12:00;780
25/05/2025 12:05;618
25/05/2025 12:10;778
25/05/2025 12:15;740
25/05/2025 12:20;758
25/05/2025 12:25;780
25/05/2025 12:30;780
25/05/2025 12:35;735
25/05/2025 12:40;696
25/05/2025 12:45;736
25/05/2025 12:50;707
25/05/2025 12:55;682
25/05/2025 13:00;702
25/05/2025 13:05;560
25/05/2025 13:10;603
25/05/2025 13:15;678
25/05/2025 13:20;635
25/05/2025 13:25;611
25/05/2025 13:30;778
25/05/2025 13:35;636
25/05/2025 13:40;597
25/05/2025 13:45;584
25/05/2025 13:50;716
25/05/2025 13:55;637
25/05/2025 14:00;670
25/05/2025 14:05;704
25/05/2025 14:10;688
25/05/2025 14:15;680
25/05/2025 14:20;589
25/05/2025 14:25;773
25/05/2025 14:30;662
25/05/2025 14:35;780
25/05/2025 14:40;650
25/05/2025 14:45;582
25/05/2025 14:50;745
25/05/2025 14:55;768
25/05/2025 15:00;770
25/05/2025 15:05;775
25/05/2025 15:10;539
25/05/2025 15:15;409
25/05/2025 15:20;449
25/05/2025 15:25;555
25/05/2025 15:30;581
25/05/2025 15:35;645
25/05/2025 15:40;408
25/05/2025 15:45;532
25/05/2025 15:50;637
25/05/2025 15:55;748
25/05/2025 16:00;724
25/05/2025 16:05;674
25/05/2025 16:10;659
25/05/2025 16:15;636
25/05/2025 16:20;623
25/05/2025 16:25;598
25/05/2025 16:30;595
25/05/2025 16:35;564
25/05/2025 16:40;549
25/05/2025 16:45;532
25/05/2025 16:50;513
25/05/2025 16:55;497
25/05/2025 17:00;489
25/05/2025 17:05;472
25/05/2025 17:10;456
25/05/2025 17:15;441
25/05/2025 17:20;428
25/05/2025 17:25;413
25/05/2025 17:30;399
25/05/2025 17:35;383
25/05/2025 17:40;397
25/05/2025 17:45;186
25/05/2025 17:50;446
25/05/2025 17:55;345
25/05/2025 18:00;321
25/05/2025 18:05;308
25/05/2025 18:10;117
25/05/2025 18:15;354
25/05/2025 18:20;279
25/05/2025 18:25;166
25/05/2025 18:30;187
25/05/2025 18:35;173
25/05/2025 18:40;223
25/05/2025 18:45;155
25/05/2025 18:50;223
25/05/2025 18:55;172
25/05/2025 19:00;90
25/05/2025 19:05;95
25/05/2025 19:10;89
25/05/2025 19:15;90
25/05/2025 19:20;79
25/05/2025 19:25;75
25/05/2025 19:30;60
25/05/2025 19:35;90
25/05/2025 19:40;60
25/05/2025 19:45;63
25/05/2025 19:50;51
25/05/2025 19:55;55
25/05/2025 20:00;39
25/05/2025 20:05;51
25/05/2025 20:10;52
25/05/2025 20:15;51
25/05/2025 20:20;39
25/05/2025 20:25;39
25/05/2025 20:30;39
25/05/2025 20:35;39
25/05/2025 20:40;39
25/05/2025 20:45;39
25/05/2025 20:50;39
25/05/2025 20:55;39
25/05/2025 21:00;39
25/05/2025 21:05;39
25/05/2025 21:10;39
25/05/2025 21:15;39
25/05/2025 21:20;39
26/05/2025 7:04;0
26/05/2025 7:05;0
26/05/2025 7:05;0
26/05/2025 7:06;0
26/05/2025 7:06;0
26/05/2025 7:10;0
26/05/2025 7:15;0
26/05/2025 7:20;0
26/05/2025 7:25;0
26/05/2025 7:30;39
26/05/2025 7:35;39
26/05/2025 7:40;39
26/05/2025 7:45;39
26/05/2025 7:50;39
26/05/2025 7:55;39
26/05/2025 8:00;39
26/05/2025 8:05;39
26/05/2025 8:10;39
26/05/2025 8:15;39
26/05/2025 8:20;39
26/05/2025 8:25;39
26/05/2025 8:30;39
26/05/2025 8:35;39
26/05/2025 8:40;39
26/05/2025 8:45;39
26/05/2025 8:50;39
26/05/2025 8:55;39
26/05/2025 9:00;39
26/05/2025 9:05;39
26/05/2025 9:10;39
26/05/2025 9:15;39
26/05/2025 9:20;44
26/05/2025 9:25;47
26/05/2025 9:30;73
26/05/2025 9:35;62
26/05/2025 9:40;87
26/05/2025 9:45;102
26/05/2025 9:50;112
26/05/2025 9:55;143
26/05/2025 10:00;186
26/05/2025 10:05;216
26/05/2025 10:10;211
26/05/2025 10:15;247
26/05/2025 10:20;280
26/05/2025 10:25;316
26/05/2025 10:30;207
26/05/2025 10:35;232
26/05/2025 10:40;225
26/05/2025 10:45;161
26/05/2025 10:50;98
26/05/2025 10:55;82
26/05/2025 11:00;91
26/05/2025 11:05;89
26/05/2025 11:10;133
26/05/2025 11:15;182
26/05/2025 11:20;217
26/05/2025 11:25;239
26/05/2025 11:30;195
26/05/2025 11:35;220
26/05/2025 11:40;252
26/05/2025 11:45;226
26/05/2025 11:50;233
26/05/2025 11:55;203
26/05/2025 12:00;207
26/05/2025 12:05;226
26/05/2025 12:10;202
26/05/2025 12:15;176
26/05/2025 12:20;176
26/05/2025 12:25;199
26/05/2025 12:30;223
26/05/2025 12:35;328
26/05/2025 12:40;301
26/05/2025 12:45;294
26/05/2025 12:50;295
26/05/2025 12:55;337
26/05/2025 13:00;386
26/05/2025 13:05;373
26/05/2025 13:10;384
26/05/2025 13:15;413
26/05/2025 13:20;406
26/05/2025 13:25;496
26/05/2025 13:30;467
26/05/2025 13:35;495
26/05/2025 13:40;413
26/05/2025 13:45;616
26/05/2025 13:50;743
26/05/2025 13:55;692
26/05/2025 14:00;661
26/05/2025 14:05;698
26/05/2025 14:10;632
26/05/2025 14:15;616
26/05/2025 14:20;626
26/05/2025 14:25;639
26/05/2025 14:30;637
26/05/2025 14:35;484
26/05/2025 14:40;378
26/05/2025 14:45;417
26/05/2025 14:50;448
26/05/2025 14:55;403
26/05/2025 15:00;508
26/05/2025 15:05;486
26/05/2025 15:10;553
26/05/2025 15:15;475
26/05/2025 15:20;661
26/05/2025 15:25;0
26/05/2025 15:30;492
26/05/2025 15:35;575
26/05/2025 15:40;561
26/05/2025 15:45;651
26/05/2025 15:50;542
26/05/2025 15:55;698
26/05/2025 15:55;716
26/05/2025 15:56;710
26/05/2025 15:56;704
26/05/2025 16:00;685
26/05/2025 16:05;646
26/05/2025 16:10;637
26/05/2025 16:15;622
26/05/2025 16:20;613
26/05/2025 16:25;497
26/05/2025 16:30;583
26/05/2025 16:35;568
26/05/2025 16:40;541
26/05/2025 16:45;541
26/05/2025 16:50;533
26/05/2025 16:55;527
26/05/2025 17:00;521
26/05/2025 17:05;568
26/05/2025 17:10;308
26/05/2025 17:15;269
26/05/2025 17:20;334
26/05/2025 17:25;274
26/05/2025 17:30;273
26/05/2025 17:35;268
26/05/2025 17:40;242
26/05/2025 17:45;237
26/05/2025 17:50;287
26/05/2025 17:55;241
26/05/2025 18:00;235
26/05/2025 18:05;220
26/05/2025 18:10;218
26/05/2025 18:15;196
26/05/2025 18:20;172
26/05/2025 18:25;154
26/05/2025 18:30;159
26/05/2025 18:35;168
26/05/2025 18:40;171
26/05/2025 18:45;139
26/05/2025 18:50;119
26/05/2025 18:55;116
26/05/2025 19:00;122
26/05/2025 19:05;140
26/05/2025 19:10;136
26/05/2025 19:15;123
26/05/2025 19:20;118
26/05/2025 19:25;111
26/05/2025 19:30;102
26/05/2025 19:35;95
26/05/2025 19:40;86
26/05/2025 19:45;93
26/05/2025 19:50;82
26/05/2025 19:55;76
26/05/2025 20:00;69
26/05/2025 20:05;57
26/05/2025 20:10;54
26/05/2025 20:15;48
26/05/2025 20:20;43
26/05/2025 20:25;39
26/05/2025 20:30;39
26/05/2025 20:35;39
26/05/2025 20:40;39
26/05/2025 20:45;39
26/05/2025 20:50;39
26/05/2025 20:55;39
26/05/2025 21:00;39
26/05/2025 21:05;39
26/05/2025 21:10;39
26/05/2025 21:15;0
26/05/2025 21:20;0
26/05/2025 21:25;0
27/05/2025 6:51;0
27/05/2025 6:52;0
27/05/2025 6:52;0
27/05/2025 6:53;0
27/05/2025 6:53;0
27/05/2025 6:55;0
27/05/2025 7:00;0
27/05/2025 7:05;0
27/05/2025 7:10;0
27/05/2025 7:15;0
27/05/2025 7:20;0
27/05/2025 7:25;39
27/05/2025 7:30;39
27/05/2025 7:35;39
27/05/2025 7:40;39
27/05/2025 7:45;39
27/05/2025 7:50;39
27/05/2025 7:55;41
27/05/2025 8:00;77
27/05/2025 8:05;101
27/05/2025 8:10;122
27/05/2025 8:15;133
27/05/2025 8:20;110
27/05/2025 8:25;116
27/05/2025 8:30;123
27/05/2025 8:35;149
27/05/2025 8:40;203
27/05/2025 8:45;263
27/05/2025 8:50;268
27/05/2025 8:55;286
27/05/2025 9:00;309
27/05/2025 9:05;329
27/05/2025 9:10;322
27/05/2025 9:15;300
27/05/2025 9:20;268
27/05/2025 9:25;372
27/05/2025 9:30;402
27/05/2025 9:35;445
27/05/2025 9:40;431
27/05/2025 9:45;460
27/05/2025 9:50;487
27/05/2025 9:55;480
27/05/2025 10:00;0
27/05/2025 10:05;508
27/05/2025 10:10;490
27/05/2025 10:15;441
27/05/2025 10:20;503
27/05/2025 10:25;578
27/05/2025 10:27;486
27/05/2025 10:28;502
27/05/2025 10:28;508
27/05/2025 10:30;568
27/05/2025 10:35;562
27/05/2025 10:40;559
27/05/2025 10:45;551
27/05/2025 10:50;587
27/05/2025 10:55;600
27/05/2025 11:00;640
27/05/2025 11:05;626
27/05/2025 11:06;621
27/05/2025 11:06;615
27/05/2025 11:07;613
27/05/2025 11:10;583
27/05/2025 11:15;633
27/05/2025 11:20;676
27/05/2025 11:25;630
27/05/2025 11:30;648
27/05/2025 11:35;686
27/05/2025 11:40;688
27/05/2025 11:45;698
27/05/2025 11:50;702
27/05/2025 11:55;718
27/05/2025 12:00;704
27/05/2025 12:05;660
27/05/2025 12:10;729
27/05/2025 12:15;658
27/05/2025 12:20;737
27/05/2025 12:25;662
27/05/2025 12:30;560
27/05/2025 12:35;672
27/05/2025 12:40;693
27/05/2025 12:45;759
27/05/2025 12:50;725
27/05/2025 12:55;690
27/05/2025 13:00;751
27/05/2025 13:05;663
27/05/2025 13:10;689
27/05/2025 13:15;780
27/05/2025 13:20;780
27/05/2025 13:25;776
27/05/2025 13:30;754
27/05/2025 13:35;780
27/05/2025 13:40;771
27/05/2025 13:45;699
27/05/2025 13:50;754
27/05/2025 13:55;779
27/05/2025 14:00;693
27/05/2025 14:05;714
27/05/2025 14:10;746
27/05/2025 14:15;733
27/05/2025 14:20;745
27/05/2025 14:25;748
27/05/2025 14:30;753
27/05/2025 14:35;701
27/05/2025 14:40;465
27/05/2025 14:45;457
27/05/2025 14:50;684
27/05/2025 14:55;584
27/05/2025 15:00;667
27/05/2025 15:05;732
27/05/2025 15:10;721
27/05/2025 15:15;719
27/05/2025 15:20;666
27/05/2025 15:25;596
27/05/2025 15:30;665
27/05/2025 15:35;683
27/05/2025 15:40;672
27/05/2025 15:45;682
27/05/2025 15:50;666
27/05/2025 15:55;658
27/05/2025 16:00;652
27/05/2025 16:05;633
27/05/2025 16:10;599
27/05/2025 16:15;567
27/05/2025 16:20;586
27/05/2025 16:25;559
27/05/2025 16:30;499
27/05/2025 16:35;561
27/05/2025 16:40;521
27/05/2025 16:45;523
27/05/2025 16:50;439
27/05/2025 16:55;484
27/05/2025 17:00;425
27/05/2025 17:05;463
27/05/2025 17:10;452
27/05/2025 17:15;460
27/05/2025 17:20;439
27/05/2025 17:25;389
27/05/2025 17:30;380
27/05/2025 17:35;378
27/05/2025 17:40;372
27/05/2025 17:45;360
27/05/2025 17:50;338
27/05/2025 17:55;280
27/05/2025 18:00;281
27/05/2025 18:05;274
27/05/2025 18:10;229
27/05/2025 18:15;222
27/05/2025 18:20;246
27/05/2025 18:25;245
27/05/2025 18:30;220
27/05/2025 18:35;204
27/05/2025 18:40;180
27/05/2025 18:45;132
27/05/2025 18:50;142
27/05/2025 18:55;131
27/05/2025 19:00;145
27/05/2025 19:05;122
27/05/2025 19:10;104
27/05/2025 19:15;92
27/05/2025 19:20;90
27/05/2025 19:25;89
27/05/2025 19:30;83
27/05/2025 19:35;82
27/05/2025 19:40;76
27/05/2025 19:45;72
27/05/2025 19:50;65
27/05/2025 19:55;54
27/05/2025 20:00;49
27/05/2025 20:05;48
27/05/2025 20:10;44
27/05/2025 20:15;39
27/05/2025 20:20;39
27/05/2025 20:25;39
27/05/2025 20:30;39
27/05/2025 20:35;39
27/05/2025 20:40;39
27/05/2025 20:45;39
27/05/2025 20:50;39
27/05/2025 20:55;39
27/05/2025 21:00;39
27/05/2025 21:05;39
27/05/2025 21:10;39
27/05/2025 21:15;39
27/05/2025 21:20;0
27/05/2025 21:25;0
27/05/2025 21:30;0
27/05/2025 21:35;0
28/05/2025 6:47;0
28/05/2025 6:48;0
28/05/2025 6:48;0
28/05/2025 6:49;0
28/05/2025 6:49;0
28/05/2025 6:50;0
28/05/2025 6:55;0
28/05/2025 7:00;0
28/05/2025 7:05;0
28/05/2025 7:10;0
28/05/2025 7:15;0
28/05/2025 7:20;39
28/05/2025 7:25;39
28/05/2025 7:30;39
28/05/2025 7:35;39
28/05/2025 7:40;39
28/05/2025 7:45;39
28/05/2025 7:50;39
28/05/2025 7:55;43
28/05/2025 8:00;75
28/05/2025 8:05;93
28/05/2025 8:10;109
28/05/2025 8:15;119
28/05/2025 8:20;127
28/05/2025 8:25;134
28/05/2025 8:30;154
28/05/2025 8:35;173
28/05/2025 8:40;225
28/05/2025 8:45;274
28/05/2025 8:50;289
28/05/2025 8:55;309
28/05/2025 9:00;319
28/05/2025 9:05;330
28/05/2025 9:10;346
28/05/2025 9:15;367
28/05/2025 9:20;381
28/05/2025 9:25;0
28/05/2025 9:30;415
28/05/2025 9:35;429
28/05/2025 9:40;435
28/05/2025 9:45;451
28/05/2025 9:50;469
28/05/2025 9:53;479
28/05/2025 9:54;481
28/05/2025 9:54;489
28/05/2025 9:55;487
28/05/2025 10:00;497
28/05/2025 10:05;512
28/05/2025 10:10;524
28/05/2025 10:15;533
28/05/2025 10:20;544
28/05/2025 10:25;562
28/05/2025 10:30;578
28/05/2025 10:35;592
28/05/2025 10:40;608
28/05/2025 10:45;579
28/05/2025 10:50;625
28/05/2025 10:55;628
28/05/2025 11:00;616
28/05/2025 11:05;649
28/05/2025 11:10;657
28/05/2025 11:15;667
28/05/2025 11:20;673
28/05/2025 11:25;669
28/05/2025 11:30;678
28/05/2025 11:35;696
28/05/2025 11:40;705
28/05/2025 11:45;699
28/05/2025 11:50;719
28/05/2025 11:55;726
28/05/2025 12:00;727
28/05/2025 12:05;733
28/05/2025 12:10;709
28/05/2025 12:15;721
28/05/2025 12:20;710
28/05/2025 12:25;719
28/05/2025 12:30;736
28/05/2025 12:35;730
28/05/2025 12:40;748
28/05/2025 12:45;743
28/05/2025 12:50;739
28/05/2025 12:55;745
28/05/2025 13:00;755
28/05/2025 13:05;750
28/05/2025 13:10;762
28/05/2025 13:15;764
28/05/2025 13:20;729
28/05/2025 13:25;683
28/05/2025 13:30;766
28/05/2025 13:35;767
28/05/2025 13:40;753
28/05/2025 13:45;764
28/05/2025 13:50;757
28/05/2025 13:55;764
28/05/2025 14:00;763
28/05/2025 14:05;736
28/05/2025 14:10;742
28/05/2025 14:15;753
28/05/2025 14:20;735
28/05/2025 14:25;723
28/05/2025 14:30;560
28/05/2025 14:35;462
28/05/2025 14:40;456
28/05/2025 14:45;465
28/05/2025 14:50;569
28/05/2025 14:55;624
28/05/2025 15:00;714
28/05/2025 15:05;711
28/05/2025 15:10;707
28/05/2025 15:15;696
28/05/2025 15:20;638
28/05/2025 15:25;640
28/05/2025 15:30;684
28/05/2025 15:35;673
28/05/2025 15:40;660
28/05/2025 15:45;662
28/05/2025 15:50;653
28/05/2025 15:55;636
28/05/2025 16:00;626
28/05/2025 16:05;617
28/05/2025 16:10;608
28/05/2025 16:15;596
28/05/2025 16:20;587
28/05/2025 16:25;575
28/05/2025 16:30;562
28/05/2025 16:35;549
28/05/2025 16:40;537
28/05/2025 16:45;521
28/05/2025 16:50;505
28/05/2025 16:55;493
28/05/2025 17:00;478
28/05/2025 17:05;467
28/05/2025 17:10;454
28/05/2025 17:15;438
28/05/2025 17:20;428
28/05/2025 17:25;409
28/05/2025 17:30;397
28/05/2025 17:35;379
28/05/2025 17:40;364
28/05/2025 17:45;349
28/05/2025 17:50;330
28/05/2025 17:55;308
28/05/2025 18:00;297
28/05/2025 18:05;283
28/05/2025 18:10;267
28/05/2025 18:15;250
28/05/2025 18:20;218
28/05/2025 18:25;210
28/05/2025 18:30;197
28/05/2025 18:35;177
28/05/2025 18:40;163
28/05/2025 18:45;146
28/05/2025 18:50;132
28/05/2025 18:55;117
28/05/2025 19:00;103
28/05/2025 19:05;0
28/05/2025 19:10;39
28/05/2025 19:15;39
28/05/2025 19:20;39
28/05/2025 19:25;39
28/05/2025 19:30;39
28/05/2025 19:33;39
28/05/2025 19:34;39
28/05/2025 19:34;39
28/05/2025 19:35;39
28/05/2025 19:40;39
28/05/2025 19:45;39
28/05/2025 19:50;39
28/05/2025 19:55;39
28/05/2025 20:00;39
28/05/2025 20:05;39
28/05/2025 20:10;39
28/05/2025 20:15;39
28/05/2025 20:20;39
28/05/2025 20:25;39
28/05/2025 20:30;39
28/05/2025 20:35;39
28/05/2025 20:40;39
28/05/2025 20:45;39
28/05/2025 20:50;39
28/05/2025 20:55;39
28/05/2025 21:00;39
28/05/2025 21:05;39
28/05/2025 21:10;39
28/05/2025 21:15;0
28/05/2025 21:20;0
28/05/2025 21:25;0
28/05/2025 21:30;0
29/05/2025 6:47;0
29/05/2025 6:48;0
29/05/2025 6:48;0
29/05/2025 6:49;0
29/05/2025 6:49;0
29/05/2025 6:50;0
29/05/2025 6:55;0
29/05/2025 7:00;0
29/05/2025 7:05;0
29/05/2025 7:10;0
29/05/2025 7:15;0
29/05/2025 7:20;39
29/05/2025 7:25;39
29/05/2025 7:30;39
29/05/2025 7:35;39
29/05/2025 7:40;39
29/05/2025 7:45;39
29/05/2025 7:50;39
29/05/2025 7:55;39
29/05/2025 8:00;65
29/05/2025 8:05;88
29/05/2025 8:10;101
29/05/2025 8:15;114
29/05/2025 8:20;124
29/05/2025 8:25;137
29/05/2025 8:30;146
29/05/2025 8:35;164
29/05/2025 8:40;213
29/05/2025 8:45;272
29/05/2025 8:50;290
29/05/2025 8:55;308
29/05/2025 9:00;322
29/05/2025 9:05;339
29/05/2025 9:10;353
29/05/2025 9:15;370
29/05/2025 9:20;386
29/05/2025 9:25;402
29/05/2025 9:30;417
29/05/2025 9:35;423
29/05/2025 9:40;437
29/05/2025 9:45;455
29/05/2025 9:50;471
29/05/2025 9:55;483
29/05/2025 10:00;494
29/05/2025 10:05;0
29/05/2025 10:06;511
29/05/2025 10:07;512
29/05/2025 10:07;514
29/05/2025 10:08;516
29/05/2025 10:10;0
29/05/2025 10:15;528
29/05/2025 10:20;540
29/05/2025 10:25;0
29/05/2025 10:30;553
29/05/2025 10:35;568
29/05/2025 10:38;578
29/05/2025 10:39;579
29/05/2025 10:39;582
29/05/2025 10:40;592
29/05/2025 10:50;601
29/05/2025 10:55;612
29/05/2025 11:00;619
29/05/2025 11:05;629
29/05/2025 11:10;633
29/05/2025 11:15;637
29/05/2025 11:20;643
29/05/2025 11:25;649
29/05/2025 11:30;660
29/05/2025 11:35;668
29/05/2025 11:40;676
29/05/2025 11:45;677
29/05/2025 11:50;682
29/05/2025 11:55;687
29/05/2025 12:00;693
29/05/2025 12:05;699
29/05/2025 12:10;702
29/05/2025 12:15;702
29/05/2025 12:20;702
29/05/2025 12:25;704
29/05/2025 12:30;709
29/05/2025 12:35;503
29/05/2025 12:40;471
29/05/2025 12:45;473
29/05/2025 12:50;475
29/05/2025 12:55;475
29/05/2025 13:00;477
29/05/2025 13:05;478
29/05/2025 13:10;481
29/05/2025 13:15;483
29/05/2025 13:20;479
29/05/2025 13:25;482
29/05/2025 13:30;479
29/05/2025 13:35;479
29/05/2025 13:40;478
29/05/2025 13:45;477
29/05/2025 13:50;479
29/05/2025 13:55;478
29/05/2025 14:00;477
29/05/2025 14:05;472
29/05/2025 14:10;470
29/05/2025 14:15;468
29/05/2025 14:20;469
29/05/2025 14:25;467
29/05/2025 14:30;462
29/05/2025 14:35;461
29/05/2025 14:40;459
29/05/2025 14:45;649
29/05/2025 14:50;681
29/05/2025 14:55;678
29/05/2025 15:00;675
29/05/2025 15:05;662
29/05/2025 15:10;663
29/05/2025 15:15;661
29/05/2025 15:20;655
29/05/2025 15:25;645
29/05/2025 15:30;640
29/05/2025 15:35;632
29/05/2025 15:40;615
29/05/2025 15:45;603
29/05/2025 15:50;598
29/05/2025 15:55;593
29/05/2025 16:00;588
29/05/2025 16:05;579
29/05/2025 16:10;573
29/05/2025 16:15;566
29/05/2025 16:20;559
29/05/2025 16:25;550
29/05/2025 16:30;538
29/05/2025 16:35;528
29/05/2025 16:40;515
29/05/2025 16:45;500
29/05/2025 16:50;490
29/05/2025 16:55;478
29/05/2025 17:00;466
29/05/2025 17:05;449
29/05/2025 17:10;437
29/05/2025 17:15;421
29/05/2025 17:20;408
29/05/2025 17:25;395
29/05/2025 17:30;382
29/05/2025 17:35;368
29/05/2025 17:40;354
29/05/2025 17:45;340
29/05/2025 17:50;322
29/05/2025 17:55;306
29/05/2025 18:00;289
29/05/2025 18:05;274
29/05/2025 18:10;256
29/05/2025 18:15;243
29/05/2025 18:20;226
29/05/2025 18:25;210
29/05/2025 18:30;193
29/05/2025 18:35;177
29/05/2025 18:40;160
29/05/2025 18:45;143
29/05/2025 18:50;128
29/05/2025 18:55;112
29/05/2025 19:00;98
29/05/2025 19:05;83
29/05/2025 19:10;42
29/05/2025 19:15;39
29/05/2025 19:20;39
29/05/2025 19:25;39
29/05/2025 19:30;39
29/05/2025 19:35;39
29/05/2025 19:40;39
29/05/2025 19:45;39
29/05/2025 19:50;39
29/05/2025 19:55;39
29/05/2025 20:00;39
29/05/2025 20:05;39
29/05/2025 20:10;39
29/05/2025 20:15;39
29/05/2025 20:20;39
29/05/2025 20:25;39
29/05/2025 20:30;39
29/05/2025 20:35;39
29/05/2025 20:40;39
29/05/2025 20:45;39
29/05/2025 20:50;39
29/05/2025 20:55;39
29/05/2025 21:00;39
29/05/2025 21:05;39
29/05/2025 21:10;39
29/05/2025 21:15;39
29/05/2025 21:20;39
29/05/2025 21:25;39
29/05/2025 21:30;0
29/05/2025 21:35;0
30/05/2025 6:43;0
30/05/2025 6:43;0
30/05/2025 6:44;0
30/05/2025 6:44;0
30/05/2025 6:45;0
30/05/2025 6:50;0
30/05/2025 6:55;0
30/05/2025 7:00;0
30/05/2025 7:05;39
30/05/2025 7:10;39
30/05/2025 7:15;39
30/05/2025 7:20;39
30/05/2025 7:25;39
30/05/2025 7:30;39
30/05/2025 7:35;39
30/05/2025 7:40;41
30/05/2025 7:45;67
30/05/2025 7:50;92
30/05/2025 7:55;116
30/05/2025 8:00;142
30/05/2025 8:05;156
30/05/2025 8:10;103
30/05/2025 8:15;111
30/05/2025 8:20;80
30/05/2025 8:25;47
30/05/2025 8:30;39
30/05/2025 8:35;39
30/05/2025 8:40;39
30/05/2025 8:45;55
30/05/2025 8:50;59
30/05/2025 8:55;63
30/05/2025 9:00;68
30/05/2025 9:05;78
30/05/2025 9:10;75
30/05/2025 9:15;76
30/05/2025 9:20;91
30/05/2025 9:25;99
30/05/2025 9:30;75
30/05/2025 9:35;46
30/05/2025 9:40;39
30/05/2025 9:45;39
30/05/2025 9:50;58
30/05/2025 9:55;92
30/05/2025 10:00;66
30/05/2025 10:05;65
30/05/2025 10:10;49
30/05/2025 10:15;46
30/05/2025 10:20;49
30/05/2025 10:25;39
30/05/2025 10:30;44
30/05/2025 10:35;39
30/05/2025 10:40;39
30/05/2025 10:45;39
30/05/2025 10:50;39
30/05/2025 10:55;39
30/05/2025 11:00;53
30/05/2025 11:05;68
30/05/2025 11:10;158
30/05/2025 11:15;177
30/05/2025 11:20;58
30/05/2025 11:25;107
30/05/2025 11:30;83
30/05/2025 11:35;168
30/05/2025 11:40;195
30/05/2025 11:45;188
30/05/2025 11:50;171
30/05/2025 11:55;223
30/05/2025 12:00;195
30/05/2025 12:05;230
30/05/2025 12:10;279
30/05/2025 12:15;502
30/05/2025 12:20;607
30/05/2025 12:25;520
30/05/2025 12:30;419
30/05/2025 12:35;330
30/05/2025 12:40;322
30/05/2025 12:45;278
30/05/2025 12:50;281
30/05/2025 12:55;272
30/05/2025 13:00;286
30/05/2025 13:05;309
30/05/2025 13:10;345
30/05/2025 13:15;373
30/05/2025 13:20;369
30/05/2025 13:25;402
30/05/2025 13:30;780
30/05/2025 13:35;773
30/05/2025 13:40;763
30/05/2025 13:45;755
30/05/2025 13:50;767
30/05/2025 13:55;766
30/05/2025 14:00;772
30/05/2025 14:05;0
30/05/2025 14:10;768
30/05/2025 14:15;739
30/05/2025 14:20;728
30/05/2025 14:25;735
30/05/2025 14:30;727
30/05/2025 14:35;160
30/05/2025 14:40;771
30/05/2025 14:45;0
30/05/2025 14:50;623
30/05/2025 14:55;196
30/05/2025 15:00;291
30/05/2025 15:05;780
30/05/2025 15:10;312
30/05/2025 15:15;712
30/05/2025 15:20;722
30/05/2025 15:25;358
30/05/2025 15:30;639
30/05/2025 15:35;658
30/05/2025 15:40;625
30/05/2025 15:45;289
30/05/2025 15:50;610
30/05/2025 15:55;602
30/05/2025 16:00;595
30/05/2025 16:05;579
30/05/2025 16:10;571
30/05/2025 16:15;561
30/05/2025 16:20;552
30/05/2025 16:25;483
30/05/2025 16:30;604
30/05/2025 16:35;374
30/05/2025 16:40;0
30/05/2025 16:45;99
30/05/2025 16:50;71
30/05/2025 16:55;44
30/05/2025 17:00;72
30/05/2025 17:05;43
30/05/2025 17:10;39
30/05/2025 17:15;39
30/05/2025 17:20;0
30/05/2025 17:25;0
30/05/2025 17:30;0
30/05/2025 17:35;0
30/05/2025 17:40;0
30/05/2025 17:45;0
30/05/2025 17:50;39
30/05/2025 17:55;39
30/05/2025 18:00;39
30/05/2025 18:05;39
30/05/2025 18:10;39
30/05/2025 18:15;39
30/05/2025 18:20;39
30/05/2025 18:25;39
30/05/2025 18:30;39
30/05/2025 18:35;39
30/05/2025 18:40;39
30/05/2025 18:45;39
30/05/2025 18:50;0
30/05/2025 18:55;150
30/05/2025 19:00;225
30/05/2025 19:05;191
30/05/2025 19:10;145
30/05/2025 19:15;121
30/05/2025 19:17;121
30/05/2025 19:18;122
30/05/2025 19:18;120
30/05/2025 19:20;119
30/05/2025 19:25;139
30/05/2025 19:30;145
30/05/2025 19:35;149
30/05/2025 19:40;140
30/05/2025 19:45;125
30/05/2025 19:50;112
30/05/2025 19:55;103
30/05/2025 20:00;81
30/05/2025 20:05;75
30/05/2025 20:10;72
30/05/2025 20:15;70
30/05/2025 20:20;66
30/05/2025 20:25;90
30/05/2025 20:30;83
30/05/2025 20:35;59
30/05/2025 20:40;56
30/05/2025 20:45;53
30/05/2025 20:50;45
30/05/2025 20:55;50
30/05/2025 21:00;39
30/05/2025 21:05;39
30/05/2025 21:10;39
30/05/2025 21:15;39
30/05/2025 21:20;39
30/05/2025 21:25;39
30/05/2025 21:30;39
30/05/2025 21:35;39
30/05/2025 21:40;39
30/05/2025 21:45;39
30/05/2025 21:50;0
31/05/2025 7:04;0
31/05/2025 7:05;0
31/05/2025 7:05;0
31/05/2025 7:06;0
31/05/2025 7:06;0
31/05/2025 7:10;0
31/05/2025 7:15;0
31/05/2025 7:20;0
31/05/2025 7:25;0
31/05/2025 7:30;0
31/05/2025 7:35;39
31/05/2025 7:40;39
31/05/2025 7:45;39
31/05/2025 7:50;39
31/05/2025 7:55;39
31/05/2025 8:00;39
31/05/2025 8:05;39
31/05/2025 8:10;39
31/05/2025 8:15;39
31/05/2025 8:20;39
31/05/2025 8:25;39
31/05/2025 8:30;40
31/05/2025 8:35;40
31/05/2025 8:40;50
31/05/2025 8:45;55
31/05/2025 8:50;56
31/05/2025 8:55;54
31/05/2025 9:00;59
31/05/2025 9:05;61
31/05/2025 9:10;68
31/05/2025 9:15;83
31/05/2025 9:20;81
31/05/2025 9:25;79
31/05/2025 9:30;92
31/05/2025 9:35;83
31/05/2025 9:40;71
31/05/2025 9:45;65
31/05/2025 9:50;63
31/05/2025 9:55;74
31/05/2025 10:00;77
31/05/2025 10:05;75
31/05/2025 10:10;66
31/05/2025 10:15;58
31/05/2025 10:20;62
31/05/2025 10:25;74
31/05/2025 10:30;76
31/05/2025 10:35;80
31/05/2025 10:40;74
31/05/2025 10:45;79
31/05/2025 10:50;82
31/05/2025 10:55;86
31/05/2025 11:00;87
31/05/2025 11:05;94
31/05/2025 11:10;57
31/05/2025 11:15;89
31/05/2025 11:20;90
31/05/2025 11:25;107
31/05/2025 11:30;121
31/05/2025 11:35;135
31/05/2025 11:40;156
31/05/2025 11:45;158
31/05/2025 11:50;161
31/05/2025 11:55;180
31/05/2025 12:00;192
31/05/2025 12:05;175
31/05/2025 12:10;151
31/05/2025 12:15;164
31/05/2025 12:20;157
31/05/2025 12:25;158
31/05/2025 12:30;152
31/05/2025 12:35;180
31/05/2025 12:40;191
31/05/2025 12:45;183
31/05/2025 12:50;177
31/05/2025 12:55;207
31/05/2025 13:00;217
31/05/2025 13:05;231
31/05/2025 13:10;225
31/05/2025 13:15;238
31/05/2025 13:20;226
31/05/2025 13:25;236
31/05/2025 13:30;247
31/05/2025 13:35;247
31/05/2025 13:40;257
31/05/2025 13:45;261
31/05/2025 13:50;263
31/05/2025 13:55;255
31/05/2025 14:00;259
31/05/2025 14:05;247
31/05/2025 14:10;265
31/05/2025 14:15;246
31/05/2025 14:20;249
31/05/2025 14:25;275
31/05/2025 14:30;277
31/05/2025 14:35;257
31/05/2025 14:40;286
31/05/2025 14:45;283
31/05/2025 14:50;238
31/05/2025 14:55;264
31/05/2025 15:00;235
31/05/2025 15:05;252
31/05/2025 15:10;168
31/05/2025 15:15;213
31/05/2025 15:20;157
31/05/2025 15:25;188
31/05/2025 15:30;249
31/05/2025 15:35;214
31/05/2025 15:40;201
31/05/2025 15:45;179
31/05/2025 15:50;267
31/05/2025 15:55;253
31/05/2025 16:00;213
31/05/2025 16:05;218
31/05/2025 16:10;174
31/05/2025 16:15;193
31/05/2025 16:20;196
31/05/2025 16:25;168
31/05/2025 16:30;181
31/05/2025 16:35;148
31/05/2025 16:40;135
31/05/2025 16:45;86
31/05/2025 16:50;98
31/05/2025 16:55;122
31/05/2025 17:00;113
31/05/2025 17:05;86
31/05/2025 17:10;103
31/05/2025 17:15;51
31/05/2025 17:20;63
31/05/2025 17:25;79
31/05/2025 17:30;39
31/05/2025 17:35;112
31/05/2025 17:40;92
31/05/2025 17:45;91
31/05/2025 17:50;104
31/05/2025 17:55;89
31/05/2025 18:00;77
31/05/2025 18:05;78
31/05/2025 18:10;97
31/05/2025 18:15;61
31/05/2025 18:20;43
31/05/2025 18:25;68
31/05/2025 18:30;63
31/05/2025 18:35;43
31/05/2025 18:40;67
31/05/2025 18:45;52
31/05/2025 18:50;62
31/05/2025 18:55;54
31/05/2025 19:00;46
31/05/2025 19:05;56
31/05/2025 19:10;61
31/05/2025 19:15;83
31/05/2025 19:20;52
31/05/2025 19:25;68
31/05/2025 19:30;39
31/05/2025 19:35;39
31/05/2025 19:40;39
31/05/2025 19:45;39
31/05/2025 19:50;39
31/05/2025 19:55;39
31/05/2025 20:00;39
31/05/2025 20:05;39
31/05/2025 20:10;39
31/05/2025 20:15;39
31/05/2025 20:20;39
31/05/2025 20:25;39
31/05/2025 20:30;39
31/05/2025 20:35;39
31/05/2025 20:40;39
31/05/2025 20:45;39
31/05/2025 20:50;39
31/05/2025 20:55;39
31/05/2025 21:00;39
31/05/2025 21:05;39
31/05/2025 21:10;39
31/05/2025 21:15;39
01/06/2025 7:00;0
01/06/2025 7:01;0
01/06/2025 7:01;0
01/06/2025 7:02;0
01/06/2025 7:02;0
01/06/2025 7:05;0
01/06/2025 7:10;0
01/06/2025 7:15;0
01/06/2025 7:20;0
01/06/2025 7:25;39
01/06/2025 7:30;39
01/06/2025 7:35;39
01/06/2025 7:40;39
01/06/2025 7:45;39
01/06/2025 7:50;39
01/06/2025 7:55;39
01/06/2025 8:00;39
01/06/2025 8:05;39
01/06/2025 8:10;42
01/06/2025 8:15;42
01/06/2025 8:20;43
01/06/2025 8:25;39
01/06/2025 8:30;39
01/06/2025 8:35;39
01/06/2025 8:40;39
01/06/2025 8:45;39
01/06/2025 8:50;39
01/06/2025 8:55;39
01/06/2025 9:00;39
01/06/2025 9:05;39
01/06/2025 9:10;39
01/06/2025 9:15;39
01/06/2025 9:20;39
01/06/2025 9:25;39
01/06/2025 9:30;39
01/06/2025 9:35;39
01/06/2025 9:40;39
01/06/2025 9:45;69
01/06/2025 9:50;69
01/06/2025 9:55;70
01/06/2025 10:00;99
01/06/2025 10:05;119
01/06/2025 10:10;101
01/06/2025 10:15;116
01/06/2025 10:20;123
01/06/2025 10:25;148
01/06/2025 10:30;159
01/06/2025 10:35;163
01/06/2025 10:40;175
01/06/2025 10:45;126
01/06/2025 10:50;116
01/06/2025 10:55;84
01/06/2025 11:00;77
01/06/2025 11:05;72
01/06/2025 11:10;86
01/06/2025 11:15;84
01/06/2025 11:20;84
01/06/2025 11:25;126
01/06/2025 11:30;72
01/06/2025 11:35;129
01/06/2025 11:40;87
01/06/2025 11:45;107
01/06/2025 11:50;125
01/06/2025 11:55;124
01/06/2025 12:00;180
01/06/2025 12:05;303
01/06/2025 12:10;360
01/06/2025 12:15;232
01/06/2025 12:20;175
01/06/2025 12:25;109
01/06/2025 12:30;219
01/06/2025 12:35;279
01/06/2025 12:40;203
01/06/2025 12:45;253
01/06/2025 12:50;169
01/06/2025 12:55;220
01/06/2025 13:00;420
01/06/2025 13:05;500
01/06/2025 13:10;214
01/06/2025 13:15;226
01/06/2025 13:20;420
01/06/2025 13:25;633
01/06/2025 13:30;494
01/06/2025 13:35;403
01/06/2025 13:40;341
01/06/2025 13:45;326
01/06/2025 13:50;410
01/06/2025 13:55;416
01/06/2025 14:00;388
01/06/2025 14:05;501
01/06/2025 14:10;328
01/06/2025 14:15;321
01/06/2025 14:20;324
01/06/2025 14:25;371
01/06/2025 14:30;516
01/06/2025 14:35;348
01/06/2025 14:40;516
01/06/2025 14:45;338
01/06/2025 14:50;382
01/06/2025 14:55;281
01/06/2025 15:00;274
01/06/2025 15:05;310
01/06/2025 15:10;220
01/06/2025 15:15;279
01/06/2025 15:20;301
01/06/2025 15:25;230
01/06/2025 15:30;354
01/06/2025 15:35;197
01/06/2025 15:40;203
01/06/2025 15:45;210
01/06/2025 15:50;161
01/06/2025 15:55;154
01/06/2025 16:00;140
01/06/2025 16:05;187
01/06/2025 16:10;162
01/06/2025 16:15;190
01/06/2025 16:20;260
01/06/2025 16:25;194
01/06/2025 16:30;96
01/06/2025 16:35;106
01/06/2025 16:40;78
01/06/2025 16:45;39
01/06/2025 16:50;54
01/06/2025 16:55;51
01/06/2025 17:00;39
01/06/2025 17:05;39
01/06/2025 17:10;92
01/06/2025 17:15;108
01/06/2025 17:20;82
01/06/2025 17:25;39
01/06/2025 17:30;80
01/06/2025 17:35;102
01/06/2025 17:40;125
01/06/2025 17:45;39
01/06/2025 17:50;105
01/06/2025 17:55;133
01/06/2025 18:00;146
01/06/2025 18:05;57
01/06/2025 18:10;55
01/06/2025 18:15;39
01/06/2025 18:20;39
01/06/2025 18:25;51
01/06/2025 18:30;97
01/06/2025 18:35;59
01/06/2025 18:40;73
01/06/2025 18:45;56
01/06/2025 18:50;58
01/06/2025 18:55;39
01/06/2025 19:00;39
01/06/2025 19:05;54
01/06/2025 19:10;39
01/06/2025 19:15;39
01/06/2025 19:20;39
01/06/2025 19:25;39
01/06/2025 19:30;39
01/06/2025 19:35;39
01/06/2025 19:40;39
01/06/2025 19:45;39
01/06/2025 19:50;39
01/06/2025 19:55;39
01/06/2025 20:00;39
01/06/2025 20:05;39
01/06/2025 20:10;39
01/06/2025 20:15;39
01/06/2025 20:20;39
01/06/2025 20:25;39
01/06/2025 20:30;0
01/06/2025 20:35;0
01/06/2025 20:40;0
01/06/2025 20:45;0
01/06/2025 20:50;0
01/06/2025 20:55;0
01/06/2025 21:00;0
01/06/2025 21:05;0
01/06/2025 21:10;0
02/06/2025 7:24;0
02/06/2025 7:24;0
02/06/2025 7:25;0
02/06/2025 7:25;0
02/06/2025 7:26;0
02/06/2025 7:30;0
02/06/2025 7:35;0
02/06/2025 7:40;0
02/06/2025 7:45;0
02/06/2025 7:50;0
02/06/2025 7:55;0
02/06/2025 8:00;0
02/06/2025 8:05;0
02/06/2025 8:10;39
02/06/2025 8:15;39
02/06/2025 8:20;39
02/06/2025 8:25;39
02/06/2025 8:30;39
02/06/2025 8:35;39
02/06/2025 8:40;39
02/06/2025 8:45;39
02/06/2025 8:50;39
02/06/2025 8:55;39
02/06/2025 9:00;39
02/06/2025 9:05;39
02/06/2025 9:10;39
02/06/2025 9:15;39
02/06/2025 9:20;39
02/06/2025 9:25;39
02/06/2025 9:30;44
02/06/2025 9:35;39
02/06/2025 9:40;43
02/06/2025 9:45;53
02/06/2025 9:50;56
02/06/2025 9:55;47
02/06/2025 10:00;56
02/06/2025 10:05;83
02/06/2025 10:10;74
02/06/2025 10:15;88
02/06/2025 10:20;93
02/06/2025 10:25;102
02/06/2025 10:30;98
02/06/2025 10:35;69
02/06/2025 10:40;49
02/06/2025 10:45;53
02/06/2025 10:50;93
02/06/2025 10:55;110
02/06/2025 11:00;109
02/06/2025 11:05;98
02/06/2025 11:10;109
02/06/2025 11:15;120
02/06/2025 11:20;112
02/06/2025 11:25;85
02/06/2025 11:30;86
02/06/2025 11:35;106
02/06/2025 11:40;108
02/06/2025 11:45;153
02/06/2025 11:50;161
02/06/2025 11:55;171
02/06/2025 12:00;192
02/06/2025 12:05;154
02/06/2025 12:10;111
02/06/2025 12:15;105
02/06/2025 12:20;85
02/06/2025 12:25;96
02/06/2025 12:30;120
02/06/2025 12:35;135
02/06/2025 12:40;128
02/06/2025 12:45;170
02/06/2025 12:50;179
02/06/2025 12:55;168
02/06/2025 13:00;184
02/06/2025 13:05;188
02/06/2025 13:10;189
02/06/2025 13:15;219
02/06/2025 13:20;218
02/06/2025 13:25;155
02/06/2025 13:30;137
02/06/2025 13:35;123
02/06/2025 13:40;169
02/06/2025 13:45;157
02/06/2025 13:50;153
02/06/2025 13:55;87
02/06/2025 14:00;105
02/06/2025 14:05;180
02/06/2025 14:10;232
02/06/2025 14:15;184
02/06/2025 14:20;144
02/06/2025 14:25;130
02/06/2025 14:30;111
02/06/2025 14:35;110
02/06/2025 14:40;101
02/06/2025 14:45;107
02/06/2025 14:50;135
02/06/2025 14:55;124
02/06/2025 15:00;102
02/06/2025 15:05;102
02/06/2025 15:10;93
02/06/2025 15:15;81
02/06/2025 15:20;106
02/06/2025 15:25;140
02/06/2025 15:30;102
02/06/2025 15:35;83
02/06/2025 15:40;106
02/06/2025 15:45;134
02/06/2025 15:50;117
02/06/2025 15:55;152
02/06/2025 16:00;147
02/06/2025 16:05;137
02/06/2025 16:10;122
02/06/2025 16:15;133
02/06/2025 16:20;110
02/06/2025 16:25;88
02/06/2025 16:30;110
02/06/2025 16:35;133
02/06/2025 16:40;153
02/06/2025 16:45;159
02/06/2025 16:50;122
02/06/2025 16:55;110
02/06/2025 17:00;107
02/06/2025 17:05;115
02/06/2025 17:10;180
02/06/2025 17:15;169
02/06/2025 17:20;159
02/06/2025 17:25;233
02/06/2025 17:30;181
02/06/2025 17:35;189
02/06/2025 17:40;150
02/06/2025 17:45;86
02/06/2025 17:50;75
02/06/2025 17:55;96
02/06/2025 18:00;128
02/06/2025 18:05;125
02/06/2025 18:10;126
02/06/2025 18:15;125
02/06/2025 18:20;150
02/06/2025 18:25;155
02/06/2025 18:30;143
02/06/2025 18:35;113
02/06/2025 18:40;78
02/06/2025 18:45;85
02/06/2025 18:50;87
02/06/2025 18:55;75
02/06/2025 19:00;58
02/06/2025 19:05;50
02/06/2025 19:10;39
02/06/2025 19:15;39
02/06/2025 19:20;39
02/06/2025 19:25;46
02/06/2025 19:30;57
02/06/2025 19:35;58
02/06/2025 19:40;39
02/06/2025 19:45;41
02/06/2025 19:50;41
02/06/2025 19:55;39
02/06/2025 20:00;39
02/06/2025 20:05;39
02/06/2025 20:10;39
02/06/2025 20:15;39
02/06/2025 20:20;39
02/06/2025 20:25;39
02/06/2025 20:30;39
02/06/2025 20:35;39
02/06/2025 20:40;39
02/06/2025 20:45;39
02/06/2025 20:50;39
02/06/2025 20:55;39
02/06/2025 21:00;39
02/06/2025 21:05;39
02/06/2025 21:10;0
02/06/2025 21:15;0
02/06/2025 21:20;0
02/06/2025 21:24;0
02/06/2025 21:24;0
02/06/2025 21:25;0
02/06/2025 21:25;0
02/06/2025 21:26;0
02/06/2025 21:30;0
03/06/2025 7:37;0
03/06/2025 7:38;0
03/06/2025 7:38;0
03/06/2025 7:39;0
03/06/2025 7:39;0
03/06/2025 7:40;0
03/06/2025 7:56;0
03/06/2025 7:56;0
03/06/2025 7:57;0
03/06/2025 7:57;0
03/06/2025 7:58;0
03/06/2025 8:00;0
03/06/2025 8:05;0
03/06/2025 8:10;0
03/06/2025 8:15;0
03/06/2025 8:20;0
03/06/2025 8:25;39
03/06/2025 8:30;39
03/06/2025 8:35;39
03/06/2025 8:40;39
03/06/2025 8:45;44
03/06/2025 8:50;80
03/06/2025 8:55;83
03/06/2025 9:00;71
03/06/2025 9:05;61
03/06/2025 9:10;57
03/06/2025 9:15;86
03/06/2025 9:20;91
03/06/2025 9:25;92
03/06/2025 9:30;109
03/06/2025 9:35;84
03/06/2025 9:40;86
03/06/2025 9:45;64
03/06/2025 9:50;56
03/06/2025 9:55;54
03/06/2025 10:00;80
03/06/2025 10:05;51
03/06/2025 10:10;41
03/06/2025 10:15;39
03/06/2025 10:20;39
03/06/2025 10:25;39
03/06/2025 10:30;41
03/06/2025 10:35;46
03/06/2025 10:40;52
03/06/2025 10:45;79
03/06/2025 10:50;81
03/06/2025 10:55;75
03/06/2025 11:00;69
03/06/2025 11:05;52
03/06/2025 11:10;43
03/06/2025 11:15;49
03/06/2025 11:20;53
03/06/2025 11:25;46
03/06/2025 11:30;55
03/06/2025 11:35;72
03/06/2025 11:40;73
03/06/2025 11:45;82
03/06/2025 11:50;81
03/06/2025 11:55;54
03/06/2025 12:00;57
03/06/2025 12:05;56
03/06/2025 12:10;56
03/06/2025 12:15;55
03/06/2025 12:20;57
03/06/2025 12:25;76
03/06/2025 12:30;52
03/06/2025 12:35;44
03/06/2025 12:40;51
03/06/2025 12:45;73
03/06/2025 12:50;80
03/06/2025 12:55;101
03/06/2025 13:00;112
03/06/2025 13:05;155
03/06/2025 13:10;189
03/06/2025 13:15;178
03/06/2025 13:20;161
03/06/2025 13:25;191
03/06/2025 13:30;162
03/06/2025 13:35;168
03/06/2025 13:40;152
03/06/2025 13:45;151
03/06/2025 13:50;195
03/06/2025 13:55;213
03/06/2025 14:00;247
03/06/2025 14:05;188
03/06/2025 14:10;180
03/06/2025 14:15;155
03/06/2025 14:20;223
03/06/2025 14:25;325
03/06/2025 14:30;242
03/06/2025 14:35;176
03/06/2025 14:40;167
03/06/2025 14:45;180
03/06/2025 14:50;202
03/06/2025 14:55;304
03/06/2025 15:00;331
03/06/2025 15:05;298
03/06/2025 15:10;312
03/06/2025 15:15;322
03/06/2025 15:20;315
03/06/2025 15:25;284
03/06/2025 15:30;285
03/06/2025 15:35;261
03/06/2025 15:40;227
03/06/2025 15:45;154
03/06/2025 15:50;129
03/06/2025 15:55;124
03/06/2025 16:00;91
03/06/2025 16:05;103
03/06/2025 16:10;95
03/06/2025 16:15;88
03/06/2025 16:20;85
03/06/2025 16:25;76
03/06/2025 16:30;71
03/06/2025 16:35;69
03/06/2025 16:40;65
03/06/2025 16:45;74
03/06/2025 16:50;71
03/06/2025 16:55;59
03/06/2025 17:00;44
03/06/2025 17:05;39
03/06/2025 17:10;39
03/06/2025 17:15;45
03/06/2025 17:20;46
03/06/2025 17:25;51
03/06/2025 17:30;57
03/06/2025 17:35;51
03/06/2025 17:40;64
03/06/2025 17:45;67
03/06/2025 17:50;73
03/06/2025 17:55;72
03/06/2025 18:00;76
03/06/2025 18:05;106
03/06/2025 18:10;88
03/06/2025 18:15;64
03/06/2025 18:20;62
03/06/2025 18:25;55
03/06/2025 18:30;64
03/06/2025 18:35;52
03/06/2025 18:40;53
03/06/2025 18:45;62
03/06/2025 18:50;79
03/06/2025 18:55;65
03/06/2025 19:00;58
03/06/2025 19:05;65
03/06/2025 19:10;69
03/06/2025 19:15;105
03/06/2025 19:20;87
03/06/2025 19:25;93
03/06/2025 19:30;57
03/06/2025 19:35;39
03/06/2025 19:40;39
03/06/2025 19:45;47
03/06/2025 19:50;52
03/06/2025 19:55;39
03/06/2025 20:00;39
03/06/2025 20:05;39
03/06/2025 20:10;39
03/06/2025 20:15;39
03/06/2025 20:20;39
03/06/2025 20:25;39
03/06/2025 20:30;39
03/06/2025 20:35;39
03/06/2025 20:40;39
03/06/2025 20:45;39
03/06/2025 20:50;39
03/06/2025 20:55;39
03/06/2025 21:00;39
03/06/2025 21:05;39
03/06/2025 21:10;39
03/06/2025 21:15;39
03/06/2025 21:20;39
03/06/2025 21:25;39
03/06/2025 21:30;0
04/06/2025 7:03;0
04/06/2025 7:04;0
04/06/2025 7:04;0
04/06/2025 7:05;0
04/06/2025 7:05;0
04/06/2025 7:10;0
04/06/2025 7:15;0
04/06/2025 7:20;0
04/06/2025 7:25;0
04/06/2025 7:30;0
04/06/2025 7:35;39
04/06/2025 7:40;39
04/06/2025 7:45;39
04/06/2025 7:50;39
04/06/2025 7:55;39
04/06/2025 8:00;39
04/06/2025 8:05;39
04/06/2025 8:10;39
04/06/2025 8:15;39
04/06/2025 8:20;39
04/06/2025 8:25;39
04/06/2025 8:30;39
04/06/2025 8:35;39
04/06/2025 8:40;39
04/06/2025 8:45;39
04/06/2025 8:50;39
04/06/2025 8:55;39
04/06/2025 9:00;39
04/06/2025 9:05;39
04/06/2025 9:10;39
04/06/2025 9:15;50
04/06/2025 9:20;42
04/06/2025 9:25;50
04/06/2025 9:30;54
04/06/2025 9:35;48
04/06/2025 9:40;82
04/06/2025 9:45;48
04/06/2025 9:50;39
04/06/2025 9:55;39
04/06/2025 10:00;39
04/06/2025 10:05;39
04/06/2025 10:10;60
04/06/2025 10:15;39
04/06/2025 10:20;44
04/06/2025 10:25;64
04/06/2025 10:30;66
04/06/2025 10:35;113
04/06/2025 10:40;96
04/06/2025 10:45;137
04/06/2025 10:50;255
04/06/2025 10:55;148
04/06/2025 11:00;52
04/06/2025 11:05;93
04/06/2025 11:10;86
04/06/2025 11:15;74
04/06/2025 11:20;80
04/06/2025 11:25;94
04/06/2025 11:30;79
04/06/2025 11:35;139
04/06/2025 11:40;99
04/06/2025 11:45;121
04/06/2025 11:50;71
04/06/2025 11:55;90
04/06/2025 12:00;94
04/06/2025 12:05;54
04/06/2025 12:10;68
04/06/2025 12:15;97
04/06/2025 12:20;79
04/06/2025 12:25;133
04/06/2025 12:30;131
04/06/2025 12:35;157
04/06/2025 12:40;155
04/06/2025 12:45;198
04/06/2025 12:50;128
04/06/2025 12:55;188
04/06/2025 13:00;303
04/06/2025 13:05;498
04/06/2025 13:10;459
04/06/2025 13:15;449
04/06/2025 13:20;436
04/06/2025 13:25;567
04/06/2025 13:30;580
04/06/2025 13:35;750
04/06/2025 13:40;744
04/06/2025 13:45;400
04/06/2025 13:50;468
04/06/2025 13:55;514
04/06/2025 14:00;511
04/06/2025 14:05;474
04/06/2025 14:10;260
04/06/2025 14:15;210
04/06/2025 14:20;157
04/06/2025 14:25;275
04/06/2025 14:30;222
04/06/2025 14:35;128
04/06/2025 14:40;91
04/06/2025 14:45;99
04/06/2025 14:50;151
04/06/2025 14:55;116
04/06/2025 15:00;56
04/06/2025 15:05;43
04/06/2025 15:10;77
04/06/2025 15:15;102
04/06/2025 15:20;73
04/06/2025 15:25;61
04/06/2025 15:30;69
04/06/2025 15:35;61
04/06/2025 15:40;65
04/06/2025 15:45;109
04/06/2025 15:50;93
04/06/2025 15:55;85
04/06/2025 16:00;63
04/06/2025 16:05;70
04/06/2025 16:10;71
04/06/2025 16:15;62
04/06/2025 16:20;44
04/06/2025 16:25;43
04/06/2025 16:30;52
04/06/2025 16:35;40
04/06/2025 16:40;39
04/06/2025 16:45;39
04/06/2025 16:50;39
04/06/2025 16:55;39
04/06/2025 17:00;39
04/06/2025 17:05;39
04/06/2025 17:10;54
04/06/2025 17:15;54
04/06/2025 17:20;65
04/06/2025 17:25;52
04/06/2025 17:30;42
04/06/2025 17:35;42
04/06/2025 17:40;42
04/06/2025 17:45;39
04/06/2025 17:50;39
04/06/2025 17:55;39
04/06/2025 18:00;44
04/06/2025 18:05;59
04/06/2025 18:10;59
04/06/2025 18:15;46
04/06/2025 18:20;39
04/06/2025 18:25;39
04/06/2025 18:30;39
04/06/2025 18:35;39
04/06/2025 18:40;39
04/06/2025 18:45;48
04/06/2025 18:50;39
04/06/2025 18:55;39
04/06/2025 19:00;39
04/06/2025 19:05;39
04/06/2025 19:10;39
04/06/2025 19:15;39
04/06/2025 19:20;39
04/06/2025 19:25;39
04/06/2025 19:30;39
04/06/2025 19:35;47
04/06/2025 19:40;42
04/06/2025 19:45;39
04/06/2025 19:50;39
04/06/2025 19:55;39
04/06/2025 20:00;39
04/06/2025 20:05;39
04/06/2025 20:10;39
04/06/2025 20:15;39
04/06/2025 20:20;39
04/06/2025 20:25;39
04/06/2025 20:30;39
04/06/2025 20:35;39
04/06/2025 20:40;39
04/06/2025 20:45;39
04/06/2025 20:50;39
04/06/2025 20:55;39
04/06/2025 21:00;39
04/06/2025 21:05;39
04/06/2025 21:10;39
04/06/2025 21:15;39
04/06/2025 21:20;39
04/06/2025 21:25;39
04/06/2025 21:30;39
04/06/2025 21:35;39
05/06/2025 6:52;0
05/06/2025 6:53;0
05/06/2025 6:53;0
05/06/2025 6:54;0
05/06/2025 6:54;0
05/06/2025 6:55;0
05/06/2025 7:00;0
05/06/2025 7:05;0
05/06/2025 7:10;0
05/06/2025 7:15;39
05/06/2025 7:20;39
05/06/2025 7:25;39
05/06/2025 7:30;39
05/06/2025 7:35;39
05/06/2025 7:40;39
05/06/2025 7:45;39
05/06/2025 7:50;39
05/06/2025 7:55;47
05/06/2025 8:00;63
05/06/2025 8:05;72
05/06/2025 8:10;86
05/06/2025 8:15;88
05/06/2025 8:20;68
05/06/2025 8:25;50
05/06/2025 8:30;51
05/06/2025 8:35;62
05/06/2025 8:40;61
05/06/2025 8:45;57
05/06/2025 8:50;68
05/06/2025 8:55;110
05/06/2025 9:00;150
05/06/2025 9:05;118
05/06/2025 9:10;95
05/06/2025 9:15;109
05/06/2025 9:20;106
05/06/2025 9:25;103
05/06/2025 9:30;90
05/06/2025 9:35;101
05/06/2025 9:40;121
05/06/2025 9:45;133
05/06/2025 9:50;160
05/06/2025 9:55;167
05/06/2025 10:00;183
05/06/2025 10:05;173
05/06/2025 10:10;198
05/06/2025 10:15;192
05/06/2025 10:20;181
05/06/2025 10:25;160
05/06/2025 10:30;177
05/06/2025 10:35;193
05/06/2025 10:40;208
05/06/2025 10:45;289
05/06/2025 10:50;389
05/06/2025 10:55;266
05/06/2025 11:00;255
05/06/2025 11:05;508
05/06/2025 11:10;601
05/06/2025 11:15;289
05/06/2025 11:20;766
05/06/2025 11:25;643
05/06/2025 11:30;0
05/06/2025 11:35;531
05/06/2025 11:40;668
05/06/2025 11:45;626
05/06/2025 11:50;485
05/06/2025 11:55;444
05/06/2025 11:59;703
05/06/2025 11:59;685
05/06/2025 12:00;492
05/06/2025 12:05;427
05/06/2025 12:10;428
05/06/2025 12:15;407
05/06/2025 12:20;686
05/06/2025 12:25;742
05/06/2025 12:30;701
05/06/2025 12:35;746
05/06/2025 12:40;657
05/06/2025 12:45;734
05/06/2025 12:50;393
05/06/2025 12:55;494
05/06/2025 13:00;462
05/06/2025 13:05;440
05/06/2025 13:10;387
05/06/2025 13:15;324
05/06/2025 13:20;360
05/06/2025 13:25;394
05/06/2025 13:30;559
05/06/2025 13:35;431
05/06/2025 13:40;484
05/06/2025 13:45;564
05/06/2025 13:50;530
05/06/2025 13:55;513
05/06/2025 14:00;649
05/06/2025 14:05;613
05/06/2025 14:10;453
05/06/2025 14:15;487
05/06/2025 14:20;517
05/06/2025 14:25;780
05/06/2025 14:30;771
05/06/2025 14:35;670
05/06/2025 14:40;747
05/06/2025 14:45;684
05/06/2025 14:50;611
05/06/2025 14:55;712
05/06/2025 15:00;724
05/06/2025 15:05;394
05/06/2025 15:10;514
05/06/2025 15:15;778
05/06/2025 15:20;0
05/06/2025 15:25;481
05/06/2025 15:30;600
05/06/2025 15:35;693
05/06/2025 15:40;691
05/06/2025 15:45;391
05/06/2025 15:48;699
05/06/2025 15:48;614
05/06/2025 15:49;433
05/06/2025 15:50;392
05/06/2025 15:55;389
05/06/2025 16:00;736
05/06/2025 16:05;501
05/06/2025 16:10;319
05/06/2025 16:15;350
05/06/2025 16:20;317
05/06/2025 16:25;320
05/06/2025 16:30;368
05/06/2025 16:35;314
05/06/2025 16:40;305
05/06/2025 16:45;280
05/06/2025 16:50;262
05/06/2025 16:55;311
05/06/2025 17:00;326
05/06/2025 17:05;297
05/06/2025 17:10;286
05/06/2025 17:15;264
05/06/2025 17:20;266
05/06/2025 17:25;334
05/06/2025 17:30;412
05/06/2025 17:35;477
05/06/2025 17:40;331
05/06/2025 17:45;563
05/06/2025 17:50;242
05/06/2025 17:55;253
05/06/2025 18:00;223
05/06/2025 18:05;247
05/06/2025 18:10;450
05/06/2025 18:15;0
05/06/2025 18:20;0
05/06/2025 18:25;166
05/06/2025 18:30;150
05/06/2025 18:35;179
05/06/2025 18:40;151
05/06/2025 18:45;148
05/06/2025 18:50;93
05/06/2025 18:55;110
05/06/2025 19:00;138
05/06/2025 19:05;80
05/06/2025 19:10;55
05/06/2025 19:15;52
05/06/2025 19:20;46
05/06/2025 19:25;56
05/06/2025 19:30;58
05/06/2025 19:35;76
05/06/2025 19:40;79
05/06/2025 19:45;73
05/06/2025 19:50;56
05/06/2025 19:55;70
05/06/2025 20:00;39
05/06/2025 20:05;39
05/06/2025 20:10;39
05/06/2025 20:15;39
05/06/2025 20:20;39
05/06/2025 20:25;39
05/06/2025 20:30;39
05/06/2025 20:35;39
05/06/2025 20:40;39
05/06/2025 20:45;39
05/06/2025 20:50;39
05/06/2025 20:55;39
05/06/2025 21:00;39
05/06/2025 21:05;0
05/06/2025 21:10;0
05/06/2025 21:15;0
05/06/2025 21:20;0
05/06/2025 21:25;0
05/06/2025 21:30;0
06/06/2025 6:51;0
06/06/2025 6:52;0
06/06/2025 6:52;0
06/06/2025 6:53;0
06/06/2025 6:53;0
06/06/2025 6:55;0
06/06/2025 7:00;0
06/06/2025 7:05;0
06/06/2025 7:10;0
06/06/2025 7:15;0
06/06/2025 7:20;0
06/06/2025 7:25;39
06/06/2025 7:30;39
06/06/2025 7:35;39
06/06/2025 7:40;39
06/06/2025 7:45;41
06/06/2025 7:50;57
06/06/2025 7:55;59
06/06/2025 8:00;65
06/06/2025 8:05;69
06/06/2025 8:10;51
06/06/2025 8:15;51
06/06/2025 8:20;55
06/06/2025 8:25;64
06/06/2025 8:30;65
06/06/2025 8:35;78
06/06/2025 8:40;232
06/06/2025 8:45;267
06/06/2025 8:50;249
06/06/2025 8:55;178
06/06/2025 9:00;293
06/06/2025 9:05;311
06/06/2025 9:10;329
06/06/2025 9:15;344
06/06/2025 9:20;356
06/06/2025 9:25;375
06/06/2025 9:30;356
06/06/2025 9:35;405
06/06/2025 9:40;428
06/06/2025 9:45;443
06/06/2025 9:50;455
06/06/2025 9:55;0
06/06/2025 9:56;0
06/06/2025 9:57;0
06/06/2025 9:57;0
06/06/2025 10:00;409
06/06/2025 10:05;499
06/06/2025 10:10;531
06/06/2025 10:15;436
06/06/2025 10:20;0
06/06/2025 10:25;424
06/06/2025 10:30;366
06/06/2025 10:35;634
06/06/2025 10:36;656
06/06/2025 10:37;644
06/06/2025 10:37;521
06/06/2025 10:40;0
06/06/2025 10:45;594
06/06/2025 10:50;536
06/06/2025 10:55;659
06/06/2025 11:00;0
06/06/2025 11:05;489
06/06/2025 11:09;528
06/06/2025 11:10;667
06/06/2025 11:10;662
06/06/2025 11:15;653
06/06/2025 11:20;0
06/06/2025 11:25;661
06/06/2025 11:30;671
06/06/2025 11:35;716
06/06/2025 11:40;588
06/06/2025 11:45;630
06/06/2025 11:47;704
06/06/2025 11:48;660
06/06/2025 11:48;595
06/06/2025 11:50;648
06/06/2025 11:55;755
06/06/2025 12:00;670
06/06/2025 12:05;418
06/06/2025 12:10;531
06/06/2025 12:15;780
06/06/2025 12:20;519
06/06/2025 12:25;589
06/06/2025 12:30;370
06/06/2025 12:35;596
06/06/2025 12:40;466
06/06/2025 12:45;564
06/06/2025 12:50;529
06/06/2025 12:55;623
06/06/2025 13:00;771
06/06/2025 13:05;660
06/06/2025 13:10;764
06/06/2025 13:15;767
06/06/2025 13:20;487
06/06/2025 13:25;780
06/06/2025 13:30;780
06/06/2025 13:35;449
06/06/2025 13:40;388
06/06/2025 13:45;359
06/06/2025 13:50;453
06/06/2025 13:55;486
06/06/2025 14:00;595
06/06/2025 14:05;699
06/06/2025 14:10;472
06/06/2025 14:15;359
06/06/2025 14:20;520
06/06/2025 14:25;317
06/06/2025 14:30;228
06/06/2025 14:35;262
06/06/2025 14:40;354
06/06/2025 14:45;582
06/06/2025 14:50;412
06/06/2025 14:55;262
06/06/2025 15:00;417
06/06/2025 15:05;192
06/06/2025 15:10;319
06/06/2025 15:15;298
06/06/2025 15:20;243
06/06/2025 15:25;239
06/06/2025 15:30;197
06/06/2025 15:35;193
06/06/2025 15:40;144
06/06/2025 15:45;131
06/06/2025 15:50;160
06/06/2025 15:55;239
06/06/2025 16:00;170
06/06/2025 16:05;228
06/06/2025 16:10;246
06/06/2025 16:15;194
06/06/2025 16:20;235
06/06/2025 16:25;340
06/06/2025 16:30;159
06/06/2025 16:35;195
06/06/2025 16:40;286
06/06/2025 16:45;329
06/06/2025 16:50;245
06/06/2025 16:55;267
06/06/2025 17:00;292
06/06/2025 17:05;172
06/06/2025 17:10;167
06/06/2025 17:15;150
06/06/2025 17:20;114
06/06/2025 17:25;205
06/06/2025 17:30;145
06/06/2025 17:35;189
06/06/2025 17:40;168
06/06/2025 17:45;183
06/06/2025 17:50;126
06/06/2025 17:55;144
06/06/2025 18:00;181
06/06/2025 18:05;135
06/06/2025 18:10;118
06/06/2025 18:15;108
06/06/2025 18:20;81
06/06/2025 18:25;110
06/06/2025 18:30;101
06/06/2025 18:35;103
06/06/2025 18:40;76
06/06/2025 18:45;39
06/06/2025 18:50;39
06/06/2025 18:55;39
06/06/2025 19:00;48
06/06/2025 19:05;54
06/06/2025 19:10;39
06/06/2025 19:15;39
06/06/2025 19:20;39
06/06/2025 19:25;39
06/06/2025 19:30;39
06/06/2025 19:35;39
06/06/2025 19:40;39
06/06/2025 19:45;39
06/06/2025 19:50;39
06/06/2025 19:55;39
06/06/2025 20:00;39
06/06/2025 20:05;39
06/06/2025 20:10;39
06/06/2025 20:15;39
06/06/2025 20:20;39
06/06/2025 20:25;39
06/06/2025 20:30;39
06/06/2025 20:35;39
06/06/2025 20:40;39
06/06/2025 20:45;39
06/06/2025 20:50;39
06/06/2025 20:55;39
06/06/2025 21:00;39
06/06/2025 21:05;39
06/06/2025 21:10;39
06/06/2025 21:15;39
07/06/2025 7:15;0
07/06/2025 7:16;0
07/06/2025 7:16;0
07/06/2025 7:17;0
07/06/2025 7:17;0
07/06/2025 7:20;0
07/06/2025 7:25;0
07/06/2025 7:30;0
07/06/2025 7:35;0
07/06/2025 7:40;0
07/06/2025 7:45;0
07/06/2025 7:50;0
07/06/2025 7:55;0
07/06/2025 8:00;0
07/06/2025 8:05;39
07/06/2025 8:10;39
07/06/2025 8:15;39
07/06/2025 8:20;39
07/06/2025 8:25;39
07/06/2025 8:30;39
07/06/2025 8:35;46
07/06/2025 8:40;66
07/06/2025 8:45;77
07/06/2025 8:50;95
07/06/2025 8:55;96
07/06/2025 9:00;101
07/06/2025 9:05;119
07/06/2025 9:10;142
07/06/2025 9:15;171
07/06/2025 9:20;466
07/06/2025 9:25;227
07/06/2025 9:30;204
07/06/2025 9:35;231
07/06/2025 9:40;225
07/06/2025 9:45;449
07/06/2025 9:50;299
07/06/2025 9:55;333
07/06/2025 10:00;454
07/06/2025 10:05;248
07/06/2025 10:10;244
07/06/2025 10:15;219
07/06/2025 10:20;237
07/06/2025 10:25;285
07/06/2025 10:30;304
07/06/2025 10:35;539
07/06/2025 10:40;293
07/06/2025 10:45;307
07/06/2025 10:50;260
07/06/2025 10:55;220
07/06/2025 11:00;227
07/06/2025 11:05;202
07/06/2025 11:10;206
07/06/2025 11:15;191
07/06/2025 11:20;294
07/06/2025 11:25;277
07/06/2025 11:30;319
07/06/2025 11:35;229
07/06/2025 11:40;194
07/06/2025 11:45;243
07/06/2025 11:50;360
07/06/2025 11:55;452
07/06/2025 12:00;460
07/06/2025 12:05;405
07/06/2025 12:10;437
07/06/2025 12:15;568
07/06/2025 12:20;584
07/06/2025 12:25;527
07/06/2025 12:30;501
07/06/2025 12:35;628
07/06/2025 12:40;659
07/06/2025 12:45;739
07/06/2025 12:50;780
07/06/2025 12:55;775
07/06/2025 13:00;770
07/06/2025 13:05;775
07/06/2025 13:10;609
07/06/2025 13:15;775
07/06/2025 13:20;764
07/06/2025 13:25;694
07/06/2025 13:30;571
07/06/2025 13:35;780
07/06/2025 13:40;557
07/06/2025 13:45;480
07/06/2025 13:50;429
07/06/2025 13:55;212
07/06/2025 14:00;776
07/06/2025 14:05;777
07/06/2025 14:10;573
07/06/2025 14:15;659
07/06/2025 14:20;589
07/06/2025 14:25;379
07/06/2025 14:30;774
07/06/2025 14:35;764
07/06/2025 14:40;547
07/06/2025 14:45;0
07/06/2025 14:50;770
07/06/2025 14:55;638
07/06/2025 15:00;418
07/06/2025 15:05;774
07/06/2025 15:10;756
07/06/2025 15:15;772
07/06/2025 15:20;775
07/06/2025 15:25;773
07/06/2025 15:30;776
07/06/2025 15:35;570
07/06/2025 15:40;693
07/06/2025 15:45;560
07/06/2025 15:50;641
07/06/2025 15:55;716
07/06/2025 16:00;655
07/06/2025 16:05;652
07/06/2025 16:10;619
07/06/2025 16:15;591
07/06/2025 16:20;579
07/06/2025 16:25;563
07/06/2025 16:30;548
07/06/2025 16:35;540
07/06/2025 16:40;523
07/06/2025 16:45;510
07/06/2025 16:50;497
07/06/2025 16:55;486
07/06/2025 17:00;471
07/06/2025 17:05;452
07/06/2025 17:10;452
07/06/2025 17:15;440
07/06/2025 17:20;431
07/06/2025 17:25;415
07/06/2025 17:30;398
07/06/2025 17:35;347
07/06/2025 17:40;293
07/06/2025 17:45;277
07/06/2025 17:50;390
07/06/2025 17:55;379
07/06/2025 18:00;407
07/06/2025 18:05;371
07/06/2025 18:10;292
07/06/2025 18:15;330
07/06/2025 18:20;288
07/06/2025 18:25;256
07/06/2025 18:30;209
07/06/2025 18:35;117
07/06/2025 18:40;100
07/06/2025 18:45;110
07/06/2025 18:50;129
07/06/2025 18:55;125
07/06/2025 19:00;123
07/06/2025 19:05;109
07/06/2025 19:10;96
07/06/2025 19:15;80
07/06/2025 19:20;75
07/06/2025 19:25;68
07/06/2025 19:30;55
07/06/2025 19:35;41
07/06/2025 19:40;39
07/06/2025 19:45;39
07/06/2025 19:50;39
07/06/2025 19:55;39
07/06/2025 20:00;39
07/06/2025 20:05;39
07/06/2025 20:10;39
07/06/2025 20:15;39
07/06/2025 20:20;39
07/06/2025 20:25;39
07/06/2025 20:30;39
07/06/2025 20:35;39
07/06/2025 20:40;39
07/06/2025 20:45;39
07/06/2025 20:50;39
07/06/2025 20:55;39
07/06/2025 21:00;39
07/06/2025 21:05;39
07/06/2025 21:10;0
07/06/2025 21:15;0
07/06/2025 21:20;0
08/06/2025 7:15;0
08/06/2025 7:15;0
08/06/2025 7:16;0
08/06/2025 7:16;0
08/06/2025 7:17;0
08/06/2025 7:20;0
08/06/2025 7:25;0
08/06/2025 7:30;0
08/06/2025 7:35;0
08/06/2025 7:40;0
08/06/2025 7:45;0
08/06/2025 7:50;39
08/06/2025 7:55;40
08/06/2025 8:00;39
08/06/2025 8:05;39
08/06/2025 8:10;39
08/06/2025 8:15;39
08/06/2025 8:20;39
08/06/2025 8:25;39
08/06/2025 8:30;39
08/06/2025 8:35;39
08/06/2025 8:40;39
08/06/2025 8:45;39
08/06/2025 8:50;39
08/06/2025 8:55;46
08/06/2025 9:00;48
08/06/2025 9:05;59
08/06/2025 9:10;64
08/06/2025 9:15;70
08/06/2025 9:20;73
08/06/2025 9:25;66
08/06/2025 9:30;64
08/06/2025 9:35;64
08/06/2025 9:40;62
08/06/2025 9:45;68
08/06/2025 9:50;67
08/06/2025 9:55;69
08/06/2025 10:00;74
08/06/2025 10:05;79
08/06/2025 10:10;86
08/06/2025 10:15;97
08/06/2025 10:20;109
08/06/2025 10:25;122
08/06/2025 10:30;130
08/06/2025 10:35;134
08/06/2025 10:40;140
08/06/2025 10:45;146
08/06/2025 10:50;149
08/06/2025 10:55;153
08/06/2025 11:00;156
08/06/2025 11:05;147
08/06/2025 11:10;144
08/06/2025 11:15;146
08/06/2025 11:20;150
08/06/2025 11:25;153
08/06/2025 11:30;158
08/06/2025 11:35;170
08/06/2025 11:40;184
08/06/2025 11:45;194
08/06/2025 11:50;196
08/06/2025 11:55;197
08/06/2025 12:00;206
08/06/2025 12:05;214
08/06/2025 12:10;217
08/06/2025 12:15;218
08/06/2025 12:20;217
08/06/2025 12:25;221
08/06/2025 12:30;229
08/06/2025 12:35;239
08/06/2025 12:40;253
08/06/2025 12:45;262
08/06/2025 12:50;285
08/06/2025 12:55;313
08/06/2025 13:00;347
08/06/2025 13:05;381
08/06/2025 13:10;417
08/06/2025 13:15;455
08/06/2025 13:20;530
08/06/2025 13:25;509
08/06/2025 13:30;554
08/06/2025 13:35;550
08/06/2025 13:40;593
08/06/2025 13:45;590
08/06/2025 13:50;666
08/06/2025 13:55;759
08/06/2025 14:00;738
08/06/2025 14:05;755
08/06/2025 14:10;760
08/06/2025 14:15;355
08/06/2025 14:20;425
08/06/2025 14:25;780
08/06/2025 14:30;722
08/06/2025 14:35;433
08/06/2025 14:40;724
08/06/2025 14:45;625
08/06/2025 14:50;720
08/06/2025 14:55;712
08/06/2025 15:00;700
08/06/2025 15:05;692
08/06/2025 15:10;680
08/06/2025 15:15;660
08/06/2025 15:20;662
08/06/2025 15:25;657
08/06/2025 15:30;657
08/06/2025 15:35;667
08/06/2025 15:40;645
08/06/2025 15:45;637
08/06/2025 15:50;625
08/06/2025 15:55;619
08/06/2025 16:00;610
08/06/2025 16:05;602
08/06/2025 16:10;583
08/06/2025 16:15;584
08/06/2025 16:20;566
08/06/2025 16:25;551
08/06/2025 16:30;541
08/06/2025 16:35;527
08/06/2025 16:40;512
08/06/2025 16:45;502
08/06/2025 16:50;494
08/06/2025 16:55;483
08/06/2025 17:00;469
08/06/2025 17:05;442
08/06/2025 17:10;429
08/06/2025 17:15;418
08/06/2025 17:20;408
08/06/2025 17:25;395
08/06/2025 17:30;378
08/06/2025 17:35;367
08/06/2025 17:40;354
08/06/2025 17:45;339
08/06/2025 17:50;325
08/06/2025 17:55;310
08/06/2025 18:00;296
08/06/2025 18:05;278
08/06/2025 18:10;264
08/06/2025 18:15;246
08/06/2025 18:20;236
08/06/2025 18:25;230
08/06/2025 18:30;219
08/06/2025 18:35;204
08/06/2025 18:40;189
08/06/2025 18:45;176
08/06/2025 18:50;163
08/06/2025 18:55;147
08/06/2025 19:00;135
08/06/2025 19:05;122
08/06/2025 19:10;102
08/06/2025 19:15;88
08/06/2025 19:20;83
08/06/2025 19:25;79
08/06/2025 19:30;75
08/06/2025 19:35;71
08/06/2025 19:40;68
08/06/2025 19:45;60
08/06/2025 19:50;69
08/06/2025 19:55;65
08/06/2025 20:00;70
08/06/2025 20:05;62
08/06/2025 20:10;55
08/06/2025 20:15;44
08/06/2025 20:20;39
08/06/2025 20:25;39
08/06/2025 20:30;39
08/06/2025 20:35;39
08/06/2025 20:40;39
08/06/2025 20:45;39
08/06/2025 20:50;39
08/06/2025 20:55;39
08/06/2025 21:00;39
08/06/2025 21:05;39
08/06/2025 21:10;39
08/06/2025 21:15;39
08/06/2025 21:20;39
08/06/2025 21:25;39
08/06/2025 21:30;39
09/06/2025 6:42;0
09/06/2025 6:43;0
09/06/2025 6:43;0
09/06/2025 6:44;0
09/06/2025 6:44;0
09/06/2025 6:45;0
09/06/2025 6:50;0
09/06/2025 6:55;0
09/06/2025 7:00;0
09/06/2025 7:05;0
09/06/2025 7:10;39
09/06/2025 7:15;39
09/06/2025 7:20;39
09/06/2025 7:25;39
09/06/2025 7:30;39
09/06/2025 7:35;39
09/06/2025 7:40;39
09/06/2025 7:45;39
09/06/2025 7:50;41
09/06/2025 7:55;50
09/06/2025 8:00;73
09/06/2025 8:05;85
09/06/2025 8:10;96
09/06/2025 8:15;108
09/06/2025 8:20;119
09/06/2025 8:25;87
09/06/2025 8:30;121
09/06/2025 8:35;153
09/06/2025 8:40;107
09/06/2025 8:45;243
09/06/2025 8:50;255
09/06/2025 8:55;257
09/06/2025 9:00;270
09/06/2025 9:05;287
09/06/2025 9:10;347
09/06/2025 9:15;343
09/06/2025 9:20;366
09/06/2025 9:25;368
09/06/2025 9:30;370
09/06/2025 9:35;385
09/06/2025 9:40;412
09/06/2025 9:45;438
09/06/2025 9:50;474
09/06/2025 9:55;481
09/06/2025 10:00;283
09/06/2025 10:05;0
09/06/2025 10:10;183
09/06/2025 10:15;269
09/06/2025 10:20;219
09/06/2025 10:25;626
09/06/2025 10:30;256
09/06/2025 10:32;362
09/06/2025 10:32;330
09/06/2025 10:33;247
09/06/2025 10:35;279
09/06/2025 10:40;653
09/06/2025 10:45;680
09/06/2025 10:50;356
09/06/2025 10:55;351
09/06/2025 11:00;327
09/06/2025 11:05;270
09/06/2025 11:10;367
09/06/2025 11:15;357
09/06/2025 11:20;502
09/06/2025 11:25;414
09/06/2025 11:30;388
09/06/2025 11:35;617
09/06/2025 11:40;309
09/06/2025 11:45;712
09/06/2025 11:50;557
09/06/2025 11:55;718
09/06/2025 12:00;495
09/06/2025 12:05;771
09/06/2025 12:10;774
09/06/2025 12:15;768
09/06/2025 12:20;747
09/06/2025 12:25;714
09/06/2025 12:30;694
09/06/2025 12:35;551
09/06/2025 12:40;451
09/06/2025 12:45;753
09/06/2025 12:50;597
09/06/2025 12:55;464
09/06/2025 13:00;464
09/06/2025 13:05;463
09/06/2025 13:10;463
09/06/2025 13:15;471
09/06/2025 13:20;470
09/06/2025 13:25;465
09/06/2025 13:30;465
09/06/2025 13:35;465
09/06/2025 13:40;470
09/06/2025 13:45;471
09/06/2025 13:50;472
09/06/2025 13:55;479
09/06/2025 14:00;632
09/06/2025 14:05;741
09/06/2025 14:10;759
09/06/2025 14:15;591
09/06/2025 14:20;378
09/06/2025 14:25;454
09/06/2025 14:30;458
09/06/2025 14:35;779
09/06/2025 14:40;681
09/06/2025 14:45;764
09/06/2025 14:50;753
09/06/2025 14:55;457
09/06/2025 15:00;606
09/06/2025 15:05;711
09/06/2025 15:10;701
09/06/2025 15:15;696
09/06/2025 15:20;684
09/06/2025 15:25;0
09/06/2025 15:30;654
09/06/2025 15:35;647
09/06/2025 15:40;632
09/06/2025 15:45;622
09/06/2025 15:50;609
09/06/2025 15:52;612
09/06/2025 15:53;611
09/06/2025 15:53;609
09/06/2025 15:55;607
09/06/2025 16:00;599
09/06/2025 16:05;599
09/06/2025 16:10;583
09/06/2025 16:15;573
09/06/2025 16:20;547
09/06/2025 16:25;562
09/06/2025 16:30;384
09/06/2025 16:35;541
09/06/2025 16:40;528
09/06/2025 16:45;515
09/06/2025 16:50;499
09/06/2025 16:55;488
09/06/2025 17:00;471
09/06/2025 17:05;454
09/06/2025 17:10;440
09/06/2025 17:15;430
09/06/2025 17:20;416
09/06/2025 17:25;399
09/06/2025 17:30;386
09/06/2025 17:35;369
09/06/2025 17:40;357
09/06/2025 17:45;342
09/06/2025 17:50;327
09/06/2025 17:55;310
09/06/2025 18:00;295
09/06/2025 18:05;276
09/06/2025 18:10;264
09/06/2025 18:15;249
09/06/2025 18:20;234
09/06/2025 18:25;221
09/06/2025 18:30;205
09/06/2025 18:35;193
09/06/2025 18:40;177
09/06/2025 18:45;163
09/06/2025 18:50;150
09/06/2025 18:55;138
09/06/2025 19:00;125
09/06/2025 19:05;112
09/06/2025 19:10;93
09/06/2025 19:15;80
09/06/2025 19:20;76
09/06/2025 19:25;70
09/06/2025 19:30;66
09/06/2025 19:35;62
09/06/2025 19:40;57
09/06/2025 19:45;54
09/06/2025 19:50;51
09/06/2025 19:55;49
09/06/2025 20:00;46
09/06/2025 20:05;42
09/06/2025 20:10;39
09/06/2025 20:15;39
09/06/2025 20:20;39
09/06/2025 20:25;39
09/06/2025 20:30;39
09/06/2025 20:35;39
09/06/2025 20:40;39
09/06/2025 20:45;39
09/06/2025 20:50;39
09/06/2025 20:55;39
09/06/2025 21:00;39
09/06/2025 21:05;39
09/06/2025 21:10;39
09/06/2025 21:15;39
09/06/2025 21:20;39
09/06/2025 21:25;39
09/06/2025 21:30;39
09/06/2025 21:35;39
09/06/2025 21:40;39
09/06/2025 21:45;39
09/06/2025 21:50;39
10/06/2025 7:05;0
10/06/2025 7:05;0
10/06/2025 7:06;0
10/06/2025 7:06;0
10/06/2025 7:07;0
10/06/2025 7:10;0
10/06/2025 7:15;0
10/06/2025 7:20;0
10/06/2025 7:25;0
10/06/2025 7:30;0
10/06/2025 7:35;0
10/06/2025 7:40;0
10/06/2025 7:45;0
10/06/2025 7:50;39
10/06/2025 7:55;39
10/06/2025 8:00;39
10/06/2025 8:05;39
10/06/2025 8:10;39
10/06/2025 8:15;39
10/06/2025 8:20;39
10/06/2025 8:25;39
10/06/2025 8:30;39
10/06/2025 8:35;39
10/06/2025 8:40;39
10/06/2025 8:45;39
10/06/2025 8:50;39
10/06/2025 8:55;39
10/06/2025 9:00;56
10/06/2025 9:05;61
10/06/2025 9:10;59
10/06/2025 9:15;61
10/06/2025 9:20;73
10/06/2025 9:25;90
10/06/2025 9:30;98
10/06/2025 9:35;93
10/06/2025 9:40;82
10/06/2025 9:45;85
10/06/2025 9:50;105
10/06/2025 9:55;97
10/06/2025 10:00;91
10/06/2025 10:05;86
10/06/2025 10:10;107
10/06/2025 10:15;119
10/06/2025 10:20;130
10/06/2025 10:25;129
10/06/2025 10:30;159
10/06/2025 10:35;175
10/06/2025 10:40;221
10/06/2025 10:45;257
10/06/2025 10:50;273
10/06/2025 10:55;315
10/06/2025 11:00;313
10/06/2025 11:05;306
10/06/2025 11:10;440
10/06/2025 11:15;512
10/06/2025 11:20;334
10/06/2025 11:25;332
10/06/2025 11:26;316
10/06/2025 11:27;323
10/06/2025 11:27;324
10/06/2025 11:30;381
10/06/2025 11:35;350
10/06/2025 11:40;650
10/06/2025 11:45;294
10/06/2025 11:50;664
10/06/2025 11:55;370
10/06/2025 12:00;398
10/06/2025 12:05;755
10/06/2025 12:10;477
10/06/2025 12:15;764
10/06/2025 12:20;472
10/06/2025 12:25;713
10/06/2025 12:30;644
10/06/2025 12:35;517
10/06/2025 12:40;359
10/06/2025 12:45;533
10/06/2025 12:50;480
10/06/2025 12:55;774
10/06/2025 13:00;726
10/06/2025 13:05;682
10/06/2025 13:10;666
10/06/2025 13:15;465
10/06/2025 13:20;721
10/06/2025 13:25;716
10/06/2025 13:30;459
10/06/2025 13:35;479
10/06/2025 13:40;497
10/06/2025 13:45;482
10/06/2025 13:50;454
10/06/2025 13:55;515
10/06/2025 14:00;513
10/06/2025 14:05;677
10/06/2025 14:10;709
10/06/2025 14:15;707
10/06/2025 14:20;705
10/06/2025 14:25;696
10/06/2025 14:30;696
10/06/2025 14:35;687
10/06/2025 14:40;687
10/06/2025 14:45;682
10/06/2025 14:50;670
10/06/2025 14:55;667
10/06/2025 15:00;661
10/06/2025 15:05;652
10/06/2025 15:10;653
10/06/2025 15:15;646
10/06/2025 15:20;641
10/06/2025 15:25;631
10/06/2025 15:30;622
10/06/2025 15:35;617
10/06/2025 15:40;617
10/06/2025 15:45;604
10/06/2025 15:50;597
10/06/2025 15:55;577
10/06/2025 16:00;555
10/06/2025 16:05;577
10/06/2025 16:10;577
10/06/2025 16:15;577
10/06/2025 16:20;569
10/06/2025 16:25;550
10/06/2025 16:30;525
10/06/2025 16:35;512
10/06/2025 16:40;524
10/06/2025 16:45;498
10/06/2025 16:50;293
10/06/2025 16:55;214
10/06/2025 17:00;130
10/06/2025 17:05;121
10/06/2025 17:10;117
10/06/2025 17:15;106
10/06/2025 17:20;91
10/06/2025 17:25;85
10/06/2025 17:30;78
10/06/2025 17:35;75
10/06/2025 17:40;80
10/06/2025 17:45;94
10/06/2025 17:50;114
10/06/2025 17:55;134
10/06/2025 18:00;143
10/06/2025 18:05;151
10/06/2025 18:10;146
10/06/2025 18:15;144
10/06/2025 18:20;146
10/06/2025 18:25;147
10/06/2025 18:30;150
10/06/2025 18:35;142
10/06/2025 18:40;166
10/06/2025 18:45;152
10/06/2025 18:50;154
10/06/2025 18:55;179
10/06/2025 19:00;129
10/06/2025 19:05;103
10/06/2025 19:10;98
10/06/2025 19:15;111
10/06/2025 19:20;100
10/06/2025 19:25;90
10/06/2025 19:30;78
10/06/2025 19:35;67
10/06/2025 19:40;62
10/06/2025 19:45;58
10/06/2025 19:50;50
10/06/2025 19:55;39
10/06/2025 20:00;39
10/06/2025 20:05;39
10/06/2025 20:10;39
10/06/2025 20:15;0
10/06/2025 20:20;0
10/06/2025 20:25;0
10/06/2025 20:30;0
11/06/2025 6:38;0
11/06/2025 6:38;0
11/06/2025 6:39;0
11/06/2025 6:39;0
11/06/2025 6:40;0
11/06/2025 6:45;0
11/06/2025 6:50;0
11/06/2025 6:55;39
11/06/2025 7:00;39
11/06/2025 7:05;39
11/06/2025 7:10;40
11/06/2025 7:15;40
11/06/2025 7:20;39
11/06/2025 7:25;39
11/06/2025 7:30;39
11/06/2025 7:35;39
11/06/2025 7:40;39
11/06/2025 7:45;39
11/06/2025 7:50;39
11/06/2025 7:55;39
11/06/2025 8:00;39
11/06/2025 8:05;39
11/06/2025 8:10;40
11/06/2025 8:15;39
11/06/2025 8:20;39
11/06/2025 8:25;42
11/06/2025 8:30;39
11/06/2025 8:35;39
11/06/2025 8:40;39
11/06/2025 8:45;39
11/06/2025 8:50;39
11/06/2025 8:55;39
11/06/2025 9:00;39
11/06/2025 9:05;57
11/06/2025 9:10;98
11/06/2025 9:15;113
11/06/2025 9:20;125
11/06/2025 9:25;126
11/06/2025 9:30;161
11/06/2025 9:35;307
11/06/2025 9:40;154
11/06/2025 9:45;98
11/06/2025 9:50;84
11/06/2025 9:55;83
11/06/2025 10:00;97
11/06/2025 10:05;90
11/06/2025 10:10;86
11/06/2025 10:15;110
11/06/2025 10:20;155
11/06/2025 10:25;274
11/06/2025 10:30;219
11/06/2025 10:35;203
11/06/2025 10:40;229
11/06/2025 10:45;254
11/06/2025 10:50;368
11/06/2025 10:55;297
11/06/2025 11:00;371
11/06/2025 11:05;677
11/06/2025 11:10;640
11/06/2025 11:15;672
11/06/2025 11:20;373
11/06/2025 11:25;467
11/06/2025 11:30;633
11/06/2025 11:31;487
11/06/2025 11:32;552
11/06/2025 11:32;547
11/06/2025 11:35;620
11/06/2025 11:40;419
11/06/2025 11:45;0
11/06/2025 11:50;323
11/06/2025 11:55;308
11/06/2025 12:00;394
11/06/2025 12:05;435
11/06/2025 12:10;383
11/06/2025 12:12;359
11/06/2025 12:13;362
11/06/2025 12:13;372
11/06/2025 12:15;402
11/06/2025 12:20;412
11/06/2025 12:25;420
11/06/2025 12:30;355
11/06/2025 12:35;333
11/06/2025 12:40;362
11/06/2025 12:45;537
11/06/2025 12:50;471
11/06/2025 12:55;365
11/06/2025 13:00;294
11/06/2025 13:05;264
11/06/2025 13:10;283
11/06/2025 13:15;305
11/06/2025 13:20;308
11/06/2025 13:25;294
11/06/2025 13:30;312
11/06/2025 13:35;293
11/06/2025 13:40;274
11/06/2025 13:45;324
11/06/2025 13:50;389
11/06/2025 13:55;340
11/06/2025 14:00;332
11/06/2025 14:05;286
11/06/2025 14:10;241
11/06/2025 14:15;209
11/06/2025 14:20;212
11/06/2025 14:25;228
11/06/2025 14:30;240
11/06/2025 14:35;230
11/06/2025 14:40;221
11/06/2025 14:45;220
11/06/2025 14:50;195
11/06/2025 14:55;187
11/06/2025 15:00;187
11/06/2025 15:05;182
11/06/2025 15:10;202
11/06/2025 15:15;261
11/06/2025 15:20;260
11/06/2025 15:25;259
11/06/2025 15:30;266
11/06/2025 15:35;265
11/06/2025 15:40;267
11/06/2025 15:45;296
11/06/2025 15:50;422
11/06/2025 15:55;478
11/06/2025 16:00;487
11/06/2025 16:05;314
11/06/2025 16:10;379
11/06/2025 16:15;345
11/06/2025 16:20;306
11/06/2025 16:25;491
11/06/2025 16:30;401
11/06/2025 16:35;247
11/06/2025 16:40;204
11/06/2025 16:45;171
11/06/2025 16:50;185
11/06/2025 16:55;186
11/06/2025 17:00;0
11/06/2025 17:05;425
11/06/2025 17:10;204
11/06/2025 17:15;529
11/06/2025 17:20;484
11/06/2025 17:25;320
11/06/2025 17:30;316
11/06/2025 17:35;227
11/06/2025 17:40;202
11/06/2025 17:45;164
11/06/2025 17:50;142
11/06/2025 17:55;148
11/06/2025 18:00;166
11/06/2025 18:05;130
11/06/2025 18:10;87
11/06/2025 18:15;108
11/06/2025 18:20;146
11/06/2025 18:25;172
11/06/2025 18:30;173
11/06/2025 18:35;139
11/06/2025 18:40;73
11/06/2025 18:45;52
11/06/2025 18:50;69
11/06/2025 18:55;121
11/06/2025 19:00;79
11/06/2025 19:05;49
11/06/2025 19:10;39
11/06/2025 19:15;39
11/06/2025 19:20;39
11/06/2025 19:25;39
11/06/2025 19:30;39
11/06/2025 19:35;39
11/06/2025 19:40;39
11/06/2025 19:45;39
11/06/2025 19:50;39
11/06/2025 19:55;39
11/06/2025 20:00;39
11/06/2025 20:05;39
11/06/2025 20:10;39
11/06/2025 20:15;39
11/06/2025 20:20;0
11/06/2025 20:25;0
11/06/2025 20:30;0
11/06/2025 20:35;0
11/06/2025 20:40;0
11/06/2025 20:45;0
11/06/2025 20:50;0
11/06/2025 20:55;0
11/06/2025 21:00;0
11/06/2025 21:05;0
11/06/2025 21:10;0
11/06/2025 21:15;0
11/06/2025 21:20;0
11/06/2025 21:25;0
11/06/2025 21:30;0
12/06/2025 6:44;0
12/06/2025 6:44;0
12/06/2025 6:45;0
12/06/2025 6:45;0
12/06/2025 6:46;0
12/06/2025 6:50;0
12/06/2025 6:55;0
12/06/2025 7:00;0
12/06/2025 7:05;0
12/06/2025 7:10;39
12/06/2025 7:15;39
12/06/2025 7:20;39
12/06/2025 7:25;39
12/06/2025 7:30;39
12/06/2025 7:35;39
12/06/2025 7:40;39
12/06/2025 7:45;39
12/06/2025 7:50;39
12/06/2025 7:55;48
12/06/2025 8:00;78
12/06/2025 8:05;89
12/06/2025 8:10;101
12/06/2025 8:15;112
12/06/2025 8:20;126
12/06/2025 8:25;134
12/06/2025 8:30;142
12/06/2025 8:35;148
12/06/2025 8:40;192
12/06/2025 8:45;241
12/06/2025 8:50;281
12/06/2025 8:55;289
12/06/2025 9:00;315
12/06/2025 9:05;336
12/06/2025 9:10;309
12/06/2025 9:15;331
12/06/2025 9:20;377
12/06/2025 9:25;399
12/06/2025 9:30;424
12/06/2025 9:35;439
12/06/2025 9:40;442
12/06/2025 9:45;459
12/06/2025 9:50;399
12/06/2025 9:55;478
12/06/2025 10:00;517
12/06/2025 10:05;470
12/06/2025 10:10;425
12/06/2025 10:15;402
12/06/2025 10:20;327
12/06/2025 10:25;595
12/06/2025 10:30;342
12/06/2025 10:35;335
12/06/2025 10:40;284
12/06/2025 10:45;403
12/06/2025 10:50;410
12/06/2025 10:55;376
12/06/2025 11:00;363
12/06/2025 11:05;274
12/06/2025 11:10;342
12/06/2025 11:15;502
12/06/2025 11:20;606
12/06/2025 11:25;558
12/06/2025 11:30;458
12/06/2025 11:35;615
12/06/2025 11:40;683
12/06/2025 11:45;437
12/06/2025 11:50;611
12/06/2025 11:55;694
12/06/2025 12:00;336
12/06/2025 12:05;330
12/06/2025 12:10;731
12/06/2025 12:15;687
12/06/2025 12:20;663
12/06/2025 12:25;657
12/06/2025 12:30;662
12/06/2025 12:35;700
12/06/2025 12:40;739
12/06/2025 12:45;734
12/06/2025 12:50;525
12/06/2025 12:55;686
12/06/2025 13:00;587
12/06/2025 13:05;632
12/06/2025 13:10;394
12/06/2025 13:15;434
12/06/2025 13:20;303
12/06/2025 13:25;354
12/06/2025 13:30;473
12/06/2025 13:35;535
12/06/2025 13:40;426
12/06/2025 13:45;338
12/06/2025 13:50;454
12/06/2025 13:55;447
12/06/2025 14:00;355
12/06/2025 14:05;441
12/06/2025 14:10;441
12/06/2025 14:15;369
12/06/2025 14:20;643
12/06/2025 14:25;518
12/06/2025 14:30;515
12/06/2025 14:35;339
12/06/2025 14:40;342
12/06/2025 14:45;284
12/06/2025 14:50;278
12/06/2025 14:55;354
12/06/2025 15:00;275
12/06/2025 15:05;276
12/06/2025 15:10;330
12/06/2025 15:15;271
12/06/2025 15:20;262
12/06/2025 15:25;246
12/06/2025 15:30;261
12/06/2025 15:35;321
12/06/2025 15:40;282
12/06/2025 15:45;324
12/06/2025 15:50;383
12/06/2025 15:55;369
12/06/2025 16:00;509
12/06/2025 16:05;413
12/06/2025 16:10;427
12/06/2025 16:15;486
12/06/2025 16:20;281
12/06/2025 16:25;294
12/06/2025 16:30;274
12/06/2025 16:35;264
12/06/2025 16:40;256
12/06/2025 16:45;297
12/06/2025 16:50;263
12/06/2025 16:55;258
12/06/2025 17:00;255
12/06/2025 17:05;242
12/06/2025 17:10;227
12/06/2025 17:15;241
12/06/2025 17:20;263
12/06/2025 17:25;270
12/06/2025 17:30;228
12/06/2025 17:35;218
12/06/2025 17:40;212
12/06/2025 17:45;214
12/06/2025 17:50;213
12/06/2025 17:55;193
12/06/2025 18:00;177
12/06/2025 18:05;169
12/06/2025 18:10;170
12/06/2025 18:15;148
12/06/2025 18:20;138
12/06/2025 18:25;124
12/06/2025 18:30;115
12/06/2025 18:35;137
12/06/2025 18:40;140
12/06/2025 18:45;140
12/06/2025 18:50;139
12/06/2025 18:55;152
12/06/2025 19:00;141
12/06/2025 19:05;129
12/06/2025 19:10;119
12/06/2025 19:15;116
12/06/2025 19:20;110
12/06/2025 19:25;117
12/06/2025 19:30;95
12/06/2025 19:35;86
12/06/2025 19:40;83
12/06/2025 19:45;87
12/06/2025 19:50;87
12/06/2025 19:55;79
12/06/2025 20:00;72
12/06/2025 20:05;66
12/06/2025 20:10;65
12/06/2025 20:15;63
12/06/2025 20:20;60
12/06/2025 20:25;55
12/06/2025 20:30;53
12/06/2025 20:35;56
12/06/2025 20:40;55
12/06/2025 20:45;52
12/06/2025 20:50;51
12/06/2025 20:55;46
12/06/2025 21:00;40
12/06/2025 21:05;39
12/06/2025 21:10;39
12/06/2025 21:15;39
12/06/2025 21:20;39
12/06/2025 21:25;39
12/06/2025 21:30;39
12/06/2025 21:35;39
12/06/2025 21:40;0
12/06/2025 21:45;0
12/06/2025 21:50;0
13/06/2025 6:54;0
13/06/2025 6:55;0
13/06/2025 6:55;0
13/06/2025 6:56;0
13/06/2025 6:56;0
13/06/2025 7:00;0
13/06/2025 7:05;0
13/06/2025 7:10;0
13/06/2025 7:15;39
13/06/2025 7:20;39
13/06/2025 7:25;39
13/06/2025 7:30;39
13/06/2025 7:35;39
13/06/2025 7:40;39
13/06/2025 7:45;39
13/06/2025 7:50;39
13/06/2025 7:55;58
13/06/2025 8:00;49
13/06/2025 8:05;90
13/06/2025 8:10;74
13/06/2025 8:15;82
13/06/2025 8:20;93
13/06/2025 8:25;101
13/06/2025 8:30;98
13/06/2025 8:35;142
13/06/2025 8:40;150
13/06/2025 8:45;204
13/06/2025 8:50;266
13/06/2025 8:55;284
13/06/2025 9:00;315
13/06/2025 9:05;392
13/06/2025 9:10;184
13/06/2025 9:15;119
13/06/2025 9:20;211
13/06/2025 9:25;171
13/06/2025 9:30;158
13/06/2025 9:35;122
13/06/2025 9:40;215
13/06/2025 9:45;237
13/06/2025 9:50;321
13/06/2025 9:55;233
13/06/2025 10:00;232
13/06/2025 10:05;542
13/06/2025 10:10;302
13/06/2025 10:15;266
13/06/2025 10:20;288
13/06/2025 10:25;580
13/06/2025 10:30;457
13/06/2025 10:35;548
13/06/2025 10:40;400
13/06/2025 10:45;639
13/06/2025 10:50;607
13/06/2025 10:55;669
13/06/2025 11:00;618
13/06/2025 11:05;631
13/06/2025 11:10;628
13/06/2025 11:15;647
13/06/2025 11:20;615
13/06/2025 11:25;651
13/06/2025 11:30;654
13/06/2025 11:35;667
13/06/2025 11:40;670
13/06/2025 11:45;678
13/06/2025 11:50;680
13/06/2025 11:55;685
13/06/2025 12:00;696
13/06/2025 12:05;706
13/06/2025 12:10;708
13/06/2025 12:15;692
13/06/2025 12:20;584
13/06/2025 12:25;686
13/06/2025 12:30;729
13/06/2025 12:35;689
13/06/2025 12:40;737
13/06/2025 12:45;729
13/06/2025 12:50;604
13/06/2025 12:55;756
13/06/2025 13:00;473
13/06/2025 13:05;453
13/06/2025 13:10;780
13/06/2025 13:15;455
13/06/2025 13:20;316
13/06/2025 13:25;780
13/06/2025 13:30;626
13/06/2025 13:35;377
13/06/2025 13:40;350
13/06/2025 13:45;504
13/06/2025 13:50;392
13/06/2025 13:55;647
13/06/2025 14:00;780
13/06/2025 14:05;361
13/06/2025 14:10;343
13/06/2025 14:15;731
13/06/2025 14:20;347
13/06/2025 14:25;315
13/06/2025 14:30;531
13/06/2025 14:35;779
13/06/2025 14:40;467
13/06/2025 14:45;351
13/06/2025 14:50;339
13/06/2025 14:55;584
13/06/2025 15:00;484
13/06/2025 15:05;415
13/06/2025 15:10;510
13/06/2025 15:15;584
13/06/2025 15:20;520
13/06/2025 15:25;546
13/06/2025 15:30;330
13/06/2025 15:35;440
13/06/2025 15:40;535
13/06/2025 15:45;478
13/06/2025 15:50;633
13/06/2025 15:55;364
13/06/2025 16:00;547
13/06/2025 16:05;510
13/06/2025 16:10;562
13/06/2025 16:15;483
13/06/2025 16:20;382
13/06/2025 16:25;304
13/06/2025 16:30;332
13/06/2025 16:35;288
13/06/2025 16:40;442
13/06/2025 16:45;463
13/06/2025 16:50;487
13/06/2025 16:55;255
13/06/2025 17:00;366
13/06/2025 17:05;305
13/06/2025 17:10;186
13/06/2025 17:15;186
13/06/2025 17:20;181
13/06/2025 17:25;221
13/06/2025 17:30;308
13/06/2025 17:35;210
13/06/2025 17:40;368
13/06/2025 17:45;336
13/06/2025 17:50;343
13/06/2025 17:51;295
13/06/2025 17:51;289
13/06/2025 17:52;302
13/06/2025 17:55;279
13/06/2025 18:00;286
13/06/2025 18:05;233
13/06/2025 18:10;315
13/06/2025 18:15;288
13/06/2025 18:20;183
13/06/2025 18:25;294
13/06/2025 18:30;299
13/06/2025 18:35;260
13/06/2025 18:40;215
13/06/2025 18:45;186
13/06/2025 18:50;169
13/06/2025 18:55;152
13/06/2025 19:00;139
13/06/2025 19:05;126
13/06/2025 19:10;107
13/06/2025 19:15;79
13/06/2025 19:20;71
13/06/2025 19:25;65
13/06/2025 19:30;60
13/06/2025 19:35;55
13/06/2025 19:40;47
13/06/2025 19:45;43
13/06/2025 19:50;40
13/06/2025 19:55;39
13/06/2025 20:00;39
13/06/2025 20:05;39
13/06/2025 20:10;39
13/06/2025 20:15;39
13/06/2025 20:20;39
13/06/2025 20:25;39
13/06/2025 20:30;39
13/06/2025 20:35;39
13/06/2025 20:40;39
13/06/2025 20:45;39
13/06/2025 20:50;39
13/06/2025 20:55;39
13/06/2025 21:00;39
13/06/2025 21:05;39
13/06/2025 21:10;39
13/06/2025 21:15;39
13/06/2025 21:20;39
13/06/2025 21:25;39
13/06/2025 21:30;39
13/06/2025 21:35;39
13/06/2025 21:40;0
13/06/2025 21:45;0
14/06/2025 7:26;0
14/06/2025 7:26;0
14/06/2025 7:27;0
14/06/2025 7:27;0
14/06/2025 7:28;0
14/06/2025 7:30;0
14/06/2025 7:35;0
14/06/2025 7:40;0
14/06/2025 7:45;0
14/06/2025 7:50;0
14/06/2025 7:55;39
14/06/2025 8:00;39
14/06/2025 8:05;39
14/06/2025 8:10;39
14/06/2025 8:15;39
14/06/2025 8:20;39
14/06/2025 8:25;39
14/06/2025 8:30;39
14/06/2025 8:35;39
14/06/2025 8:40;39
14/06/2025 8:45;39
14/06/2025 8:50;39
14/06/2025 8:55;39
14/06/2025 9:00;39
14/06/2025 9:05;39
14/06/2025 9:10;39
14/06/2025 9:15;39
14/06/2025 9:20;43
14/06/2025 9:25;51
14/06/2025 9:30;72
14/06/2025 9:35;67
14/06/2025 9:40;77
14/06/2025 9:45;79
14/06/2025 9:50;45
14/06/2025 9:55;57
14/06/2025 10:00;69
14/06/2025 10:05;76
14/06/2025 10:10;80
14/06/2025 10:15;82
14/06/2025 10:20;85
14/06/2025 10:25;80
14/06/2025 10:30;64
14/06/2025 10:35;60
14/06/2025 10:40;52
14/06/2025 10:45;49
14/06/2025 10:50;48
14/06/2025 10:55;56
14/06/2025 11:00;63
14/06/2025 11:05;63
14/06/2025 11:10;63
14/06/2025 11:15;78
14/06/2025 11:20;87
14/06/2025 11:25;78
14/06/2025 11:30;78
14/06/2025 11:35;39
14/06/2025 11:40;39
14/06/2025 11:45;39
14/06/2025 11:50;45
14/06/2025 11:55;54
14/06/2025 12:00;56
14/06/2025 12:05;63
14/06/2025 12:10;78
14/06/2025 12:15;78
14/06/2025 12:20;67
14/06/2025 12:25;65
14/06/2025 12:30;71
14/06/2025 12:35;81
14/06/2025 12:40;87
14/06/2025 12:45;101
14/06/2025 12:50;100
14/06/2025 12:55;98
14/06/2025 13:00;105
14/06/2025 13:05;115
14/06/2025 13:10;111
14/06/2025 13:15;100
14/06/2025 13:20;94
14/06/2025 13:25;91
14/06/2025 13:30;89
14/06/2025 13:35;95
14/06/2025 13:40;100
14/06/2025 13:45;100
14/06/2025 13:50;110
14/06/2025 13:55;110
14/06/2025 14:00;110
14/06/2025 14:05;123
14/06/2025 14:10;72
14/06/2025 14:15;56
14/06/2025 14:20;79
14/06/2025 14:25;126
14/06/2025 14:30;141
14/06/2025 14:35;79
14/06/2025 14:40;77
14/06/2025 14:45;84
14/06/2025 14:50;84
14/06/2025 14:55;54
14/06/2025 15:00;81
14/06/2025 15:05;105
14/06/2025 15:10;55
14/06/2025 15:15;65
14/06/2025 15:20;100
14/06/2025 15:25;126
14/06/2025 15:30;117
14/06/2025 15:35;118
14/06/2025 15:40;113
14/06/2025 15:45;143
14/06/2025 15:50;150
14/06/2025 15:55;133
14/06/2025 16:00;130
14/06/2025 16:05;89
14/06/2025 16:10;67
14/06/2025 16:15;39
14/06/2025 16:20;86
14/06/2025 16:25;128
14/06/2025 16:30;151
14/06/2025 16:35;149
14/06/2025 16:40;106
14/06/2025 16:45;115
14/06/2025 16:50;99
14/06/2025 16:55;100
14/06/2025 17:00;136
14/06/2025 17:05;160
14/06/2025 17:10;133
14/06/2025 17:15;132
14/06/2025 17:20;88
14/06/2025 17:25;110
14/06/2025 17:30;153
14/06/2025 17:35;173
14/06/2025 17:40;180
14/06/2025 17:45;132
14/06/2025 17:50;165
14/06/2025 17:55;155
14/06/2025 18:00;150
14/06/2025 18:05;98
14/06/2025 18:10;96
14/06/2025 18:15;66
14/06/2025 18:20;39
14/06/2025 18:25;47
14/06/2025 18:30;39
14/06/2025 18:35;39
14/06/2025 18:40;51
14/06/2025 18:45;51
14/06/2025 18:50;82
14/06/2025 18:55;48
14/06/2025 19:00;55
14/06/2025 19:05;40
14/06/2025 19:10;39
14/06/2025 19:15;39
14/06/2025 19:20;39
14/06/2025 19:25;39
14/06/2025 19:30;39
14/06/2025 19:35;39
14/06/2025 19:40;43
14/06/2025 19:45;45
14/06/2025 19:50;39
14/06/2025 19:55;39
14/06/2025 20:00;39
14/06/2025 20:05;39
14/06/2025 20:10;39
14/06/2025 20:15;39
14/06/2025 20:20;39
14/06/2025 20:25;39
14/06/2025 20:30;39
14/06/2025 20:35;39
14/06/2025 20:40;39
14/06/2025 20:45;39
14/06/2025 20:50;39
14/06/2025 20:55;39
14/06/2025 21:00;39
14/06/2025 21:05;39
14/06/2025 21:10;39
14/06/2025 21:15;39
14/06/2025 21:20;39
14/06/2025 21:25;0
14/06/2025 21:30;0
15/06/2025 6:56;0
15/06/2025 6:56;0
15/06/2025 6:57;0
15/06/2025 6:57;0
15/06/2025 6:58;0
15/06/2025 7:00;0
15/06/2025 7:05;0
15/06/2025 7:10;0
15/06/2025 7:15;0
15/06/2025 7:20;0
15/06/2025 7:25;0
15/06/2025 7:30;39
15/06/2025 7:35;39
15/06/2025 7:40;39
15/06/2025 7:45;39
15/06/2025 7:50;39
15/06/2025 7:55;39
15/06/2025 8:00;39
15/06/2025 8:05;39
15/06/2025 8:10;39
15/06/2025 8:15;39
15/06/2025 8:20;39
15/06/2025 8:25;39
15/06/2025 8:30;39
15/06/2025 8:35;39
15/06/2025 8:40;39
15/06/2025 8:45;39
15/06/2025 8:50;39
15/06/2025 8:55;39
15/06/2025 9:00;39
15/06/2025 9:05;44
15/06/2025 9:10;62
15/06/2025 9:15;68
15/06/2025 9:20;77
15/06/2025 9:25;105
15/06/2025 9:30;120
15/06/2025 9:35;141
15/06/2025 9:40;151
15/06/2025 9:45;159
15/06/2025 9:50;167
15/06/2025 9:55;155
15/06/2025 10:00;188
15/06/2025 10:05;200
15/06/2025 10:10;170
15/06/2025 10:15;129
15/06/2025 10:20;110
15/06/2025 10:25;92
15/06/2025 10:30;76
15/06/2025 10:35;86
15/06/2025 10:40;101
15/06/2025 10:45;91
15/06/2025 10:50;79
15/06/2025 10:55;86
15/06/2025 11:00;103
15/06/2025 11:05;71
15/06/2025 11:10;60
15/06/2025 11:15;87
15/06/2025 11:20;82
15/06/2025 11:25;83
15/06/2025 11:30;78
15/06/2025 11:35;68
15/06/2025 11:40;70
15/06/2025 11:45;77
15/06/2025 11:50;89
15/06/2025 11:55;101
15/06/2025 12:00;117
15/06/2025 12:05;140
15/06/2025 12:10;157
15/06/2025 12:15;180
15/06/2025 12:20;212
15/06/2025 12:25;217
15/06/2025 12:30;149
15/06/2025 12:35;245
15/06/2025 12:40;315
15/06/2025 12:45;322
15/06/2025 12:50;310
15/06/2025 12:55;302
15/06/2025 13:00;307
15/06/2025 13:05;324
15/06/2025 13:10;356
15/06/2025 13:15;343
15/06/2025 13:20;280
15/06/2025 13:25;246
15/06/2025 13:30;251
15/06/2025 13:35;302
15/06/2025 13:40;329
15/06/2025 13:45;391
15/06/2025 13:50;440
15/06/2025 13:55;456
15/06/2025 14:00;451
15/06/2025 14:05;461
15/06/2025 14:10;495
15/06/2025 14:15;511
15/06/2025 14:20;512
15/06/2025 14:25;497
15/06/2025 14:30;444
15/06/2025 14:35;557
15/06/2025 14:40;536
15/06/2025 14:45;501
15/06/2025 14:50;469
15/06/2025 14:55;470
15/06/2025 15:00;412
15/06/2025 15:05;397
15/06/2025 15:10;405
15/06/2025 15:15;397
15/06/2025 15:20;507
15/06/2025 15:25;518
15/06/2025 15:30;597
15/06/2025 15:35;427
15/06/2025 15:40;535
15/06/2025 15:45;329
15/06/2025 15:50;249
15/06/2025 15:55;200
15/06/2025 16:00;179
15/06/2025 16:05;182
15/06/2025 16:10;161
15/06/2025 16:15;185
15/06/2025 16:20;210
15/06/2025 16:25;180
15/06/2025 16:30;225
15/06/2025 16:35;279
15/06/2025 16:40;428
15/06/2025 16:45;284
15/06/2025 16:50;312
15/06/2025 16:55;301
15/06/2025 17:00;236
15/06/2025 17:05;361
15/06/2025 17:10;372
15/06/2025 17:15;281
15/06/2025 17:20;259
15/06/2025 17:25;471
15/06/2025 17:30;212
15/06/2025 17:35;220
15/06/2025 17:40;162
15/06/2025 17:45;153
15/06/2025 17:50;460
15/06/2025 17:55;429
15/06/2025 18:00;426
15/06/2025 18:05;378
15/06/2025 18:10;228
15/06/2025 18:15;261
15/06/2025 18:20;248
15/06/2025 18:25;261
15/06/2025 18:30;166
15/06/2025 18:35;296
15/06/2025 18:40;264
15/06/2025 18:45;251
15/06/2025 18:50;192
15/06/2025 18:55;220
15/06/2025 19:00;187
15/06/2025 19:05;145
15/06/2025 19:10;138
15/06/2025 19:15;115
15/06/2025 19:20;100
15/06/2025 19:25;102
15/06/2025 19:30;118
15/06/2025 19:35;109
15/06/2025 19:40;102
15/06/2025 19:45;97
15/06/2025 19:50;76
15/06/2025 19:55;58
15/06/2025 20:00;43
15/06/2025 20:05;39
15/06/2025 20:10;39
15/06/2025 20:15;39
15/06/2025 20:20;39
15/06/2025 20:25;39
15/06/2025 20:30;39
15/06/2025 20:35;39
15/06/2025 20:40;39
15/06/2025 20:45;39
15/06/2025 20:50;39
15/06/2025 20:55;39
15/06/2025 21:00;39
15/06/2025 21:05;39
15/06/2025 21:10;39
15/06/2025 21:15;39
15/06/2025 21:20;39
15/06/2025 21:25;39
15/06/2025 21:30;39
15/06/2025 21:35;39
15/06/2025 21:40;0
15/06/2025 21:45;0
16/06/2025 7:06;0
16/06/2025 7:06;0
16/06/2025 7:07;0
16/06/2025 7:07;0
16/06/2025 7:08;0
16/06/2025 7:10;0
16/06/2025 7:15;0
16/06/2025 7:20;0
16/06/2025 7:25;0
16/06/2025 7:30;0
16/06/2025 7:35;0
16/06/2025 7:40;0
16/06/2025 7:45;0
16/06/2025 7:50;0
16/06/2025 7:55;0
16/06/2025 8:00;0
16/06/2025 8:05;39
16/06/2025 8:10;39
16/06/2025 8:15;39
16/06/2025 8:20;41
16/06/2025 8:25;45
16/06/2025 8:30;39
16/06/2025 8:35;66
16/06/2025 8:40;55
16/06/2025 8:45;52
16/06/2025 8:50;58
16/06/2025 8:55;59
16/06/2025 9:00;75
16/06/2025 9:05;87
16/06/2025 9:10;73
16/06/2025 9:15;54
16/06/2025 9:20;46
16/06/2025 9:25;39
16/06/2025 9:30;39
16/06/2025 9:35;39
16/06/2025 9:40;44
16/06/2025 9:45;39
16/06/2025 9:50;39
16/06/2025 9:55;39
16/06/2025 10:00;56
16/06/2025 10:05;72
16/06/2025 10:10;73
16/06/2025 10:15;121
16/06/2025 10:20;199
16/06/2025 10:25;331
16/06/2025 10:30;579
16/06/2025 10:35;583
16/06/2025 10:40;587
16/06/2025 10:45;600
16/06/2025 10:50;610
16/06/2025 10:55;614
16/06/2025 11:00;629
16/06/2025 11:05;647
16/06/2025 11:10;661
16/06/2025 11:15;327
16/06/2025 11:20;655
16/06/2025 11:25;359
16/06/2025 11:30;319
16/06/2025 11:35;437
16/06/2025 11:40;349
16/06/2025 11:45;516
16/06/2025 11:50;411
16/06/2025 11:55;430
16/06/2025 12:00;486
16/06/2025 12:05;780
16/06/2025 12:10;414
16/06/2025 12:15;731
16/06/2025 12:20;705
16/06/2025 12:25;462
16/06/2025 12:30;466
16/06/2025 12:35;467
16/06/2025 12:40;470
16/06/2025 12:45;473
16/06/2025 12:50;475
16/06/2025 12:55;472
16/06/2025 13:00;234
16/06/2025 13:05;754
16/06/2025 13:10;749
16/06/2025 13:15;745
16/06/2025 13:20;730
16/06/2025 13:25;753
16/06/2025 13:30;726
16/06/2025 13:35;747
16/06/2025 13:40;738
16/06/2025 13:45;735
16/06/2025 13:50;739
16/06/2025 13:55;734
16/06/2025 14:00;727
16/06/2025 14:05;733
16/06/2025 14:10;723
16/06/2025 14:15;705
16/06/2025 14:20;717
16/06/2025 14:25;716
16/06/2025 14:30;717
16/06/2025 14:35;720
16/06/2025 14:40;722
16/06/2025 14:45;719
16/06/2025 14:50;715
16/06/2025 14:55;706
16/06/2025 15:00;699
16/06/2025 15:05;696
16/06/2025 15:10;687
16/06/2025 15:15;677
16/06/2025 15:20;662
16/06/2025 15:25;664
16/06/2025 15:30;656
16/06/2025 15:35;646
16/06/2025 15:40;636
16/06/2025 15:45;624
16/06/2025 15:50;621
16/06/2025 15:55;612
16/06/2025 16:00;601
16/06/2025 16:05;593
16/06/2025 16:10;585
16/06/2025 16:15;570
16/06/2025 16:20;563
16/06/2025 16:25;551
16/06/2025 16:30;542
16/06/2025 16:35;532
16/06/2025 16:40;519
16/06/2025 16:45;506
16/06/2025 16:50;495
16/06/2025 16:55;483
16/06/2025 17:00;472
16/06/2025 17:05;460
16/06/2025 17:10;447
16/06/2025 17:15;430
16/06/2025 17:20;418
16/06/2025 17:25;406
16/06/2025 17:30;391
16/06/2025 17:35;378
16/06/2025 17:40;365
16/06/2025 17:45;350
16/06/2025 17:50;334
16/06/2025 17:55;317
16/06/2025 18:00;305
16/06/2025 18:05;289
16/06/2025 18:10;272
16/06/2025 18:15;257
16/06/2025 18:20;240
16/06/2025 18:25;224
16/06/2025 18:30;210
16/06/2025 18:35;194
16/06/2025 18:40;179
16/06/2025 18:45;163
16/06/2025 18:50;146
16/06/2025 18:55;134
16/06/2025 19:00;119
16/06/2025 19:05;106
16/06/2025 19:10;89
16/06/2025 19:15;55
16/06/2025 19:20;51
16/06/2025 19:25;49
16/06/2025 19:30;46
16/06/2025 19:35;43
16/06/2025 19:40;40
16/06/2025 19:45;39
16/06/2025 19:50;39
16/06/2025 19:55;39
16/06/2025 20:00;39
16/06/2025 20:05;39
16/06/2025 20:10;39
16/06/2025 20:15;39
16/06/2025 20:20;39
16/06/2025 20:25;39
16/06/2025 20:30;39
16/06/2025 20:35;39
16/06/2025 20:40;39
16/06/2025 20:45;39
16/06/2025 20:50;39
16/06/2025 20:55;39
16/06/2025 21:00;39
16/06/2025 21:05;39
16/06/2025 21:10;39
16/06/2025 21:15;39
16/06/2025 21:20;39
16/06/2025 21:25;39
16/06/2025 21:30;39
16/06/2025 21:35;39
16/06/2025 21:40;39
16/06/2025 21:45;0
17/06/2025 6:41;0
17/06/2025 6:42;0
17/06/2025 6:42;0
17/06/2025 6:43;0
17/06/2025 6:43;0
17/06/2025 6:45;0
17/06/2025 6:50;0
17/06/2025 6:55;0
17/06/2025 7:00;0
17/06/2025 7:05;0
17/06/2025 7:10;39
17/06/2025 7:15;39
17/06/2025 7:20;39
17/06/2025 7:25;39
17/06/2025 7:30;39
17/06/2025 7:35;39
17/06/2025 7:40;39
17/06/2025 7:45;39
17/06/2025 7:50;39
17/06/2025 7:55;41
17/06/2025 8:00;62
17/06/2025 8:05;88
17/06/2025 8:10;98
17/06/2025 8:15;111
17/06/2025 8:20;120
17/06/2025 8:25;131
17/06/2025 8:30;144
17/06/2025 8:35;152
17/06/2025 8:40;170
17/06/2025 8:45;219
17/06/2025 8:50;258
17/06/2025 8:55;273
17/06/2025 9:00;286
17/06/2025 9:05;303
17/06/2025 9:10;317
17/06/2025 9:15;331
17/06/2025 9:20;345
17/06/2025 9:25;360
17/06/2025 9:30;374
17/06/2025 9:35;389
17/06/2025 9:40;403
17/06/2025 9:45;421
17/06/2025 9:50;434
17/06/2025 9:55;443
17/06/2025 10:00;454
17/06/2025 10:05;473
17/06/2025 10:10;489
17/06/2025 10:15;500
17/06/2025 10:20;514
17/06/2025 10:25;524
17/06/2025 10:30;537
17/06/2025 10:35;545
17/06/2025 10:40;550
17/06/2025 10:45;563
17/06/2025 10:50;573
17/06/2025 10:55;577
17/06/2025 11:00;594
17/06/2025 11:05;602
17/06/2025 11:10;610
17/06/2025 11:15;625
17/06/2025 11:20;631
17/06/2025 11:25;634
17/06/2025 11:30;642
17/06/2025 11:35;650
17/06/2025 11:40;660
17/06/2025 11:45;669
17/06/2025 11:50;670
17/06/2025 11:55;678
17/06/2025 12:00;682
17/06/2025 12:05;684
17/06/2025 12:10;689
17/06/2025 12:15;692
17/06/2025 12:20;699
17/06/2025 12:25;701
17/06/2025 12:30;701
17/06/2025 12:35;708
17/06/2025 12:40;714
17/06/2025 12:45;716
17/06/2025 12:50;475
17/06/2025 12:55;461
17/06/2025 13:00;464
17/06/2025 13:05;464
17/06/2025 13:10;466
17/06/2025 13:15;466
17/06/2025 13:20;466
17/06/2025 13:25;465
17/06/2025 13:30;466
17/06/2025 13:35;467
17/06/2025 13:40;465
17/06/2025 13:45;465
17/06/2025 13:50;465
17/06/2025 13:55;464
17/06/2025 14:00;464
17/06/2025 14:05;463
17/06/2025 14:10;461
17/06/2025 14:15;460
17/06/2025 14:20;456
17/06/2025 14:25;497
17/06/2025 14:30;498
17/06/2025 14:35;689
17/06/2025 14:40;704
17/06/2025 14:45;705
17/06/2025 14:50;702
17/06/2025 14:55;698
17/06/2025 15:00;691
17/06/2025 15:05;684
17/06/2025 15:10;678
17/06/2025 15:15;670
17/06/2025 15:20;660
17/06/2025 15:25;660
17/06/2025 15:30;652
17/06/2025 15:35;639
17/06/2025 15:40;631
17/06/2025 15:45;624
17/06/2025 15:50;615
17/06/2025 15:55;609
17/06/2025 16:00;599
17/06/2025 16:05;589
17/06/2025 16:10;576
17/06/2025 16:15;569
17/06/2025 16:20;554
17/06/2025 16:25;550
17/06/2025 16:30;538
17/06/2025 16:35;525
17/06/2025 16:40;513
17/06/2025 16:45;503
17/06/2025 16:50;492
17/06/2025 16:55;482
17/06/2025 17:00;475
17/06/2025 17:05;462
17/06/2025 17:10;447
17/06/2025 17:15;434
17/06/2025 17:20;422
17/06/2025 17:25;409
17/06/2025 17:30;395
17/06/2025 17:35;377
17/06/2025 17:40;364
17/06/2025 17:45;347
17/06/2025 17:50;330
17/06/2025 17:55;318
17/06/2025 18:00;302
17/06/2025 18:05;289
17/06/2025 18:10;272
17/06/2025 18:15;256
17/06/2025 18:20;240
17/06/2025 18:25;223
17/06/2025 18:30;209
17/06/2025 18:35;0
17/06/2025 18:40;176
17/06/2025 18:45;161
17/06/2025 18:50;146
17/06/2025 18:55;130
17/06/2025 19:00;115
17/06/2025 19:05;103
17/06/2025 19:10;87
17/06/2025 19:15;50
17/06/2025 19:20;47
17/06/2025 19:25;44
17/06/2025 19:30;41
17/06/2025 19:35;39
17/06/2025 19:40;39
17/06/2025 19:45;39
17/06/2025 19:50;39
17/06/2025 19:55;39
17/06/2025 20:00;39
17/06/2025 20:05;39
17/06/2025 20:10;39
17/06/2025 20:15;39
17/06/2025 20:20;39
17/06/2025 20:25;39
17/06/2025 20:30;39
17/06/2025 20:35;39
17/06/2025 20:40;39
17/06/2025 20:45;39
17/06/2025 20:50;39
17/06/2025 20:55;39
17/06/2025 21:00;39
17/06/2025 21:05;39
17/06/2025 21:10;39
17/06/2025 21:15;39
17/06/2025 21:20;39
17/06/2025 21:25;39
17/06/2025 21:30;0
17/06/2025 21:35;0
17/06/2025 21:40;0
17/06/2025 21:45;0
18/06/2025 6:42;0
18/06/2025 6:43;0
18/06/2025 6:43;0
18/06/2025 6:44;0
18/06/2025 6:44;0
18/06/2025 6:45;0
18/06/2025 6:50;0
18/06/2025 6:55;0
18/06/2025 7:00;0
18/06/2025 7:05;0
18/06/2025 7:10;0
18/06/2025 7:15;39
18/06/2025 7:20;39
18/06/2025 7:25;39
18/06/2025 7:30;39
18/06/2025 7:35;39
18/06/2025 7:40;39
18/06/2025 7:45;39
18/06/2025 7:50;39
18/06/2025 7:55;40
18/06/2025 8:00;61
18/06/2025 8:05;87
18/06/2025 8:10;98
18/06/2025 8:15;110
18/06/2025 8:20;118
18/06/2025 8:25;126
18/06/2025 8:30;144
18/06/2025 8:35;153
18/06/2025 8:40;171
18/06/2025 8:45;220
18/06/2025 8:50;259
18/06/2025 8:55;275
18/06/2025 9:00;290
18/06/2025 9:05;307
18/06/2025 9:10;323
18/06/2025 9:15;336
18/06/2025 9:20;351
18/06/2025 9:25;367
18/06/2025 9:30;357
18/06/2025 9:35;391
18/06/2025 9:40;400
18/06/2025 9:45;415
18/06/2025 9:50;0
18/06/2025 9:55;453
18/06/2025 9:57;446
18/06/2025 9:57;447
18/06/2025 9:58;449
18/06/2025 10:00;456
18/06/2025 10:05;0
18/06/2025 10:10;479
18/06/2025 10:15;490
18/06/2025 10:20;0
18/06/2025 10:25;510
18/06/2025 10:30;533
18/06/2025 10:32;531
18/06/2025 10:33;530
18/06/2025 10:33;532
18/06/2025 10:35;536
18/06/2025 10:40;550
18/06/2025 10:45;557
18/06/2025 10:50;567
18/06/2025 10:55;574
18/06/2025 11:00;585
18/06/2025 11:05;590
18/06/2025 11:10;603
18/06/2025 11:15;612
18/06/2025 11:20;622
18/06/2025 11:25;625
18/06/2025 11:30;633
18/06/2025 11:35;643
18/06/2025 11:40;650
18/06/2025 11:45;659
18/06/2025 11:50;667
18/06/2025 11:55;674
18/06/2025 12:00;675
18/06/2025 12:05;688
18/06/2025 12:10;696
18/06/2025 12:15;700
18/06/2025 12:20;703
18/06/2025 12:25;709
18/06/2025 12:30;703
18/06/2025 12:35;705
18/06/2025 12:40;704
18/06/2025 12:45;706
18/06/2025 12:50;710
18/06/2025 12:55;709
18/06/2025 13:00;715
18/06/2025 13:05;611
18/06/2025 13:10;464
18/06/2025 13:15;464
18/06/2025 13:20;462
18/06/2025 13:25;463
18/06/2025 13:30;465
18/06/2025 13:35;462
18/06/2025 13:40;464
18/06/2025 13:45;463
18/06/2025 13:50;462
18/06/2025 13:55;463
18/06/2025 14:00;462
18/06/2025 14:05;460
18/06/2025 14:10;459
18/06/2025 14:15;553
18/06/2025 14:20;639
18/06/2025 14:25;682
18/06/2025 14:30;698
18/06/2025 14:35;687
18/06/2025 14:40;682
18/06/2025 14:45;676
18/06/2025 14:50;673
18/06/2025 14:55;672
18/06/2025 15:00;670
18/06/2025 15:05;669
18/06/2025 15:10;660
18/06/2025 15:15;656
18/06/2025 15:20;650
18/06/2025 15:25;643
18/06/2025 15:30;630
18/06/2025 15:35;618
18/06/2025 15:40;614
18/06/2025 15:45;606
18/06/2025 15:50;600
18/06/2025 15:55;587
18/06/2025 16:00;578
18/06/2025 16:05;572
18/06/2025 16:10;565
18/06/2025 16:15;554
18/06/2025 16:20;543
18/06/2025 16:25;536
18/06/2025 16:30;525
18/06/2025 16:35;515
18/06/2025 16:40;506
18/06/2025 16:45;494
18/06/2025 16:50;480
18/06/2025 16:55;470
18/06/2025 17:00;457
18/06/2025 17:05;445
18/06/2025 17:10;434
18/06/2025 17:15;423
18/06/2025 17:20;406
18/06/2025 17:25;389
18/06/2025 17:30;376
18/06/2025 17:35;363
18/06/2025 17:40;347
18/06/2025 17:45;332
18/06/2025 17:50;320
18/06/2025 17:55;305
18/06/2025 18:00;288
18/06/2025 18:05;276
18/06/2025 18:10;263
18/06/2025 18:15;247
18/06/2025 18:20;232
18/06/2025 18:25;218
18/06/2025 18:30;204
18/06/2025 18:35;192
18/06/2025 18:40;180
18/06/2025 18:45;180
18/06/2025 18:50;166
18/06/2025 18:55;0
18/06/2025 19:00;134
18/06/2025 19:05;127
18/06/2025 19:10;119
18/06/2025 19:15;84
18/06/2025 19:20;76
18/06/2025 19:25;60
18/06/2025 19:30;56
18/06/2025 19:35;51
18/06/2025 19:40;48
18/06/2025 19:45;42
18/06/2025 19:50;42
18/06/2025 19:55;48
18/06/2025 20:00;60
18/06/2025 20:05;66
18/06/2025 20:10;64
18/06/2025 20:15;58
18/06/2025 20:20;49
18/06/2025 20:25;41
18/06/2025 20:30;39
18/06/2025 20:35;39
18/06/2025 20:40;39
18/06/2025 20:45;39
18/06/2025 20:50;39
18/06/2025 20:55;39
18/06/2025 21:00;39
18/06/2025 21:05;39
18/06/2025 21:10;39
18/06/2025 21:15;39
18/06/2025 21:20;0
18/06/2025 21:25;0
19/06/2025 6:48;0
19/06/2025 6:48;0
19/06/2025 6:49;0
19/06/2025 6:49;0
19/06/2025 6:50;0
19/06/2025 6:55;0
19/06/2025 7:00;0
19/06/2025 7:05;0
19/06/2025 7:10;0
19/06/2025 7:15;39
19/06/2025 7:20;39
19/06/2025 7:25;39
19/06/2025 7:30;39
19/06/2025 7:35;39
19/06/2025 7:40;39
19/06/2025 7:45;39
19/06/2025 7:50;39
19/06/2025 7:55;44
19/06/2025 8:00;72
19/06/2025 8:05;85
19/06/2025 8:10;96
19/06/2025 8:15;107
19/06/2025 8:20;118
19/06/2025 8:25;132
19/06/2025 8:30;142
19/06/2025 8:35;155
19/06/2025 8:40;178
19/06/2025 8:45;217
19/06/2025 8:50;239
19/06/2025 8:55;249
19/06/2025 9:00;265
19/06/2025 9:05;272
19/06/2025 9:10;222
19/06/2025 9:15;287
19/06/2025 9:20;322
19/06/2025 9:25;335
19/06/2025 9:30;334
19/06/2025 9:35;356
19/06/2025 9:40;381
19/06/2025 9:45;391
19/06/2025 9:50;396
19/06/2025 9:55;399
19/06/2025 10:00;413
19/06/2025 10:05;415
19/06/2025 10:10;441
19/06/2025 10:15;419
19/06/2025 10:20;449
19/06/2025 10:25;479
19/06/2025 10:30;497
19/06/2025 10:35;508
19/06/2025 10:40;518
19/06/2025 10:45;527
19/06/2025 10:50;538
19/06/2025 10:55;552
19/06/2025 11:00;562
19/06/2025 11:05;572
19/06/2025 11:10;580
19/06/2025 11:15;586
19/06/2025 11:20;598
19/06/2025 11:25;611
19/06/2025 11:30;615
19/06/2025 11:35;614
19/06/2025 11:40;622
19/06/2025 11:45;625
19/06/2025 11:50;632
19/06/2025 11:55;637
19/06/2025 12:00;660
19/06/2025 12:05;659
19/06/2025 12:10;663
19/06/2025 12:15;677
19/06/2025 12:20;396
19/06/2025 12:25;713
19/06/2025 12:30;695
19/06/2025 12:35;707
19/06/2025 12:40;721
19/06/2025 12:45;707
19/06/2025 12:50;683
19/06/2025 12:55;633
19/06/2025 13:00;667
19/06/2025 13:05;723
19/06/2025 13:10;568
19/06/2025 13:15;584
19/06/2025 13:20;683
19/06/2025 13:25;710
19/06/2025 13:30;693
19/06/2025 13:35;673
19/06/2025 13:40;654
19/06/2025 13:45;723
19/06/2025 13:50;652
19/06/2025 13:55;718
19/06/2025 14:00;742
19/06/2025 14:05;559
19/06/2025 14:10;738
19/06/2025 14:15;738
19/06/2025 14:20;726
19/06/2025 14:25;697
19/06/2025 14:30;679
19/06/2025 14:35;745
19/06/2025 14:40;726
19/06/2025 14:45;342
19/06/2025 14:50;380
19/06/2025 14:55;426
19/06/2025 15:00;249
19/06/2025 15:05;0
19/06/2025 15:10;220
19/06/2025 15:15;0
19/06/2025 15:20;182
19/06/2025 15:25;197
19/06/2025 15:30;159
19/06/2025 15:35;142
19/06/2025 15:40;120
19/06/2025 15:45;108
19/06/2025 15:50;97
19/06/2025 15:55;83
19/06/2025 16:00;77
19/06/2025 16:05;39
19/06/2025 16:10;46
19/06/2025 16:15;40
19/06/2025 16:20;57
19/06/2025 16:25;55
19/06/2025 16:30;45
19/06/2025 16:35;39
19/06/2025 16:40;39
19/06/2025 16:45;39
19/06/2025 16:50;39
19/06/2025 16:55;39
19/06/2025 17:00;39
19/06/2025 17:05;43
19/06/2025 17:10;59
19/06/2025 17:15;75
19/06/2025 17:20;81
19/06/2025 17:25;75
19/06/2025 17:30;67
19/06/2025 17:35;71
19/06/2025 17:40;67
19/06/2025 17:45;51
19/06/2025 17:50;53
19/06/2025 17:55;102
19/06/2025 18:00;96
19/06/2025 18:05;71
19/06/2025 18:10;52
19/06/2025 18:15;39
19/06/2025 18:20;41
19/06/2025 18:25;39
19/06/2025 18:30;39
19/06/2025 18:35;39
19/06/2025 18:40;47
19/06/2025 18:45;53
19/06/2025 18:50;39
19/06/2025 18:55;39
19/06/2025 19:00;39
19/06/2025 19:05;39
19/06/2025 19:10;41
19/06/2025 19:15;39
19/06/2025 19:20;39
19/06/2025 19:25;39
19/06/2025 19:30;39
19/06/2025 19:35;39
19/06/2025 19:40;39
19/06/2025 19:45;41
19/06/2025 19:50;60
19/06/2025 19:55;66
19/06/2025 20:00;64
19/06/2025 20:05;66
19/06/2025 20:10;71
19/06/2025 20:15;75
19/06/2025 20:20;77
19/06/2025 20:25;70
19/06/2025 20:30;60
19/06/2025 20:35;45
19/06/2025 20:40;39
19/06/2025 20:45;39
19/06/2025 20:50;39
19/06/2025 20:55;39
19/06/2025 21:00;39
19/06/2025 21:05;39
19/06/2025 21:10;39
19/06/2025 21:15;39
19/06/2025 21:20;39
19/06/2025 21:25;39
19/06/2025 21:30;39
19/06/2025 21:35;0
20/06/2025 7:05;0
20/06/2025 7:05;0
20/06/2025 7:06;0
20/06/2025 7:06;0
20/06/2025 7:07;0
20/06/2025 7:10;0
20/06/2025 7:15;0
20/06/2025 7:20;0
20/06/2025 7:25;0
20/06/2025 7:30;0
20/06/2025 7:35;0
20/06/2025 7:40;0
20/06/2025 7:45;39
20/06/2025 7:50;39
20/06/2025 7:55;39
20/06/2025 8:00;39
20/06/2025 8:05;39
20/06/2025 8:10;39
20/06/2025 8:15;39
20/06/2025 8:20;39
20/06/2025 8:25;39
20/06/2025 8:30;39
20/06/2025 8:35;39
20/06/2025 8:40;41
20/06/2025 8:45;45
20/06/2025 8:50;49
20/06/2025 8:55;49
20/06/2025 9:00;54
20/06/2025 9:05;65
20/06/2025 9:10;76
20/06/2025 9:15;75
20/06/2025 9:20;75
20/06/2025 9:25;90
20/06/2025 9:30;109
20/06/2025 9:35;127
20/06/2025 9:40;152
20/06/2025 9:45;170
20/06/2025 9:50;205
20/06/2025 9:55;523
20/06/2025 10:00;563
20/06/2025 10:05;567
20/06/2025 10:10;553
20/06/2025 10:15;542
20/06/2025 10:20;533
20/06/2025 10:25;388
20/06/2025 10:30;523
20/06/2025 10:35;530
20/06/2025 10:40;547
20/06/2025 10:40;528
20/06/2025 10:41;534
20/06/2025 10:41;539
20/06/2025 10:45;548
20/06/2025 10:50;553
20/06/2025 10:55;572
20/06/2025 11:00;573
20/06/2025 11:05;584
20/06/2025 11:10;594
20/06/2025 11:15;610
20/06/2025 11:20;616
20/06/2025 11:25;623
20/06/2025 11:30;618
20/06/2025 11:35;640
20/06/2025 11:40;654
20/06/2025 11:45;668
20/06/2025 11:50;685
20/06/2025 11:55;434
20/06/2025 12:00;675
20/06/2025 12:05;658
20/06/2025 12:10;661
20/06/2025 12:15;660
20/06/2025 12:20;660
20/06/2025 12:25;664
20/06/2025 12:30;680
20/06/2025 12:35;683
20/06/2025 12:40;678
20/06/2025 12:45;678
20/06/2025 12:50;684
20/06/2025 12:55;689
20/06/2025 13:00;685
20/06/2025 13:05;698
20/06/2025 13:10;694
20/06/2025 13:15;688
20/06/2025 13:20;695
20/06/2025 13:25;702
20/06/2025 13:30;704
20/06/2025 13:35;706
20/06/2025 13:40;707
20/06/2025 13:45;710
20/06/2025 13:50;708
20/06/2025 13:55;706
20/06/2025 14:00;705
20/06/2025 14:05;696
20/06/2025 14:10;691
20/06/2025 14:15;691
20/06/2025 14:20;681
20/06/2025 14:25;677
20/06/2025 14:30;667
20/06/2025 14:35;664
20/06/2025 14:40;657
20/06/2025 14:45;661
20/06/2025 14:50;661
20/06/2025 14:55;659
20/06/2025 15:00;654
20/06/2025 15:05;649
20/06/2025 15:10;647
20/06/2025 15:15;641
20/06/2025 15:20;637
20/06/2025 15:25;632
20/06/2025 15:30;623
20/06/2025 15:35;621
20/06/2025 15:40;612
20/06/2025 15:45;602
20/06/2025 15:50;592
20/06/2025 15:55;584
20/06/2025 16:00;571
20/06/2025 16:05;563
20/06/2025 16:10;559
20/06/2025 16:15;571
20/06/2025 16:20;538
20/06/2025 16:25;529
20/06/2025 16:30;517
20/06/2025 16:35;503
20/06/2025 16:40;492
20/06/2025 16:45;481
20/06/2025 16:50;467
20/06/2025 16:55;458
20/06/2025 17:00;449
20/06/2025 17:05;432
20/06/2025 17:10;423
20/06/2025 17:15;410
20/06/2025 17:20;396
20/06/2025 17:25;385
20/06/2025 17:30;375
20/06/2025 17:35;0
20/06/2025 17:40;344
20/06/2025 17:45;330
20/06/2025 17:50;317
20/06/2025 17:55;302
20/06/2025 18:00;290
20/06/2025 18:05;279
20/06/2025 18:10;227
20/06/2025 18:15;254
20/06/2025 18:20;249
20/06/2025 18:25;224
20/06/2025 18:30;206
20/06/2025 18:35;192
20/06/2025 18:40;138
20/06/2025 18:45;166
20/06/2025 18:50;0
20/06/2025 18:55;130
20/06/2025 19:00;67
20/06/2025 19:05;105
20/06/2025 19:10;42
20/06/2025 19:15;47
20/06/2025 19:20;55
20/06/2025 19:25;56
20/06/2025 19:30;68
20/06/2025 19:35;77
20/06/2025 19:40;57
20/06/2025 19:45;53
20/06/2025 19:50;53
20/06/2025 19:55;52
20/06/2025 20:00;45
20/06/2025 20:05;39
20/06/2025 20:10;39
20/06/2025 20:15;39
20/06/2025 20:20;39
20/06/2025 20:25;39
20/06/2025 20:30;39
20/06/2025 20:35;39
20/06/2025 20:40;39
20/06/2025 20:45;39
20/06/2025 20:50;39
20/06/2025 20:55;39
20/06/2025 21:00;39
20/06/2025 21:05;39
20/06/2025 21:10;39
20/06/2025 21:15;39
20/06/2025 21:20;39
20/06/2025 21:25;39
20/06/2025 21:30;39
20/06/2025 21:35;0
21/06/2025 7:09;0
21/06/2025 7:10;0
21/06/2025 7:10;0
21/06/2025 7:11;0
21/06/2025 7:11;0
21/06/2025 7:15;0
21/06/2025 7:20;0
21/06/2025 7:25;0
21/06/2025 7:30;0
21/06/2025 7:35;0
21/06/2025 7:40;0
21/06/2025 7:45;0
21/06/2025 7:50;0
21/06/2025 7:55;0
21/06/2025 8:00;0
21/06/2025 8:05;0
21/06/2025 8:10;0
21/06/2025 8:15;39
21/06/2025 8:20;39
21/06/2025 8:25;39
21/06/2025 8:30;39
21/06/2025 8:35;39
21/06/2025 8:40;39
21/06/2025 8:45;39
21/06/2025 8:50;39
21/06/2025 8:55;39
21/06/2025 9:00;39
21/06/2025 9:05;39
21/06/2025 9:10;39
21/06/2025 9:15;39
21/06/2025 9:20;39
21/06/2025 9:25;39
21/06/2025 9:30;39
21/06/2025 9:35;39
21/06/2025 9:40;39
21/06/2025 9:45;39
21/06/2025 9:50;39
21/06/2025 9:55;46
21/06/2025 10:00;58
21/06/2025 10:05;55
21/06/2025 10:10;72
21/06/2025 10:15;71
21/06/2025 10:20;80
21/06/2025 10:25;99
21/06/2025 10:30;131
21/06/2025 10:35;111
21/06/2025 10:40;116
21/06/2025 10:45;117
21/06/2025 10:50;110
21/06/2025 10:55;113
21/06/2025 11:00;120
21/06/2025 11:05;129
21/06/2025 11:10;118
21/06/2025 11:15;110
21/06/2025 11:20;83
21/06/2025 11:25;130
21/06/2025 11:30;133
21/06/2025 11:35;125
21/06/2025 11:40;117
21/06/2025 11:45;110
21/06/2025 11:50;111
21/06/2025 11:55;97
21/06/2025 12:00;107
21/06/2025 12:05;92
21/06/2025 12:10;72
21/06/2025 12:15;105
21/06/2025 12:20;129
21/06/2025 12:25;175
21/06/2025 12:30;201
21/06/2025 12:35;251
21/06/2025 12:40;243
21/06/2025 12:45;203
21/06/2025 12:50;256
21/06/2025 12:55;189
21/06/2025 13:00;214
21/06/2025 13:05;259
21/06/2025 13:10;217
21/06/2025 13:15;313
21/06/2025 13:20;261
21/06/2025 13:25;183
21/06/2025 13:30;134
21/06/2025 13:35;126
21/06/2025 13:40;137
21/06/2025 13:45;195
21/06/2025 13:50;242
21/06/2025 13:55;234
21/06/2025 14:00;237
21/06/2025 14:05;185
21/06/2025 14:10;164
21/06/2025 14:15;146
21/06/2025 14:20;194
21/06/2025 14:25;216
21/06/2025 14:30;213
21/06/2025 14:35;244
21/06/2025 14:40;324
21/06/2025 14:45;353
21/06/2025 14:50;379
21/06/2025 14:55;315
21/06/2025 15:00;283
21/06/2025 15:05;294
21/06/2025 15:10;271
21/06/2025 15:15;301
21/06/2025 15:20;302
21/06/2025 15:25;320
21/06/2025 15:30;324
21/06/2025 15:35;310
21/06/2025 15:40;318
21/06/2025 15:45;314
21/06/2025 15:50;297
21/06/2025 15:55;301
21/06/2025 16:00;283
21/06/2025 16:05;289
21/06/2025 16:10;274
21/06/2025 16:15;292
21/06/2025 16:20;282
21/06/2025 16:25;280
21/06/2025 16:30;217
21/06/2025 16:35;243
21/06/2025 16:40;200
21/06/2025 16:45;170
21/06/2025 16:50;149
21/06/2025 16:55;152
21/06/2025 17:00;184
21/06/2025 17:05;169
21/06/2025 17:10;145
21/06/2025 17:15;122
21/06/2025 17:20;193
21/06/2025 17:25;183
21/06/2025 17:30;271
21/06/2025 17:35;301
21/06/2025 17:40;296
21/06/2025 17:45;173
21/06/2025 17:50;142
21/06/2025 17:55;207
21/06/2025 18:00;168
21/06/2025 18:05;116
21/06/2025 18:10;98
21/06/2025 18:15;92
21/06/2025 18:20;90
21/06/2025 18:25;115
21/06/2025 18:30;78
21/06/2025 18:35;75
21/06/2025 18:40;41
21/06/2025 18:45;39
21/06/2025 18:50;39
21/06/2025 18:55;39
21/06/2025 19:00;39
21/06/2025 19:05;39
21/06/2025 19:10;0
21/06/2025 20:31;0
21/06/2025 20:32;0
21/06/2025 20:32;0
21/06/2025 20:33;0
21/06/2025 20:33;0
21/06/2025 20:55;0
21/06/2025 20:56;0
21/06/2025 20:56;0
21/06/2025 20:57;0
21/06/2025 20:57;0
21/06/2025 21:01;0
21/06/2025 21:02;0
21/06/2025 21:02;0
21/06/2025 21:03;0
21/06/2025 21:05;0
21/06/2025 21:06;0
21/06/2025 21:06;0
21/06/2025 21:07;0
21/06/2025 21:07;0
21/06/2025 21:10;0
22/06/2025 7:13;0
22/06/2025 7:14;0
22/06/2025 7:14;0
22/06/2025 7:15;0
22/06/2025 7:15;0
22/06/2025 7:20;0
22/06/2025 7:25;0
22/06/2025 7:30;0
22/06/2025 7:35;0
22/06/2025 7:40;0
22/06/2025 7:45;0
22/06/2025 7:50;0
22/06/2025 7:55;0
22/06/2025 8:00;39
22/06/2025 8:05;39
22/06/2025 8:10;39
22/06/2025 8:15;39
22/06/2025 8:20;39
22/06/2025 8:25;47
22/06/2025 8:30;48
22/06/2025 8:35;47
22/06/2025 8:40;62
22/06/2025 8:45;74
22/06/2025 8:50;56
22/06/2025 8:55;39
22/06/2025 9:00;39
22/06/2025 9:05;39
22/06/2025 9:10;39
22/06/2025 9:15;39
22/06/2025 9:20;39
22/06/2025 9:25;39
22/06/2025 9:30;39
22/06/2025 9:35;39
22/06/2025 9:40;39
22/06/2025 9:45;39
22/06/2025 9:50;39
22/06/2025 9:55;39
22/06/2025 10:00;39
22/06/2025 10:05;41
22/06/2025 10:10;51
22/06/2025 10:15;68
22/06/2025 10:20;80
22/06/2025 10:25;89
22/06/2025 10:30;90
22/06/2025 10:35;95
22/06/2025 10:40;95
22/06/2025 10:45;109
22/06/2025 10:50;121
22/06/2025 10:55;130
22/06/2025 11:00;145
22/06/2025 11:05;178
22/06/2025 11:10;192
22/06/2025 11:15;164
22/06/2025 11:20;162
22/06/2025 11:25;154
22/06/2025 11:30;136
22/06/2025 11:35;138
22/06/2025 11:40;156
22/06/2025 11:45;220
22/06/2025 11:50;141
22/06/2025 11:55;189
22/06/2025 12:00;125
22/06/2025 12:05;174
22/06/2025 12:10;165
22/06/2025 12:15;121
22/06/2025 12:20;143
22/06/2025 12:25;57
22/06/2025 12:30;119
22/06/2025 12:35;192
22/06/2025 12:40;196
22/06/2025 12:45;128
22/06/2025 12:50;115
22/06/2025 12:55;91
22/06/2025 13:00;191
22/06/2025 13:05;200
22/06/2025 13:10;110
22/06/2025 13:15;143
22/06/2025 13:20;122
22/06/2025 13:25;176
22/06/2025 13:30;122
22/06/2025 13:35;201
22/06/2025 13:40;193
22/06/2025 13:45;170
22/06/2025 13:50;176
22/06/2025 13:55;157
22/06/2025 14:00;176
22/06/2025 14:05;164
22/06/2025 14:10;140
22/06/2025 14:15;148
22/06/2025 14:20;143
22/06/2025 14:25;132
22/06/2025 14:30;142
22/06/2025 14:35;118
22/06/2025 14:40;94
22/06/2025 14:45;122
22/06/2025 14:50;106
22/06/2025 14:55;173
22/06/2025 15:00;164
22/06/2025 15:05;169
22/06/2025 15:10;182
22/06/2025 15:15;0
22/06/2025 15:20;167
22/06/2025 15:25;156
22/06/2025 15:30;155
22/06/2025 15:35;39
22/06/2025 15:40;39
22/06/2025 15:45;57
22/06/2025 15:50;109
22/06/2025 15:55;136
22/06/2025 16:00;87
22/06/2025 16:05;48
22/06/2025 16:10;106
22/06/2025 16:15;121
22/06/2025 16:20;39
22/06/2025 16:25;104
22/06/2025 16:30;186
22/06/2025 16:35;180
22/06/2025 16:40;99
22/06/2025 16:45;203
22/06/2025 16:50;265
22/06/2025 16:55;184
22/06/2025 17:00;149
22/06/2025 17:05;0
22/06/2025 17:10;140
22/06/2025 17:15;150
22/06/2025 17:20;160
22/06/2025 17:25;107
22/06/2025 17:30;61
22/06/2025 17:35;174
22/06/2025 17:40;110
22/06/2025 17:45;171
22/06/2025 17:50;87
22/06/2025 17:55;115
22/06/2025 18:00;106
22/06/2025 18:05;118
22/06/2025 18:10;146
22/06/2025 18:15;195
22/06/2025 18:20;168
22/06/2025 18:25;198
22/06/2025 18:30;131
22/06/2025 18:35;128
22/06/2025 18:40;99
22/06/2025 18:45;43
22/06/2025 18:50;39
22/06/2025 18:55;76
22/06/2025 19:00;68
22/06/2025 19:05;58
22/06/2025 19:10;49
22/06/2025 19:15;49
22/06/2025 19:20;51
22/06/2025 19:25;43
22/06/2025 19:30;42
22/06/2025 19:35;39
22/06/2025 19:40;39
22/06/2025 19:45;39
22/06/2025 19:50;39
22/06/2025 19:55;39
22/06/2025 20:00;39
22/06/2025 20:05;39
22/06/2025 20:10;39
22/06/2025 20:15;39
22/06/2025 20:20;39
22/06/2025 20:25;39
22/06/2025 20:30;39
22/06/2025 20:35;39
22/06/2025 20:40;39
22/06/2025 20:45;39
22/06/2025 20:50;39
22/06/2025 20:55;39
22/06/2025 21:00;39
22/06/2025 21:05;39
22/06/2025 21:10;39
22/06/2025 21:15;0
22/06/2025 21:20;0
22/06/2025 21:25;0
22/06/2025 21:30;0
23/06/2025 6:45;0
23/06/2025 6:46;0
23/06/2025 6:46;0
23/06/2025 6:47;0
23/06/2025 6:47;0
23/06/2025 6:50;0
23/06/2025 6:55;0
23/06/2025 7:00;0
23/06/2025 7:05;0
23/06/2025 7:10;39
23/06/2025 7:15;39
23/06/2025 7:20;39
23/06/2025 7:25;39
23/06/2025 7:30;39
23/06/2025 7:35;39
23/06/2025 7:40;39
23/06/2025 7:45;39
23/06/2025 7:50;39
23/06/2025 7:55;43
23/06/2025 8:00;67
23/06/2025 8:05;80
23/06/2025 8:10;62
23/06/2025 8:15;61
23/06/2025 8:20;62
23/06/2025 8:25;76
23/06/2025 8:30;77
23/06/2025 8:35;67
23/06/2025 8:40;64
23/06/2025 8:45;65
23/06/2025 8:50;68
23/06/2025 8:55;67
23/06/2025 9:00;64
23/06/2025 9:05;64
23/06/2025 9:10;61
23/06/2025 9:15;64
23/06/2025 9:20;61
23/06/2025 9:25;66
23/06/2025 9:30;74
23/06/2025 9:35;85
23/06/2025 9:40;92
23/06/2025 9:45;99
23/06/2025 9:50;101
23/06/2025 9:55;103
23/06/2025 10:00;97
23/06/2025 10:05;96
23/06/2025 10:10;103
23/06/2025 10:15;102
23/06/2025 10:20;112
23/06/2025 10:25;153
23/06/2025 10:30;160
23/06/2025 10:35;156
23/06/2025 10:40;134
23/06/2025 10:45;105
23/06/2025 10:50;70
23/06/2025 10:55;71
23/06/2025 11:00;75
23/06/2025 11:05;66
23/06/2025 11:10;82
23/06/2025 11:15;100
23/06/2025 11:20;110
23/06/2025 11:25;127
23/06/2025 11:30;153
23/06/2025 11:35;132
23/06/2025 11:40;123
23/06/2025 11:45;100
23/06/2025 11:50;73
23/06/2025 11:55;71
23/06/2025 12:00;78
23/06/2025 12:05;80
23/06/2025 12:10;81
23/06/2025 12:15;74
23/06/2025 12:20;68
23/06/2025 12:25;80
23/06/2025 12:30;97
23/06/2025 12:35;113
23/06/2025 12:40;139
23/06/2025 12:45;163
23/06/2025 12:50;136
23/06/2025 12:55;134
23/06/2025 13:00;134
23/06/2025 13:05;130
23/06/2025 13:10;116
23/06/2025 13:15;103
23/06/2025 13:20;96
23/06/2025 13:25;112
23/06/2025 13:30;145
23/06/2025 13:35;198
23/06/2025 13:40;184
23/06/2025 13:45;164
23/06/2025 13:50;176
23/06/2025 13:55;175
23/06/2025 14:00;154
23/06/2025 14:05;162
23/06/2025 14:10;192
23/06/2025 14:15;201
23/06/2025 14:20;220
23/06/2025 14:25;187
23/06/2025 14:30;211
23/06/2025 14:35;258
23/06/2025 14:40;304
23/06/2025 14:45;312
23/06/2025 14:50;319
23/06/2025 14:55;250
23/06/2025 15:00;290
23/06/2025 15:05;265
23/06/2025 15:10;344
23/06/2025 15:15;290
23/06/2025 15:20;266
23/06/2025 15:25;266
23/06/2025 15:30;281
23/06/2025 15:35;277
23/06/2025 15:40;278
23/06/2025 15:45;272
23/06/2025 15:50;265
23/06/2025 15:55;260
23/06/2025 16:00;278
23/06/2025 16:05;234
23/06/2025 16:10;236
23/06/2025 16:15;221
23/06/2025 16:20;199
23/06/2025 16:25;218
23/06/2025 16:30;192
23/06/2025 16:35;190
23/06/2025 16:40;202
23/06/2025 16:45;218
23/06/2025 16:50;199
23/06/2025 16:55;199
23/06/2025 17:00;173
23/06/2025 17:05;190
23/06/2025 17:10;188
23/06/2025 17:15;0
23/06/2025 17:20;134
23/06/2025 17:25;138
23/06/2025 17:30;137
23/06/2025 17:35;143
23/06/2025 17:40;144
23/06/2025 17:45;187
23/06/2025 17:50;159
23/06/2025 17:55;145
23/06/2025 18:00;119
23/06/2025 18:05;130
23/06/2025 18:10;164
23/06/2025 18:15;180
23/06/2025 18:20;166
23/06/2025 18:25;163
23/06/2025 18:30;145
23/06/2025 18:35;140
23/06/2025 18:40;140
23/06/2025 18:45;117
23/06/2025 18:50;103
23/06/2025 18:55;92
23/06/2025 19:00;110
23/06/2025 19:05;108
23/06/2025 19:10;112
23/06/2025 19:15;117
23/06/2025 19:20;109
23/06/2025 19:25;80
23/06/2025 19:30;92
23/06/2025 19:35;75
23/06/2025 19:40;65
23/06/2025 19:45;60
23/06/2025 19:50;55
23/06/2025 19:55;52
23/06/2025 20:00;52
23/06/2025 20:05;49
23/06/2025 20:10;44
23/06/2025 20:15;46
23/06/2025 20:20;39
23/06/2025 20:25;39
23/06/2025 20:30;39
23/06/2025 20:35;39
23/06/2025 20:40;39
23/06/2025 20:45;39
23/06/2025 20:50;39
23/06/2025 20:55;39
23/06/2025 21:00;39
23/06/2025 21:05;39
23/06/2025 21:10;39
23/06/2025 21:15;39
23/06/2025 21:20;39
23/06/2025 21:25;39
23/06/2025 21:30;0
24/06/2025 7:16;0
24/06/2025 7:17;0
24/06/2025 7:17;0
24/06/2025 7:18;0
24/06/2025 7:18;0
24/06/2025 7:20;0
24/06/2025 7:25;0
24/06/2025 7:30;0
24/06/2025 7:35;0
24/06/2025 7:40;0
24/06/2025 7:45;0
24/06/2025 7:50;0
24/06/2025 7:55;0
24/06/2025 8:00;39
24/06/2025 8:05;39
24/06/2025 8:10;39
24/06/2025 8:15;73
24/06/2025 8:20;83
24/06/2025 8:25;133
24/06/2025 8:30;146
24/06/2025 8:35;85
24/06/2025 8:40;88
24/06/2025 8:45;103
24/06/2025 8:50;156
24/06/2025 8:55;172
24/06/2025 9:00;81
24/06/2025 9:05;97
24/06/2025 9:10;117
24/06/2025 9:15;121
24/06/2025 9:20;134
24/06/2025 9:25;120
24/06/2025 9:30;137
24/06/2025 9:35;456
24/06/2025 9:40;329
24/06/2025 9:45;200
24/06/2025 9:50;376
24/06/2025 9:55;318
24/06/2025 10:00;456
24/06/2025 10:05;247
24/06/2025 10:10;297
24/06/2025 10:15;206
24/06/2025 10:20;342
24/06/2025 10:25;395
24/06/2025 10:30;496
24/06/2025 10:35;557
24/06/2025 10:40;558
24/06/2025 10:45;558
24/06/2025 10:50;568
24/06/2025 10:55;589
24/06/2025 11:00;568
24/06/2025 11:05;612
24/06/2025 11:10;582
24/06/2025 11:15;587
24/06/2025 11:20;645
24/06/2025 11:25;587
24/06/2025 11:30;421
24/06/2025 11:35;539
24/06/2025 11:40;442
24/06/2025 11:45;381
24/06/2025 11:50;418
24/06/2025 11:55;277
24/06/2025 12:00;335
24/06/2025 12:05;537
24/06/2025 12:10;629
24/06/2025 12:15;594
24/06/2025 12:20;419
24/06/2025 12:25;681
24/06/2025 12:30;689
24/06/2025 12:35;637
24/06/2025 12:40;575
24/06/2025 12:45;582
24/06/2025 12:50;437
24/06/2025 12:55;663
24/06/2025 13:00;654
24/06/2025 13:05;550
24/06/2025 13:10;729
24/06/2025 13:15;711
24/06/2025 13:20;502
24/06/2025 13:25;520
24/06/2025 13:30;673
24/06/2025 13:35;567
24/06/2025 13:40;416
24/06/2025 13:45;332
24/06/2025 13:50;0
24/06/2025 13:55;422
24/06/2025 14:00;354
24/06/2025 14:05;395
24/06/2025 14:10;381
24/06/2025 14:15;399
24/06/2025 14:20;549
24/06/2025 14:25;472
24/06/2025 14:30;420
24/06/2025 14:35;325
24/06/2025 14:40;281
24/06/2025 14:45;315
24/06/2025 14:50;378
24/06/2025 14:55;467
24/06/2025 15:00;415
24/06/2025 15:05;473
24/06/2025 15:10;320
24/06/2025 15:15;330
24/06/2025 15:20;318
24/06/2025 15:25;306
24/06/2025 15:30;370
24/06/2025 15:35;319
24/06/2025 15:40;290
24/06/2025 15:45;273
24/06/2025 15:50;269
24/06/2025 15:55;305
24/06/2025 16:00;267
24/06/2025 16:05;272
24/06/2025 16:10;307
24/06/2025 16:15;294
24/06/2025 16:20;417
24/06/2025 16:25;345
24/06/2025 16:30;250
24/06/2025 16:35;255
24/06/2025 16:40;198
24/06/2025 16:45;206
24/06/2025 16:50;306
24/06/2025 16:55;306
24/06/2025 17:00;334
24/06/2025 17:05;421
24/06/2025 17:10;370
24/06/2025 17:15;375
24/06/2025 17:20;364
24/06/2025 17:25;375
24/06/2025 17:30;302
24/06/2025 17:35;297
24/06/2025 17:40;311
24/06/2025 17:45;307
24/06/2025 17:50;210
24/06/2025 17:55;251
24/06/2025 18:00;306
24/06/2025 18:05;287
24/06/2025 18:10;282
24/06/2025 18:15;249
24/06/2025 18:20;285
24/06/2025 18:25;282
24/06/2025 18:30;275
24/06/2025 18:35;0
24/06/2025 18:40;130
24/06/2025 18:45;0
24/06/2025 18:50;168
24/06/2025 18:55;153
24/06/2025 19:00;0
24/06/2025 19:05;134
24/06/2025 19:10;133
24/06/2025 19:15;0
24/06/2025 19:20;93
24/06/2025 19:25;65
24/06/2025 19:30;50
24/06/2025 19:35;45
24/06/2025 19:40;48
24/06/2025 19:45;39
24/06/2025 19:50;39
24/06/2025 19:55;39
24/06/2025 20:00;39
24/06/2025 20:05;0
25/06/2025 6:41;0
25/06/2025 6:42;0
25/06/2025 6:42;0
25/06/2025 6:43;0
25/06/2025 6:43;0
25/06/2025 6:45;0
25/06/2025 6:50;0
25/06/2025 6:55;0
25/06/2025 7:00;0
25/06/2025 7:05;0
25/06/2025 7:10;0
25/06/2025 7:15;0
25/06/2025 7:20;0
25/06/2025 7:25;0
25/06/2025 7:30;39
25/06/2025 7:35;39
25/06/2025 7:40;39
25/06/2025 7:45;39
25/06/2025 7:50;39
25/06/2025 7:55;39
25/06/2025 8:00;39
25/06/2025 8:05;39
25/06/2025 8:10;61
25/06/2025 8:15;39
25/06/2025 8:20;39
25/06/2025 8:25;127
25/06/2025 8:30;109
25/06/2025 8:35;138
25/06/2025 8:40;170
25/06/2025 8:45;203
25/06/2025 8:50;246
25/06/2025 8:55;263
25/06/2025 9:00;278
25/06/2025 9:05;294
25/06/2025 9:10;306
25/06/2025 9:15;321
25/06/2025 9:20;335
25/06/2025 9:25;353
25/06/2025 9:30;371
25/06/2025 9:35;387
25/06/2025 9:40;404
25/06/2025 9:45;415
25/06/2025 9:50;429
25/06/2025 9:55;438
25/06/2025 10:00;446
25/06/2025 10:05;459
25/06/2025 10:10;468
25/06/2025 10:15;445
25/06/2025 10:20;502
25/06/2025 10:25;310
25/06/2025 10:30;582
25/06/2025 10:35;604
25/06/2025 10:40;617
25/06/2025 10:45;223
25/06/2025 10:50;200
25/06/2025 10:55;212
25/06/2025 11:00;237
25/06/2025 11:05;248
25/06/2025 11:10;242
25/06/2025 11:15;218
25/06/2025 11:20;205
25/06/2025 11:25;206
25/06/2025 11:30;306
25/06/2025 11:35;648
25/06/2025 11:40;682
25/06/2025 11:45;699
25/06/2025 11:50;710
25/06/2025 11:55;283
25/06/2025 12:00;690
25/06/2025 12:05;725
25/06/2025 12:10;513
25/06/2025 12:15;421
25/06/2025 12:20;342
25/06/2025 12:25;461
25/06/2025 12:30;681
25/06/2025 12:35;292
25/06/2025 12:40;269
25/06/2025 12:45;780
25/06/2025 12:50;753
25/06/2025 12:55;780
25/06/2025 13:00;628
25/06/2025 13:05;707
25/06/2025 13:10;480
25/06/2025 13:15;780
25/06/2025 13:20;344
25/06/2025 13:25;693
25/06/2025 13:30;328
25/06/2025 13:35;780
25/06/2025 13:40;534
25/06/2025 13:45;533
25/06/2025 13:50;699
25/06/2025 13:55;644
25/06/2025 14:00;414
25/06/2025 14:05;447
25/06/2025 14:10;192
25/06/2025 14:15;141
25/06/2025 14:20;398
25/06/2025 14:25;412
25/06/2025 14:30;249
25/06/2025 14:35;244
25/06/2025 14:40;381
25/06/2025 14:45;400
25/06/2025 14:50;185
25/06/2025 14:55;443
25/06/2025 15:00;356
25/06/2025 15:05;724
25/06/2025 15:10;780
25/06/2025 15:15;643
25/06/2025 15:20;780
25/06/2025 15:25;494
25/06/2025 15:30;701
25/06/2025 15:35;303
25/06/2025 15:40;344
25/06/2025 15:45;215
25/06/2025 15:50;177
25/06/2025 15:55;219
25/06/2025 16:00;198
25/06/2025 16:05;203
25/06/2025 16:10;221
25/06/2025 16:15;246
25/06/2025 16:20;254
25/06/2025 16:25;293
25/06/2025 16:30;315
25/06/2025 16:35;373
25/06/2025 16:40;556
25/06/2025 16:45;308
25/06/2025 16:50;341
25/06/2025 16:55;200
25/06/2025 17:00;218
25/06/2025 17:05;269
25/06/2025 17:10;272
25/06/2025 17:15;361
25/06/2025 17:20;249
25/06/2025 17:25;195
25/06/2025 17:30;250
25/06/2025 17:35;270
25/06/2025 17:40;175
25/06/2025 17:45;185
25/06/2025 17:50;179
25/06/2025 17:55;71
25/06/2025 17:56;97
25/06/2025 17:56;94
25/06/2025 17:57;86
25/06/2025 18:00;46
25/06/2025 18:05;43
25/06/2025 18:10;135
25/06/2025 18:15;185
25/06/2025 18:20;174
25/06/2025 18:25;189
25/06/2025 18:30;185
25/06/2025 18:35;286
25/06/2025 18:40;220
25/06/2025 18:45;187
25/06/2025 18:50;102
25/06/2025 18:55;96
25/06/2025 19:00;81
25/06/2025 19:05;141
25/06/2025 19:10;128
25/06/2025 19:15;85
25/06/2025 19:20;74
25/06/2025 19:25;76
25/06/2025 19:30;81
25/06/2025 19:35;59
25/06/2025 19:40;52
25/06/2025 19:45;50
25/06/2025 19:50;68
25/06/2025 19:55;75
25/06/2025 20:00;75
25/06/2025 20:05;39
25/06/2025 20:10;39
25/06/2025 20:15;39
25/06/2025 20:20;39
25/06/2025 20:25;39
25/06/2025 20:30;47
25/06/2025 20:35;75
25/06/2025 20:40;47
25/06/2025 20:45;44
25/06/2025 20:50;44
25/06/2025 20:55;40
25/06/2025 21:00;39
25/06/2025 21:05;39
25/06/2025 21:10;39
25/06/2025 21:15;39
25/06/2025 21:20;39
25/06/2025 21:25;39
25/06/2025 21:30;39
25/06/2025 21:35;40
25/06/2025 21:40;0
25/06/2025 21:45;0
26/06/2025 7:10;0
26/06/2025 7:10;0
26/06/2025 7:11;0
26/06/2025 7:11;0
26/06/2025 7:12;0
26/06/2025 7:15;0
26/06/2025 7:20;0
26/06/2025 7:25;0
26/06/2025 7:30;0
26/06/2025 7:35;0
26/06/2025 7:40;0
26/06/2025 7:45;39
26/06/2025 7:50;39
26/06/2025 7:55;39
26/06/2025 8:00;39
26/06/2025 8:05;39
26/06/2025 8:10;39
26/06/2025 8:15;39
26/06/2025 8:20;49
26/06/2025 8:25;68
26/06/2025 8:30;106
26/06/2025 8:35;96
26/06/2025 8:40;65
26/06/2025 8:45;91
26/06/2025 8:50;114
26/06/2025 8:55;95
26/06/2025 9:00;68
26/06/2025 9:05;65
26/06/2025 9:10;75
26/06/2025 9:15;60
26/06/2025 9:20;70
26/06/2025 9:25;69
26/06/2025 9:30;69
26/06/2025 9:35;62
26/06/2025 9:40;62
26/06/2025 9:45;63
26/06/2025 9:50;126
26/06/2025 9:55;132
26/06/2025 10:00;156
26/06/2025 10:05;136
26/06/2025 10:10;137
26/06/2025 10:15;143
26/06/2025 10:20;144
26/06/2025 10:25;144
26/06/2025 10:30;153
26/06/2025 10:35;149
26/06/2025 10:40;157
26/06/2025 10:45;182
26/06/2025 10:50;201
26/06/2025 10:55;226
26/06/2025 11:00;261
26/06/2025 11:05;292
26/06/2025 11:10;320
26/06/2025 11:15;359
26/06/2025 11:20;400
26/06/2025 11:25;404
26/06/2025 11:30;383
26/06/2025 11:35;396
26/06/2025 11:40;439
26/06/2025 11:45;531
26/06/2025 11:50;769
26/06/2025 11:55;311
26/06/2025 12:00;589
26/06/2025 12:05;772
26/06/2025 12:10;665
26/06/2025 12:15;584
26/06/2025 12:20;777
26/06/2025 12:25;458
26/06/2025 12:30;780
26/06/2025 12:35;776
26/06/2025 12:40;750
26/06/2025 12:45;754
26/06/2025 12:50;330
26/06/2025 12:55;470
26/06/2025 13:00;747
26/06/2025 13:05;750
26/06/2025 13:10;755
26/06/2025 13:15;780
26/06/2025 13:20;780
26/06/2025 13:25;770
26/06/2025 13:30;780
26/06/2025 13:35;622
26/06/2025 13:40;777
26/06/2025 13:45;621
26/06/2025 13:50;629
26/06/2025 13:55;423
26/06/2025 14:00;780
26/06/2025 14:05;453
26/06/2025 14:10;482
26/06/2025 14:15;476
26/06/2025 14:20;769
26/06/2025 14:25;584
26/06/2025 14:30;440
26/06/2025 14:35;437
26/06/2025 14:40;774
26/06/2025 14:45;486
26/06/2025 14:50;559
26/06/2025 14:55;730
26/06/2025 15:00;583
26/06/2025 15:05;775
26/06/2025 15:10;510
26/06/2025 15:15;533
26/06/2025 15:20;608
26/06/2025 15:25;642
26/06/2025 15:30;585
26/06/2025 15:35;519
26/06/2025 15:40;485
26/06/2025 15:45;477
26/06/2025 15:50;446
26/06/2025 15:55;682
26/06/2025 16:00;544
26/06/2025 16:05;469
26/06/2025 16:10;457
26/06/2025 16:15;493
26/06/2025 16:20;486
26/06/2025 16:25;504
26/06/2025 16:30;550
26/06/2025 16:35;481
26/06/2025 16:40;720
26/06/2025 16:45;670
26/06/2025 16:50;412
26/06/2025 16:55;482
26/06/2025 17:00;370
26/06/2025 17:05;365
26/06/2025 17:10;365
26/06/2025 17:15;398
26/06/2025 17:20;518
26/06/2025 17:25;345
26/06/2025 17:30;302
26/06/2025 17:35;252
26/06/2025 17:40;359
26/06/2025 17:45;515
26/06/2025 17:50;207
26/06/2025 17:55;210
26/06/2025 18:00;316
26/06/2025 18:05;182
26/06/2025 18:10;362
26/06/2025 18:15;318
26/06/2025 18:20;271
26/06/2025 18:25;231
26/06/2025 18:30;257
26/06/2025 18:35;219
26/06/2025 18:40;188
26/06/2025 18:45;168
26/06/2025 18:50;152
26/06/2025 18:55;120
26/06/2025 19:00;66
26/06/2025 19:05;82
26/06/2025 19:10;138
26/06/2025 19:15;150
26/06/2025 19:20;119
26/06/2025 19:25;76
26/06/2025 19:30;68
26/06/2025 19:35;59
26/06/2025 19:40;49
26/06/2025 19:45;67
26/06/2025 19:50;46
26/06/2025 19:55;54
26/06/2025 20:00;58
26/06/2025 20:05;54
26/06/2025 20:10;46
26/06/2025 20:15;44
26/06/2025 20:20;44
26/06/2025 20:25;39
26/06/2025 20:30;39
26/06/2025 20:35;39
26/06/2025 20:40;39
26/06/2025 20:45;39
26/06/2025 20:50;39
26/06/2025 20:55;39
26/06/2025 21:00;39
26/06/2025 21:05;39
26/06/2025 21:10;39
26/06/2025 21:15;39
26/06/2025 21:20;39
26/06/2025 21:25;0
26/06/2025 21:30;0
26/06/2025 21:35;0
27/06/2025 6:45;0
27/06/2025 6:45;0
27/06/2025 6:46;0
27/06/2025 6:46;0
27/06/2025 6:47;0
27/06/2025 6:50;0
27/06/2025 6:55;0
27/06/2025 7:00;0
27/06/2025 7:05;0
27/06/2025 7:10;0
27/06/2025 7:15;0
27/06/2025 7:20;39
27/06/2025 7:25;39
27/06/2025 7:30;39
27/06/2025 7:35;39
27/06/2025 7:40;39
27/06/2025 7:45;39
27/06/2025 7:50;39
27/06/2025 7:55;39
27/06/2025 8:00;57
27/06/2025 8:05;80
27/06/2025 8:10;92
27/06/2025 8:15;105
27/06/2025 8:20;116
27/06/2025 8:25;126
27/06/2025 8:30;137
27/06/2025 8:35;147
27/06/2025 8:40;160
27/06/2025 8:45;205
27/06/2025 8:50;257
27/06/2025 8:55;280
27/06/2025 9:00;294
27/06/2025 9:05;310
27/06/2025 9:10;327
27/06/2025 9:15;342
27/06/2025 9:20;355
27/06/2025 9:25;371
27/06/2025 9:30;385
27/06/2025 9:35;401
27/06/2025 9:40;416
27/06/2025 9:45;432
27/06/2025 9:50;445
27/06/2025 9:55;456
27/06/2025 10:00;467
27/06/2025 10:05;481
27/06/2025 10:10;490
27/06/2025 10:15;503
27/06/2025 10:20;517
27/06/2025 10:25;526
27/06/2025 10:30;536
27/06/2025 10:35;549
27/06/2025 10:40;554
27/06/2025 10:45;560
27/06/2025 10:50;568
27/06/2025 10:55;579
27/06/2025 11:00;586
27/06/2025 11:05;594
27/06/2025 11:10;601
27/06/2025 11:15;608
27/06/2025 11:20;616
27/06/2025 11:25;633
27/06/2025 11:30;634
27/06/2025 11:35;642
27/06/2025 11:40;652
27/06/2025 11:45;660
27/06/2025 11:50;669
27/06/2025 11:55;676
27/06/2025 12:00;683
27/06/2025 12:05;681
27/06/2025 12:10;684
27/06/2025 12:15;693
27/06/2025 12:20;700
27/06/2025 12:25;702
27/06/2025 12:30;697
27/06/2025 12:35;703
27/06/2025 12:40;704
27/06/2025 12:45;705
27/06/2025 12:50;708
27/06/2025 12:55;633
27/06/2025 13:00;465
27/06/2025 13:05;467
27/06/2025 13:10;469
27/06/2025 13:15;468
27/06/2025 13:20;469
27/06/2025 13:25;471
27/06/2025 13:30;468
27/06/2025 13:35;468
27/06/2025 13:40;471
27/06/2025 13:45;469
27/06/2025 13:50;468
27/06/2025 13:55;467
27/06/2025 14:00;465
27/06/2025 14:05;465
27/06/2025 14:10;463
27/06/2025 14:15;567
27/06/2025 14:20;719
27/06/2025 14:25;707
27/06/2025 14:30;701
27/06/2025 14:35;699
27/06/2025 14:40;687
27/06/2025 14:45;686
27/06/2025 14:50;687
27/06/2025 14:55;684
27/06/2025 15:00;675
27/06/2025 15:05;675
27/06/2025 15:10;668
27/06/2025 15:15;669
27/06/2025 15:20;663
27/06/2025 15:25;653
27/06/2025 15:30;640
27/06/2025 15:35;631
27/06/2025 15:40;622
27/06/2025 15:45;611
27/06/2025 15:50;605
27/06/2025 15:55;599
27/06/2025 16:00;594
27/06/2025 16:05;581
27/06/2025 16:10;576
27/06/2025 16:15;567
27/06/2025 16:20;559
27/06/2025 16:25;546
27/06/2025 16:30;534
27/06/2025 16:35;523
27/06/2025 16:40;509
27/06/2025 16:45;500
27/06/2025 16:50;486
27/06/2025 16:55;476
27/06/2025 17:00;466
27/06/2025 17:05;451
27/06/2025 17:10;440
27/06/2025 17:15;429
27/06/2025 17:20;417
27/06/2025 17:25;405
27/06/2025 17:30;392
27/06/2025 17:35;378
27/06/2025 17:40;365
27/06/2025 17:45;348
27/06/2025 17:50;334
27/06/2025 17:55;320
27/06/2025 18:00;304
27/06/2025 18:05;289
27/06/2025 18:10;274
27/06/2025 18:15;258
27/06/2025 18:20;242
27/06/2025 18:25;227
27/06/2025 18:30;211
27/06/2025 18:35;197
27/06/2025 18:40;180
27/06/2025 18:45;163
27/06/2025 18:50;0
27/06/2025 18:55;132
27/06/2025 19:00;117
27/06/2025 19:05;104
27/06/2025 19:10;90
27/06/2025 19:15;45
27/06/2025 19:20;40
27/06/2025 19:25;39
27/06/2025 19:30;39
27/06/2025 19:35;39
27/06/2025 19:40;39
27/06/2025 19:45;39
27/06/2025 19:50;39
27/06/2025 19:55;39
27/06/2025 20:00;39
27/06/2025 20:05;39
27/06/2025 20:10;39
27/06/2025 20:15;39
27/06/2025 20:20;39
27/06/2025 20:25;39
27/06/2025 20:30;39
27/06/2025 20:35;39
27/06/2025 20:40;39
27/06/2025 20:45;39
27/06/2025 20:50;39
27/06/2025 20:55;39
27/06/2025 21:00;39
27/06/2025 21:05;39
27/06/2025 21:10;39
27/06/2025 21:15;39
27/06/2025 21:20;39
27/06/2025 21:25;39
27/06/2025 21:30;0
27/06/2025 21:35;0
27/06/2025 21:40;0
27/06/2025 21:45;0
28/06/2025 7:01;0
28/06/2025 7:02;0
28/06/2025 7:02;0
28/06/2025 7:03;0
28/06/2025 7:03;0
28/06/2025 7:05;0
28/06/2025 7:10;0
28/06/2025 7:15;0
28/06/2025 7:20;0
28/06/2025 7:25;0
28/06/2025 7:30;0
28/06/2025 7:35;39
28/06/2025 7:40;39
28/06/2025 7:45;39
28/06/2025 7:50;39
28/06/2025 7:55;39
28/06/2025 8:00;39
28/06/2025 8:05;39
28/06/2025 8:10;39
28/06/2025 8:15;61
28/06/2025 8:20;70
28/06/2025 8:25;62
28/06/2025 8:30;80
28/06/2025 8:35;68
28/06/2025 8:40;73
28/06/2025 8:45;86
28/06/2025 8:50;105
28/06/2025 8:55;106
28/06/2025 9:00;121
28/06/2025 9:05;138
28/06/2025 9:10;137
28/06/2025 9:15;116
28/06/2025 9:20;108
28/06/2025 9:25;128
28/06/2025 9:30;111
28/06/2025 9:35;113
28/06/2025 9:40;105
28/06/2025 9:45;115
28/06/2025 9:50;138
28/06/2025 9:55;152
28/06/2025 10:00;228
28/06/2025 10:05;245
28/06/2025 10:10;393
28/06/2025 10:15;413
28/06/2025 10:20;610
28/06/2025 10:25;568
28/06/2025 10:30;583
28/06/2025 10:35;251
28/06/2025 10:40;585
28/06/2025 10:45;577
28/06/2025 10:50;572
28/06/2025 10:55;585
28/06/2025 11:00;589
28/06/2025 11:05;607
28/06/2025 11:10;611
28/06/2025 11:15;620
28/06/2025 11:20;622
28/06/2025 11:25;629
28/06/2025 11:30;642
28/06/2025 11:35;648
28/06/2025 11:40;648
28/06/2025 11:45;656
28/06/2025 11:50;664
28/06/2025 11:55;668
28/06/2025 12:00;672
28/06/2025 12:05;669
28/06/2025 12:10;675
28/06/2025 12:15;678
28/06/2025 12:20;680
28/06/2025 12:25;685
28/06/2025 12:30;694
28/06/2025 12:35;705
28/06/2025 12:40;710
28/06/2025 12:45;706
28/06/2025 12:50;715
28/06/2025 12:55;716
28/06/2025 13:00;716
28/06/2025 13:05;720
28/06/2025 13:10;718
28/06/2025 13:15;589
28/06/2025 13:20;465
28/06/2025 13:25;465
28/06/2025 13:30;467
28/06/2025 13:35;465
28/06/2025 13:40;469
28/06/2025 13:45;465
28/06/2025 13:50;464
28/06/2025 13:55;465
28/06/2025 14:00;461
28/06/2025 14:05;460
28/06/2025 14:10;460
28/06/2025 14:15;482
28/06/2025 14:20;560
28/06/2025 14:25;560
28/06/2025 14:30;537
28/06/2025 14:35;691
28/06/2025 14:40;683
28/06/2025 14:45;685
28/06/2025 14:50;689
28/06/2025 14:55;686
28/06/2025 15:00;679
28/06/2025 15:05;661
28/06/2025 15:10;656
28/06/2025 15:15;651
28/06/2025 15:20;643
28/06/2025 15:25;639
28/06/2025 15:30;630
28/06/2025 15:35;623
28/06/2025 15:40;613
28/06/2025 15:45;613
28/06/2025 15:50;609
28/06/2025 15:55;602
28/06/2025 16:00;596
28/06/2025 16:05;588
28/06/2025 16:10;580
28/06/2025 16:15;569
28/06/2025 16:20;560
28/06/2025 16:25;548
28/06/2025 16:30;536
28/06/2025 16:35;522
28/06/2025 16:40;514
28/06/2025 16:45;501
28/06/2025 16:50;492
28/06/2025 16:55;480
28/06/2025 17:00;464
28/06/2025 17:05;452
28/06/2025 17:10;440
28/06/2025 17:15;430
28/06/2025 17:20;416
28/06/2025 17:25;405
28/06/2025 17:30;389
28/06/2025 17:35;376
28/06/2025 17:40;365
28/06/2025 17:45;350
28/06/2025 17:50;335
28/06/2025 17:55;320
28/06/2025 18:00;305
28/06/2025 18:05;290
28/06/2025 18:10;272
28/06/2025 18:15;257
28/06/2025 18:20;238
28/06/2025 18:25;226
28/06/2025 18:30;210
28/06/2025 18:35;192
28/06/2025 18:40;178
28/06/2025 18:45;161
28/06/2025 18:50;0
28/06/2025 18:55;133
28/06/2025 19:00;118
28/06/2025 19:05;104
28/06/2025 19:10;91
28/06/2025 19:15;44
28/06/2025 19:20;39
28/06/2025 19:25;39
28/06/2025 19:30;39
28/06/2025 19:35;39
28/06/2025 19:40;39
28/06/2025 19:45;39
28/06/2025 19:50;39
28/06/2025 19:55;39
28/06/2025 20:00;39
28/06/2025 20:05;39
28/06/2025 20:10;39
28/06/2025 20:15;39
28/06/2025 20:20;39
28/06/2025 20:25;39
28/06/2025 20:30;39
28/06/2025 20:35;39
28/06/2025 20:40;39
28/06/2025 20:45;39
28/06/2025 20:50;39
28/06/2025 20:55;39
28/06/2025 21:00;39
28/06/2025 21:05;39
28/06/2025 21:10;39
28/06/2025 21:15;39
28/06/2025 21:20;39
28/06/2025 21:25;39
28/06/2025 21:30;39
28/06/2025 21:35;39
28/06/2025 21:40;0
28/06/2025 21:45;0
29/06/2025 6:44;0
29/06/2025 6:44;0
29/06/2025 6:45;0
29/06/2025 6:45;0
29/06/2025 6:46;0
29/06/2025 6:50;0
29/06/2025 6:55;0
29/06/2025 7:00;0
29/06/2025 7:05;0
29/06/2025 7:10;0
29/06/2025 7:15;39
29/06/2025 7:20;39
29/06/2025 7:25;39
29/06/2025 7:30;39
29/06/2025 7:35;39
29/06/2025 7:40;39
29/06/2025 7:45;39
29/06/2025 7:50;39
29/06/2025 7:55;39
29/06/2025 8:00;53
29/06/2025 8:05;80
29/06/2025 8:10;92
29/06/2025 8:15;105
29/06/2025 8:20;114
29/06/2025 8:25;124
29/06/2025 8:30;135
29/06/2025 8:35;147
29/06/2025 8:40;159
29/06/2025 8:45;198
29/06/2025 8:50;249
29/06/2025 8:55;271
29/06/2025 9:00;283
29/06/2025 9:05;298
29/06/2025 9:10;312
29/06/2025 9:15;327
29/06/2025 9:20;342
29/06/2025 9:25;355
29/06/2025 9:30;369
29/06/2025 9:35;383
29/06/2025 9:40;400
29/06/2025 9:45;413
29/06/2025 9:50;427
29/06/2025 9:55;439
29/06/2025 10:00;450
29/06/2025 10:05;461
29/06/2025 10:10;473
29/06/2025 10:15;480
29/06/2025 10:20;492
29/06/2025 10:25;506
29/06/2025 10:30;518
29/06/2025 10:35;529
29/06/2025 10:40;540
29/06/2025 10:45;549
29/06/2025 10:50;554
29/06/2025 10:55;563
29/06/2025 11:00;573
29/06/2025 11:05;581
29/06/2025 11:10;588
29/06/2025 11:15;597
29/06/2025 11:20;604
29/06/2025 11:25;612
29/06/2025 11:30;620
29/06/2025 11:35;627
29/06/2025 11:40;628
29/06/2025 11:45;629
29/06/2025 11:50;641
29/06/2025 11:55;652
29/06/2025 12:00;658
29/06/2025 12:05;660
29/06/2025 12:10;664
29/06/2025 12:15;670
29/06/2025 12:20;672
29/06/2025 12:25;674
29/06/2025 12:30;682
29/06/2025 12:35;687
29/06/2025 12:40;691
29/06/2025 12:45;697
29/06/2025 12:50;700
29/06/2025 12:55;697
29/06/2025 13:00;692
29/06/2025 13:05;689
29/06/2025 13:10;646
29/06/2025 13:15;486
29/06/2025 13:20;627
29/06/2025 13:25;613
29/06/2025 13:30;631
29/06/2025 13:35;638
29/06/2025 13:40;672
29/06/2025 13:45;643
29/06/2025 13:50;672
29/06/2025 13:55;614
29/06/2025 14:00;407
29/06/2025 14:05;674
29/06/2025 14:10;681
29/06/2025 14:15;609
29/06/2025 14:20;453
29/06/2025 14:25;451
29/06/2025 14:30;448
29/06/2025 14:35;445
29/06/2025 14:40;676
29/06/2025 14:45;671
29/06/2025 14:50;669
29/06/2025 14:55;666
29/06/2025 15:00;661
29/06/2025 15:05;657
29/06/2025 15:10;651
29/06/2025 15:15;642
29/06/2025 15:20;634
29/06/2025 15:25;629
29/06/2025 15:30;628
29/06/2025 15:35;626
29/06/2025 15:40;616
29/06/2025 15:45;615
29/06/2025 15:50;613
29/06/2025 15:55;551
29/06/2025 16:00;390
29/06/2025 16:05;249
29/06/2025 16:10;246
29/06/2025 16:15;330
29/06/2025 16:20;464
29/06/2025 16:25;245
29/06/2025 16:30;588
29/06/2025 16:35;541
29/06/2025 16:40;510
29/06/2025 16:45;489
29/06/2025 16:50;475
29/06/2025 16:55;465
29/06/2025 17:00;453
29/06/2025 17:05;445
29/06/2025 17:10;440
29/06/2025 17:15;436
29/06/2025 17:20;433
29/06/2025 17:25;427
29/06/2025 17:30;415
29/06/2025 17:35;405
29/06/2025 17:40;385
29/06/2025 17:45;337
29/06/2025 17:50;288
29/06/2025 17:55;329
29/06/2025 18:00;318
29/06/2025 18:05;296
29/06/2025 18:10;249
29/06/2025 18:15;259
29/06/2025 18:20;240
29/06/2025 18:25;222
29/06/2025 18:30;0
29/06/2025 18:35;0
29/06/2025 18:40;72
29/06/2025 18:45;67
29/06/2025 18:50;59
29/06/2025 18:55;48
29/06/2025 19:00;45
29/06/2025 19:05;46
29/06/2025 19:10;46
29/06/2025 19:15;47
29/06/2025 19:20;42
29/06/2025 19:25;39
29/06/2025 19:30;39
29/06/2025 19:35;39
29/06/2025 19:40;39
29/06/2025 19:45;39
29/06/2025 19:50;39
29/06/2025 19:55;39
29/06/2025 20:00;39
29/06/2025 20:05;39
29/06/2025 20:10;39
29/06/2025 20:15;39
29/06/2025 20:20;39
29/06/2025 20:25;39
29/06/2025 20:30;39
29/06/2025 20:35;39
29/06/2025 20:40;39
29/06/2025 20:45;39
29/06/2025 20:50;39
29/06/2025 20:55;39
29/06/2025 21:00;39
29/06/2025 21:05;39
29/06/2025 21:10;39
29/06/2025 21:15;39
29/06/2025 21:20;39
29/06/2025 21:25;39
29/06/2025 21:30;39
29/06/2025 21:35;39
29/06/2025 21:40;39
29/06/2025 21:45;0
30/06/2025 6:47;0
30/06/2025 6:47;0
30/06/2025 6:48;0
30/06/2025 6:48;0
30/06/2025 6:49;0
30/06/2025 6:50;0
30/06/2025 6:55;0
30/06/2025 7:00;0
30/06/2025 7:05;0
30/06/2025 7:10;0
30/06/2025 7:15;39
30/06/2025 7:20;39
30/06/2025 7:25;39
30/06/2025 7:30;39
30/06/2025 7:35;39
30/06/2025 7:40;39
30/06/2025 7:45;39
30/06/2025 7:50;39
30/06/2025 7:55;41
30/06/2025 8:00;62
30/06/2025 8:05;77
30/06/2025 8:10;91
30/06/2025 8:15;106
30/06/2025 8:20;92
30/06/2025 8:25;131
30/06/2025 8:30;158
30/06/2025 8:35;104
30/06/2025 8:40;115
30/06/2025 8:45;93
30/06/2025 8:50;100
30/06/2025 8:55;106
30/06/2025 9:00;92
30/06/2025 9:05;104
30/06/2025 9:10;62
30/06/2025 9:15;79
30/06/2025 9:20;116
30/06/2025 9:25;75
30/06/2025 9:30;116
30/06/2025 9:35;155
30/06/2025 9:40;165
30/06/2025 9:45;156
30/06/2025 9:50;155
30/06/2025 9:55;182
30/06/2025 10:00;223
30/06/2025 10:05;231
30/06/2025 10:10;203
30/06/2025 10:15;368
30/06/2025 10:20;510
30/06/2025 10:25;508
30/06/2025 10:30;514
30/06/2025 10:35;528
30/06/2025 10:40;534
30/06/2025 10:45;548
30/06/2025 10:50;556
30/06/2025 10:55;563
30/06/2025 11:00;571
30/06/2025 11:05;581
30/06/2025 11:10;585
30/06/2025 11:15;591
30/06/2025 11:20;597
30/06/2025 11:25;604
30/06/2025 11:30;608
30/06/2025 11:35;615
30/06/2025 11:40;618
30/06/2025 11:45;625
30/06/2025 11:50;633
30/06/2025 11:55;644
30/06/2025 12:00;657
30/06/2025 12:05;661
30/06/2025 12:10;664
30/06/2025 12:15;666
30/06/2025 12:20;671
30/06/2025 12:25;680
30/06/2025 12:30;679
30/06/2025 12:35;688
30/06/2025 12:40;686
30/06/2025 12:45;693
30/06/2025 12:50;698
30/06/2025 12:55;700
30/06/2025 13:00;632
30/06/2025 13:05;486
30/06/2025 13:10;484
30/06/2025 13:15;479
30/06/2025 13:20;496
30/06/2025 13:25;457
30/06/2025 13:30;535
30/06/2025 13:35;513
30/06/2025 13:40;467
30/06/2025 13:45;459
30/06/2025 13:50;458
30/06/2025 13:55;459
30/06/2025 14:00;457
30/06/2025 14:05;455
30/06/2025 14:10;552
30/06/2025 14:15;555
30/06/2025 14:20;748
30/06/2025 14:25;712
30/06/2025 14:30;697
30/06/2025 14:35;685
30/06/2025 14:40;672
30/06/2025 14:45;675
30/06/2025 14:50;671
30/06/2025 14:55;637
30/06/2025 15:00;686
30/06/2025 15:05;662
30/06/2025 15:10;656
30/06/2025 15:15;652
30/06/2025 15:20;609
30/06/2025 15:25;759
30/06/2025 15:30;457
30/06/2025 15:35;359
30/06/2025 15:40;394
30/06/2025 15:45;382
30/06/2025 15:50;372
30/06/2025 15:55;464
30/06/2025 16:00;748
30/06/2025 16:05;365
30/06/2025 16:10;342
30/06/2025 16:15;410
30/06/2025 16:20;288
30/06/2025 16:25;250
30/06/2025 16:30;263
30/06/2025 16:35;247
30/06/2025 16:40;238
30/06/2025 16:45;224
30/06/2025 16:50;184
30/06/2025 16:55;193
30/06/2025 17:00;179
30/06/2025 17:05;0
30/06/2025 17:10;206
30/06/2025 17:15;191
30/06/2025 17:20;162
30/06/2025 17:25;79
30/06/2025 17:30;83
30/06/2025 17:35;120
30/06/2025 17:40;121
30/06/2025 17:45;164
30/06/2025 17:50;122
30/06/2025 17:55;118
30/06/2025 18:00;99
30/06/2025 18:05;109
30/06/2025 18:10;116
30/06/2025 18:15;95
30/06/2025 18:20;78
30/06/2025 18:25;83
30/06/2025 18:30;115
30/06/2025 18:35;77
30/06/2025 18:40;59
30/06/2025 18:45;50
30/06/2025 18:50;56
30/06/2025 18:55;39
30/06/2025 19:00;39
30/06/2025 19:05;39
30/06/2025 19:10;39
30/06/2025 19:15;39
30/06/2025 19:20;39
30/06/2025 19:25;39
30/06/2025 19:30;39
30/06/2025 19:35;39
30/06/2025 19:40;39
30/06/2025 19:45;39
30/06/2025 19:50;39
30/06/2025 19:55;39
30/06/2025 20:00;39
30/06/2025 20:05;39
30/06/2025 20:10;39
30/06/2025 20:15;39
30/06/2025 20:20;39
30/06/2025 20:25;39
30/06/2025 20:30;39
30/06/2025 20:35;39
30/06/2025 20:40;39
30/06/2025 20:45;39
30/06/2025 20:50;39
30/06/2025 20:55;39
30/06/2025 21:00;39
30/06/2025 21:05;39
30/06/2025 21:10;39
30/06/2025 21:15;39
30/06/2025 21:20;39
30/06/2025 21:25;0
30/06/2025 21:30;0
30/06/2025 21:35;0
30/06/2025 21:40;0
01/07/2025 7:19;0
01/07/2025 7:20;0
01/07/2025 7:20;0
01/07/2025 7:21;0
01/07/2025 7:21;0
01/07/2025 7:25;0
01/07/2025 7:30;0
01/07/2025 7:35;0
01/07/2025 7:40;0
01/07/2025 7:45;0
01/07/2025 7:50;0
01/07/2025 7:55;0
01/07/2025 8:00;0
01/07/2025 8:05;0
01/07/2025 8:10;39
01/07/2025 8:15;39
01/07/2025 8:20;39
01/07/2025 8:25;39
01/07/2025 8:30;39
01/07/2025 8:35;39
01/07/2025 8:40;39
01/07/2025 8:45;39
01/07/2025 8:50;39
01/07/2025 8:55;39
01/07/2025 9:00;39
01/07/2025 9:05;39
01/07/2025 9:10;39
01/07/2025 9:15;39
01/07/2025 9:20;39
01/07/2025 9:25;39
01/07/2025 9:30;55
01/07/2025 9:35;47
01/07/2025 9:40;42
01/07/2025 9:45;52
01/07/2025 9:50;52
01/07/2025 9:55;84
01/07/2025 10:00;93
01/07/2025 10:05;87
01/07/2025 10:10;80
01/07/2025 10:15;64
01/07/2025 10:20;66
01/07/2025 10:25;67
01/07/2025 10:30;78
01/07/2025 10:35;75
01/07/2025 10:40;100
01/07/2025 10:45;146
01/07/2025 10:50;110
01/07/2025 10:55;104
01/07/2025 11:00;75
01/07/2025 11:05;68
01/07/2025 11:10;73
01/07/2025 11:15;156
01/07/2025 11:20;159
01/07/2025 11:25;139
01/07/2025 11:30;129
01/07/2025 11:35;137
01/07/2025 11:40;151
01/07/2025 11:45;126
01/07/2025 11:50;154
01/07/2025 11:55;152
01/07/2025 12:00;167
01/07/2025 12:05;170
01/07/2025 12:10;166
01/07/2025 12:15;168
01/07/2025 12:20;156
01/07/2025 12:25;169
01/07/2025 12:30;150
01/07/2025 12:35;165
01/07/2025 12:40;163
01/07/2025 12:45;198
01/07/2025 12:50;195
01/07/2025 12:55;233
01/07/2025 13:00;186
01/07/2025 13:05;227
01/07/2025 13:10;252
01/07/2025 13:15;229
01/07/2025 13:20;250
01/07/2025 13:25;261
01/07/2025 13:30;251
01/07/2025 13:35;218
01/07/2025 13:40;235
01/07/2025 13:45;204
01/07/2025 13:50;175
01/07/2025 13:55;158
01/07/2025 14:00;145
01/07/2025 14:05;138
01/07/2025 14:10;148
01/07/2025 14:15;165
01/07/2025 14:20;176
01/07/2025 14:25;177
01/07/2025 14:30;193
01/07/2025 14:35;196
01/07/2025 14:40;198
01/07/2025 14:45;190
01/07/2025 14:50;196
01/07/2025 14:55;185
01/07/2025 15:00;187
01/07/2025 15:05;183
01/07/2025 15:10;205
01/07/2025 15:15;176
01/07/2025 15:20;152
01/07/2025 15:25;159
01/07/2025 15:30;170
01/07/2025 15:35;155
01/07/2025 15:40;127
01/07/2025 15:45;123
01/07/2025 15:50;137
01/07/2025 15:55;144
01/07/2025 16:00;139
01/07/2025 16:05;131
01/07/2025 16:10;125
01/07/2025 16:15;111
01/07/2025 16:20;110
01/07/2025 16:25;92
01/07/2025 16:30;96
01/07/2025 16:35;92
01/07/2025 16:40;89
01/07/2025 16:45;106
01/07/2025 16:50;82
01/07/2025 16:55;101
01/07/2025 17:00;74
01/07/2025 17:05;69
01/07/2025 17:10;87
01/07/2025 17:15;76
01/07/2025 17:20;83
01/07/2025 17:25;72
01/07/2025 17:30;72
01/07/2025 17:35;59
01/07/2025 17:40;51
01/07/2025 17:45;50
01/07/2025 17:50;62
01/07/2025 17:55;60
01/07/2025 18:00;76
01/07/2025 18:05;61
01/07/2025 18:10;50
01/07/2025 18:15;49
01/07/2025 18:20;53
01/07/2025 18:25;67
01/07/2025 18:30;44
01/07/2025 18:35;78
01/07/2025 18:40;77
01/07/2025 18:45;78
01/07/2025 18:50;59
01/07/2025 18:55;58
01/07/2025 19:00;47
01/07/2025 19:05;39
01/07/2025 19:10;39
01/07/2025 19:15;39
01/07/2025 19:20;39
01/07/2025 19:25;39
01/07/2025 19:30;39
01/07/2025 19:35;39
01/07/2025 19:40;39
01/07/2025 19:45;39
01/07/2025 19:50;39
01/07/2025 19:55;39
01/07/2025 20:00;39
01/07/2025 20:05;39
01/07/2025 20:10;39
01/07/2025 20:15;39
01/07/2025 20:20;39
01/07/2025 20:25;39
01/07/2025 20:30;39
01/07/2025 20:35;39
01/07/2025 20:40;39
01/07/2025 20:45;39
01/07/2025 20:50;39
01/07/2025 20:55;39
01/07/2025 21:00;39
01/07/2025 21:05;39
01/07/2025 21:10;39
02/07/2025 7:35;0
02/07/2025 7:36;0
02/07/2025 7:36;0
02/07/2025 7:37;0
02/07/2025 7:37;0
02/07/2025 7:40;0
02/07/2025 7:45;0
02/07/2025 7:50;0
02/07/2025 7:55;0
02/07/2025 8:00;0
02/07/2025 8:05;0
02/07/2025 8:10;0
02/07/2025 8:15;0
02/07/2025 8:20;39
02/07/2025 8:25;39
02/07/2025 8:30;39
02/07/2025 8:35;39
02/07/2025 8:40;39
02/07/2025 8:45;39
02/07/2025 8:50;39
02/07/2025 8:55;39
02/07/2025 9:00;39
02/07/2025 9:05;39
02/07/2025 9:10;39
02/07/2025 9:15;39
02/07/2025 9:20;39
02/07/2025 9:25;39
02/07/2025 9:30;39
02/07/2025 9:35;39
02/07/2025 9:40;39
02/07/2025 9:45;39
02/07/2025 9:50;93
02/07/2025 9:55;122
02/07/2025 10:00;91
02/07/2025 10:05;62
02/07/2025 10:10;79
02/07/2025 10:15;86
02/07/2025 10:20;132
02/07/2025 10:25;141
02/07/2025 10:30;43
02/07/2025 10:35;58
02/07/2025 10:40;102
02/07/2025 10:45;190
02/07/2025 10:50;165
02/07/2025 10:55;99
02/07/2025 11:00;160
02/07/2025 11:05;160
02/07/2025 11:10;146
02/07/2025 11:15;308
02/07/2025 11:20;244
02/07/2025 11:25;203
02/07/2025 11:30;279
02/07/2025 11:35;175
02/07/2025 11:40;82
02/07/2025 11:45;85
02/07/2025 11:50;78
02/07/2025 11:55;79
02/07/2025 12:00;117
02/07/2025 12:05;179
02/07/2025 12:10;114
02/07/2025 12:15;68
02/07/2025 12:20;144
02/07/2025 12:25;152
02/07/2025 12:30;127
02/07/2025 12:35;97
02/07/2025 12:40;91
02/07/2025 12:45;125
02/07/2025 12:50;204
02/07/2025 12:55;214
02/07/2025 13:00;135
02/07/2025 13:05;356
02/07/2025 13:10;330
02/07/2025 13:15;269
02/07/2025 13:20;278
02/07/2025 13:25;325
02/07/2025 13:30;374
02/07/2025 13:35;328
02/07/2025 13:40;276
02/07/2025 13:45;294
02/07/2025 13:50;357
02/07/2025 13:55;230
02/07/2025 14:00;211
02/07/2025 14:05;226
02/07/2025 14:10;237
02/07/2025 14:15;0
02/07/2025 14:20;283
02/07/2025 14:25;281
02/07/2025 14:30;327
02/07/2025 14:35;355
02/07/2025 14:40;249
02/07/2025 14:45;103
02/07/2025 14:50;108
02/07/2025 14:55;82
02/07/2025 15:00;89
02/07/2025 15:05;128
02/07/2025 15:10;150
02/07/2025 15:15;225
02/07/2025 15:20;208
02/07/2025 15:25;291
02/07/2025 15:30;173
02/07/2025 15:35;186
02/07/2025 15:40;214
02/07/2025 15:45;254
02/07/2025 15:50;279
02/07/2025 15:55;256
02/07/2025 16:00;234
02/07/2025 16:05;259
02/07/2025 16:10;375
02/07/2025 16:15;409
02/07/2025 16:20;432
02/07/2025 16:25;283
02/07/2025 16:30;143
02/07/2025 16:35;48
02/07/2025 16:40;47
02/07/2025 16:45;39
02/07/2025 16:50;40
02/07/2025 16:55;39
02/07/2025 17:00;39
02/07/2025 17:05;181
02/07/2025 17:10;203
02/07/2025 17:15;97
02/07/2025 17:20;93
02/07/2025 17:25;75
02/07/2025 17:30;78
02/07/2025 17:35;94
02/07/2025 17:40;57
02/07/2025 17:45;65
02/07/2025 17:50;134
02/07/2025 17:55;191
02/07/2025 18:00;191
02/07/2025 18:05;151
02/07/2025 18:10;114
02/07/2025 18:15;71
02/07/2025 18:20;67
02/07/2025 18:25;65
02/07/2025 18:30;39
02/07/2025 18:35;39
02/07/2025 18:40;46
02/07/2025 18:45;39
02/07/2025 18:50;39
02/07/2025 18:55;41
02/07/2025 19:00;40
02/07/2025 19:05;92
02/07/2025 19:10;100
02/07/2025 19:15;85
02/07/2025 19:20;39
02/07/2025 19:25;42
02/07/2025 19:30;46
02/07/2025 19:35;39
02/07/2025 19:40;43
02/07/2025 19:45;39
02/07/2025 19:50;39
02/07/2025 19:55;62
02/07/2025 20:00;50
02/07/2025 20:05;39
02/07/2025 20:10;39
02/07/2025 20:15;39
02/07/2025 20:20;39
02/07/2025 20:25;39
02/07/2025 20:30;39
02/07/2025 20:35;39
02/07/2025 20:40;39
02/07/2025 20:45;39
02/07/2025 20:50;39
02/07/2025 20:55;39
02/07/2025 21:00;39
02/07/2025 21:05;0
02/07/2025 21:10;0
02/07/2025 21:15;0
02/07/2025 21:20;0
02/07/2025 21:25;0
02/07/2025 21:30;0
03/07/2025 6:50;0
03/07/2025 6:51;0
03/07/2025 6:51;0
03/07/2025 6:52;0
03/07/2025 6:52;0
03/07/2025 6:55;0
03/07/2025 7:00;0
03/07/2025 7:05;0
03/07/2025 7:10;0
03/07/2025 7:15;39
03/07/2025 7:20;39
03/07/2025 7:25;39
03/07/2025 7:30;39
03/07/2025 7:35;39
03/07/2025 7:40;39
03/07/2025 7:45;39
03/07/2025 7:50;39
03/07/2025 7:55;39
03/07/2025 8:00;61
03/07/2025 8:05;88
03/07/2025 8:10;80
03/07/2025 8:15;140
03/07/2025 8:20;167
03/07/2025 8:25;147
03/07/2025 8:30;119
03/07/2025 8:35;110
03/07/2025 8:40;193
03/07/2025 8:45;118
03/07/2025 8:50;117
03/07/2025 8:55;262
03/07/2025 9:00;177
03/07/2025 9:05;334
03/07/2025 9:10;329
03/07/2025 9:15;307
03/07/2025 9:20;345
03/07/2025 9:25;351
03/07/2025 9:30;341
03/07/2025 9:35;342
03/07/2025 9:40;188
03/07/2025 9:45;181
03/07/2025 9:50;193
03/07/2025 9:55;203
03/07/2025 10:00;236
03/07/2025 10:05;181
03/07/2025 10:10;183
03/07/2025 10:15;268
03/07/2025 10:20;245
03/07/2025 10:25;273
03/07/2025 10:30;252
03/07/2025 10:35;243
03/07/2025 10:40;226
03/07/2025 10:45;203
03/07/2025 10:50;285
03/07/2025 10:55;489
03/07/2025 11:00;661
03/07/2025 11:05;262
03/07/2025 11:10;681
03/07/2025 11:15;218
03/07/2025 11:20;275
03/07/2025 11:25;581
03/07/2025 11:30;248
03/07/2025 11:35;365
03/07/2025 11:40;703
03/07/2025 11:45;247
03/07/2025 11:50;703
03/07/2025 11:55;290
03/07/2025 12:00;386
03/07/2025 12:05;326
03/07/2025 12:10;368
03/07/2025 12:15;780
03/07/2025 12:20;773
03/07/2025 12:25;754
03/07/2025 12:30;720
03/07/2025 12:35;780
03/07/2025 12:40;622
03/07/2025 12:45;690
03/07/2025 12:50;541
03/07/2025 12:55;402
03/07/2025 13:00;433
03/07/2025 13:05;727
03/07/2025 13:10;532
03/07/2025 13:15;580
03/07/2025 13:20;466
03/07/2025 13:25;605
03/07/2025 13:30;480
03/07/2025 13:35;545
03/07/2025 13:40;451
03/07/2025 13:45;428
03/07/2025 13:50;358
03/07/2025 13:55;357
03/07/2025 14:00;403
03/07/2025 14:05;465
03/07/2025 14:10;429
03/07/2025 14:15;477
03/07/2025 14:20;431
03/07/2025 14:25;443
03/07/2025 14:30;601
03/07/2025 14:35;497
03/07/2025 14:40;374
03/07/2025 14:45;247
03/07/2025 14:50;239
03/07/2025 14:55;242
03/07/2025 15:00;278
03/07/2025 15:05;307
03/07/2025 15:10;253
03/07/2025 15:15;286
03/07/2025 15:20;224
03/07/2025 15:25;474
03/07/2025 15:30;403
03/07/2025 15:35;365
03/07/2025 15:40;316
03/07/2025 15:45;373
03/07/2025 15:50;316
03/07/2025 15:55;634
03/07/2025 16:00;376
03/07/2025 16:05;508
03/07/2025 16:10;434
03/07/2025 16:15;565
03/07/2025 16:20;415
03/07/2025 16:25;584
03/07/2025 16:30;634
03/07/2025 16:35;583
03/07/2025 16:40;566
03/07/2025 16:45;597
03/07/2025 16:50;589
03/07/2025 16:55;374
03/07/2025 17:00;407
03/07/2025 17:05;320
03/07/2025 17:10;336
03/07/2025 17:15;302
03/07/2025 17:20;284
03/07/2025 17:25;278
03/07/2025 17:30;251
03/07/2025 17:35;225
03/07/2025 17:40;236
03/07/2025 17:45;219
03/07/2025 17:50;205
03/07/2025 17:55;198
03/07/2025 18:00;234
03/07/2025 18:05;186
03/07/2025 18:10;0
03/07/2025 18:15;180
03/07/2025 18:20;166
03/07/2025 18:25;161
03/07/2025 18:30;164
03/07/2025 18:35;170
03/07/2025 18:40;161
03/07/2025 18:45;162
03/07/2025 18:50;164
03/07/2025 18:55;135
03/07/2025 19:00;113
03/07/2025 19:05;130
03/07/2025 19:10;117
03/07/2025 19:15;103
03/07/2025 19:20;110
03/07/2025 19:25;104
03/07/2025 19:30;87
03/07/2025 19:35;87
03/07/2025 19:40;81
03/07/2025 19:45;71
03/07/2025 19:50;66
03/07/2025 19:55;52
03/07/2025 20:00;39
03/07/2025 20:05;48
03/07/2025 20:10;47
03/07/2025 20:15;39
03/07/2025 20:20;39
03/07/2025 20:25;39
03/07/2025 20:30;39
03/07/2025 20:35;39
03/07/2025 20:40;39
03/07/2025 20:45;39
03/07/2025 20:50;39
03/07/2025 20:55;39
03/07/2025 21:00;39
03/07/2025 21:05;39
03/07/2025 21:10;0
03/07/2025 21:15;0
03/07/2025 21:20;0
03/07/2025 21:25;0
04/07/2025 7:12;0
04/07/2025 7:12;0
04/07/2025 7:13;0
04/07/2025 7:13;0
04/07/2025 7:14;0
04/07/2025 7:15;0
04/07/2025 7:20;0
04/07/2025 7:25;0
04/07/2025 7:30;39
04/07/2025 7:35;39
04/07/2025 7:40;39
04/07/2025 7:45;39
04/07/2025 7:50;39
04/07/2025 7:55;39
04/07/2025 8:00;39
04/07/2025 8:05;39
04/07/2025 8:10;39
04/07/2025 8:15;39
04/07/2025 8:20;39
04/07/2025 8:25;39
04/07/2025 8:30;47
04/07/2025 8:35;64
04/07/2025 8:40;95
04/07/2025 8:45;228
04/07/2025 8:50;229
04/07/2025 8:55;199
04/07/2025 9:00;215
04/07/2025 9:05;288
04/07/2025 9:10;363
04/07/2025 9:15;364
04/07/2025 9:20;187
04/07/2025 9:25;184
04/07/2025 9:30;172
04/07/2025 9:35;191
04/07/2025 9:40;256
04/07/2025 9:45;466
04/07/2025 9:50;389
04/07/2025 9:55;329
04/07/2025 10:00;233
04/07/2025 10:05;208
04/07/2025 10:10;343
04/07/2025 10:15;508
04/07/2025 10:20;508
04/07/2025 10:25;336
04/07/2025 10:30;489
04/07/2025 10:35;372
04/07/2025 10:40;231
04/07/2025 10:45;171
04/07/2025 10:50;303
04/07/2025 10:55;562
04/07/2025 11:00;599
04/07/2025 11:05;614
04/07/2025 11:10;623
04/07/2025 11:15;634
04/07/2025 11:20;638
04/07/2025 11:25;627
04/07/2025 11:30;651
04/07/2025 11:35;656
04/07/2025 11:40;657
04/07/2025 11:45;652
04/07/2025 11:50;661
04/07/2025 11:55;649
04/07/2025 12:00;676
04/07/2025 12:05;668
04/07/2025 12:10;679
04/07/2025 12:15;685
04/07/2025 12:20;688
04/07/2025 12:25;693
04/07/2025 12:30;693
04/07/2025 12:35;700
04/07/2025 12:40;706
04/07/2025 12:45;707
04/07/2025 12:50;718
04/07/2025 12:55;701
04/07/2025 13:00;717
04/07/2025 13:05;720
04/07/2025 13:10;720
04/07/2025 13:15;716
04/07/2025 13:20;720
04/07/2025 13:25;723
04/07/2025 13:30;728
04/07/2025 13:35;748
04/07/2025 13:40;642
04/07/2025 13:45;769
04/07/2025 13:50;491
04/07/2025 13:55;768
04/07/2025 14:00;440
04/07/2025 14:05;310
04/07/2025 14:10;715
04/07/2025 14:15;763
04/07/2025 14:20;714
04/07/2025 14:25;690
04/07/2025 14:30;478
04/07/2025 14:35;697
04/07/2025 14:40;698
04/07/2025 14:45;733
04/07/2025 14:50;682
04/07/2025 14:55;713
04/07/2025 15:00;673
04/07/2025 15:05;652
04/07/2025 15:10;646
04/07/2025 15:15;641
04/07/2025 15:20;641
04/07/2025 15:25;638
04/07/2025 15:30;631
04/07/2025 15:35;615
04/07/2025 15:40;607
04/07/2025 15:45;618
04/07/2025 15:50;610
04/07/2025 15:55;604
04/07/2025 16:00;596
04/07/2025 16:05;587
04/07/2025 16:10;580
04/07/2025 16:15;568
04/07/2025 16:20;559
04/07/2025 16:25;550
04/07/2025 16:30;553
04/07/2025 16:35;550
04/07/2025 16:40;301
04/07/2025 16:45;364
04/07/2025 16:50;230
04/07/2025 16:55;204
04/07/2025 17:00;267
04/07/2025 17:05;226
04/07/2025 17:10;313
04/07/2025 17:15;212
04/07/2025 17:20;149
04/07/2025 17:25;136
04/07/2025 17:30;137
04/07/2025 17:35;182
04/07/2025 17:40;157
04/07/2025 17:45;148
04/07/2025 17:50;164
04/07/2025 17:55;147
04/07/2025 18:00;0
04/07/2025 18:05;135
04/07/2025 18:10;128
04/07/2025 18:15;106
04/07/2025 18:20;83
04/07/2025 18:25;62
04/07/2025 18:30;50
04/07/2025 18:35;49
04/07/2025 18:40;44
04/07/2025 18:45;39
04/07/2025 18:50;39
04/07/2025 18:55;39
04/07/2025 19:00;39
04/07/2025 19:05;39
04/07/2025 19:10;39
04/07/2025 19:15;39
04/07/2025 19:20;39
04/07/2025 19:25;39
04/07/2025 19:30;39
04/07/2025 19:35;39
04/07/2025 19:40;39
04/07/2025 19:45;39
04/07/2025 19:50;39
04/07/2025 19:55;39
04/07/2025 20:00;39
04/07/2025 20:05;39
04/07/2025 20:10;39
04/07/2025 20:15;39
04/07/2025 20:20;39
04/07/2025 20:25;39
04/07/2025 20:30;39
04/07/2025 20:35;39
04/07/2025 20:40;39
04/07/2025 20:45;39
04/07/2025 20:50;39
04/07/2025 20:55;39
04/07/2025 21:00;39
04/07/2025 21:05;39
04/07/2025 21:10;39
04/07/2025 21:15;39
04/07/2025 21:20;39
04/07/2025 21:25;39
04/07/2025 21:30;39
04/07/2025 21:35;39
04/07/2025 21:40;39
04/07/2025 21:45;39
04/07/2025 21:50;0
05/07/2025 6:53;0
05/07/2025 6:53;0
05/07/2025 6:54;0
05/07/2025 6:54;0
05/07/2025 6:55;0
05/07/2025 7:00;0
05/07/2025 7:05;0
05/07/2025 7:10;0
05/07/2025 7:15;0
05/07/2025 7:20;0
05/07/2025 7:25;39
05/07/2025 7:30;39
05/07/2025 7:35;39
05/07/2025 7:40;39
05/07/2025 7:45;39
05/07/2025 7:50;39
05/07/2025 7:55;39
05/07/2025 8:00;41
05/07/2025 8:05;71
05/07/2025 8:10;84
05/07/2025 8:15;98
05/07/2025 8:20;105
05/07/2025 8:25;66
05/07/2025 8:30;114
05/07/2025 8:35;71
05/07/2025 8:40;76
05/07/2025 8:45;86
05/07/2025 8:50;185
05/07/2025 8:55;249
05/07/2025 9:00;257
05/07/2025 9:05;275
05/07/2025 9:10;305
05/07/2025 9:15;333
05/07/2025 9:20;259
05/07/2025 9:25;404
05/07/2025 9:30;409
05/07/2025 9:35;335
05/07/2025 9:40;417
05/07/2025 9:45;434
05/07/2025 9:50;462
05/07/2025 9:55;394
05/07/2025 10:00;388
05/07/2025 10:05;511
05/07/2025 10:10;278
05/07/2025 10:15;310
05/07/2025 10:20;592
05/07/2025 10:25;551
05/07/2025 10:30;537
05/07/2025 10:35;470
05/07/2025 10:40;549
05/07/2025 10:45;526
05/07/2025 10:50;585
05/07/2025 10:55;563
05/07/2025 11:00;583
05/07/2025 11:05;590
05/07/2025 11:10;526
05/07/2025 11:15;606
05/07/2025 11:20;604
05/07/2025 11:25;630
05/07/2025 11:30;624
05/07/2025 11:35;627
05/07/2025 11:40;674
05/07/2025 11:45;689
05/07/2025 11:50;649
05/07/2025 11:55;717
05/07/2025 12:00;710
05/07/2025 12:05;680
05/07/2025 12:10;711
05/07/2025 12:15;710
05/07/2025 12:20;233
05/07/2025 12:25;636
05/07/2025 12:30;655
05/07/2025 12:35;221
05/07/2025 12:40;599
05/07/2025 12:45;0
05/07/2025 12:50;699
05/07/2025 12:55;711
05/07/2025 13:00;715
05/07/2025 13:05;713
05/07/2025 13:10;463
05/07/2025 13:15;463
05/07/2025 13:20;462
05/07/2025 13:25;463
05/07/2025 13:30;460
05/07/2025 13:35;461
05/07/2025 13:40;465
05/07/2025 13:45;464
05/07/2025 13:50;463
05/07/2025 13:55;464
05/07/2025 14:00;460
05/07/2025 14:05;461
05/07/2025 14:10;460
05/07/2025 14:15;458
05/07/2025 14:20;453
05/07/2025 14:25;570
05/07/2025 14:30;690
05/07/2025 14:35;690
05/07/2025 14:40;684
05/07/2025 14:45;684
05/07/2025 14:50;682
05/07/2025 14:55;677
05/07/2025 15:00;669
05/07/2025 15:05;663
05/07/2025 15:10;659
05/07/2025 15:15;659
05/07/2025 15:20;639
05/07/2025 15:25;585
05/07/2025 15:30;562
05/07/2025 15:35;583
05/07/2025 15:40;636
05/07/2025 15:45;565
05/07/2025 15:50;646
05/07/2025 15:55;633
05/07/2025 16:00;598
05/07/2025 16:05;610
05/07/2025 16:10;603
05/07/2025 16:15;0
05/07/2025 16:20;576
05/07/2025 16:25;441
05/07/2025 16:30;564
05/07/2025 16:35;551
05/07/2025 16:40;567
05/07/2025 16:45;542
05/07/2025 16:50;538
05/07/2025 16:55;537
05/07/2025 17:00;489
05/07/2025 17:05;521
05/07/2025 17:10;474
05/07/2025 17:15;473
05/07/2025 17:20;478
05/07/2025 17:25;495
05/07/2025 17:30;435
05/07/2025 17:35;409
05/07/2025 17:40;412
05/07/2025 17:45;395
05/07/2025 17:50;359
05/07/2025 17:55;336
05/07/2025 18:00;313
05/07/2025 18:05;0
05/07/2025 18:10;279
05/07/2025 18:15;64
05/07/2025 18:20;262
05/07/2025 18:25;0
05/07/2025 18:30;226
05/07/2025 18:35;209
05/07/2025 18:40;216
05/07/2025 18:45;189
05/07/2025 18:50;175
05/07/2025 18:55;159
05/07/2025 19:00;137
05/07/2025 19:05;116
05/07/2025 19:10;102
05/07/2025 19:15;84
05/07/2025 19:20;71
05/07/2025 19:25;74
05/07/2025 19:30;64
05/07/2025 19:35;62
05/07/2025 19:40;67
05/07/2025 19:45;74
05/07/2025 19:50;90
05/07/2025 19:55;82
05/07/2025 20:00;75
05/07/2025 20:05;66
05/07/2025 20:10;60
05/07/2025 20:15;57
05/07/2025 20:20;49
05/07/2025 20:25;40
05/07/2025 20:30;39
05/07/2025 20:35;39
05/07/2025 20:40;39
05/07/2025 20:45;39
05/07/2025 20:50;39
05/07/2025 20:55;39
05/07/2025 21:00;39
05/07/2025 21:05;39
05/07/2025 21:10;0
05/07/2025 21:15;0
05/07/2025 21:20;0
05/07/2025 21:25;0
05/07/2025 21:30;0
05/07/2025 21:35;0
05/07/2025 21:40;0
06/07/2025 6:56;0
06/07/2025 6:57;0
06/07/2025 6:57;0
06/07/2025 6:58;0
06/07/2025 6:58;0
06/07/2025 7:00;0
06/07/2025 7:05;0
06/07/2025 7:10;0
06/07/2025 7:15;0
06/07/2025 7:20;0
06/07/2025 7:25;39
06/07/2025 7:30;39
06/07/2025 7:35;39
06/07/2025 7:40;39
06/07/2025 7:45;39
06/07/2025 7:50;39
06/07/2025 7:55;39
06/07/2025 8:00;39
06/07/2025 8:05;39
06/07/2025 8:10;39
06/07/2025 8:15;41
06/07/2025 8:20;45
06/07/2025 8:25;58
06/07/2025 8:30;66
06/07/2025 8:35;80
06/07/2025 8:40;99
06/07/2025 8:45;107
06/07/2025 8:50;121
06/07/2025 8:55;141
06/07/2025 9:00;393
06/07/2025 9:05;249
06/07/2025 9:10;147
06/07/2025 9:15;148
06/07/2025 9:20;155
06/07/2025 9:25;191
06/07/2025 9:30;232
06/07/2025 9:35;189
06/07/2025 9:40;206
06/07/2025 9:45;179
06/07/2025 9:50;228
06/07/2025 9:55;247
06/07/2025 10:00;213
06/07/2025 10:05;133
06/07/2025 10:10;127
06/07/2025 10:15;119
06/07/2025 10:20;286
06/07/2025 10:25;453
06/07/2025 10:30;283
06/07/2025 10:35;184
06/07/2025 10:40;264
06/07/2025 10:45;772
06/07/2025 10:50;219
06/07/2025 10:55;344
06/07/2025 11:00;407
06/07/2025 11:05;287
06/07/2025 11:10;223
06/07/2025 11:15;492
06/07/2025 11:20;257
06/07/2025 11:25;691
06/07/2025 11:30;743
06/07/2025 11:35;726
06/07/2025 11:40;645
06/07/2025 11:45;705
06/07/2025 11:50;568
06/07/2025 11:55;748
06/07/2025 12:00;765
06/07/2025 12:05;228
06/07/2025 12:10;447
06/07/2025 12:15;572
06/07/2025 12:20;392
06/07/2025 12:25;484
06/07/2025 12:30;780
06/07/2025 12:35;609
06/07/2025 12:40;772
06/07/2025 12:45;538
06/07/2025 12:50;776
06/07/2025 12:55;467
06/07/2025 13:00;528
06/07/2025 13:05;778
06/07/2025 13:10;776
06/07/2025 13:15;775
06/07/2025 13:20;770
06/07/2025 13:25;763
06/07/2025 13:30;752
06/07/2025 13:35;761
06/07/2025 13:40;763
06/07/2025 13:45;780
06/07/2025 13:50;756
06/07/2025 13:55;780
06/07/2025 14:00;768
06/07/2025 14:05;770
06/07/2025 14:10;655
06/07/2025 14:15;687
06/07/2025 14:20;675
06/07/2025 14:25;759
06/07/2025 14:30;0
06/07/2025 14:35;687
06/07/2025 14:40;520
06/07/2025 14:45;653
06/07/2025 14:50;314
06/07/2025 14:55;665
06/07/2025 15:00;770
06/07/2025 15:05;284
06/07/2025 15:10;341
06/07/2025 15:15;361
06/07/2025 15:20;426
06/07/2025 15:25;283
06/07/2025 15:30;329
06/07/2025 15:35;433
06/07/2025 15:40;367
06/07/2025 15:45;507
06/07/2025 15:50;530
06/07/2025 15:55;467
06/07/2025 16:00;381
06/07/2025 16:05;342
06/07/2025 16:10;352
06/07/2025 16:15;374
06/07/2025 16:20;351
06/07/2025 16:25;352
06/07/2025 16:30;333
06/07/2025 16:35;415
06/07/2025 16:40;561
06/07/2025 16:45;681
06/07/2025 16:50;416
06/07/2025 16:55;331
06/07/2025 17:00;454
06/07/2025 17:05;298
06/07/2025 17:10;284
06/07/2025 17:15;249
06/07/2025 17:20;240
06/07/2025 17:25;397
06/07/2025 17:30;239
06/07/2025 17:35;237
06/07/2025 17:40;200
06/07/2025 17:45;192
06/07/2025 17:50;135
06/07/2025 17:55;236
06/07/2025 18:00;105
06/07/2025 18:05;161
06/07/2025 18:10;140
06/07/2025 18:15;177
06/07/2025 18:20;128
06/07/2025 18:25;199
06/07/2025 18:30;220
06/07/2025 18:35;180
06/07/2025 18:40;140
06/07/2025 18:45;154
06/07/2025 18:50;158
06/07/2025 18:55;126
06/07/2025 19:00;67
06/07/2025 19:05;39
06/07/2025 19:10;114
06/07/2025 19:15;92
06/07/2025 19:20;73
06/07/2025 19:25;86
06/07/2025 19:30;42
06/07/2025 19:35;39
06/07/2025 19:40;39
06/07/2025 19:45;40
06/07/2025 19:50;39
06/07/2025 19:55;39
06/07/2025 20:00;39
06/07/2025 20:05;39
06/07/2025 20:10;39
06/07/2025 20:15;39
06/07/2025 20:20;39
06/07/2025 20:25;39
06/07/2025 20:30;39
06/07/2025 20:35;39
06/07/2025 20:40;39
06/07/2025 20:45;39
06/07/2025 20:50;39
06/07/2025 20:55;39
06/07/2025 21:00;39
06/07/2025 21:05;0
06/07/2025 21:05;0
06/07/2025 21:06;0
06/07/2025 21:06;0
06/07/2025 21:07;0
06/07/2025 21:10;0
06/07/2025 21:15;0
06/07/2025 21:20;0
07/07/2025 7:21;0
07/07/2025 7:22;0
07/07/2025 7:22;0
07/07/2025 7:23;0
07/07/2025 7:23;0
07/07/2025 7:25;0
07/07/2025 7:30;0
07/07/2025 7:35;0
07/07/2025 7:40;0
07/07/2025 7:45;39
07/07/2025 7:50;39
07/07/2025 7:55;39
07/07/2025 8:00;39
07/07/2025 8:05;39
07/07/2025 8:10;39
07/07/2025 8:15;39
07/07/2025 8:20;39
07/07/2025 8:25;39
07/07/2025 8:30;39
07/07/2025 8:35;39
07/07/2025 8:40;39
07/07/2025 8:45;39
07/07/2025 8:50;39
07/07/2025 8:55;39
07/07/2025 9:00;39
07/07/2025 9:05;39
07/07/2025 9:10;39
07/07/2025 9:15;39
07/07/2025 9:20;42
07/07/2025 9:25;40
07/07/2025 9:30;61
07/07/2025 9:35;88
07/07/2025 9:40;73
07/07/2025 9:45;64
07/07/2025 9:50;76
07/07/2025 9:55;68
07/07/2025 10:00;53
07/07/2025 10:05;48
07/07/2025 10:10;66
07/07/2025 10:15;63
07/07/2025 10:20;97
07/07/2025 10:25;107
07/07/2025 10:30;74
07/07/2025 10:35;84
07/07/2025 10:40;73
07/07/2025 10:45;107
07/07/2025 10:50;112
07/07/2025 10:55;94
07/07/2025 11:00;119
07/07/2025 11:05;91
07/07/2025 11:10;130
07/07/2025 11:15;96
07/07/2025 11:20;179
07/07/2025 11:25;60
07/07/2025 11:30;130
07/07/2025 11:35;139
07/07/2025 11:40;186
07/07/2025 11:45;179
07/07/2025 11:50;176
07/07/2025 11:55;152
07/07/2025 12:00;201
07/07/2025 12:05;190
07/07/2025 12:10;141
07/07/2025 12:15;172
07/07/2025 12:20;185
07/07/2025 12:25;183
07/07/2025 12:30;221
07/07/2025 12:35;156
07/07/2025 12:40;198
07/07/2025 12:45;256
07/07/2025 12:50;312
07/07/2025 12:55;184
07/07/2025 13:00;616
07/07/2025 13:05;431
07/07/2025 13:10;759
07/07/2025 13:15;458
07/07/2025 13:20;429
07/07/2025 13:25;432
07/07/2025 13:30;311
07/07/2025 13:35;240
07/07/2025 13:40;181
07/07/2025 13:45;775
07/07/2025 13:50;346
07/07/2025 13:55;340
07/07/2025 14:00;778
07/07/2025 14:05;345
07/07/2025 14:10;226
07/07/2025 14:15;375
07/07/2025 14:20;408
07/07/2025 14:25;425
07/07/2025 14:30;336
07/07/2025 14:35;655
07/07/2025 14:40;441
07/07/2025 14:45;400
07/07/2025 14:50;772
07/07/2025 14:55;338
07/07/2025 15:00;614
07/07/2025 15:05;232
07/07/2025 15:10;432
07/07/2025 15:15;766
07/07/2025 15:20;676
07/07/2025 15:25;559
07/07/2025 15:30;472
07/07/2025 15:35;348
07/07/2025 15:40;312
07/07/2025 15:45;267
07/07/2025 15:50;278
07/07/2025 15:55;333
07/07/2025 16:00;484
07/07/2025 16:05;379
07/07/2025 16:10;548
07/07/2025 16:15;391
07/07/2025 16:20;350
07/07/2025 16:25;253
07/07/2025 16:30;440
07/07/2025 16:35;254
07/07/2025 16:40;245
07/07/2025 16:45;267
07/07/2025 16:50;348
07/07/2025 16:55;274
07/07/2025 17:00;349
07/07/2025 17:05;348
07/07/2025 17:10;236
07/07/2025 17:15;291
07/07/2025 17:20;78
07/07/2025 17:25;67
07/07/2025 17:30;54
07/07/2025 17:35;80
07/07/2025 17:40;151
07/07/2025 17:45;228
07/07/2025 17:50;234
07/07/2025 17:55;113
07/07/2025 18:00;137
07/07/2025 18:05;131
07/07/2025 18:10;183
07/07/2025 18:15;306
07/07/2025 18:20;133
07/07/2025 18:25;89
07/07/2025 18:30;39
07/07/2025 18:35;39
07/07/2025 18:40;39
07/07/2025 18:45;39
07/07/2025 18:50;39
07/07/2025 18:55;39
07/07/2025 19:00;39
07/07/2025 19:05;60
07/07/2025 19:10;93
07/07/2025 19:15;79
07/07/2025 19:20;110
07/07/2025 19:25;91
07/07/2025 19:30;67
07/07/2025 19:35;65
07/07/2025 19:40;0
07/07/2025 19:45;68
07/07/2025 19:50;98
07/07/2025 19:55;88
07/07/2025 20:00;70
07/07/2025 20:05;39
07/07/2025 20:07;39
07/07/2025 20:08;39
07/07/2025 20:08;39
07/07/2025 20:10;39
07/07/2025 20:15;47
07/07/2025 20:20;54
07/07/2025 20:25;53
07/07/2025 20:30;53
07/07/2025 20:35;49
07/07/2025 20:40;39
07/07/2025 20:45;46
07/07/2025 20:50;39
07/07/2025 20:55;39
07/07/2025 21:00;39
07/07/2025 21:05;39
07/07/2025 21:10;39
07/07/2025 21:15;39
07/07/2025 21:20;39
07/07/2025 21:25;39
07/07/2025 21:30;39
07/07/2025 21:35;0
08/07/2025 6:53;0
08/07/2025 6:54;0
08/07/2025 6:54;0
08/07/2025 6:55;0
08/07/2025 6:55;0
08/07/2025 7:00;0
08/07/2025 7:05;0
08/07/2025 7:10;0
08/07/2025 7:15;0
08/07/2025 7:20;0
08/07/2025 7:25;39
08/07/2025 7:30;39
08/07/2025 7:35;39
08/07/2025 7:40;39
08/07/2025 7:45;39
08/07/2025 7:50;39
08/07/2025 7:55;39
08/07/2025 8:00;48
08/07/2025 8:05;39
08/07/2025 8:10;42
08/07/2025 8:15;46
08/07/2025 8:20;40
08/07/2025 8:25;100
08/07/2025 8:30;163
08/07/2025 8:35;90
08/07/2025 8:40;79
08/07/2025 8:45;76
08/07/2025 8:50;85
08/07/2025 8:55;89
08/07/2025 9:00;317
08/07/2025 9:05;351
08/07/2025 9:10;365
08/07/2025 9:15;0
08/07/2025 9:20;351
08/07/2025 9:25;392
08/07/2025 9:30;411
08/07/2025 9:35;61
08/07/2025 9:40;66
08/07/2025 9:44;472
08/07/2025 9:45;486
08/07/2025 9:45;479
08/07/2025 9:50;113
08/07/2025 9:55;97
08/07/2025 10:00;63
08/07/2025 10:05;483
08/07/2025 10:10;550
08/07/2025 10:15;550
08/07/2025 10:20;567
08/07/2025 10:25;580
08/07/2025 10:30;589
08/07/2025 10:35;598
08/07/2025 10:40;604
08/07/2025 10:45;605
08/07/2025 10:50;611
08/07/2025 10:55;627
08/07/2025 11:00;632
08/07/2025 11:05;648
08/07/2025 11:10;664
08/07/2025 11:15;661
08/07/2025 11:20;657
08/07/2025 11:25;659
08/07/2025 11:30;675
08/07/2025 11:35;674
08/07/2025 11:40;683
08/07/2025 11:45;687
08/07/2025 11:50;699
08/07/2025 11:55;711
08/07/2025 12:00;718
08/07/2025 12:05;727
08/07/2025 12:10;730
08/07/2025 12:15;720
08/07/2025 12:20;747
08/07/2025 12:25;741
08/07/2025 12:30;740
08/07/2025 12:35;745
08/07/2025 12:40;731
08/07/2025 12:45;748
08/07/2025 12:50;747
08/07/2025 12:55;742
08/07/2025 13:00;743
08/07/2025 13:05;746
08/07/2025 13:10;748
08/07/2025 13:15;748
08/07/2025 13:20;751
08/07/2025 13:25;750
08/07/2025 13:30;754
08/07/2025 13:35;752
08/07/2025 13:40;754
08/07/2025 13:45;764
08/07/2025 13:50;764
08/07/2025 13:55;772
08/07/2025 14:00;772
08/07/2025 14:05;751
08/07/2025 14:10;749
08/07/2025 14:15;749
08/07/2025 14:20;725
08/07/2025 14:25;732
08/07/2025 14:30;751
08/07/2025 14:35;737
08/07/2025 14:40;729
08/07/2025 14:45;745
08/07/2025 14:50;731
08/07/2025 14:55;724
08/07/2025 15:00;718
08/07/2025 15:05;710
08/07/2025 15:10;707
08/07/2025 15:15;703
08/07/2025 15:20;697
08/07/2025 15:25;685
08/07/2025 15:30;681
08/07/2025 15:35;673
08/07/2025 15:40;665
08/07/2025 15:45;661
08/07/2025 15:50;653
08/07/2025 15:50;654
08/07/2025 15:51;654
08/07/2025 15:51;655
08/07/2025 15:55;647
08/07/2025 16:00;636
08/07/2025 16:05;628
08/07/2025 16:10;614
08/07/2025 16:15;603
08/07/2025 16:20;593
08/07/2025 16:25;585
08/07/2025 16:30;572
08/07/2025 16:35;562
08/07/2025 16:40;554
08/07/2025 16:45;538
08/07/2025 16:50;524
08/07/2025 16:55;515
08/07/2025 17:00;500
08/07/2025 17:05;484
08/07/2025 17:10;476
08/07/2025 17:15;462
08/07/2025 17:20;447
08/07/2025 17:25;434
08/07/2025 17:30;419
08/07/2025 17:35;403
08/07/2025 17:40;388
08/07/2025 17:45;373
08/07/2025 17:50;359
08/07/2025 17:55;339
08/07/2025 18:00;325
08/07/2025 18:05;310
08/07/2025 18:10;293
08/07/2025 18:15;275
08/07/2025 18:20;257
08/07/2025 18:25;242
08/07/2025 18:30;224
08/07/2025 18:35;210
08/07/2025 18:40;191
08/07/2025 18:45;174
08/07/2025 18:50;158
08/07/2025 18:55;142
08/07/2025 19:00;126
08/07/2025 19:05;110
08/07/2025 19:10;96
08/07/2025 19:15;63
08/07/2025 19:20;39
08/07/2025 19:25;39
08/07/2025 19:30;39
08/07/2025 19:35;39
08/07/2025 19:40;39
08/07/2025 19:45;39
08/07/2025 19:50;39
08/07/2025 19:55;39
08/07/2025 20:00;39
08/07/2025 20:05;39
08/07/2025 20:10;39
08/07/2025 20:15;39
08/07/2025 20:20;39
08/07/2025 20:25;39
08/07/2025 20:30;39
08/07/2025 20:35;39
08/07/2025 20:40;39
08/07/2025 20:45;39
08/07/2025 20:50;39
08/07/2025 20:55;39
08/07/2025 21:00;39
08/07/2025 21:05;39
08/07/2025 21:10;39
08/07/2025 21:15;39
08/07/2025 21:20;39
08/07/2025 21:25;39
08/07/2025 21:30;39
08/07/2025 21:35;0
08/07/2025 21:40;0
08/07/2025 21:45;0
09/07/2025 6:52;0
09/07/2025 6:53;0
09/07/2025 6:53;0
09/07/2025 6:54;0
09/07/2025 6:54;0
09/07/2025 6:55;0
09/07/2025 7:00;0
09/07/2025 7:05;0
09/07/2025 7:10;0
09/07/2025 7:15;0
09/07/2025 7:20;0
09/07/2025 7:25;0
09/07/2025 7:30;39
09/07/2025 7:35;39
09/07/2025 7:40;39
09/07/2025 7:45;39
09/07/2025 7:50;39
09/07/2025 7:55;39
09/07/2025 8:00;39
09/07/2025 8:05;55
09/07/2025 8:10;85
09/07/2025 8:15;96
09/07/2025 8:20;108
09/07/2025 8:25;119
09/07/2025 8:30;126
09/07/2025 8:35;141
09/07/2025 8:40;152
09/07/2025 8:45;183
09/07/2025 8:50;247
09/07/2025 8:55;286
09/07/2025 9:00;304
09/07/2025 9:05;319
09/07/2025 9:10;333
09/07/2025 9:15;350
09/07/2025 9:20;366
09/07/2025 9:25;382
09/07/2025 9:30;398
09/07/2025 9:35;412
09/07/2025 9:40;429
09/07/2025 9:45;442
09/07/2025 9:50;456
09/07/2025 9:55;469
09/07/2025 10:00;483
09/07/2025 10:05;492
09/07/2025 10:10;506
09/07/2025 10:15;519
09/07/2025 10:20;531
09/07/2025 10:25;541
09/07/2025 10:30;552
09/07/2025 10:35;566
09/07/2025 10:40;576
09/07/2025 10:45;588
09/07/2025 10:50;597
09/07/2025 10:55;604
09/07/2025 11:00;613
09/07/2025 11:05;622
09/07/2025 11:10;630
09/07/2025 11:15;635
09/07/2025 11:20;640
09/07/2025 11:25;652
09/07/2025 11:30;664
09/07/2025 11:35;674
09/07/2025 11:40;683
09/07/2025 11:45;688
09/07/2025 11:50;703
09/07/2025 11:55;708
09/07/2025 12:00;712
09/07/2025 12:05;720
09/07/2025 12:10;728
09/07/2025 12:15;733
09/07/2025 12:20;738
09/07/2025 12:25;740
09/07/2025 12:30;738
09/07/2025 12:35;739
09/07/2025 12:40;732
09/07/2025 12:45;732
09/07/2025 12:50;738
09/07/2025 12:55;744
09/07/2025 13:00;748
09/07/2025 13:05;742
09/07/2025 13:10;737
09/07/2025 13:15;757
09/07/2025 13:20;754
09/07/2025 13:25;739
09/07/2025 13:30;751
09/07/2025 13:35;756
09/07/2025 13:40;743
09/07/2025 13:45;744
09/07/2025 13:50;739
09/07/2025 13:55;740
09/07/2025 14:00;741
09/07/2025 14:05;736
09/07/2025 14:10;744
09/07/2025 14:15;742
09/07/2025 14:20;732
09/07/2025 14:25;726
09/07/2025 14:30;719
09/07/2025 14:35;716
09/07/2025 14:40;710
09/07/2025 14:45;569
09/07/2025 14:50;454
09/07/2025 14:55;627
09/07/2025 15:00;709
09/07/2025 15:05;705
09/07/2025 15:10;693
09/07/2025 15:15;694
09/07/2025 15:20;683
09/07/2025 15:25;678
09/07/2025 15:30;670
09/07/2025 15:35;657
09/07/2025 15:40;648
09/07/2025 15:45;640
09/07/2025 15:50;629
09/07/2025 15:55;620
09/07/2025 16:00;610
09/07/2025 16:05;604
09/07/2025 16:10;595
09/07/2025 16:15;587
09/07/2025 16:20;580
09/07/2025 16:25;573
09/07/2025 16:30;561
09/07/2025 16:35;550
09/07/2025 16:40;543
09/07/2025 16:45;532
09/07/2025 16:50;519
09/07/2025 16:55;506
09/07/2025 17:00;491
09/07/2025 17:05;480
09/07/2025 17:10;467
09/07/2025 17:15;453
09/07/2025 17:20;440
09/07/2025 17:25;428
09/07/2025 17:30;412
09/07/2025 17:35;399
09/07/2025 17:40;381
09/07/2025 17:45;366
09/07/2025 17:50;353
09/07/2025 17:55;338
09/07/2025 18:00;323
09/07/2025 18:05;304
09/07/2025 18:10;288
09/07/2025 18:15;272
09/07/2025 18:20;255
09/07/2025 18:25;238
09/07/2025 18:30;222
09/07/2025 18:35;205
09/07/2025 18:40;189
09/07/2025 18:45;172
09/07/2025 18:50;156
09/07/2025 18:55;140
09/07/2025 19:00;122
09/07/2025 19:05;108
09/07/2025 19:10;93
09/07/2025 19:15;63
09/07/2025 19:20;39
09/07/2025 19:25;39
09/07/2025 19:30;39
09/07/2025 19:35;39
09/07/2025 19:40;39
09/07/2025 19:45;39
09/07/2025 19:50;39
09/07/2025 19:55;39
09/07/2025 20:00;39
09/07/2025 20:05;39
09/07/2025 20:10;39
09/07/2025 20:15;39
09/07/2025 20:20;39
09/07/2025 20:25;39
09/07/2025 20:30;39
09/07/2025 20:35;39
09/07/2025 20:40;39
09/07/2025 20:45;39
09/07/2025 20:50;39
09/07/2025 20:55;39
09/07/2025 21:00;39
09/07/2025 21:05;39
09/07/2025 21:10;39
09/07/2025 21:15;39
09/07/2025 21:20;39
09/07/2025 21:25;39
09/07/2025 21:30;39
09/07/2025 21:35;39
09/07/2025 21:40;39
09/07/2025 21:45;0
10/07/2025 6:52;0
10/07/2025 6:52;0
10/07/2025 6:53;0
10/07/2025 6:53;0
10/07/2025 6:54;0
10/07/2025 6:55;0
10/07/2025 7:00;0
10/07/2025 7:05;0
10/07/2025 7:10;0
10/07/2025 7:15;0
10/07/2025 7:20;0
10/07/2025 7:25;39
10/07/2025 7:30;39
10/07/2025 7:35;39
10/07/2025 7:40;39
10/07/2025 7:45;39
10/07/2025 7:50;39
10/07/2025 7:55;39
10/07/2025 8:00;39
10/07/2025 8:05;61
10/07/2025 8:10;85
10/07/2025 8:15;97
10/07/2025 8:20;108
10/07/2025 8:25;115
10/07/2025 8:30;126
10/07/2025 8:35;137
10/07/2025 8:40;148
10/07/2025 8:45;174
10/07/2025 8:50;232
10/07/2025 8:55;278
10/07/2025 8:57;271
10/07/2025 8:57;271
10/07/2025 8:58;274
10/07/2025 9:00;280
10/07/2025 9:05;296
10/07/2025 9:10;313
10/07/2025 9:15;327
10/07/2025 9:20;345
10/07/2025 9:25;356
10/07/2025 9:30;376
10/07/2025 9:35;390
10/07/2025 9:40;407
10/07/2025 9:45;423
10/07/2025 9:50;433
10/07/2025 9:55;447
10/07/2025 10:00;461
10/07/2025 10:05;474
10/07/2025 10:10;486
10/07/2025 10:15;498
10/07/2025 10:20;510
10/07/2025 10:25;519
10/07/2025 10:30;532
10/07/2025 10:35;540
10/07/2025 10:40;550
10/07/2025 10:45;554
10/07/2025 10:50;567
10/07/2025 10:55;573
10/07/2025 11:00;584
10/07/2025 11:05;591
10/07/2025 11:10;607
10/07/2025 11:15;618
10/07/2025 11:20;626
10/07/2025 11:25;635
10/07/2025 11:30;645
10/07/2025 11:35;652
10/07/2025 11:40;660
10/07/2025 11:45;668
10/07/2025 11:50;675
10/07/2025 11:55;677
10/07/2025 12:00;680
10/07/2025 12:05;687
10/07/2025 12:10;690
10/07/2025 12:15;698
10/07/2025 12:20;705
10/07/2025 12:25;706
10/07/2025 12:30;708
10/07/2025 12:35;711
10/07/2025 12:40;713
10/07/2025 12:45;500
10/07/2025 12:50;465
10/07/2025 12:55;466
10/07/2025 13:00;468
10/07/2025 13:05;476
10/07/2025 13:10;471
10/07/2025 13:15;473
10/07/2025 13:20;469
10/07/2025 13:25;475
10/07/2025 13:30;472
10/07/2025 13:35;468
10/07/2025 13:40;473
10/07/2025 13:45;470
10/07/2025 13:50;467
10/07/2025 13:55;466
10/07/2025 14:00;464
10/07/2025 14:05;512
10/07/2025 14:10;508
10/07/2025 14:15;463
10/07/2025 14:20;457
10/07/2025 14:25;709
10/07/2025 14:30;712
10/07/2025 14:35;710
10/07/2025 14:40;702
10/07/2025 14:45;699
10/07/2025 14:50;697
10/07/2025 14:55;692
10/07/2025 15:00;680
10/07/2025 15:05;679
10/07/2025 15:10;666
10/07/2025 15:15;670
10/07/2025 15:20;664
10/07/2025 15:25;653
10/07/2025 15:30;652
10/07/2025 15:35;643
10/07/2025 15:40;633
10/07/2025 15:45;623
10/07/2025 15:50;617
10/07/2025 15:55;604
10/07/2025 16:00;599
10/07/2025 16:05;591
10/07/2025 16:10;582
10/07/2025 16:15;572
10/07/2025 16:20;562
10/07/2025 16:25;550
10/07/2025 16:30;543
10/07/2025 16:35;529
10/07/2025 16:40;518
10/07/2025 16:45;506
10/07/2025 16:50;498
10/07/2025 16:55;484
10/07/2025 17:00;473
10/07/2025 17:05;460
10/07/2025 17:10;448
10/07/2025 17:15;436
10/07/2025 17:20;423
10/07/2025 17:25;409
10/07/2025 17:30;395
10/07/2025 17:35;378
10/07/2025 17:40;365
10/07/2025 17:45;349
10/07/2025 17:50;335
10/07/2025 17:55;321
10/07/2025 18:00;306
10/07/2025 18:05;291
10/07/2025 18:10;278
10/07/2025 18:15;258
10/07/2025 18:20;243
10/07/2025 18:25;227
10/07/2025 18:30;213
10/07/2025 18:35;200
10/07/2025 18:40;184
10/07/2025 18:45;169
10/07/2025 18:50;153
10/07/2025 18:55;139
10/07/2025 19:00;125
10/07/2025 19:05;112
10/07/2025 19:10;98
10/07/2025 19:15;74
10/07/2025 19:20;54
10/07/2025 19:25;51
10/07/2025 19:30;47
10/07/2025 19:35;43
10/07/2025 19:40;40
10/07/2025 19:45;39
10/07/2025 19:50;39
10/07/2025 19:55;39
10/07/2025 20:00;39
10/07/2025 20:05;39
10/07/2025 20:10;39
10/07/2025 20:15;39
10/07/2025 20:20;39
10/07/2025 20:25;39
10/07/2025 20:30;39
10/07/2025 20:35;39
10/07/2025 20:40;39
10/07/2025 20:45;39
10/07/2025 20:50;39
10/07/2025 20:55;39
10/07/2025 21:00;39
10/07/2025 21:05;39
10/07/2025 21:10;39
10/07/2025 21:15;39
10/07/2025 21:20;39
10/07/2025 21:25;39
10/07/2025 21:30;39
10/07/2025 21:35;39
10/07/2025 21:40;0
11/07/2025 6:50;0
11/07/2025 6:51;0
11/07/2025 6:51;0
11/07/2025 6:52;0
11/07/2025 6:52;0
11/07/2025 6:55;0
11/07/2025 7:00;0
11/07/2025 7:05;0
11/07/2025 7:10;39
11/07/2025 7:15;39
11/07/2025 7:20;39
11/07/2025 7:25;39
11/07/2025 7:30;39
11/07/2025 7:35;39
11/07/2025 7:40;39
11/07/2025 7:45;39
11/07/2025 7:50;39
11/07/2025 7:55;39
11/07/2025 8:00;39
11/07/2025 8:05;45
11/07/2025 8:10;39
11/07/2025 8:15;76
11/07/2025 8:20;97
11/07/2025 8:25;58
11/07/2025 8:30;119
11/07/2025 8:35;128
11/07/2025 8:40;142
11/07/2025 8:45;168
11/07/2025 8:50;219
11/07/2025 8:55;246
11/07/2025 9:00;266
11/07/2025 9:05;280
11/07/2025 9:10;294
11/07/2025 9:15;310
11/07/2025 9:20;326
11/07/2025 9:25;340
11/07/2025 9:30;355
11/07/2025 9:35;368
11/07/2025 9:40;383
11/07/2025 9:45;398
11/07/2025 9:50;411
11/07/2025 9:55;421
11/07/2025 10:00;431
11/07/2025 10:05;442
11/07/2025 10:10;460
11/07/2025 10:15;472
11/07/2025 10:20;476
11/07/2025 10:25;494
11/07/2025 10:30;493
11/07/2025 10:35;513
11/07/2025 10:40;520
11/07/2025 10:45;536
11/07/2025 10:50;549
11/07/2025 10:55;553
11/07/2025 11:00;557
11/07/2025 11:05;559
11/07/2025 11:10;570
11/07/2025 11:15;583
11/07/2025 11:20;594
11/07/2025 11:25;604
11/07/2025 11:30;612
11/07/2025 11:35;621
11/07/2025 11:40;631
11/07/2025 11:45;636
11/07/2025 11:50;636
11/07/2025 11:55;641
11/07/2025 12:00;652
11/07/2025 12:05;652
11/07/2025 12:10;661
11/07/2025 12:15;660
11/07/2025 12:20;663
11/07/2025 12:25;666
11/07/2025 12:30;672
11/07/2025 12:35;678
11/07/2025 12:40;688
11/07/2025 12:45;685
11/07/2025 12:50;691
11/07/2025 12:55;692
11/07/2025 13:00;607
11/07/2025 13:05;614
11/07/2025 13:10;710
11/07/2025 13:15;777
11/07/2025 13:20;498
11/07/2025 13:25;349
11/07/2025 13:30;718
11/07/2025 13:35;778
11/07/2025 13:40;726
11/07/2025 13:45;712
11/07/2025 13:50;780
11/07/2025 13:55;320
11/07/2025 14:00;780
11/07/2025 14:05;410
11/07/2025 14:10;677
11/07/2025 14:15;419
11/07/2025 14:20;464
11/07/2025 14:25;303
11/07/2025 14:30;453
11/07/2025 14:35;332
11/07/2025 14:40;661
11/07/2025 14:45;448
11/07/2025 14:50;451
11/07/2025 14:55;0
11/07/2025 15:00;730
11/07/2025 15:05;406
11/07/2025 15:10;512
11/07/2025 15:15;552
11/07/2025 15:20;455
11/07/2025 15:25;628
11/07/2025 15:30;551
11/07/2025 15:35;558
11/07/2025 15:40;654
11/07/2025 15:45;688
11/07/2025 15:50;472
11/07/2025 15:55;585
11/07/2025 16:00;436
11/07/2025 16:05;336
11/07/2025 16:10;293
11/07/2025 16:15;574
11/07/2025 16:20;544
11/07/2025 16:25;362
11/07/2025 16:30;434
11/07/2025 16:35;303
11/07/2025 16:40;281
11/07/2025 16:45;222
11/07/2025 16:50;358
11/07/2025 16:55;245
11/07/2025 17:00;200
11/07/2025 17:05;354
11/07/2025 17:10;388
11/07/2025 17:15;217
11/07/2025 17:20;142
11/07/2025 17:25;118
11/07/2025 17:30;101
11/07/2025 17:35;109
11/07/2025 17:40;184
11/07/2025 17:45;225
11/07/2025 17:50;438
11/07/2025 17:55;177
11/07/2025 18:00;96
11/07/2025 18:05;83
11/07/2025 18:10;39
11/07/2025 18:15;39
11/07/2025 18:20;39
11/07/2025 18:25;39
11/07/2025 18:30;39
11/07/2025 18:35;39
11/07/2025 18:40;39
11/07/2025 18:45;39
11/07/2025 18:50;0
11/07/2025 18:55;0
11/07/2025 19:00;0
11/07/2025 19:05;0
11/07/2025 19:09;0
11/07/2025 19:09;0
11/07/2025 19:10;0
11/07/2025 19:10;0
11/07/2025 19:11;0
11/07/2025 19:15;0
11/07/2025 19:20;0
11/07/2025 19:25;0
11/07/2025 19:30;0
12/07/2025 7:01;0
12/07/2025 7:02;0
12/07/2025 7:02;0
12/07/2025 7:03;0
12/07/2025 7:03;0
12/07/2025 7:05;0
12/07/2025 7:10;0
12/07/2025 7:15;0
12/07/2025 7:20;0
12/07/2025 7:25;39
12/07/2025 7:30;39
12/07/2025 7:35;39
12/07/2025 7:40;39
12/07/2025 7:45;39
12/07/2025 7:50;39
12/07/2025 7:55;39
12/07/2025 8:00;39
12/07/2025 8:05;39
12/07/2025 8:10;39
12/07/2025 8:15;39
12/07/2025 8:20;89
12/07/2025 8:25;47
12/07/2025 8:30;52
12/07/2025 8:35;55
12/07/2025 8:40;69
12/07/2025 8:45;44
12/07/2025 8:50;62
12/07/2025 8:55;71
12/07/2025 9:00;56
12/07/2025 9:05;72
12/07/2025 9:10;81
12/07/2025 9:15;137
12/07/2025 9:20;115
12/07/2025 9:25;111
12/07/2025 9:30;298
12/07/2025 9:35;404
12/07/2025 9:40;208
12/07/2025 9:45;170
12/07/2025 9:50;224
12/07/2025 9:55;207
12/07/2025 10:00;203
12/07/2025 10:05;172
12/07/2025 10:10;124
12/07/2025 10:15;159
12/07/2025 10:20;146
12/07/2025 10:25;127
12/07/2025 10:30;178
12/07/2025 10:35;174
12/07/2025 10:40;171
12/07/2025 10:45;263
12/07/2025 10:50;328
12/07/2025 10:55;302
12/07/2025 11:00;288
12/07/2025 11:05;470
12/07/2025 11:10;318
12/07/2025 11:15;397
12/07/2025 11:20;627
12/07/2025 11:25;551
12/07/2025 11:30;405
12/07/2025 11:35;404
12/07/2025 11:40;343
12/07/2025 11:45;611
12/07/2025 11:50;453
12/07/2025 11:55;338
12/07/2025 12:00;296
12/07/2025 12:05;648
12/07/2025 12:10;630
12/07/2025 12:15;622
12/07/2025 12:20;630
12/07/2025 12:25;645
12/07/2025 12:30;646
12/07/2025 12:35;637
12/07/2025 12:40;631
12/07/2025 12:45;615
12/07/2025 12:50;584
12/07/2025 12:55;710
12/07/2025 13:00;711
12/07/2025 13:05;726
12/07/2025 13:10;759
12/07/2025 13:15;425
12/07/2025 13:20;749
12/07/2025 13:25;701
12/07/2025 13:30;640
12/07/2025 13:35;730
12/07/2025 13:40;0
12/07/2025 13:45;737
12/07/2025 13:50;0
12/07/2025 13:55;746
12/07/2025 14:00;297
12/07/2025 14:05;764
12/07/2025 14:10;757
12/07/2025 14:15;606
12/07/2025 14:20;328
12/07/2025 14:25;778
12/07/2025 14:30;479
12/07/2025 14:35;779
12/07/2025 14:40;760
12/07/2025 14:45;770
12/07/2025 14:50;564
12/07/2025 14:55;0
12/07/2025 15:00;741
12/07/2025 15:05;387
12/07/2025 15:10;240
12/07/2025 15:15;747
12/07/2025 15:20;642
12/07/2025 15:25;385
12/07/2025 15:30;0
12/07/2025 15:35;350
12/07/2025 15:40;780
12/07/2025 15:45;279
12/07/2025 15:50;339
12/07/2025 15:55;697
12/07/2025 16:00;656
12/07/2025 16:05;380
12/07/2025 16:10;663
12/07/2025 16:15;647
12/07/2025 16:20;0
12/07/2025 16:25;444
12/07/2025 16:30;640
12/07/2025 16:35;647
12/07/2025 16:40;591
12/07/2025 16:45;452
12/07/2025 16:50;287
12/07/2025 16:55;220
12/07/2025 17:00;214
12/07/2025 17:05;215
12/07/2025 17:10;276
12/07/2025 17:15;196
12/07/2025 17:20;547
12/07/2025 17:25;0
12/07/2025 17:30;526
12/07/2025 17:35;252
12/07/2025 17:40;0
12/07/2025 17:45;430
12/07/2025 17:50;183
12/07/2025 17:55;178
12/07/2025 18:00;113
12/07/2025 18:05;130
12/07/2025 18:10;0
12/07/2025 18:15;289
12/07/2025 18:20;259
12/07/2025 18:25;263
12/07/2025 18:30;138
12/07/2025 18:35;0
12/07/2025 18:40;105
12/07/2025 18:45;226
12/07/2025 18:50;89
12/07/2025 18:55;112
12/07/2025 19:00;159
12/07/2025 19:05;127
12/07/2025 19:10;85
12/07/2025 19:15;99
12/07/2025 19:20;68
12/07/2025 19:25;47
12/07/2025 19:30;69
12/07/2025 19:35;81
12/07/2025 19:40;85
12/07/2025 19:45;64
12/07/2025 19:50;62
12/07/2025 19:55;61
12/07/2025 20:00;76
12/07/2025 20:05;60
12/07/2025 20:10;44
12/07/2025 20:15;40
12/07/2025 20:20;43
12/07/2025 20:25;50
12/07/2025 20:30;40
12/07/2025 20:35;39
12/07/2025 20:40;39
12/07/2025 20:45;39
12/07/2025 20:50;39
12/07/2025 20:55;39
12/07/2025 21:00;39
12/07/2025 21:05;39
12/07/2025 21:10;39
12/07/2025 21:15;39
12/07/2025 21:20;39
12/07/2025 21:25;39
12/07/2025 21:30;39
12/07/2025 21:35;39
12/07/2025 21:40;39
12/07/2025 21:45;39
13/07/2025 6:55;0
13/07/2025 6:55;0
13/07/2025 6:56;0
13/07/2025 6:56;0
13/07/2025 6:57;0
13/07/2025 7:00;0
13/07/2025 7:05;0
13/07/2025 7:10;0
13/07/2025 7:15;0
13/07/2025 7:20;0
13/07/2025 7:25;39
13/07/2025 7:30;39
13/07/2025 7:35;39
13/07/2025 7:40;39
13/07/2025 7:45;39
13/07/2025 7:50;39
13/07/2025 7:55;39
13/07/2025 8:00;39
13/07/2025 8:05;49
13/07/2025 8:10;80
13/07/2025 8:15;95
13/07/2025 8:20;110
13/07/2025 8:25;136
13/07/2025 8:30;157
13/07/2025 8:35;174
13/07/2025 8:40;184
13/07/2025 8:45;197
13/07/2025 8:50;213
13/07/2025 8:55;274
13/07/2025 9:00;263
13/07/2025 9:05;74
13/07/2025 9:10;274
13/07/2025 9:15;176
13/07/2025 9:20;399
13/07/2025 9:25;220
13/07/2025 9:30;171
13/07/2025 9:35;402
13/07/2025 9:40;442
13/07/2025 9:45;452
13/07/2025 9:50;125
13/07/2025 9:55;254
13/07/2025 10:00;135
13/07/2025 10:05;204
13/07/2025 10:10;198
13/07/2025 10:15;232
13/07/2025 10:20;242
13/07/2025 10:25;164
13/07/2025 10:30;0
13/07/2025 10:35;223
13/07/2025 10:40;354
13/07/2025 10:45;319
13/07/2025 10:50;504
13/07/2025 10:55;578
13/07/2025 11:00;318
13/07/2025 11:05;233
13/07/2025 11:10;486
13/07/2025 11:15;541
13/07/2025 11:20;347
13/07/2025 11:25;242
13/07/2025 11:30;304
13/07/2025 11:35;272
13/07/2025 11:40;270
13/07/2025 11:45;183
13/07/2025 11:50;427
13/07/2025 11:55;762
13/07/2025 12:00;304
13/07/2025 12:05;760
13/07/2025 12:10;652
13/07/2025 12:15;334
13/07/2025 12:20;414
13/07/2025 12:25;360
13/07/2025 12:30;780
13/07/2025 12:35;602
13/07/2025 12:40;352
13/07/2025 12:45;337
13/07/2025 12:50;312
13/07/2025 12:55;464
13/07/2025 13:00;340
13/07/2025 13:05;780
13/07/2025 13:10;325
13/07/2025 13:15;389
13/07/2025 13:20;660
13/07/2025 13:25;711
13/07/2025 13:30;509
13/07/2025 13:35;614
13/07/2025 13:40;440
13/07/2025 13:45;440
13/07/2025 13:50;424
13/07/2025 13:55;560
13/07/2025 14:00;625
13/07/2025 14:05;707
13/07/2025 14:10;462
13/07/2025 14:15;459
13/07/2025 14:20;503
13/07/2025 14:25;419
13/07/2025 14:30;302
13/07/2025 14:35;251
13/07/2025 14:40;192
13/07/2025 14:45;146
13/07/2025 14:50;80
13/07/2025 14:55;39
13/07/2025 15:00;39
13/07/2025 15:05;39
13/07/2025 15:10;39
13/07/2025 15:15;39
13/07/2025 15:20;39
13/07/2025 15:25;39
13/07/2025 15:30;56
13/07/2025 15:35;101
13/07/2025 15:40;103
13/07/2025 15:45;78
13/07/2025 15:50;63
13/07/2025 15:55;49
13/07/2025 16:00;62
13/07/2025 16:05;89
13/07/2025 16:10;118
13/07/2025 16:15;110
13/07/2025 16:20;151
13/07/2025 16:25;214
13/07/2025 16:30;395
13/07/2025 16:35;294
13/07/2025 16:40;351
13/07/2025 16:45;356
13/07/2025 16:50;211
13/07/2025 16:55;310
13/07/2025 17:00;260
13/07/2025 17:05;270
13/07/2025 17:10;229
13/07/2025 17:15;210
13/07/2025 17:20;167
13/07/2025 17:25;115
13/07/2025 17:30;122
13/07/2025 17:35;112
13/07/2025 17:40;133
13/07/2025 17:45;108
13/07/2025 17:50;97
13/07/2025 17:55;71
13/07/2025 18:00;71
13/07/2025 18:05;94
13/07/2025 18:10;128
13/07/2025 18:15;144
13/07/2025 18:20;148
13/07/2025 18:25;146
13/07/2025 18:30;154
13/07/2025 18:35;138
13/07/2025 18:40;120
13/07/2025 18:45;102
13/07/2025 18:50;103
13/07/2025 18:55;102
13/07/2025 19:00;90
13/07/2025 19:05;85
13/07/2025 19:10;92
13/07/2025 19:15;92
13/07/2025 19:20;100
13/07/2025 19:25;85
13/07/2025 19:30;84
13/07/2025 19:35;78
13/07/2025 19:40;79
13/07/2025 19:45;72
13/07/2025 19:50;64
13/07/2025 19:55;61
13/07/2025 20:00;51
13/07/2025 20:05;44
13/07/2025 20:10;41
13/07/2025 20:15;40
13/07/2025 20:20;39
13/07/2025 20:25;39
13/07/2025 20:30;39
13/07/2025 20:35;39
13/07/2025 20:40;39
13/07/2025 20:45;39
13/07/2025 20:50;39
13/07/2025 20:55;39
13/07/2025 21:00;39
13/07/2025 21:05;39
13/07/2025 21:10;39
13/07/2025 21:15;39
13/07/2025 21:20;39
13/07/2025 21:25;39
13/07/2025 21:30;39
13/07/2025 21:35;39
13/07/2025 21:40;39
14/07/2025 7:20;0
14/07/2025 7:20;0
14/07/2025 7:21;0
14/07/2025 7:21;0
14/07/2025 7:22;0
14/07/2025 7:25;0
14/07/2025 7:30;0
14/07/2025 7:35;0
14/07/2025 7:40;0
14/07/2025 7:45;0
14/07/2025 7:50;0
14/07/2025 7:55;0
14/07/2025 8:00;0
14/07/2025 8:05;0
14/07/2025 8:10;0
14/07/2025 8:15;39
14/07/2025 8:20;39
14/07/2025 8:25;39
14/07/2025 8:30;39
14/07/2025 8:35;39
14/07/2025 8:40;39
14/07/2025 8:45;39
14/07/2025 8:50;39
14/07/2025 8:55;39
14/07/2025 9:00;39
14/07/2025 9:05;40
14/07/2025 9:10;55
14/07/2025 9:15;76
14/07/2025 9:20;63
14/07/2025 9:25;39
14/07/2025 9:30;45
14/07/2025 9:35;75
14/07/2025 9:40;70
14/07/2025 9:45;73
14/07/2025 9:50;90
14/07/2025 9:55;64
14/07/2025 10:00;67
14/07/2025 10:05;78
14/07/2025 10:10;68
14/07/2025 10:15;50
14/07/2025 10:20;45
14/07/2025 10:25;62
14/07/2025 10:30;60
14/07/2025 10:35;57
14/07/2025 10:40;60
14/07/2025 10:45;74
14/07/2025 10:50;88
14/07/2025 10:55;117
14/07/2025 11:00;112
14/07/2025 11:05;125
14/07/2025 11:10;150
14/07/2025 11:15;109
14/07/2025 11:20;110
14/07/2025 11:25;109
14/07/2025 11:30;128
14/07/2025 11:35;132
14/07/2025 11:40;134
14/07/2025 11:45;145
14/07/2025 11:50;145
14/07/2025 11:55;139
14/07/2025 12:00;140
14/07/2025 12:05;166
14/07/2025 12:10;178
14/07/2025 12:15;185
14/07/2025 12:20;190
14/07/2025 12:25;214
14/07/2025 12:30;210
14/07/2025 12:35;173
14/07/2025 12:40;224
14/07/2025 12:45;207
14/07/2025 12:50;227
14/07/2025 12:55;163
14/07/2025 13:00;195
14/07/2025 13:05;179
14/07/2025 13:10;172
14/07/2025 13:15;199
14/07/2025 13:20;187
14/07/2025 13:25;153
14/07/2025 13:30;125
14/07/2025 13:35;122
14/07/2025 13:40;133
14/07/2025 13:45;161
14/07/2025 13:50;163
14/07/2025 13:55;148
14/07/2025 14:00;198
14/07/2025 14:05;211
14/07/2025 14:10;184
14/07/2025 14:15;211
14/07/2025 14:20;246
14/07/2025 14:25;224
14/07/2025 14:30;200
14/07/2025 14:35;241
14/07/2025 14:40;298
14/07/2025 14:45;244
14/07/2025 14:50;220
14/07/2025 14:55;211
14/07/2025 15:00;193
14/07/2025 15:05;188
14/07/2025 15:10;213
14/07/2025 15:15;180
14/07/2025 15:20;210
14/07/2025 15:25;206
14/07/2025 15:30;192
14/07/2025 15:35;183
14/07/2025 15:40;232
14/07/2025 15:45;257
14/07/2025 15:50;245
14/07/2025 15:55;229
14/07/2025 16:00;207
14/07/2025 16:05;192
14/07/2025 16:10;173
14/07/2025 16:15;165
14/07/2025 16:20;160
14/07/2025 16:25;150
14/07/2025 16:30;124
14/07/2025 16:35;91
14/07/2025 16:40;88
14/07/2025 16:45;82
14/07/2025 16:50;130
14/07/2025 16:55;132
14/07/2025 17:00;116
14/07/2025 17:05;122
14/07/2025 17:10;102
14/07/2025 17:15;89
14/07/2025 17:20;98
14/07/2025 17:25;75
14/07/2025 17:30;64
14/07/2025 17:35;56
14/07/2025 17:40;53
14/07/2025 17:45;54
14/07/2025 17:50;67
14/07/2025 17:55;65
14/07/2025 18:00;55
14/07/2025 18:05;53
14/07/2025 18:10;55
14/07/2025 18:15;51
14/07/2025 18:20;42
14/07/2025 18:25;49
14/07/2025 18:30;47
14/07/2025 18:35;47
14/07/2025 18:40;39
14/07/2025 18:45;39
14/07/2025 18:50;39
14/07/2025 18:55;39
14/07/2025 19:00;39
14/07/2025 19:05;39
14/07/2025 19:10;39
14/07/2025 19:15;39
14/07/2025 19:20;39
14/07/2025 19:25;39
14/07/2025 19:30;39
14/07/2025 19:35;39
14/07/2025 19:40;39
14/07/2025 19:45;39
14/07/2025 19:50;39
14/07/2025 19:55;39
14/07/2025 20:00;39
14/07/2025 20:05;39
14/07/2025 20:10;39
14/07/2025 20:15;41
14/07/2025 20:20;39
14/07/2025 20:25;39
14/07/2025 20:30;39
14/07/2025 20:35;39
14/07/2025 20:40;39
14/07/2025 20:45;39
14/07/2025 20:50;39
14/07/2025 20:55;39
14/07/2025 21:00;39
14/07/2025 21:05;39
14/07/2025 21:10;39
14/07/2025 21:15;39
14/07/2025 21:20;39
14/07/2025 21:25;39
14/07/2025 21:30;39
14/07/2025 21:35;0
15/07/2025 7:20;0
15/07/2025 7:21;0
15/07/2025 7:21;0
15/07/2025 7:22;0
15/07/2025 7:22;0
15/07/2025 7:25;0
15/07/2025 7:30;0
15/07/2025 7:35;0
15/07/2025 7:40;0
15/07/2025 7:45;0
15/07/2025 7:50;0
15/07/2025 7:55;0
15/07/2025 8:00;39
15/07/2025 8:05;39
15/07/2025 8:10;39
15/07/2025 8:15;39
15/07/2025 8:20;39
15/07/2025 8:25;39
15/07/2025 8:30;39
15/07/2025 8:35;39
15/07/2025 8:40;39
15/07/2025 8:45;39
15/07/2025 8:50;39
15/07/2025 8:55;39
15/07/2025 9:00;39
15/07/2025 9:05;39
15/07/2025 9:10;39
15/07/2025 9:15;39
15/07/2025 9:20;39
15/07/2025 9:25;39
15/07/2025 9:30;39
15/07/2025 9:35;39
15/07/2025 9:40;39
15/07/2025 9:45;44
15/07/2025 9:50;45
15/07/2025 9:55;41
15/07/2025 10:00;49
15/07/2025 10:05;60
15/07/2025 10:10;74
15/07/2025 10:15;115
15/07/2025 10:20;131
15/07/2025 10:25;147
15/07/2025 10:30;168
15/07/2025 10:35;159
15/07/2025 10:40;134
15/07/2025 10:45;122
15/07/2025 10:50;113
15/07/2025 10:55;101
15/07/2025 11:00;103
15/07/2025 11:05;117
15/07/2025 11:10;130
15/07/2025 11:15;135
15/07/2025 11:20;136
15/07/2025 11:25;151
15/07/2025 11:30;189
15/07/2025 11:35;221
15/07/2025 11:40;259
15/07/2025 11:45;287
15/07/2025 11:50;322
15/07/2025 11:55;404
15/07/2025 12:00;656
15/07/2025 12:05;736
15/07/2025 12:10;763
15/07/2025 12:15;767
15/07/2025 12:20;760
15/07/2025 12:25;771
15/07/2025 12:30;305
15/07/2025 12:35;759
15/07/2025 12:40;733
15/07/2025 12:45;741
15/07/2025 12:50;716
15/07/2025 12:55;726
15/07/2025 13:00;741
15/07/2025 13:05;751
15/07/2025 13:10;747
15/07/2025 13:15;738
15/07/2025 13:20;733
15/07/2025 13:25;740
15/07/2025 13:30;743
15/07/2025 13:35;759
15/07/2025 13:40;764
15/07/2025 13:45;0
15/07/2025 13:50;740
15/07/2025 13:55;732
15/07/2025 14:00;726
15/07/2025 14:05;731
15/07/2025 14:10;728
15/07/2025 14:15;721
15/07/2025 14:20;720
15/07/2025 14:25;704
15/07/2025 14:30;707
15/07/2025 14:35;702
15/07/2025 14:40;719
15/07/2025 14:45;717
15/07/2025 14:50;707
15/07/2025 14:55;703
15/07/2025 15:00;696
15/07/2025 15:05;696
15/07/2025 15:10;689
15/07/2025 15:15;685
15/07/2025 15:20;679
15/07/2025 15:25;669
15/07/2025 15:30;660
15/07/2025 15:35;657
15/07/2025 15:40;652
15/07/2025 15:45;642
15/07/2025 15:50;637
15/07/2025 15:55;624
15/07/2025 16:00;619
15/07/2025 16:05;608
15/07/2025 16:10;602
15/07/2025 16:15;590
15/07/2025 16:20;577
15/07/2025 16:25;570
15/07/2025 16:30;559
15/07/2025 16:35;545
15/07/2025 16:40;539
15/07/2025 16:45;526
15/07/2025 16:50;515
15/07/2025 16:55;501
15/07/2025 17:00;489
15/07/2025 17:05;478
15/07/2025 17:10;461
15/07/2025 17:15;451
15/07/2025 17:20;437
15/07/2025 17:25;422
15/07/2025 17:30;411
15/07/2025 17:35;397
15/07/2025 17:40;377
15/07/2025 17:45;368
15/07/2025 17:50;350
15/07/2025 17:55;335
15/07/2025 18:00;280
15/07/2025 18:05;308
15/07/2025 18:10;300
15/07/2025 18:15;253
15/07/2025 18:20;253
15/07/2025 18:25;236
15/07/2025 18:30;220
15/07/2025 18:35;206
15/07/2025 18:40;189
15/07/2025 18:45;174
15/07/2025 18:50;159
15/07/2025 18:55;141
15/07/2025 19:00;124
15/07/2025 19:05;111
15/07/2025 19:10;97
15/07/2025 19:15;76
15/07/2025 19:20;47
15/07/2025 19:25;44
15/07/2025 19:30;41
15/07/2025 19:35;39
15/07/2025 19:40;39
15/07/2025 19:45;39
15/07/2025 19:50;39
15/07/2025 19:55;39
15/07/2025 20:00;39
15/07/2025 20:05;39
15/07/2025 20:10;39
15/07/2025 20:15;39
15/07/2025 20:20;39
15/07/2025 20:25;39
15/07/2025 20:30;39
15/07/2025 20:35;39
15/07/2025 20:40;39
15/07/2025 20:45;39
15/07/2025 20:50;39
15/07/2025 20:55;39
15/07/2025 21:00;39
15/07/2025 21:05;39
15/07/2025 21:10;39
15/07/2025 21:15;39
15/07/2025 21:20;39
15/07/2025 21:25;39
15/07/2025 21:30;0
15/07/2025 21:35;0
15/07/2025 21:40;0
16/07/2025 6:58;0
16/07/2025 6:59;0
16/07/2025 6:59;0
16/07/2025 7:00;0
16/07/2025 7:00;0
16/07/2025 7:05;0
16/07/2025 7:10;0
16/07/2025 7:15;0
16/07/2025 7:20;0
16/07/2025 7:25;0
16/07/2025 7:30;0
16/07/2025 7:35;39
16/07/2025 7:40;39
16/07/2025 7:45;39
16/07/2025 7:50;39
16/07/2025 7:55;39
16/07/2025 8:00;39
16/07/2025 8:05;39
16/07/2025 8:10;75
16/07/2025 8:15;92
16/07/2025 8:20;101
16/07/2025 8:25;113
16/07/2025 8:30;119
16/07/2025 8:35;136
16/07/2025 8:40;147
16/07/2025 8:45;172
16/07/2025 8:50;233
16/07/2025 8:55;271
16/07/2025 9:00;287
16/07/2025 9:05;303
16/07/2025 9:10;318
16/07/2025 9:15;334
16/07/2025 9:20;349
16/07/2025 9:25;364
16/07/2025 9:30;380
16/07/2025 9:35;0
16/07/2025 9:40;410
16/07/2025 9:45;425
16/07/2025 9:50;0
16/07/2025 9:55;450
16/07/2025 10:00;463
16/07/2025 10:05;483
16/07/2025 10:05;477
16/07/2025 10:06;480
16/07/2025 10:10;491
16/07/2025 10:15;502
16/07/2025 10:20;515
16/07/2025 10:25;526
16/07/2025 10:30;540
16/07/2025 10:35;551
16/07/2025 10:40;560
16/07/2025 10:45;568
16/07/2025 10:50;577
16/07/2025 10:55;588
16/07/2025 11:00;600
16/07/2025 11:05;613
16/07/2025 11:10;617
16/07/2025 11:15;624
16/07/2025 11:20;632
16/07/2025 11:25;640
16/07/2025 11:30;641
16/07/2025 11:35;652
16/07/2025 11:40;658
16/07/2025 11:45;662
16/07/2025 11:50;667
16/07/2025 11:55;676
16/07/2025 12:00;673
16/07/2025 12:05;677
16/07/2025 12:10;684
16/07/2025 12:15;691
16/07/2025 12:20;697
16/07/2025 12:25;702
16/07/2025 12:30;703
16/07/2025 12:35;704
16/07/2025 12:40;711
16/07/2025 12:45;709
16/07/2025 12:50;542
16/07/2025 12:55;469
16/07/2025 13:00;470
16/07/2025 13:05;471
16/07/2025 13:10;471
16/07/2025 13:15;473
16/07/2025 13:20;473
16/07/2025 13:25;473
16/07/2025 13:30;474
16/07/2025 13:35;476
16/07/2025 13:40;475
16/07/2025 13:45;473
16/07/2025 13:50;477
16/07/2025 13:55;470
16/07/2025 14:00;471
16/07/2025 14:05;470
16/07/2025 14:10;468
16/07/2025 14:15;466
16/07/2025 14:20;465
16/07/2025 14:25;463
16/07/2025 14:30;461
16/07/2025 14:35;459
16/07/2025 14:40;455
16/07/2025 14:45;494
16/07/2025 14:50;631
16/07/2025 14:55;696
16/07/2025 15:00;693
16/07/2025 15:05;686
16/07/2025 15:10;675
16/07/2025 15:15;665
16/07/2025 15:20;660
16/07/2025 15:25;657
16/07/2025 15:30;653
16/07/2025 15:35;643
16/07/2025 15:40;639
16/07/2025 15:45;630
16/07/2025 15:50;620
16/07/2025 15:55;614
16/07/2025 16:00;602
16/07/2025 16:05;585
16/07/2025 16:10;574
16/07/2025 16:15;565
16/07/2025 16:20;562
16/07/2025 16:25;556
16/07/2025 16:30;546
16/07/2025 16:35;535
16/07/2025 16:40;523
16/07/2025 16:45;513
16/07/2025 16:50;502
16/07/2025 16:55;491
16/07/2025 17:00;477
16/07/2025 17:05;464
16/07/2025 17:10;451
16/07/2025 17:15;432
16/07/2025 17:20;422
16/07/2025 17:25;408
16/07/2025 17:30;394
16/07/2025 17:35;382
16/07/2025 17:40;369
16/07/2025 17:45;353
16/07/2025 17:50;336
16/07/2025 17:55;319
16/07/2025 18:00;306
16/07/2025 18:05;290
16/07/2025 18:10;276
16/07/2025 18:15;258
16/07/2025 18:20;244
16/07/2025 18:25;227
16/07/2025 18:30;211
16/07/2025 18:35;197
16/07/2025 18:40;181
16/07/2025 18:45;162
16/07/2025 18:50;0
16/07/2025 18:55;133
16/07/2025 19:00;119
16/07/2025 19:05;107
16/07/2025 19:10;91
16/07/2025 19:15;74
16/07/2025 19:20;47
16/07/2025 19:25;43
16/07/2025 19:30;41
16/07/2025 19:35;39
16/07/2025 19:40;39
16/07/2025 19:45;39
16/07/2025 19:50;39
16/07/2025 19:55;39
16/07/2025 20:00;39
16/07/2025 20:05;39
16/07/2025 20:10;39
16/07/2025 20:15;39
16/07/2025 20:20;39
16/07/2025 20:25;39
16/07/2025 20:30;39
16/07/2025 20:35;39
16/07/2025 20:40;39
16/07/2025 20:45;39
16/07/2025 20:50;39
16/07/2025 20:55;39
16/07/2025 21:00;39
16/07/2025 21:05;39
16/07/2025 21:10;39
16/07/2025 21:15;39
16/07/2025 21:20;39
16/07/2025 21:25;39
16/07/2025 21:30;39
16/07/2025 21:35;0
16/07/2025 21:40;0
17/07/2025 7:04;0
17/07/2025 7:04;0
17/07/2025 7:05;0
17/07/2025 7:05;0
17/07/2025 7:06;0
17/07/2025 7:10;0
17/07/2025 7:15;0
17/07/2025 7:20;0
17/07/2025 7:25;0
17/07/2025 7:30;39
17/07/2025 7:35;39
17/07/2025 7:40;39
17/07/2025 7:45;39
17/07/2025 7:50;39
17/07/2025 7:55;39
17/07/2025 8:00;46
17/07/2025 8:05;82
17/07/2025 8:10;85
17/07/2025 8:15;123
17/07/2025 8:20;115
17/07/2025 8:25;79
17/07/2025 8:30;78
17/07/2025 8:35;111
17/07/2025 8:40;95
17/07/2025 8:45;99
17/07/2025 8:50;282
17/07/2025 8:55;176
17/07/2025 9:00;133
17/07/2025 9:05;125
17/07/2025 9:10;165
17/07/2025 9:15;168
17/07/2025 9:20;181
17/07/2025 9:25;432
17/07/2025 9:30;0
17/07/2025 9:35;212
17/07/2025 9:40;228
17/07/2025 9:45;165
17/07/2025 9:50;126
17/07/2025 9:55;148
17/07/2025 10:00;123
17/07/2025 10:05;138
17/07/2025 10:10;176
17/07/2025 10:15;146
17/07/2025 10:20;165
17/07/2025 10:25;152
17/07/2025 10:30;163
17/07/2025 10:35;158
17/07/2025 10:40;164
17/07/2025 10:45;172
17/07/2025 10:50;188
17/07/2025 10:55;231
17/07/2025 11:00;181
17/07/2025 11:05;199
17/07/2025 11:10;413
17/07/2025 11:15;764
17/07/2025 11:20;283
17/07/2025 11:25;262
17/07/2025 11:30;709
17/07/2025 11:35;695
17/07/2025 11:40;704
17/07/2025 11:45;336
17/07/2025 11:50;729
17/07/2025 11:55;704
17/07/2025 12:00;703
17/07/2025 12:05;722
17/07/2025 12:10;695
17/07/2025 12:15;726
17/07/2025 12:20;702
17/07/2025 12:25;739
17/07/2025 12:30;740
17/07/2025 12:35;688
17/07/2025 12:40;762
17/07/2025 12:45;668
17/07/2025 12:50;700
17/07/2025 12:55;702
17/07/2025 13:00;599
17/07/2025 13:05;492
17/07/2025 13:10;736
17/07/2025 13:15;455
17/07/2025 13:20;443
17/07/2025 13:25;319
17/07/2025 13:30;366
17/07/2025 13:35;465
17/07/2025 13:40;517
17/07/2025 13:45;487
17/07/2025 13:50;780
17/07/2025 13:55;741
17/07/2025 14:00;502
17/07/2025 14:05;476
17/07/2025 14:10;326
17/07/2025 14:15;278
17/07/2025 14:20;333
17/07/2025 14:25;255
17/07/2025 14:30;327
17/07/2025 14:35;235
17/07/2025 14:40;246
17/07/2025 14:45;0
17/07/2025 14:50;0
17/07/2025 14:55;162
17/07/2025 15:00;154
17/07/2025 15:05;123
17/07/2025 15:10;183
17/07/2025 15:15;676
17/07/2025 15:20;356
17/07/2025 15:25;303
17/07/2025 15:30;327
17/07/2025 15:35;217
17/07/2025 15:40;417
17/07/2025 15:45;344
17/07/2025 15:50;175
17/07/2025 15:55;197
17/07/2025 16:00;280
17/07/2025 16:05;140
17/07/2025 16:10;272
17/07/2025 16:15;231
17/07/2025 16:20;115
17/07/2025 16:25;118
17/07/2025 16:30;149
17/07/2025 16:35;116
17/07/2025 16:40;106
17/07/2025 16:45;91
17/07/2025 16:50;108
17/07/2025 16:55;119
17/07/2025 17:00;153
17/07/2025 17:05;132
17/07/2025 17:10;137
17/07/2025 17:15;121
17/07/2025 17:20;120
17/07/2025 17:25;149
17/07/2025 17:30;171
17/07/2025 17:35;93
17/07/2025 17:40;90
17/07/2025 17:45;67
17/07/2025 17:50;82
17/07/2025 17:55;113
17/07/2025 18:00;145
17/07/2025 18:05;161
17/07/2025 18:10;133
17/07/2025 18:15;110
17/07/2025 18:20;117
17/07/2025 18:25;72
17/07/2025 18:30;85
17/07/2025 18:35;65
17/07/2025 18:40;92
17/07/2025 18:45;87
17/07/2025 18:50;100
17/07/2025 18:55;118
17/07/2025 19:00;118
17/07/2025 19:05;133
17/07/2025 19:10;0
17/07/2025 19:15;126
17/07/2025 19:20;126
17/07/2025 19:25;94
17/07/2025 19:30;80
17/07/2025 19:35;54
17/07/2025 19:40;39
17/07/2025 19:45;39
17/07/2025 19:50;39
17/07/2025 19:55;39
17/07/2025 20:00;39
17/07/2025 20:05;39
17/07/2025 20:10;39
17/07/2025 20:15;39
17/07/2025 20:20;39
17/07/2025 20:25;39
17/07/2025 20:30;0
17/07/2025 20:41;0
17/07/2025 20:41;0
17/07/2025 20:42;0
17/07/2025 20:42;0
17/07/2025 20:43;0
17/07/2025 20:45;0
17/07/2025 20:50;0
17/07/2025 20:55;0
17/07/2025 21:00;39
17/07/2025 21:05;0
17/07/2025 21:10;0
17/07/2025 21:15;0
17/07/2025 21:20;0
18/07/2025 7:08;0
18/07/2025 7:09;0
18/07/2025 7:09;0
18/07/2025 7:10;0
18/07/2025 7:10;0
18/07/2025 7:15;0
18/07/2025 7:20;0
18/07/2025 7:25;0
18/07/2025 7:30;0
18/07/2025 7:35;0
18/07/2025 7:40;0
18/07/2025 7:45;0
18/07/2025 7:50;39
18/07/2025 7:55;39
18/07/2025 8:00;39
18/07/2025 8:05;39
18/07/2025 8:10;39
18/07/2025 8:15;39
18/07/2025 8:20;39
18/07/2025 8:25;39
18/07/2025 8:30;39
18/07/2025 8:35;39
18/07/2025 8:40;39
18/07/2025 8:45;39
18/07/2025 8:50;39
18/07/2025 8:55;39
18/07/2025 9:00;39
18/07/2025 9:05;39
18/07/2025 9:10;39
18/07/2025 9:15;39
18/07/2025 9:20;42
18/07/2025 9:25;48
18/07/2025 9:30;57
18/07/2025 9:35;55
18/07/2025 9:40;60
18/07/2025 9:45;61
18/07/2025 9:50;64
18/07/2025 9:55;73
18/07/2025 10:00;76
18/07/2025 10:05;84
18/07/2025 10:10;116
18/07/2025 10:15;121
18/07/2025 10:20;103
18/07/2025 10:25;102
18/07/2025 10:30;88
18/07/2025 10:35;101
18/07/2025 10:40;91
18/07/2025 10:45;79
18/07/2025 10:50;76
18/07/2025 10:55;71
18/07/2025 11:00;65
18/07/2025 11:05;56
18/07/2025 11:10;56
18/07/2025 11:15;58
18/07/2025 11:20;67
18/07/2025 11:25;86
18/07/2025 11:30;93
18/07/2025 11:35;101
18/07/2025 11:40;106
18/07/2025 11:45;123
18/07/2025 11:50;152
18/07/2025 11:55;165
18/07/2025 12:00;174
18/07/2025 12:05;196
18/07/2025 12:10;214
18/07/2025 12:15;242
18/07/2025 12:20;268
18/07/2025 12:25;296
18/07/2025 12:30;325
18/07/2025 12:35;406
18/07/2025 12:40;387
18/07/2025 12:45;404
18/07/2025 12:50;498
18/07/2025 12:55;428
18/07/2025 13:00;517
18/07/2025 13:05;576
18/07/2025 13:10;671
18/07/2025 13:15;565
18/07/2025 13:20;523
18/07/2025 13:25;465
18/07/2025 13:30;410
18/07/2025 13:35;414
18/07/2025 13:40;560
18/07/2025 13:45;475
18/07/2025 13:50;491
18/07/2025 13:55;474
18/07/2025 14:00;412
18/07/2025 14:05;425
18/07/2025 14:10;396
18/07/2025 14:15;393
18/07/2025 14:20;396
18/07/2025 14:25;396
18/07/2025 14:30;430
18/07/2025 14:35;488
18/07/2025 14:40;479
18/07/2025 14:45;497
18/07/2025 14:50;474
18/07/2025 14:55;443
18/07/2025 15:00;456
18/07/2025 15:05;474
18/07/2025 15:10;432
18/07/2025 15:15;460
18/07/2025 15:20;571
18/07/2025 15:25;514
18/07/2025 15:30;472
18/07/2025 15:35;370
18/07/2025 15:40;367
18/07/2025 15:45;355
18/07/2025 15:50;330
18/07/2025 15:55;330
18/07/2025 16:00;748
18/07/2025 16:05;378
18/07/2025 16:10;345
18/07/2025 16:15;365
18/07/2025 16:20;346
18/07/2025 16:25;322
18/07/2025 16:30;337
18/07/2025 16:35;412
18/07/2025 16:40;315
18/07/2025 16:45;354
18/07/2025 16:50;347
18/07/2025 16:55;336
18/07/2025 17:00;303
18/07/2025 17:05;312
18/07/2025 17:10;281
18/07/2025 17:15;298
18/07/2025 17:20;232
18/07/2025 17:25;214
18/07/2025 17:30;219
18/07/2025 17:35;217
18/07/2025 17:40;210
18/07/2025 17:45;173
18/07/2025 17:50;147
18/07/2025 17:55;441
18/07/2025 18:00;207
18/07/2025 18:05;234
18/07/2025 18:10;185
18/07/2025 18:15;218
18/07/2025 18:20;158
18/07/2025 18:25;190
18/07/2025 18:30;205
18/07/2025 18:35;159
18/07/2025 18:40;185
18/07/2025 18:45;206
18/07/2025 18:50;151
18/07/2025 18:55;123
18/07/2025 19:00;124
18/07/2025 19:05;105
18/07/2025 19:10;95
18/07/2025 19:15;57
18/07/2025 19:20;39
18/07/2025 19:25;39
18/07/2025 19:30;39
18/07/2025 19:35;39
18/07/2025 19:40;39
18/07/2025 19:45;39
18/07/2025 19:50;39
18/07/2025 19:55;39
18/07/2025 20:00;39
18/07/2025 20:05;39
18/07/2025 20:10;39
18/07/2025 20:15;39
18/07/2025 20:20;39
18/07/2025 20:25;39
18/07/2025 20:30;39
18/07/2025 20:35;39
18/07/2025 20:40;39
18/07/2025 20:45;0
18/07/2025 20:52;0
18/07/2025 20:53;0
19/07/2025 7:22;0
19/07/2025 7:23;0
19/07/2025 7:23;0
19/07/2025 7:24;0
19/07/2025 7:24;0
19/07/2025 7:25;0
19/07/2025 7:30;0
19/07/2025 7:35;0
19/07/2025 7:40;0
19/07/2025 7:45;0
19/07/2025 7:46;0
19/07/2025 7:46;0
19/07/2025 7:47;0
19/07/2025 7:47;0
19/07/2025 7:50;0
19/07/2025 7:55;0
19/07/2025 7:58;0
19/07/2025 7:58;0
19/07/2025 7:59;0
19/07/2025 7:59;0
19/07/2025 8:00;0
19/07/2025 8:05;0
19/07/2025 8:10;39
19/07/2025 8:15;39
19/07/2025 8:20;39
19/07/2025 8:25;65
19/07/2025 8:30;39
19/07/2025 8:35;39
19/07/2025 8:40;39
19/07/2025 8:45;86
19/07/2025 8:50;47
19/07/2025 8:55;39
19/07/2025 9:00;39
19/07/2025 9:05;39
19/07/2025 9:10;39
19/07/2025 9:15;85
19/07/2025 9:20;135
19/07/2025 9:25;152
19/07/2025 9:30;86
19/07/2025 9:35;67
19/07/2025 9:40;39
19/07/2025 9:45;41
19/07/2025 9:50;87
19/07/2025 9:55;62
19/07/2025 10:00;70
19/07/2025 10:05;86
19/07/2025 10:10;81
19/07/2025 10:15;85
19/07/2025 10:20;84
19/07/2025 10:25;107
19/07/2025 10:30;64
19/07/2025 10:35;74
19/07/2025 10:40;95
19/07/2025 10:45;165
19/07/2025 10:50;246
19/07/2025 10:55;256
19/07/2025 11:00;344
19/07/2025 11:05;256
19/07/2025 11:10;256
19/07/2025 11:15;446
19/07/2025 11:20;338
19/07/2025 11:25;359
19/07/2025 11:30;780
19/07/2025 11:35;420
19/07/2025 11:40;386
19/07/2025 11:45;397
19/07/2025 11:50;327
19/07/2025 11:55;439
19/07/2025 12:00;455
19/07/2025 12:05;708
19/07/2025 12:10;706
19/07/2025 12:15;689
19/07/2025 12:20;774
19/07/2025 12:25;775
19/07/2025 12:30;754
19/07/2025 12:35;761
19/07/2025 12:40;768
19/07/2025 12:45;745
19/07/2025 12:50;768
19/07/2025 12:55;741
19/07/2025 13:00;730
19/07/2025 13:05;739
19/07/2025 13:10;777
19/07/2025 13:15;584
19/07/2025 13:20;415
19/07/2025 13:25;470
19/07/2025 13:30;663
19/07/2025 13:35;757
19/07/2025 13:40;766
19/07/2025 13:45;733
19/07/2025 13:50;582
19/07/2025 13:55;740
19/07/2025 14:00;737
19/07/2025 14:05;627
19/07/2025 14:10;645
19/07/2025 14:15;746
19/07/2025 14:20;510
19/07/2025 14:25;600
19/07/2025 14:30;575
19/07/2025 14:35;694
19/07/2025 14:40;661
19/07/2025 14:45;731
19/07/2025 14:50;603
19/07/2025 14:55;644
19/07/2025 15:00;693
19/07/2025 15:05;712
19/07/2025 15:10;771
19/07/2025 15:15;719
19/07/2025 15:20;777
19/07/2025 15:25;419
19/07/2025 15:30;359
19/07/2025 15:35;687
19/07/2025 15:40;465
19/07/2025 15:45;378
19/07/2025 15:50;373
19/07/2025 15:55;347
19/07/2025 16:00;312
19/07/2025 16:05;278
19/07/2025 16:10;291
19/07/2025 16:15;254
19/07/2025 16:20;256
19/07/2025 16:25;202
19/07/2025 16:30;258
19/07/2025 16:35;230
19/07/2025 16:40;200
19/07/2025 16:45;197
19/07/2025 16:50;215
19/07/2025 16:55;315
19/07/2025 17:00;232
19/07/2025 17:05;314
19/07/2025 17:10;231
19/07/2025 17:15;128
19/07/2025 17:20;0
19/07/2025 17:25;0
19/07/2025 17:30;0
19/07/2025 17:35;103
19/07/2025 17:40;90
19/07/2025 17:45;84
19/07/2025 17:50;81
19/07/2025 17:55;86
19/07/2025 18:00;89
19/07/2025 18:05;93
19/07/2025 18:10;87
19/07/2025 18:15;110
19/07/2025 18:20;122
19/07/2025 18:25;102
19/07/2025 18:30;110
19/07/2025 18:35;102
19/07/2025 18:40;110
19/07/2025 18:45;112
19/07/2025 18:50;104
19/07/2025 18:55;78
19/07/2025 19:00;88
19/07/2025 19:05;154
19/07/2025 19:10;181
19/07/2025 19:15;156
19/07/2025 19:20;122
19/07/2025 19:25;64
19/07/2025 19:30;88
19/07/2025 19:35;110
19/07/2025 19:40;57
19/07/2025 19:45;79
19/07/2025 19:50;95
19/07/2025 19:55;66
19/07/2025 20:00;39
19/07/2025 20:05;39
19/07/2025 20:10;39
19/07/2025 20:15;39
19/07/2025 20:20;39
19/07/2025 20:25;39
19/07/2025 20:30;39
19/07/2025 20:35;39
19/07/2025 20:40;39
19/07/2025 20:45;39
19/07/2025 20:50;39
19/07/2025 20:55;39
19/07/2025 21:00;39
19/07/2025 21:05;39
19/07/2025 21:10;39
19/07/2025 21:15;39
20/07/2025 7:35;0
20/07/2025 7:36;0
20/07/2025 7:36;0
20/07/2025 7:37;0
20/07/2025 7:37;0
20/07/2025 7:40;0
20/07/2025 7:51;0
20/07/2025 7:52;0
20/07/2025 7:52;0
20/07/2025 7:53;0
20/07/2025 7:58;0
20/07/2025 7:58;0
20/07/2025 7:59;0
20/07/2025 7:59;0
20/07/2025 8:00;0
20/07/2025 8:05;0
20/07/2025 8:10;0
20/07/2025 8:15;0
20/07/2025 8:20;0
20/07/2025 8:25;0
20/07/2025 8:30;0
20/07/2025 8:35;0
20/07/2025 8:40;0
20/07/2025 8:45;0
20/07/2025 8:50;0
20/07/2025 8:55;0
20/07/2025 9:00;39
20/07/2025 9:05;39
20/07/2025 9:10;39
20/07/2025 9:15;39
20/07/2025 9:20;39
20/07/2025 9:25;39
20/07/2025 9:30;39
20/07/2025 9:35;39
20/07/2025 9:40;39
20/07/2025 9:45;40
20/07/2025 9:50;39
20/07/2025 9:55;39
20/07/2025 10:00;39
20/07/2025 10:05;54
20/07/2025 10:10;67
20/07/2025 10:15;79
20/07/2025 10:20;105
20/07/2025 10:25;136
20/07/2025 10:30;183
20/07/2025 10:35;193
20/07/2025 10:40;260
20/07/2025 10:45;182
20/07/2025 10:50;211
20/07/2025 10:55;177
20/07/2025 11:00;178
20/07/2025 11:05;213
20/07/2025 11:10;198
20/07/2025 11:15;381
20/07/2025 11:20;175
20/07/2025 11:25;219
20/07/2025 11:30;328
20/07/2025 11:35;352
20/07/2025 11:40;317
20/07/2025 11:45;307
20/07/2025 11:50;372
20/07/2025 11:55;612
20/07/2025 12:00;308
20/07/2025 12:05;301
20/07/2025 12:10;307
20/07/2025 12:15;383
20/07/2025 12:20;278
20/07/2025 12:25;247
20/07/2025 12:30;258
20/07/2025 12:35;285
20/07/2025 12:40;297
20/07/2025 12:45;306
20/07/2025 12:50;317
20/07/2025 12:55;498
20/07/2025 13:00;368
20/07/2025 13:05;409
20/07/2025 13:10;432
20/07/2025 13:15;780
20/07/2025 13:20;748
20/07/2025 13:25;352
20/07/2025 13:30;343
20/07/2025 13:35;249
20/07/2025 13:40;315
20/07/2025 13:45;225
20/07/2025 13:50;235
20/07/2025 13:55;300
20/07/2025 14:00;333
20/07/2025 14:05;275
20/07/2025 14:10;273
20/07/2025 14:15;267
20/07/2025 14:20;266
20/07/2025 14:25;252
20/07/2025 14:30;224
20/07/2025 14:35;201
20/07/2025 14:40;196
20/07/2025 14:45;191
20/07/2025 14:50;188
20/07/2025 14:55;188
20/07/2025 15:00;155
20/07/2025 15:05;142
20/07/2025 15:10;118
20/07/2025 15:15;110
20/07/2025 15:20;93
20/07/2025 15:25;77
20/07/2025 15:30;71
20/07/2025 15:35;67
20/07/2025 15:40;70
20/07/2025 15:45;73
20/07/2025 15:50;67
20/07/2025 15:55;73
20/07/2025 16:00;79
20/07/2025 16:05;81
20/07/2025 16:10;84
20/07/2025 16:15;91
20/07/2025 16:20;85
20/07/2025 16:25;90
20/07/2025 16:30;87
20/07/2025 16:35;81
20/07/2025 16:40;81
20/07/2025 16:45;87
20/07/2025 16:50;77
20/07/2025 16:55;88
20/07/2025 17:00;111
20/07/2025 17:05;113
20/07/2025 17:10;108
20/07/2025 17:15;122
20/07/2025 17:20;131
20/07/2025 17:25;124
20/07/2025 17:30;132
20/07/2025 17:35;123
20/07/2025 17:40;125
20/07/2025 17:45;128
20/07/2025 17:50;134
20/07/2025 17:55;128
20/07/2025 18:00;115
20/07/2025 18:05;118
20/07/2025 18:10;146
20/07/2025 18:15;186
20/07/2025 18:20;225
20/07/2025 18:25;241
20/07/2025 18:30;169
20/07/2025 18:35;215
20/07/2025 18:40;155
20/07/2025 18:45;121
20/07/2025 18:50;86
20/07/2025 18:55;69
20/07/2025 19:00;64
20/07/2025 19:05;60
20/07/2025 19:10;64
20/07/2025 19:15;70
20/07/2025 19:20;67
20/07/2025 19:25;57
20/07/2025 19:30;55
20/07/2025 19:35;51
20/07/2025 19:40;49
20/07/2025 19:45;63
20/07/2025 19:50;69
20/07/2025 19:55;67
20/07/2025 20:00;64
20/07/2025 20:05;65
20/07/2025 20:10;55
20/07/2025 20:15;39
20/07/2025 20:20;39
20/07/2025 20:25;39
20/07/2025 20:30;39
20/07/2025 20:35;39
20/07/2025 20:40;39
20/07/2025 20:45;39
20/07/2025 20:50;39
20/07/2025 20:55;39
20/07/2025 21:00;39
20/07/2025 21:05;39
20/07/2025 21:10;39
20/07/2025 21:15;39
20/07/2025 21:20;39
20/07/2025 21:25;0
20/07/2025 21:30;0
21/07/2025 7:03;0
21/07/2025 7:04;0
21/07/2025 7:04;0
21/07/2025 7:05;0
21/07/2025 7:05;0
21/07/2025 7:10;0
21/07/2025 7:15;0
21/07/2025 7:20;0
21/07/2025 7:25;0
21/07/2025 7:30;0
21/07/2025 7:35;0
21/07/2025 7:40;39
21/07/2025 7:45;39
21/07/2025 7:50;39
21/07/2025 7:55;39
21/07/2025 8:00;39
21/07/2025 8:05;39
21/07/2025 8:10;57
21/07/2025 8:15;44
21/07/2025 8:20;110
21/07/2025 8:25;126
21/07/2025 8:30;128
21/07/2025 8:35;148
21/07/2025 8:40;100
21/07/2025 8:45;96
21/07/2025 8:50;83
21/07/2025 8:55;286
21/07/2025 9:00;118
21/07/2025 9:05;177
21/07/2025 9:10;0
21/07/2025 9:15;313
21/07/2025 9:20;375
21/07/2025 9:25;324
21/07/2025 9:26;0
21/07/2025 9:27;0
21/07/2025 9:27;0
21/07/2025 9:30;443
21/07/2025 9:35;430
21/07/2025 9:40;434
21/07/2025 9:45;461
21/07/2025 9:50;494
21/07/2025 9:55;513
21/07/2025 10:00;496
21/07/2025 10:05;511
21/07/2025 10:10;566
21/07/2025 10:15;237
21/07/2025 10:20;281
21/07/2025 10:25;536
21/07/2025 10:30;638
21/07/2025 10:35;621
21/07/2025 10:40;670
21/07/2025 10:45;488
21/07/2025 10:50;734
21/07/2025 10:55;780
21/07/2025 11:00;651
21/07/2025 11:05;722
21/07/2025 11:10;688
21/07/2025 11:15;680
21/07/2025 11:20;678
21/07/2025 11:25;676
21/07/2025 11:30;678
21/07/2025 11:35;686
21/07/2025 11:40;689
21/07/2025 11:45;698
21/07/2025 11:50;707
21/07/2025 11:55;708
21/07/2025 12:00;712
21/07/2025 12:05;717
21/07/2025 12:10;733
21/07/2025 12:15;728
21/07/2025 12:20;739
21/07/2025 12:25;699
21/07/2025 12:30;467
21/07/2025 12:35;471
21/07/2025 12:40;473
21/07/2025 12:45;479
21/07/2025 12:50;491
21/07/2025 12:55;780
21/07/2025 13:00;778
21/07/2025 13:05;780
21/07/2025 13:10;780
21/07/2025 13:15;779
21/07/2025 13:20;639
21/07/2025 13:25;780
21/07/2025 13:30;493
21/07/2025 13:35;603
21/07/2025 13:40;776
21/07/2025 13:45;777
21/07/2025 13:50;778
21/07/2025 13:55;780
21/07/2025 14:00;720
21/07/2025 14:05;780
21/07/2025 14:10;748
21/07/2025 14:15;744
21/07/2025 14:20;732
21/07/2025 14:25;732
21/07/2025 14:30;723
21/07/2025 14:35;696
21/07/2025 14:40;463
21/07/2025 14:45;458
21/07/2025 14:50;460
21/07/2025 14:55;460
21/07/2025 15:00;457
21/07/2025 15:05;455
21/07/2025 15:10;474
21/07/2025 15:15;711
21/07/2025 15:20;721
21/07/2025 15:25;721
21/07/2025 15:30;726
21/07/2025 15:35;755
21/07/2025 15:40;780
21/07/2025 15:45;780
21/07/2025 15:50;398
21/07/2025 15:55;769
21/07/2025 16:00;779
21/07/2025 16:05;766
21/07/2025 16:10;780
21/07/2025 16:15;584
21/07/2025 16:20;714
21/07/2025 16:25;446
21/07/2025 16:30;603
21/07/2025 16:35;441
21/07/2025 16:40;277
21/07/2025 16:45;258
21/07/2025 16:50;367
21/07/2025 16:55;338
21/07/2025 17:00;213
21/07/2025 17:05;201
21/07/2025 17:10;219
21/07/2025 17:15;223
21/07/2025 17:20;240
21/07/2025 17:25;238
21/07/2025 17:30;220
21/07/2025 17:35;220
21/07/2025 17:40;189
21/07/2025 17:45;177
21/07/2025 17:50;233
21/07/2025 17:55;199
21/07/2025 18:00;206
21/07/2025 18:05;246
21/07/2025 18:10;232
21/07/2025 18:15;206
21/07/2025 18:20;182
21/07/2025 18:25;177
21/07/2025 18:30;153
21/07/2025 18:35;166
21/07/2025 18:40;168
21/07/2025 18:45;151
21/07/2025 18:50;142
21/07/2025 18:55;124
21/07/2025 19:00;111
21/07/2025 19:05;0
21/07/2025 19:10;108
21/07/2025 19:15;98
21/07/2025 19:20;95
21/07/2025 19:25;88
21/07/2025 19:30;80
21/07/2025 19:35;66
21/07/2025 19:40;67
21/07/2025 19:45;60
21/07/2025 19:50;52
21/07/2025 19:55;48
21/07/2025 20:00;46
21/07/2025 20:05;39
21/07/2025 20:10;39
21/07/2025 20:15;39
21/07/2025 20:20;39
21/07/2025 20:25;39
21/07/2025 20:30;39
21/07/2025 20:35;39
21/07/2025 20:40;39
21/07/2025 20:45;39
21/07/2025 20:50;39
21/07/2025 20:55;39
21/07/2025 21:00;39
21/07/2025 21:05;39
21/07/2025 21:10;39
21/07/2025 21:15;39
21/07/2025 21:20;39
22/07/2025 7:03;0
22/07/2025 7:04;0
22/07/2025 7:04;0
22/07/2025 7:05;0
22/07/2025 7:05;0
22/07/2025 7:10;0
22/07/2025 7:15;0
22/07/2025 7:20;0
22/07/2025 7:25;0
22/07/2025 7:30;0
22/07/2025 7:35;39
22/07/2025 7:40;39
22/07/2025 7:45;39
22/07/2025 7:50;39
22/07/2025 7:55;39
22/07/2025 8:00;39
22/07/2025 8:05;39
22/07/2025 8:10;55
22/07/2025 8:15;84
22/07/2025 8:20;94
22/07/2025 8:25;106
22/07/2025 8:30;118
22/07/2025 8:35;130
22/07/2025 8:40;141
22/07/2025 8:45;168
22/07/2025 8:50;224
22/07/2025 8:55;0
22/07/2025 9:00;278
22/07/2025 9:05;296
22/07/2025 9:10;313
22/07/2025 9:15;326
22/07/2025 9:20;341
22/07/2025 9:23;353
22/07/2025 9:24;354
22/07/2025 9:24;355
22/07/2025 9:25;360
22/07/2025 9:30;372
22/07/2025 9:35;389
22/07/2025 9:40;404
22/07/2025 9:45;418
22/07/2025 9:50;434
22/07/2025 9:55;448
22/07/2025 10:00;459
22/07/2025 10:05;475
22/07/2025 10:10;483
22/07/2025 10:15;498
22/07/2025 10:20;509
22/07/2025 10:25;519
22/07/2025 10:30;531
22/07/2025 10:35;545
22/07/2025 10:40;555
22/07/2025 10:45;562
22/07/2025 10:50;572
22/07/2025 10:55;577
22/07/2025 11:00;589
22/07/2025 11:05;599
22/07/2025 11:10;610
22/07/2025 11:15;618
22/07/2025 11:20;626
22/07/2025 11:25;631
22/07/2025 11:30;644
22/07/2025 11:35;645
22/07/2025 11:40;649
22/07/2025 11:45;654
22/07/2025 11:50;659
22/07/2025 11:55;668
22/07/2025 12:00;671
22/07/2025 12:05;671
22/07/2025 12:10;676
22/07/2025 12:15;680
22/07/2025 12:20;690
22/07/2025 12:25;694
22/07/2025 12:30;703
22/07/2025 12:35;695
22/07/2025 12:40;696
22/07/2025 12:45;709
22/07/2025 12:50;711
22/07/2025 12:55;721
22/07/2025 13:00;715
22/07/2025 13:05;721
22/07/2025 13:10;721
22/07/2025 13:15;713
22/07/2025 13:20;710
22/07/2025 13:25;714
22/07/2025 13:30;732
22/07/2025 13:35;726
22/07/2025 13:40;711
22/07/2025 13:45;612
22/07/2025 13:50;471
22/07/2025 13:55;469
22/07/2025 14:00;469
22/07/2025 14:05;468
22/07/2025 14:10;466
22/07/2025 14:15;465
22/07/2025 14:20;463
22/07/2025 14:25;461
22/07/2025 14:30;458
22/07/2025 14:35;494
22/07/2025 14:40;454
22/07/2025 14:45;546
22/07/2025 14:50;689
22/07/2025 14:55;683
22/07/2025 15:00;687
22/07/2025 15:05;684
22/07/2025 15:10;675
22/07/2025 15:15;671
22/07/2025 15:20;661
22/07/2025 15:25;660
22/07/2025 15:30;658
22/07/2025 15:35;652
22/07/2025 15:40;638
22/07/2025 15:45;642
22/07/2025 15:50;623
22/07/2025 15:55;624
22/07/2025 16:00;614
22/07/2025 16:05;599
22/07/2025 16:10;578
22/07/2025 16:15;562
22/07/2025 16:20;564
22/07/2025 16:25;552
22/07/2025 16:30;545
22/07/2025 16:35;587
22/07/2025 16:40;466
22/07/2025 16:45;557
22/07/2025 16:50;0
22/07/2025 16:55;541
22/07/2025 17:00;485
22/07/2025 17:05;0
22/07/2025 17:10;435
22/07/2025 17:15;141
22/07/2025 17:20;118
22/07/2025 17:25;0
22/07/2025 17:30;440
22/07/2025 17:35;399
22/07/2025 17:40;366
22/07/2025 17:45;336
22/07/2025 17:50;358
22/07/2025 17:55;343
22/07/2025 18:00;356
22/07/2025 18:05;343
22/07/2025 18:10;328
22/07/2025 18:15;299
22/07/2025 18:20;271
22/07/2025 18:25;247
22/07/2025 18:30;229
22/07/2025 18:35;210
22/07/2025 18:40;193
22/07/2025 18:45;177
22/07/2025 18:50;157
22/07/2025 18:55;140
22/07/2025 19:00;123
22/07/2025 19:05;103
22/07/2025 19:10;80
22/07/2025 19:15;69
22/07/2025 19:20;48
22/07/2025 19:25;43
22/07/2025 19:30;39
22/07/2025 19:35;39
22/07/2025 19:40;39
22/07/2025 19:45;45
22/07/2025 19:50;39
22/07/2025 19:55;39
22/07/2025 20:00;54
22/07/2025 20:05;51
22/07/2025 20:10;49
22/07/2025 20:15;60
22/07/2025 20:20;58
22/07/2025 20:25;44
22/07/2025 20:30;39
22/07/2025 20:35;39
22/07/2025 20:40;39
22/07/2025 20:45;39
22/07/2025 20:50;39
22/07/2025 20:55;39
22/07/2025 21:00;0
23/07/2025 7:48;0
23/07/2025 7:49;0
23/07/2025 7:49;0
23/07/2025 7:50;0
23/07/2025 7:50;0
23/07/2025 7:55;0
23/07/2025 8:10;0
23/07/2025 8:11;0
23/07/2025 8:11;0
23/07/2025 8:12;0
23/07/2025 8:12;0
23/07/2025 8:15;0
23/07/2025 8:20;0
23/07/2025 8:25;0
23/07/2025 8:26;0
23/07/2025 8:26;0
23/07/2025 8:27;0
23/07/2025 8:27;0
23/07/2025 8:30;0
23/07/2025 8:35;0
23/07/2025 8:40;39
23/07/2025 8:45;39
23/07/2025 8:50;39
23/07/2025 8:55;39
23/07/2025 9:00;39
23/07/2025 9:05;39
23/07/2025 9:10;39
23/07/2025 9:15;39
23/07/2025 9:20;39
23/07/2025 9:25;39
23/07/2025 9:30;39
23/07/2025 9:35;39
23/07/2025 9:40;39
23/07/2025 9:45;39
23/07/2025 9:50;45
23/07/2025 9:55;48
23/07/2025 10:00;47
23/07/2025 10:05;46
23/07/2025 10:10;66
23/07/2025 10:15;65
23/07/2025 10:20;90
23/07/2025 10:25;99
23/07/2025 10:30;99
23/07/2025 10:35;154
23/07/2025 10:40;112
23/07/2025 10:45;55
23/07/2025 10:50;126
23/07/2025 10:55;140
23/07/2025 11:00;191
23/07/2025 11:05;238
23/07/2025 11:10;208
23/07/2025 11:15;225
23/07/2025 11:20;284
23/07/2025 11:25;288
23/07/2025 11:30;411
23/07/2025 11:35;390
23/07/2025 11:40;416
23/07/2025 11:45;491
23/07/2025 11:50;420
23/07/2025 11:55;353
23/07/2025 12:00;356
23/07/2025 12:05;336
23/07/2025 12:10;585
23/07/2025 12:15;270
23/07/2025 12:20;209
23/07/2025 12:25;216
23/07/2025 12:30;203
23/07/2025 12:35;308
23/07/2025 12:40;225
23/07/2025 12:45;98
23/07/2025 12:50;196
23/07/2025 12:55;231
23/07/2025 13:00;390
23/07/2025 13:05;254
23/07/2025 13:10;507
23/07/2025 13:15;442
23/07/2025 13:20;330
23/07/2025 13:25;780
23/07/2025 13:30;773
23/07/2025 13:35;773
23/07/2025 13:40;312
23/07/2025 13:45;780
23/07/2025 13:50;780
23/07/2025 13:55;493
23/07/2025 14:00;426
23/07/2025 14:05;327
23/07/2025 14:10;487
23/07/2025 14:15;539
23/07/2025 14:20;267
23/07/2025 14:25;229
23/07/2025 14:30;260
23/07/2025 14:35;265
23/07/2025 14:40;327
23/07/2025 14:45;330
23/07/2025 14:50;244
23/07/2025 14:55;377
23/07/2025 15:00;421
23/07/2025 15:05;378
23/07/2025 15:10;310
23/07/2025 15:15;287
23/07/2025 15:20;229
23/07/2025 15:25;0
23/07/2025 15:30;310
23/07/2025 15:35;248
23/07/2025 15:40;247
23/07/2025 15:45;278
23/07/2025 15:50;343
23/07/2025 15:53;413
23/07/2025 15:53;380
23/07/2025 15:54;359
23/07/2025 15:55;329
23/07/2025 16:00;306
23/07/2025 16:05;367
23/07/2025 16:10;361
23/07/2025 16:15;267
23/07/2025 16:20;197
23/07/2025 16:25;237
23/07/2025 16:30;205
23/07/2025 16:35;219
23/07/2025 16:40;181
23/07/2025 16:45;200
23/07/2025 16:50;223
23/07/2025 16:55;215
23/07/2025 17:00;211
23/07/2025 17:05;192
23/07/2025 17:10;225
23/07/2025 17:15;257
23/07/2025 17:20;210
23/07/2025 17:25;201
23/07/2025 17:30;201
23/07/2025 17:35;179
23/07/2025 17:40;260
23/07/2025 17:45;293
23/07/2025 17:50;320
23/07/2025 17:55;199
23/07/2025 18:00;240
23/07/2025 18:05;221
23/07/2025 18:10;167
23/07/2025 18:15;184
23/07/2025 18:20;172
23/07/2025 18:25;176
23/07/2025 18:30;171
23/07/2025 18:35;161
23/07/2025 18:40;159
23/07/2025 18:45;156
23/07/2025 18:50;156
23/07/2025 18:55;122
23/07/2025 19:00;87
23/07/2025 19:05;81
23/07/2025 19:10;50
23/07/2025 19:15;102
23/07/2025 19:20;106
23/07/2025 19:25;101
23/07/2025 19:30;86
23/07/2025 19:35;90
23/07/2025 19:40;79
23/07/2025 19:45;68
23/07/2025 19:50;76
23/07/2025 19:55;67
23/07/2025 20:00;41
23/07/2025 20:05;39
23/07/2025 20:10;39
23/07/2025 20:15;39
23/07/2025 20:20;39
23/07/2025 20:25;39
23/07/2025 20:30;39
23/07/2025 20:35;39
23/07/2025 20:40;39
23/07/2025 20:45;39
23/07/2025 20:50;39
23/07/2025 20:55;39
23/07/2025 21:00;39
23/07/2025 21:05;39
23/07/2025 21:10;39
23/07/2025 21:15;0
23/07/2025 21:20;0
23/07/2025 21:25;0
24/07/2025 7:09;0
24/07/2025 7:09;0
24/07/2025 7:10;0
24/07/2025 7:10;0
24/07/2025 7:11;0
24/07/2025 7:15;0
24/07/2025 7:20;0
24/07/2025 7:25;39
24/07/2025 7:30;39
24/07/2025 7:35;39
24/07/2025 7:40;39
24/07/2025 7:45;39
24/07/2025 7:50;39
24/07/2025 7:55;42
24/07/2025 8:00;41
24/07/2025 8:05;59
24/07/2025 8:10;87
24/07/2025 8:15;76
24/07/2025 8:20;81
24/07/2025 8:25;57
24/07/2025 8:30;71
24/07/2025 8:35;217
24/07/2025 8:40;242
24/07/2025 8:45;151
24/07/2025 8:50;81
24/07/2025 8:55;86
24/07/2025 9:00;117
24/07/2025 9:05;108
24/07/2025 9:10;219
24/07/2025 9:15;144
24/07/2025 9:20;58
24/07/2025 9:25;51
24/07/2025 9:30;62
24/07/2025 9:35;70
24/07/2025 9:40;69
24/07/2025 9:45;83
24/07/2025 9:50;140
24/07/2025 9:55;402
24/07/2025 10:00;39
24/07/2025 10:05;40
24/07/2025 10:10;77
24/07/2025 10:15;124
24/07/2025 10:20;185
24/07/2025 10:25;141
24/07/2025 10:30;142
24/07/2025 10:35;232
24/07/2025 10:40;405
24/07/2025 10:45;418
24/07/2025 10:50;378
24/07/2025 10:55;356
24/07/2025 11:00;214
24/07/2025 11:05;189
24/07/2025 11:10;177
24/07/2025 11:15;157
24/07/2025 11:20;173
24/07/2025 11:25;276
24/07/2025 11:30;301
24/07/2025 11:35;354
24/07/2025 11:40;535
24/07/2025 11:45;341
24/07/2025 11:50;340
24/07/2025 11:55;320
24/07/2025 12:00;252
24/07/2025 12:05;780
24/07/2025 12:10;780
24/07/2025 12:15;454
24/07/2025 12:20;375
24/07/2025 12:25;517
24/07/2025 12:30;712
24/07/2025 12:35;648
24/07/2025 12:40;780
24/07/2025 12:45;780
24/07/2025 12:50;775
24/07/2025 12:55;769
24/07/2025 13:00;243
24/07/2025 13:05;244
24/07/2025 13:10;560
24/07/2025 13:15;386
24/07/2025 13:20;301
24/07/2025 13:25;779
24/07/2025 13:30;768
24/07/2025 13:35;233
24/07/2025 13:40;0
24/07/2025 13:45;780
24/07/2025 13:50;780
24/07/2025 13:55;235
24/07/2025 14:00;780
24/07/2025 14:05;283
24/07/2025 14:10;780
24/07/2025 14:15;0
24/07/2025 14:20;766
24/07/2025 14:25;780
24/07/2025 14:30;268
24/07/2025 14:35;288
24/07/2025 14:40;644
24/07/2025 14:45;276
24/07/2025 14:50;780
24/07/2025 14:55;780
24/07/2025 15:00;478
24/07/2025 15:05;770
24/07/2025 15:10;779
24/07/2025 15:15;0
24/07/2025 15:20;0
24/07/2025 15:25;223
24/07/2025 15:30;775
24/07/2025 15:35;209
24/07/2025 15:40;197
24/07/2025 15:45;250
24/07/2025 15:50;187
24/07/2025 15:55;170
24/07/2025 16:00;191
24/07/2025 16:05;220
24/07/2025 16:10;391
24/07/2025 16:15;205
24/07/2025 16:20;190
24/07/2025 16:25;771
24/07/2025 16:30;0
24/07/2025 16:35;132
24/07/2025 16:40;308
24/07/2025 16:45;644
24/07/2025 16:50;638
24/07/2025 16:55;573
24/07/2025 17:00;522
24/07/2025 17:05;558
24/07/2025 17:10;547
24/07/2025 17:15;518
24/07/2025 17:20;507
24/07/2025 17:25;467
24/07/2025 17:30;472
24/07/2025 17:35;457
24/07/2025 17:40;474
24/07/2025 17:45;273
24/07/2025 17:50;0
24/07/2025 17:55;373
24/07/2025 18:00;351
24/07/2025 18:05;333
24/07/2025 18:10;318
24/07/2025 18:15;301
24/07/2025 18:20;279
24/07/2025 18:25;312
24/07/2025 18:30;289
24/07/2025 18:35;108
24/07/2025 18:40;280
24/07/2025 18:45;188
24/07/2025 18:50;88
24/07/2025 18:55;68
24/07/2025 19:00;80
24/07/2025 19:05;61
24/07/2025 19:10;101
24/07/2025 19:15;124
24/07/2025 19:20;107
24/07/2025 19:25;121
24/07/2025 19:30;132
24/07/2025 19:35;144
24/07/2025 19:40;135
24/07/2025 19:45;98
24/07/2025 19:50;77
24/07/2025 19:55;67
24/07/2025 20:00;64
24/07/2025 20:05;50
24/07/2025 20:10;39
24/07/2025 20:15;39
24/07/2025 20:20;39
24/07/2025 20:25;39
24/07/2025 20:30;39
24/07/2025 20:35;39
24/07/2025 20:40;39
24/07/2025 20:45;39
24/07/2025 20:50;39
24/07/2025 20:55;39
24/07/2025 21:00;39
24/07/2025 21:05;39
24/07/2025 21:10;39
24/07/2025 21:15;39
24/07/2025 21:20;39
24/07/2025 21:25;39
25/07/2025 7:11;0
25/07/2025 7:11;0
25/07/2025 7:12;0
25/07/2025 7:12;0
25/07/2025 7:13;0
25/07/2025 7:15;0
25/07/2025 7:20;0
25/07/2025 7:25;0
25/07/2025 7:30;0
25/07/2025 7:35;0
25/07/2025 7:40;39
25/07/2025 7:45;39
25/07/2025 7:50;39
25/07/2025 7:55;39
25/07/2025 8:00;42
25/07/2025 8:05;39
25/07/2025 8:10;59
25/07/2025 8:15;78
25/07/2025 8:20;68
25/07/2025 8:25;55
25/07/2025 8:30;138
25/07/2025 8:35;117
25/07/2025 8:40;166
25/07/2025 8:45;195
25/07/2025 8:50;226
25/07/2025 8:55;104
25/07/2025 9:00;96
25/07/2025 9:05;79
25/07/2025 9:10;69
25/07/2025 9:15;61
25/07/2025 9:20;72
25/07/2025 9:25;73
25/07/2025 9:30;79
25/07/2025 9:35;90
25/07/2025 9:40;99
25/07/2025 9:45;96
25/07/2025 9:50;78
25/07/2025 9:55;97
25/07/2025 10:00;125
25/07/2025 10:05;147
25/07/2025 10:10;156
25/07/2025 10:15;127
25/07/2025 10:20;148
25/07/2025 10:25;318
25/07/2025 10:30;677
25/07/2025 10:35;213
25/07/2025 10:40;120
25/07/2025 10:45;0
25/07/2025 10:50;104
25/07/2025 10:55;90
25/07/2025 11:00;97
25/07/2025 11:05;122
25/07/2025 11:10;142
25/07/2025 11:14;173
25/07/2025 11:15;193
25/07/2025 11:15;182
25/07/2025 11:20;212
25/07/2025 11:25;291
25/07/2025 11:30;222
25/07/2025 11:35;233
25/07/2025 11:40;174
25/07/2025 11:45;255
25/07/2025 11:50;181
25/07/2025 11:55;216
25/07/2025 12:00;241
25/07/2025 12:05;412
25/07/2025 12:10;240
25/07/2025 12:15;219
25/07/2025 12:20;223
25/07/2025 12:25;230
25/07/2025 12:30;211
25/07/2025 12:35;211
25/07/2025 12:40;234
25/07/2025 12:45;262
25/07/2025 12:50;290
25/07/2025 12:55;737
25/07/2025 13:00;536
25/07/2025 13:05;765
25/07/2025 13:10;451
25/07/2025 13:15;613
25/07/2025 13:20;779
25/07/2025 13:25;346
25/07/2025 13:30;314
25/07/2025 13:35;780
25/07/2025 13:40;779
25/07/2025 13:45;780
25/07/2025 13:50;493
25/07/2025 13:55;780
25/07/2025 14:00;780
25/07/2025 14:05;779
25/07/2025 14:10;744
25/07/2025 14:15;710
25/07/2025 14:20;780
25/07/2025 14:25;768
25/07/2025 14:30;763
25/07/2025 14:35;780
25/07/2025 14:40;229
25/07/2025 14:45;723
25/07/2025 14:50;466
25/07/2025 14:55;663
25/07/2025 15:00;536
25/07/2025 15:05;544
25/07/2025 15:10;650
25/07/2025 15:15;698
25/07/2025 15:20;691
25/07/2025 15:25;676
25/07/2025 15:30;663
25/07/2025 15:35;667
25/07/2025 15:40;659
25/07/2025 15:45;649
25/07/2025 15:50;639
25/07/2025 15:51;641
25/07/2025 15:52;642
25/07/2025 15:52;638
25/07/2025 15:55;634
25/07/2025 16:00;619
25/07/2025 16:05;602
25/07/2025 16:10;601
25/07/2025 16:15;593
25/07/2025 16:20;590
25/07/2025 16:25;572
25/07/2025 16:30;562
25/07/2025 16:35;550
25/07/2025 16:40;544
25/07/2025 16:45;528
25/07/2025 16:50;508
25/07/2025 16:55;512
25/07/2025 17:00;497
25/07/2025 17:05;483
25/07/2025 17:10;462
25/07/2025 17:15;454
25/07/2025 17:20;443
25/07/2025 17:25;430
25/07/2025 17:30;414
25/07/2025 17:35;398
25/07/2025 17:40;384
25/07/2025 17:45;373
25/07/2025 17:50;357
25/07/2025 17:55;336
25/07/2025 18:00;324
25/07/2025 18:05;315
25/07/2025 18:10;290
25/07/2025 18:15;277
25/07/2025 18:20;256
25/07/2025 18:25;240
25/07/2025 18:30;221
25/07/2025 18:35;208
25/07/2025 18:40;192
25/07/2025 18:45;183
25/07/2025 18:50;169
25/07/2025 18:55;148
25/07/2025 19:00;130
25/07/2025 19:05;104
25/07/2025 19:10;63
25/07/2025 19:15;93
25/07/2025 19:20;89
25/07/2025 19:25;73
25/07/2025 19:30;60
25/07/2025 19:35;53
25/07/2025 19:40;44
25/07/2025 19:45;39
25/07/2025 19:50;39
25/07/2025 19:55;39
25/07/2025 20:00;39
25/07/2025 20:05;39
25/07/2025 20:10;39
25/07/2025 20:15;39
25/07/2025 20:20;39
25/07/2025 20:25;39
25/07/2025 20:30;39
25/07/2025 20:35;39
25/07/2025 20:40;39
25/07/2025 20:45;39
25/07/2025 20:50;39
25/07/2025 20:55;39
25/07/2025 21:00;39
25/07/2025 21:05;39
25/07/2025 21:10;39
25/07/2025 21:15;39
25/07/2025 21:20;39
25/07/2025 21:25;0
25/07/2025 21:30;0
26/07/2025 7:08;0
26/07/2025 7:09;0
26/07/2025 7:09;0
26/07/2025 7:10;0
26/07/2025 7:10;0
26/07/2025 7:15;0
26/07/2025 7:20;0
26/07/2025 7:25;0
26/07/2025 7:30;0
26/07/2025 7:35;0
26/07/2025 7:40;39
26/07/2025 7:45;39
26/07/2025 7:50;39
26/07/2025 7:55;39
26/07/2025 8:00;39
26/07/2025 8:05;42
26/07/2025 8:10;64
26/07/2025 8:15;83
26/07/2025 8:20;95
26/07/2025 8:25;107
26/07/2025 8:30;119
26/07/2025 8:35;131
26/07/2025 8:40;143
26/07/2025 8:45;165
26/07/2025 8:50;214
26/07/2025 8:55;246
26/07/2025 9:00;264
26/07/2025 9:05;278
26/07/2025 9:10;299
26/07/2025 9:15;314
26/07/2025 9:20;328
26/07/2025 9:25;346
26/07/2025 9:30;359
26/07/2025 9:35;377
26/07/2025 9:40;393
26/07/2025 9:45;407
26/07/2025 9:50;421
26/07/2025 9:55;434
26/07/2025 10:00;447
26/07/2025 10:05;459
26/07/2025 10:10;479
26/07/2025 10:15;493
26/07/2025 10:20;522
26/07/2025 10:25;570
26/07/2025 10:30;535
26/07/2025 10:35;641
26/07/2025 10:40;269
26/07/2025 10:45;252
26/07/2025 10:50;353
26/07/2025 10:55;211
26/07/2025 11:00;558
26/07/2025 11:05;264
26/07/2025 11:10;222
26/07/2025 11:15;706
26/07/2025 11:20;213
26/07/2025 11:25;196
26/07/2025 11:30;230
26/07/2025 11:35;326
26/07/2025 11:40;663
26/07/2025 11:45;457
26/07/2025 11:50;314
26/07/2025 11:55;618
26/07/2025 12:00;339
26/07/2025 12:05;774
26/07/2025 12:10;653
26/07/2025 12:15;743
26/07/2025 12:20;733
26/07/2025 12:25;748
26/07/2025 12:30;754
26/07/2025 12:35;726
26/07/2025 12:40;740
26/07/2025 12:45;739
26/07/2025 12:50;731
26/07/2025 12:55;748
26/07/2025 13:00;747
26/07/2025 13:05;737
26/07/2025 13:10;722
26/07/2025 13:15;743
26/07/2025 13:20;744
26/07/2025 13:25;750
26/07/2025 13:30;742
26/07/2025 13:35;728
26/07/2025 13:40;722
26/07/2025 13:45;718
26/07/2025 13:50;704
26/07/2025 13:55;733
26/07/2025 14:00;735
26/07/2025 14:05;728
26/07/2025 14:10;716
26/07/2025 14:15;705
26/07/2025 14:20;498
26/07/2025 14:25;465
26/07/2025 14:30;466
26/07/2025 14:35;463
26/07/2025 14:40;464
26/07/2025 14:45;457
26/07/2025 14:50;467
26/07/2025 14:55;518
26/07/2025 15:00;543
26/07/2025 15:05;511
26/07/2025 15:10;745
26/07/2025 15:15;553
26/07/2025 15:20;528
26/07/2025 15:25;417
26/07/2025 15:30;407
26/07/2025 15:35;379
26/07/2025 15:40;390
26/07/2025 15:45;421
26/07/2025 15:50;428
26/07/2025 15:55;588
26/07/2025 16:00;461
26/07/2025 16:05;396
26/07/2025 16:10;529
26/07/2025 16:15;422
26/07/2025 16:20;562
26/07/2025 16:25;639
26/07/2025 16:30;624
26/07/2025 16:35;563
26/07/2025 16:40;546
26/07/2025 16:45;537
26/07/2025 16:50;515
26/07/2025 16:55;501
26/07/2025 17:00;494
26/07/2025 17:05;476
26/07/2025 17:10;464
26/07/2025 17:15;442
26/07/2025 17:20;434
26/07/2025 17:25;415
26/07/2025 17:30;404
26/07/2025 17:35;388
26/07/2025 17:40;382
26/07/2025 17:45;360
26/07/2025 17:50;342
26/07/2025 17:55;329
26/07/2025 18:00;308
26/07/2025 18:05;293
26/07/2025 18:10;282
26/07/2025 18:15;266
26/07/2025 18:20;250
26/07/2025 18:25;233
26/07/2025 18:30;218
26/07/2025 18:35;200
26/07/2025 18:40;185
26/07/2025 18:45;168
26/07/2025 18:50;149
26/07/2025 18:55;135
26/07/2025 19:00;116
26/07/2025 19:05;90
26/07/2025 19:10;82
26/07/2025 19:15;72
26/07/2025 19:20;55
26/07/2025 19:25;47
26/07/2025 19:30;41
26/07/2025 19:35;39
26/07/2025 19:40;39
26/07/2025 19:45;39
26/07/2025 19:50;39
26/07/2025 19:55;39
26/07/2025 20:00;39
26/07/2025 20:05;39
26/07/2025 20:10;39
26/07/2025 20:15;39
26/07/2025 20:20;39
26/07/2025 20:25;39
26/07/2025 20:30;39
26/07/2025 20:35;39
26/07/2025 20:40;39
26/07/2025 20:45;39
26/07/2025 20:50;39
26/07/2025 20:55;39
26/07/2025 21:00;39
26/07/2025 21:05;39
26/07/2025 21:10;39
26/07/2025 21:15;39
26/07/2025 21:20;0
26/07/2025 21:25;0
26/07/2025 21:30;0
27/07/2025 7:09;0
27/07/2025 7:09;0
27/07/2025 7:10;0
27/07/2025 7:10;0
27/07/2025 7:11;0
27/07/2025 7:15;0
27/07/2025 7:20;0
27/07/2025 7:25;39
27/07/2025 7:30;39
27/07/2025 7:35;39
27/07/2025 7:40;39
27/07/2025 7:45;39
27/07/2025 7:50;39
27/07/2025 7:55;39
27/07/2025 8:00;45
27/07/2025 8:05;48
27/07/2025 8:10;44
27/07/2025 8:15;39
27/07/2025 8:20;39
27/07/2025 8:25;39
27/07/2025 8:30;39
27/07/2025 8:35;39
27/07/2025 8:40;39
27/07/2025 8:45;39
27/07/2025 8:50;39
27/07/2025 8:55;39
27/07/2025 9:00;39
27/07/2025 9:05;39
27/07/2025 9:10;39
27/07/2025 9:15;39
27/07/2025 9:20;39
27/07/2025 9:25;39
27/07/2025 9:30;39
27/07/2025 9:35;39
27/07/2025 9:40;68
27/07/2025 9:45;119
27/07/2025 9:50;133
27/07/2025 9:55;126
27/07/2025 10:00;132
27/07/2025 10:05;165
27/07/2025 10:10;180
27/07/2025 10:15;227
27/07/2025 10:20;260
27/07/2025 10:25;257
27/07/2025 10:30;212
27/07/2025 10:35;246
27/07/2025 10:40;232
27/07/2025 10:45;222
27/07/2025 10:50;302
27/07/2025 10:55;397
27/07/2025 11:00;446
27/07/2025 11:05;256
27/07/2025 11:10;217
27/07/2025 11:15;192
27/07/2025 11:20;186
27/07/2025 11:25;210
27/07/2025 11:30;354
27/07/2025 11:35;198
27/07/2025 11:40;187
27/07/2025 11:45;223
27/07/2025 11:50;247
27/07/2025 11:55;267
27/07/2025 12:00;361
27/07/2025 12:05;345
27/07/2025 12:10;262
27/07/2025 12:15;281
27/07/2025 12:20;322
27/07/2025 12:25;304
27/07/2025 12:30;246
27/07/2025 12:35;265
27/07/2025 12:40;279
27/07/2025 12:45;287
27/07/2025 12:50;326
27/07/2025 12:55;372
27/07/2025 13:00;339
27/07/2025 13:05;313
27/07/2025 13:10;349
27/07/2025 13:15;326
27/07/2025 13:20;331
27/07/2025 13:25;316
27/07/2025 13:30;273
27/07/2025 13:35;302
27/07/2025 13:40;381
27/07/2025 13:45;431
27/07/2025 13:50;387
27/07/2025 13:55;363
27/07/2025 14:00;387
27/07/2025 14:05;354
27/07/2025 14:10;358
27/07/2025 14:15;379
27/07/2025 14:20;405
27/07/2025 14:25;387
27/07/2025 14:30;371
27/07/2025 14:35;369
27/07/2025 14:40;335
27/07/2025 14:45;308
27/07/2025 14:50;325
27/07/2025 14:55;356
27/07/2025 15:00;377
27/07/2025 15:05;369
27/07/2025 15:10;401
27/07/2025 15:15;376
27/07/2025 15:20;384
27/07/2025 15:25;363
27/07/2025 15:30;383
27/07/2025 15:35;414
27/07/2025 15:40;436
27/07/2025 15:45;436
27/07/2025 15:50;411
27/07/2025 15:55;459
27/07/2025 16:00;416
27/07/2025 16:05;541
27/07/2025 16:10;370
27/07/2025 16:15;460
27/07/2025 16:20;424
27/07/2025 16:25;576
27/07/2025 16:30;517
27/07/2025 16:35;567
27/07/2025 16:40;543
27/07/2025 16:45;546
27/07/2025 16:50;167
27/07/2025 16:55;533
27/07/2025 17:00;522
27/07/2025 17:05;512
27/07/2025 17:10;496
27/07/2025 17:15;487
27/07/2025 17:20;471
27/07/2025 17:25;437
27/07/2025 17:30;201
27/07/2025 17:35;393
27/07/2025 17:40;372
27/07/2025 17:45;379
27/07/2025 17:50;347
27/07/2025 17:55;340
27/07/2025 18:00;313
27/07/2025 18:05;314
27/07/2025 18:10;279
27/07/2025 18:15;257
27/07/2025 18:20;248
27/07/2025 18:25;230
27/07/2025 18:30;215
27/07/2025 18:35;0
27/07/2025 18:40;180
27/07/2025 18:45;166
27/07/2025 18:50;147
27/07/2025 18:55;134
27/07/2025 19:00;39
27/07/2025 19:05;92
27/07/2025 19:10;59
27/07/2025 19:15;52
27/07/2025 19:20;47
27/07/2025 19:25;64
27/07/2025 19:30;53
27/07/2025 19:35;50
27/07/2025 19:40;47
27/07/2025 19:45;65
27/07/2025 19:50;51
27/07/2025 19:55;45
27/07/2025 20:00;42
27/07/2025 20:05;39
27/07/2025 20:10;39
27/07/2025 20:15;41
27/07/2025 20:20;39
27/07/2025 20:25;39
27/07/2025 20:30;39
27/07/2025 20:35;39
27/07/2025 20:40;39
27/07/2025 20:45;39
27/07/2025 20:50;39
27/07/2025 20:55;39
27/07/2025 21:00;39
27/07/2025 21:05;39
27/07/2025 21:10;39
27/07/2025 21:15;0
27/07/2025 21:20;0
28/07/2025 7:20;0
28/07/2025 7:21;0
28/07/2025 7:21;0
28/07/2025 7:22;0
28/07/2025 7:22;0
28/07/2025 7:25;0
28/07/2025 7:30;0
28/07/2025 7:35;0
28/07/2025 7:40;0
28/07/2025 7:45;0
28/07/2025 7:50;39
28/07/2025 7:55;39
28/07/2025 7:58;39
28/07/2025 7:58;39
28/07/2025 7:59;39
28/07/2025 8:00;39
28/07/2025 8:05;0
28/07/2025 8:10;0
28/07/2025 8:15;0
28/07/2025 8:20;39
28/07/2025 8:25;39
28/07/2025 8:30;39
28/07/2025 8:35;39
28/07/2025 8:40;39
28/07/2025 8:45;39
28/07/2025 8:50;65
28/07/2025 8:55;84
28/07/2025 9:00;97
28/07/2025 9:05;86
28/07/2025 9:10;92
28/07/2025 9:15;98
28/07/2025 9:20;82
28/07/2025 9:25;112
28/07/2025 9:30;191
28/07/2025 9:35;175
28/07/2025 9:40;151
28/07/2025 9:45;282
28/07/2025 9:50;305
28/07/2025 9:55;188
28/07/2025 10:00;93
28/07/2025 10:05;87
28/07/2025 10:10;92
28/07/2025 10:15;116
28/07/2025 10:20;209
28/07/2025 10:25;178
28/07/2025 10:30;164
28/07/2025 10:35;178
28/07/2025 10:40;607
28/07/2025 10:45;0
28/07/2025 10:50;448
28/07/2025 10:55;321
28/07/2025 11:00;320
28/07/2025 11:05;642
28/07/2025 11:10;348
28/07/2025 11:12;405
28/07/2025 11:12;402
28/07/2025 11:13;404
28/07/2025 11:15;334
28/07/2025 11:20;302
28/07/2025 11:25;280
28/07/2025 11:30;280
28/07/2025 11:35;256
28/07/2025 11:40;235
28/07/2025 11:45;219
28/07/2025 11:50;224
28/07/2025 11:55;245
28/07/2025 12:00;257
28/07/2025 12:05;237
28/07/2025 12:10;200
28/07/2025 12:15;159
28/07/2025 12:20;173
28/07/2025 12:25;127
28/07/2025 12:30;163
28/07/2025 12:35;170
28/07/2025 12:40;318
28/07/2025 12:45;446
28/07/2025 12:50;296
28/07/2025 12:55;274
28/07/2025 13:00;360
28/07/2025 13:05;240
28/07/2025 13:10;398
28/07/2025 13:15;405
28/07/2025 13:20;473
28/07/2025 13:25;466
28/07/2025 13:30;516
28/07/2025 13:35;484
28/07/2025 13:40;778
28/07/2025 13:45;778
28/07/2025 13:50;780
28/07/2025 13:55;780
28/07/2025 14:00;738
28/07/2025 14:05;733
28/07/2025 14:10;0
28/07/2025 14:15;748
28/07/2025 14:20;0
28/07/2025 14:25;683
28/07/2025 14:30;649
28/07/2025 14:35;490
28/07/2025 14:40;591
28/07/2025 14:45;625
28/07/2025 14:50;519
28/07/2025 14:55;728
28/07/2025 15:00;780
28/07/2025 15:05;710
28/07/2025 15:10;677
28/07/2025 15:15;614
28/07/2025 15:20;693
28/07/2025 15:25;423
28/07/2025 15:30;688
28/07/2025 15:35;780
28/07/2025 15:40;770
28/07/2025 15:45;0
28/07/2025 15:50;359
28/07/2025 15:55;264
28/07/2025 16:00;335
28/07/2025 16:05;347
28/07/2025 16:10;478
28/07/2025 16:15;505
28/07/2025 16:20;318
28/07/2025 16:25;710
28/07/2025 16:30;650
28/07/2025 16:35;0
28/07/2025 16:40;542
28/07/2025 16:45;177
28/07/2025 16:50;587
28/07/2025 16:55;559
28/07/2025 17:00;504
28/07/2025 17:05;510
28/07/2025 17:10;482
28/07/2025 17:15;473
28/07/2025 17:20;485
28/07/2025 17:25;453
28/07/2025 17:30;426
28/07/2025 17:35;409
28/07/2025 17:40;387
28/07/2025 17:45;420
28/07/2025 17:50;384
28/07/2025 17:55;229
28/07/2025 18:00;342
28/07/2025 18:05;319
28/07/2025 18:10;301
28/07/2025 18:15;280
28/07/2025 18:20;265
28/07/2025 18:25;0
28/07/2025 18:30;248
28/07/2025 18:35;159
28/07/2025 18:40;322
28/07/2025 18:45;233
28/07/2025 18:50;149
28/07/2025 18:55;164
28/07/2025 19:00;139
28/07/2025 19:05;136
28/07/2025 19:10;125
28/07/2025 19:15;145
28/07/2025 19:20;100
28/07/2025 19:25;86
28/07/2025 19:30;68
28/07/2025 19:35;89
28/07/2025 19:40;102
28/07/2025 19:45;91
28/07/2025 19:50;90
28/07/2025 19:55;74
28/07/2025 20:00;52
28/07/2025 20:05;39
28/07/2025 20:10;39
28/07/2025 20:15;45
28/07/2025 20:20;44
28/07/2025 20:25;39
28/07/2025 20:30;39
28/07/2025 20:35;39
28/07/2025 20:40;39
28/07/2025 20:45;39
28/07/2025 20:50;39
28/07/2025 20:55;39
28/07/2025 21:00;39
28/07/2025 21:05;39
28/07/2025 21:10;39
29/07/2025 7:37;0
29/07/2025 7:37;0
29/07/2025 7:38;0
29/07/2025 7:38;0
29/07/2025 7:39;0
29/07/2025 7:40;0
29/07/2025 7:45;0
29/07/2025 7:50;0
29/07/2025 7:55;0
29/07/2025 8:00;0
29/07/2025 8:05;0
29/07/2025 8:10;0
29/07/2025 8:15;39
29/07/2025 8:20;39
29/07/2025 8:25;39
29/07/2025 8:30;39
29/07/2025 8:35;39
29/07/2025 8:40;39
29/07/2025 8:45;39
29/07/2025 8:50;39
29/07/2025 8:55;39
29/07/2025 9:00;39
29/07/2025 9:05;39
29/07/2025 9:10;39
29/07/2025 9:15;39
29/07/2025 9:20;39
29/07/2025 9:25;39
29/07/2025 9:30;39
29/07/2025 9:35;39
29/07/2025 9:40;39
29/07/2025 9:45;39
29/07/2025 9:50;39
29/07/2025 9:55;39
29/07/2025 10:00;59
29/07/2025 10:05;86
29/07/2025 10:10;137
29/07/2025 10:15;173
29/07/2025 10:20;670
29/07/2025 10:25;271
29/07/2025 10:30;219
29/07/2025 10:35;234
29/07/2025 10:40;222
29/07/2025 10:45;615
29/07/2025 10:50;609
29/07/2025 10:55;553
29/07/2025 11:00;0
29/07/2025 11:05;424
29/07/2025 11:10;294
29/07/2025 11:15;137
29/07/2025 11:20;741
29/07/2025 11:25;507
29/07/2025 11:30;199
29/07/2025 11:35;252
29/07/2025 11:40;247
29/07/2025 11:45;266
29/07/2025 11:50;335
29/07/2025 11:55;331
29/07/2025 12:00;290
29/07/2025 12:05;330
29/07/2025 12:10;425
29/07/2025 12:15;388
29/07/2025 12:20;385
29/07/2025 12:25;297
29/07/2025 12:30;369
29/07/2025 12:35;403
29/07/2025 12:40;709
29/07/2025 12:45;229
29/07/2025 12:50;244
29/07/2025 12:55;290
29/07/2025 13:00;316
29/07/2025 13:05;330
29/07/2025 13:10;430
29/07/2025 13:15;570
29/07/2025 13:20;251
29/07/2025 13:25;271
29/07/2025 13:30;263
29/07/2025 13:35;210
29/07/2025 13:40;245
29/07/2025 13:45;777
29/07/2025 13:50;248
29/07/2025 13:55;356
29/07/2025 14:00;285
29/07/2025 14:05;440
29/07/2025 14:10;299
29/07/2025 14:15;328
29/07/2025 14:20;780
29/07/2025 14:25;221
29/07/2025 14:30;571
29/07/2025 14:35;373
29/07/2025 14:40;780
29/07/2025 14:45;300
29/07/2025 14:50;371
29/07/2025 14:55;375
29/07/2025 15:00;284
29/07/2025 15:05;345
29/07/2025 15:10;592
29/07/2025 15:15;459
29/07/2025 15:20;349
29/07/2025 15:25;332
29/07/2025 15:30;315
29/07/2025 15:35;312
29/07/2025 15:40;261
29/07/2025 15:45;262
29/07/2025 15:50;554
29/07/2025 15:55;266
29/07/2025 16:00;388
29/07/2025 16:05;0
29/07/2025 16:10;566
29/07/2025 16:15;646
29/07/2025 16:20;621
29/07/2025 16:25;449
29/07/2025 16:30;575
29/07/2025 16:34;563
29/07/2025 16:35;555
29/07/2025 16:35;559
29/07/2025 16:40;544
29/07/2025 16:45;532
29/07/2025 16:50;509
29/07/2025 16:55;505
29/07/2025 17:00;490
29/07/2025 17:05;477
29/07/2025 17:10;464
29/07/2025 17:15;451
29/07/2025 17:20;439
29/07/2025 17:25;424
29/07/2025 17:30;407
29/07/2025 17:35;393
29/07/2025 17:40;378
29/07/2025 17:45;362
29/07/2025 17:50;346
29/07/2025 17:55;330
29/07/2025 18:00;315
29/07/2025 18:05;299
29/07/2025 18:10;282
29/07/2025 18:15;265
29/07/2025 18:20;249
29/07/2025 18:25;234
29/07/2025 18:30;216
29/07/2025 18:35;58
29/07/2025 18:40;100
29/07/2025 18:45;195
29/07/2025 18:50;124
29/07/2025 18:55;110
29/07/2025 19:00;202
29/07/2025 19:05;139
29/07/2025 19:10;128
29/07/2025 19:15;113
29/07/2025 19:20;65
29/07/2025 19:25;103
29/07/2025 19:30;85
29/07/2025 19:35;57
29/07/2025 19:40;69
29/07/2025 19:45;76
29/07/2025 19:50;45
29/07/2025 19:55;61
29/07/2025 20:00;64
29/07/2025 20:05;73
29/07/2025 20:10;47
29/07/2025 20:15;46
29/07/2025 20:20;39
29/07/2025 20:25;39
29/07/2025 20:30;39
29/07/2025 20:35;39
29/07/2025 20:40;39
29/07/2025 20:45;39
29/07/2025 20:50;39
29/07/2025 20:55;39
29/07/2025 21:00;39
29/07/2025 21:05;39
29/07/2025 21:10;39
29/07/2025 21:15;39
29/07/2025 21:20;0
29/07/2025 21:25;0
30/07/2025 7:16;0
30/07/2025 7:17;0
30/07/2025 7:17;0
30/07/2025 7:18;0
30/07/2025 7:18;0
30/07/2025 7:20;0
30/07/2025 7:25;0
30/07/2025 7:30;0
30/07/2025 7:35;0
30/07/2025 7:40;0
30/07/2025 7:45;39
30/07/2025 7:50;39
30/07/2025 7:55;39
30/07/2025 8:00;39
30/07/2025 8:05;39
30/07/2025 8:10;39
30/07/2025 8:15;39
30/07/2025 8:20;39
30/07/2025 8:25;39
30/07/2025 8:30;39
30/07/2025 8:35;39
30/07/2025 8:40;40
30/07/2025 8:45;39
30/07/2025 8:50;39
30/07/2025 8:55;63
30/07/2025 9:00;94
30/07/2025 9:05;129
30/07/2025 9:10;131
30/07/2025 9:15;119
30/07/2025 9:20;113
30/07/2025 9:25;109
30/07/2025 9:30;86
30/07/2025 9:35;81
30/07/2025 9:40;138
30/07/2025 9:45;169
30/07/2025 9:50;209
30/07/2025 9:55;0
30/07/2025 10:00;144
30/07/2025 10:05;149
30/07/2025 10:10;237
30/07/2025 10:15;170
30/07/2025 10:20;220
30/07/2025 10:22;207
30/07/2025 10:23;209
30/07/2025 10:23;213
30/07/2025 10:25;225
30/07/2025 10:30;447
30/07/2025 10:35;610
30/07/2025 10:40;350
30/07/2025 10:45;464
30/07/2025 10:50;295
30/07/2025 10:55;323
30/07/2025 11:00;304
30/07/2025 11:05;748
30/07/2025 11:10;252
30/07/2025 11:15;181
30/07/2025 11:20;148
30/07/2025 11:25;173
30/07/2025 11:30;177
30/07/2025 11:35;242
30/07/2025 11:40;282
30/07/2025 11:45;300
30/07/2025 11:50;776
30/07/2025 11:55;242
30/07/2025 12:00;335
30/07/2025 12:05;586
30/07/2025 12:10;479
30/07/2025 12:15;0
30/07/2025 12:20;196
30/07/2025 12:25;234
30/07/2025 12:30;303
30/07/2025 12:35;320
30/07/2025 12:40;208
30/07/2025 12:45;306
30/07/2025 12:50;184
30/07/2025 12:55;228
30/07/2025 13:00;284
30/07/2025 13:05;400
30/07/2025 13:10;563
30/07/2025 13:15;523
30/07/2025 13:20;457
30/07/2025 13:25;448
30/07/2025 13:30;419
30/07/2025 13:35;426
30/07/2025 13:40;310
30/07/2025 13:45;467
30/07/2025 13:50;714
30/07/2025 13:55;418
30/07/2025 14:00;768
30/07/2025 14:05;712
30/07/2025 14:10;746
30/07/2025 14:15;510
30/07/2025 14:20;697
30/07/2025 14:25;769
30/07/2025 14:30;636
30/07/2025 14:35;663
30/07/2025 14:40;683
30/07/2025 14:45;585
30/07/2025 14:50;440
30/07/2025 14:55;428
30/07/2025 15:00;378
30/07/2025 15:05;374
30/07/2025 15:10;326
30/07/2025 15:15;352
30/07/2025 15:20;511
30/07/2025 15:25;550
30/07/2025 15:30;523
30/07/2025 15:35;371
30/07/2025 15:40;625
30/07/2025 15:45;578
30/07/2025 15:50;602
30/07/2025 15:55;570
30/07/2025 16:00;616
30/07/2025 16:05;649
30/07/2025 16:10;405
30/07/2025 16:15;417
30/07/2025 16:20;531
30/07/2025 16:25;536
30/07/2025 16:30;344
30/07/2025 16:35;335
30/07/2025 16:40;365
30/07/2025 16:45;318
30/07/2025 16:50;380
30/07/2025 16:55;347
30/07/2025 17:00;334
30/07/2025 17:05;572
30/07/2025 17:10;467
30/07/2025 17:15;526
30/07/2025 17:20;555
30/07/2025 17:25;399
30/07/2025 17:30;473
30/07/2025 17:35;425
30/07/2025 17:40;450
30/07/2025 17:45;359
30/07/2025 17:50;117
30/07/2025 17:55;422
30/07/2025 18:00;383
30/07/2025 18:05;123
30/07/2025 18:10;242
30/07/2025 18:15;102
30/07/2025 18:20;142
30/07/2025 18:25;267
30/07/2025 18:30;300
30/07/2025 18:35;0
30/07/2025 18:40;252
30/07/2025 18:45;242
30/07/2025 18:50;90
30/07/2025 18:55;202
30/07/2025 19:00;84
30/07/2025 19:05;96
30/07/2025 19:10;39
30/07/2025 19:15;82
30/07/2025 19:20;63
30/07/2025 19:25;74
30/07/2025 19:30;93
30/07/2025 19:35;94
30/07/2025 19:40;93
30/07/2025 19:45;85
30/07/2025 19:50;80
30/07/2025 19:55;77
30/07/2025 20:00;59
30/07/2025 20:05;57
30/07/2025 20:10;50
30/07/2025 20:15;42
30/07/2025 20:20;39
30/07/2025 20:25;39
30/07/2025 20:30;39
30/07/2025 20:35;39
30/07/2025 20:40;39
30/07/2025 20:45;39
30/07/2025 20:50;39
30/07/2025 20:55;39
30/07/2025 21:00;39
30/07/2025 21:05;39
30/07/2025 21:10;39
30/07/2025 21:15;39
30/07/2025 21:20;0
30/07/2025 21:25;0
31/07/2025 7:20;0
31/07/2025 7:20;0
31/07/2025 7:21;0
31/07/2025 7:21;0
31/07/2025 7:22;0
31/07/2025 7:22;0
31/07/2025 7:25;0
31/07/2025 7:30;0
31/07/2025 7:35;0
31/07/2025 7:40;0
31/07/2025 7:45;39
31/07/2025 7:50;39
31/07/2025 7:55;39
31/07/2025 8:00;39
31/07/2025 8:05;39
31/07/2025 8:10;39
31/07/2025 8:15;39
31/07/2025 8:20;39
31/07/2025 8:25;39
31/07/2025 8:30;39
31/07/2025 8:35;39
31/07/2025 8:40;39
31/07/2025 8:45;39
31/07/2025 8:50;39
31/07/2025 8:55;39
31/07/2025 9:00;39
31/07/2025 9:05;39
31/07/2025 9:10;39
31/07/2025 9:15;39
31/07/2025 9:20;50
31/07/2025 9:25;74
31/07/2025 9:30;100
31/07/2025 9:35;114
31/07/2025 9:40;119
31/07/2025 9:45;121
31/07/2025 9:50;126
31/07/2025 9:55;150
31/07/2025 10:00;162
31/07/2025 10:05;181
31/07/2025 10:10;181
31/07/2025 10:15;190
31/07/2025 10:20;0
31/07/2025 10:25;224
31/07/2025 10:30;233
31/07/2025 10:35;148
31/07/2025 10:36;151
31/07/2025 10:37;152
31/07/2025 10:37;151
31/07/2025 10:40;147
31/07/2025 10:45;126
31/07/2025 10:50;110
31/07/2025 10:55;118
31/07/2025 11:00;113
31/07/2025 11:05;110
31/07/2025 11:10;106
31/07/2025 11:15;110
31/07/2025 11:20;138
31/07/2025 11:25;193
31/07/2025 11:30;226
31/07/2025 11:35;218
31/07/2025 11:40;224
31/07/2025 11:45;220
31/07/2025 11:50;217
31/07/2025 11:55;218
31/07/2025 12:00;193
31/07/2025 12:05;240
31/07/2025 12:10;229
31/07/2025 12:15;217
31/07/2025 12:20;245
31/07/2025 12:25;241
31/07/2025 12:30;285
31/07/2025 12:35;254
31/07/2025 12:40;245
31/07/2025 12:45;255
31/07/2025 12:50;270
31/07/2025 12:55;305
31/07/2025 13:00;312
31/07/2025 13:05;362
31/07/2025 13:10;298
31/07/2025 13:15;282
31/07/2025 13:20;260
31/07/2025 13:25;254
31/07/2025 13:30;282
31/07/2025 13:35;378
31/07/2025 13:40;313
31/07/2025 13:45;290
31/07/2025 13:50;294
31/07/2025 13:55;377
31/07/2025 14:00;365
31/07/2025 14:05;538
31/07/2025 14:10;433
31/07/2025 14:15;347
31/07/2025 14:20;338
31/07/2025 14:25;428
31/07/2025 14:30;353
31/07/2025 14:35;362
31/07/2025 14:40;720
31/07/2025 14:45;780
31/07/2025 14:50;464
31/07/2025 14:55;549
31/07/2025 15:00;470
31/07/2025 15:05;472
31/07/2025 15:10;308
31/07/2025 15:15;780
31/07/2025 15:20;732
31/07/2025 15:25;399
31/07/2025 15:30;780
31/07/2025 15:35;691
31/07/2025 15:40;658
31/07/2025 15:45;647
31/07/2025 15:50;635
31/07/2025 15:55;633
31/07/2025 16:00;632
31/07/2025 16:05;618
31/07/2025 16:10;609
31/07/2025 16:15;598
31/07/2025 16:20;583
31/07/2025 16:25;570
31/07/2025 16:30;555
31/07/2025 16:35;546
31/07/2025 16:40;533
31/07/2025 16:45;522
31/07/2025 16:50;507
31/07/2025 16:55;494
31/07/2025 17:00;478
31/07/2025 17:05;468
31/07/2025 17:10;456
31/07/2025 17:15;441
31/07/2025 17:20;429
31/07/2025 17:25;417
31/07/2025 17:30;399
31/07/2025 17:35;383
31/07/2025 17:40;369
31/07/2025 17:45;355
31/07/2025 17:50;339
31/07/2025 17:55;325
31/07/2025 18:00;308
31/07/2025 18:05;292
31/07/2025 18:10;276
31/07/2025 18:15;261
31/07/2025 18:20;245
31/07/2025 18:25;230
31/07/2025 18:30;215
31/07/2025 18:35;204
31/07/2025 18:40;192
31/07/2025 18:45;177
31/07/2025 18:50;155
31/07/2025 18:55;130
31/07/2025 19:00;110
31/07/2025 19:05;98
31/07/2025 19:10;89
31/07/2025 19:15;75
31/07/2025 19:20;63
31/07/2025 19:25;54
31/07/2025 19:30;68
31/07/2025 19:35;57
31/07/2025 19:40;65
31/07/2025 19:45;66
31/07/2025 19:50;50
31/07/2025 19:55;47
31/07/2025 20:00;44
31/07/2025 20:05;51
31/07/2025 20:10;44
31/07/2025 20:15;40
31/07/2025 20:20;39
31/07/2025 20:25;39
31/07/2025 20:30;39
31/07/2025 20:35;39
31/07/2025 20:40;39
31/07/2025 20:45;39
31/07/2025 20:50;39
31/07/2025 20:55;39
31/07/2025 21:00;39
31/07/2025 21:05;39
31/07/2025 21:10;39
31/07/2025 21:15;39
31/07/2025 21:20;0
01/08/2025 7:21;0
01/08/2025 7:21;0
01/08/2025 7:22;0
01/08/2025 7:22;0
01/08/2025 7:23;0
01/08/2025 7:25;0
01/08/2025 7:30;0
01/08/2025 7:35;0
01/08/2025 7:40;0
01/08/2025 7:45;39
01/08/2025 7:50;39
01/08/2025 7:55;39
01/08/2025 8:00;39
01/08/2025 8:05;58
01/08/2025 8:10;68
01/08/2025 8:15;47
01/08/2025 8:20;42
01/08/2025 8:25;142
01/08/2025 8:30;78
01/08/2025 8:35;73
01/08/2025 8:40;80
01/08/2025 8:45;92
01/08/2025 8:50;96
01/08/2025 8:55;98
01/08/2025 9:00;96
01/08/2025 9:05;87
01/08/2025 9:10;90
01/08/2025 9:15;94
01/08/2025 9:20;92
01/08/2025 9:25;96
01/08/2025 9:30;91
01/08/2025 9:35;85
01/08/2025 9:40;91
01/08/2025 9:45;461
01/08/2025 9:50;213
01/08/2025 9:55;480
01/08/2025 10:00;183
01/08/2025 10:05;111
01/08/2025 10:10;94
01/08/2025 10:15;88
01/08/2025 10:20;80
01/08/2025 10:25;77
01/08/2025 10:30;65
01/08/2025 10:35;59
01/08/2025 10:40;60
01/08/2025 10:45;68
01/08/2025 10:50;77
01/08/2025 10:55;89
01/08/2025 11:00;102
01/08/2025 11:05;101
01/08/2025 11:10;133
01/08/2025 11:15;132
01/08/2025 11:20;144
01/08/2025 11:25;157
01/08/2025 11:30;180
01/08/2025 11:35;0
01/08/2025 11:40;185
01/08/2025 11:45;206
01/08/2025 11:50;224
01/08/2025 11:55;219
01/08/2025 12:00;204
01/08/2025 12:05;207
01/08/2025 12:10;193
01/08/2025 12:15;182
01/08/2025 12:20;138
01/08/2025 12:25;172
01/08/2025 12:30;0
01/08/2025 12:35;179
01/08/2025 12:40;186
01/08/2025 12:45;194
01/08/2025 12:50;219
01/08/2025 12:55;265
01/08/2025 13:00;248
01/08/2025 13:05;215
01/08/2025 13:10;274
01/08/2025 13:15;302
01/08/2025 13:20;432
01/08/2025 13:25;430
01/08/2025 13:30;576
01/08/2025 13:35;760
01/08/2025 13:40;514
01/08/2025 13:45;504
01/08/2025 13:50;376
01/08/2025 13:55;305
01/08/2025 14:00;429
01/08/2025 14:05;780
01/08/2025 14:10;770
01/08/2025 14:15;653
01/08/2025 14:20;349
01/08/2025 14:25;630
01/08/2025 14:30;689
01/08/2025 14:35;647
01/08/2025 14:40;774
01/08/2025 14:45;660
01/08/2025 14:50;693
01/08/2025 14:55;698
01/08/2025 15:00;558
01/08/2025 15:05;739
01/08/2025 15:10;258
01/08/2025 15:15;558
01/08/2025 15:20;770
01/08/2025 15:25;630
01/08/2025 15:30;288
01/08/2025 15:35;275
01/08/2025 15:40;718
01/08/2025 15:45;364
01/08/2025 15:50;474
01/08/2025 15:55;637
01/08/2025 16:00;678
01/08/2025 16:05;647
01/08/2025 16:10;657
01/08/2025 16:15;619
01/08/2025 16:20;439
01/08/2025 16:25;287
01/08/2025 16:30;270
01/08/2025 16:35;482
01/08/2025 16:40;300
01/08/2025 16:45;605
01/08/2025 16:50;566
01/08/2025 16:55;433
01/08/2025 17:00;531
01/08/2025 17:05;447
01/08/2025 17:10;483
01/08/2025 17:15;463
01/08/2025 17:20;448
01/08/2025 17:25;433
01/08/2025 17:30;211
01/08/2025 17:35;224
01/08/2025 17:40;0
01/08/2025 17:45;377
01/08/2025 17:50;355
01/08/2025 17:55;338
01/08/2025 18:00;318
01/08/2025 18:05;301
01/08/2025 18:10;285
01/08/2025 18:15;266
01/08/2025 18:20;248
01/08/2025 18:25;231
01/08/2025 18:30;218
01/08/2025 18:35;199
01/08/2025 18:40;195
01/08/2025 18:45;171
01/08/2025 18:50;168
01/08/2025 18:55;137
01/08/2025 19:00;114
01/08/2025 19:05;104
01/08/2025 19:10;117
01/08/2025 19:15;89
01/08/2025 19:20;109
01/08/2025 19:25;94
01/08/2025 19:30;68
01/08/2025 19:35;47
01/08/2025 19:40;50
01/08/2025 19:45;53
01/08/2025 19:50;46
01/08/2025 19:55;55
01/08/2025 20:00;56
01/08/2025 20:05;41
01/08/2025 20:10;43
01/08/2025 20:15;39
01/08/2025 20:20;39
01/08/2025 20:25;39
01/08/2025 20:30;39
01/08/2025 20:35;39
01/08/2025 20:40;39
01/08/2025 20:45;39
01/08/2025 20:50;39
01/08/2025 20:55;39
01/08/2025 21:00;39
01/08/2025 21:05;39
01/08/2025 21:10;39
01/08/2025 21:15;39
01/08/2025 21:20;39
01/08/2025 21:25;39
02/08/2025 7:14;0
02/08/2025 7:15;0
02/08/2025 7:15;0
02/08/2025 7:16;0
02/08/2025 7:16;0
02/08/2025 7:20;0
02/08/2025 7:25;0
02/08/2025 7:30;0
02/08/2025 7:35;0
02/08/2025 7:40;0
02/08/2025 7:45;39
02/08/2025 7:50;39
02/08/2025 7:55;39
02/08/2025 8:00;39
02/08/2025 8:05;40
02/08/2025 8:10;39
02/08/2025 8:15;48
02/08/2025 8:20;56
02/08/2025 8:25;124
02/08/2025 8:30;123
02/08/2025 8:35;126
02/08/2025 8:40;133
02/08/2025 8:45;163
02/08/2025 8:50;219
02/08/2025 8:55;254
02/08/2025 9:00;266
02/08/2025 9:05;289
02/08/2025 9:10;309
02/08/2025 9:15;327
02/08/2025 9:20;342
02/08/2025 9:25;358
02/08/2025 9:30;377
02/08/2025 9:35;415
02/08/2025 9:40;186
02/08/2025 9:45;265
02/08/2025 9:50;131
02/08/2025 9:55;131
02/08/2025 10:00;343
02/08/2025 10:05;579
02/08/2025 10:10;250
02/08/2025 10:15;0
02/08/2025 10:20;0
02/08/2025 10:25;0
02/08/2025 10:30;102
02/08/2025 10:35;102
02/08/2025 10:40;125
02/08/2025 10:45;133
02/08/2025 10:50;122
02/08/2025 10:55;121
02/08/2025 11:00;117
02/08/2025 11:05;124
02/08/2025 11:10;130
02/08/2025 11:15;136
02/08/2025 11:20;140
02/08/2025 11:25;181
02/08/2025 11:30;206
02/08/2025 11:35;774
02/08/2025 11:40;0
02/08/2025 11:45;194
02/08/2025 11:50;773
02/08/2025 11:55;228
02/08/2025 12:00;188
02/08/2025 12:05;274
02/08/2025 12:10;316
02/08/2025 12:15;224
02/08/2025 12:20;203
02/08/2025 12:25;177
02/08/2025 12:30;209
02/08/2025 12:35;249
02/08/2025 12:40;314
02/08/2025 12:45;208
02/08/2025 12:50;221
02/08/2025 12:55;191
02/08/2025 13:00;198
02/08/2025 13:05;216
02/08/2025 13:10;417
02/08/2025 13:15;298
02/08/2025 13:20;217
02/08/2025 13:25;254
02/08/2025 13:30;578
02/08/2025 13:35;254
02/08/2025 13:40;255
02/08/2025 13:45;247
02/08/2025 13:50;220
02/08/2025 13:55;221
02/08/2025 14:00;780
02/08/2025 14:05;265
02/08/2025 14:10;278
02/08/2025 14:15;780
02/08/2025 14:20;299
02/08/2025 14:25;703
02/08/2025 14:30;774
02/08/2025 14:35;229
02/08/2025 14:40;780
02/08/2025 14:45;682
02/08/2025 14:50;780
02/08/2025 14:55;780
02/08/2025 15:00;780
02/08/2025 15:05;777
02/08/2025 15:10;742
02/08/2025 15:15;757
02/08/2025 15:20;320
02/08/2025 15:25;618
02/08/2025 15:30;692
02/08/2025 15:35;625
02/08/2025 15:40;754
02/08/2025 15:45;709
02/08/2025 15:50;723
02/08/2025 15:55;710
02/08/2025 16:00;0
02/08/2025 16:05;661
02/08/2025 16:10;628
02/08/2025 16:15;626
02/08/2025 16:20;563
02/08/2025 16:25;632
02/08/2025 16:30;600
02/08/2025 16:35;608
02/08/2025 16:40;605
02/08/2025 16:45;541
02/08/2025 16:50;410
02/08/2025 16:55;439
02/08/2025 17:00;447
02/08/2025 17:05;460
02/08/2025 17:10;501
02/08/2025 17:15;388
02/08/2025 17:20;421
02/08/2025 17:25;461
02/08/2025 17:30;426
02/08/2025 17:35;340
02/08/2025 17:40;331
02/08/2025 17:45;339
02/08/2025 17:50;371
02/08/2025 17:55;363
02/08/2025 18:00;336
02/08/2025 18:05;303
02/08/2025 18:10;289
02/08/2025 18:15;279
02/08/2025 18:20;277
02/08/2025 18:25;270
02/08/2025 18:30;229
02/08/2025 18:35;245
02/08/2025 18:40;115
02/08/2025 18:45;129
02/08/2025 18:50;134
02/08/2025 18:55;157
02/08/2025 19:00;110
02/08/2025 19:05;125
02/08/2025 19:10;102
02/08/2025 19:15;119
02/08/2025 19:20;106
02/08/2025 19:25;107
02/08/2025 19:30;87
02/08/2025 19:35;70
02/08/2025 19:40;69
02/08/2025 19:45;72
02/08/2025 19:50;78
02/08/2025 19:55;81
02/08/2025 20:00;81
02/08/2025 20:05;79
02/08/2025 20:10;72
02/08/2025 20:15;59
02/08/2025 20:20;43
02/08/2025 20:25;39
02/08/2025 20:30;39
02/08/2025 20:35;39
02/08/2025 20:40;39
02/08/2025 20:45;39
02/08/2025 20:50;39
02/08/2025 20:55;39
02/08/2025 21:00;39
02/08/2025 21:05;39
02/08/2025 21:10;39
02/08/2025 21:15;39
02/08/2025 21:20;0
03/08/2025 7:16;0
03/08/2025 7:17;0
03/08/2025 7:17;0
03/08/2025 7:18;0
03/08/2025 7:18;0
03/08/2025 7:20;0
03/08/2025 7:25;0
03/08/2025 7:30;0
03/08/2025 7:35;0
03/08/2025 7:40;39
03/08/2025 7:45;39
03/08/2025 7:50;39
03/08/2025 7:55;39
03/08/2025 8:00;43
03/08/2025 8:05;88
03/08/2025 8:10;104
03/08/2025 8:15;75
03/08/2025 8:20;90
03/08/2025 8:25;132
03/08/2025 8:30;106
03/08/2025 8:35;69
03/08/2025 8:40;71
03/08/2025 8:45;73
03/08/2025 8:50;93
03/08/2025 8:55;101
03/08/2025 9:00;107
03/08/2025 9:05;125
03/08/2025 9:10;156
03/08/2025 9:15;157
03/08/2025 9:20;214
03/08/2025 9:25;202
03/08/2025 9:30;192
03/08/2025 9:35;242
03/08/2025 9:40;288
03/08/2025 9:45;256
03/08/2025 9:50;236
03/08/2025 9:55;231
03/08/2025 10:00;404
03/08/2025 10:05;380
03/08/2025 10:10;356
03/08/2025 10:15;434
03/08/2025 10:20;300
03/08/2025 10:25;310
03/08/2025 10:30;415
03/08/2025 10:35;614
03/08/2025 10:40;550
03/08/2025 10:45;576
03/08/2025 10:50;600
03/08/2025 10:55;564
03/08/2025 11:00;548
03/08/2025 11:05;585
03/08/2025 11:10;595
03/08/2025 11:15;614
03/08/2025 11:20;545
03/08/2025 11:25;622
03/08/2025 11:30;676
03/08/2025 11:35;691
03/08/2025 11:40;657
03/08/2025 11:45;590
03/08/2025 11:50;666
03/08/2025 11:55;639
03/08/2025 12:00;601
03/08/2025 12:05;629
03/08/2025 12:10;692
03/08/2025 12:15;653
03/08/2025 12:20;661
03/08/2025 12:25;640
03/08/2025 12:30;667
03/08/2025 12:35;559
03/08/2025 12:40;744
03/08/2025 12:45;726
03/08/2025 12:50;729
03/08/2025 12:55;741
03/08/2025 13:00;736
03/08/2025 13:05;753
03/08/2025 13:10;728
03/08/2025 13:15;747
03/08/2025 13:20;752
03/08/2025 13:25;741
03/08/2025 13:30;749
03/08/2025 13:35;752
03/08/2025 13:40;760
03/08/2025 13:45;754
03/08/2025 13:50;740
03/08/2025 13:55;740
03/08/2025 14:00;744
03/08/2025 14:05;744
03/08/2025 14:10;741
03/08/2025 14:15;741
03/08/2025 14:20;746
03/08/2025 14:25;747
03/08/2025 14:30;741
03/08/2025 14:35;737
03/08/2025 14:40;733
03/08/2025 14:45;722
03/08/2025 14:50;719
03/08/2025 14:55;713
03/08/2025 15:00;708
03/08/2025 15:05;703
03/08/2025 15:10;692
03/08/2025 15:15;692
03/08/2025 15:20;687
03/08/2025 15:25;680
03/08/2025 15:30;669
03/08/2025 15:35;659
03/08/2025 15:40;650
03/08/2025 15:45;641
03/08/2025 15:50;636
03/08/2025 15:55;626
03/08/2025 16:00;616
03/08/2025 16:05;605
03/08/2025 16:10;596
03/08/2025 16:15;581
03/08/2025 16:20;569
03/08/2025 16:25;553
03/08/2025 16:30;543
03/08/2025 16:35;531
03/08/2025 16:40;521
03/08/2025 16:45;509
03/08/2025 16:50;499
03/08/2025 16:55;488
03/08/2025 17:00;477
03/08/2025 17:05;459
03/08/2025 17:10;444
03/08/2025 17:15;434
03/08/2025 17:20;424
03/08/2025 17:25;408
03/08/2025 17:30;393
03/08/2025 17:35;379
03/08/2025 17:40;363
03/08/2025 17:45;348
03/08/2025 17:50;330
03/08/2025 17:55;319
03/08/2025 18:00;302
03/08/2025 18:05;284
03/08/2025 18:10;269
03/08/2025 18:15;255
03/08/2025 18:20;242
03/08/2025 18:25;226
03/08/2025 18:30;209
03/08/2025 18:35;194
03/08/2025 18:40;175
03/08/2025 18:45;157
03/08/2025 18:50;129
03/08/2025 18:55;102
03/08/2025 19:00;94
03/08/2025 19:05;82
03/08/2025 19:10;76
03/08/2025 19:15;69
03/08/2025 19:20;62
03/08/2025 19:25;54
03/08/2025 19:30;42
03/08/2025 19:35;39
03/08/2025 19:40;39
03/08/2025 19:45;39
03/08/2025 19:50;39
03/08/2025 19:55;39
03/08/2025 20:00;39
03/08/2025 20:05;39
03/08/2025 20:10;39
03/08/2025 20:15;39
03/08/2025 20:20;39
03/08/2025 20:25;39
03/08/2025 20:30;39
03/08/2025 20:35;39
03/08/2025 20:40;39
03/08/2025 20:45;39
03/08/2025 20:50;39
03/08/2025 20:55;39
03/08/2025 21:00;39
03/08/2025 21:05;0
03/08/2025 21:10;0
03/08/2025 21:15;0
03/08/2025 21:20;0
04/08/2025 7:15;0
04/08/2025 7:16;0
04/08/2025 7:16;0
04/08/2025 7:17;0
04/08/2025 7:17;0
04/08/2025 7:20;0
04/08/2025 7:25;0
04/08/2025 7:30;0
04/08/2025 7:35;0
04/08/2025 7:40;0
04/08/2025 7:45;39
04/08/2025 7:50;39
04/08/2025 7:55;39
04/08/2025 8:00;39
04/08/2025 8:05;42
04/08/2025 8:10;45
04/08/2025 8:15;50
04/08/2025 8:20;69
04/08/2025 8:25;87
04/08/2025 8:30;96
04/08/2025 8:35;111
04/08/2025 8:40;122
04/08/2025 8:45;148
04/08/2025 8:50;197
04/08/2025 8:55;221
04/08/2025 9:00;254
04/08/2025 9:05;278
04/08/2025 9:10;295
04/08/2025 9:15;312
04/08/2025 9:20;324
04/08/2025 9:25;340
04/08/2025 9:30;350
04/08/2025 9:35;341
04/08/2025 9:40;364
04/08/2025 9:45;374
04/08/2025 9:50;408
04/08/2025 9:55;427
04/08/2025 10:00;441
04/08/2025 10:05;450
04/08/2025 10:10;465
04/08/2025 10:15;444
04/08/2025 10:20;495
04/08/2025 10:25;500
04/08/2025 10:30;515
04/08/2025 10:35;525
04/08/2025 10:40;534
04/08/2025 10:45;544
04/08/2025 10:50;551
04/08/2025 10:55;556
04/08/2025 11:00;563
04/08/2025 11:05;571
04/08/2025 11:10;581
04/08/2025 11:15;591
04/08/2025 11:20;599
04/08/2025 11:25;601
04/08/2025 11:30;602
04/08/2025 11:35;617
04/08/2025 11:40;574
04/08/2025 11:45;602
04/08/2025 11:50;620
04/08/2025 11:55;625
04/08/2025 12:00;633
04/08/2025 12:05;654
04/08/2025 12:10;660
04/08/2025 12:15;643
04/08/2025 12:20;659
04/08/2025 12:25;658
04/08/2025 12:30;637
04/08/2025 12:35;655
04/08/2025 12:40;616
04/08/2025 12:45;629
04/08/2025 12:50;654
04/08/2025 12:55;684
04/08/2025 13:00;704
04/08/2025 13:05;701
04/08/2025 13:10;462
04/08/2025 13:15;462
04/08/2025 13:20;464
04/08/2025 13:25;462
04/08/2025 13:30;461
04/08/2025 13:35;461
04/08/2025 13:40;462
04/08/2025 13:45;461
04/08/2025 13:50;462
04/08/2025 13:55;465
04/08/2025 14:00;461
04/08/2025 14:05;460
04/08/2025 14:10;462
04/08/2025 14:15;458
04/08/2025 14:20;455
04/08/2025 14:25;456
04/08/2025 14:30;453
04/08/2025 14:35;449
04/08/2025 14:40;447
04/08/2025 14:45;444
04/08/2025 14:50;669
04/08/2025 14:55;665
04/08/2025 15:00;653
04/08/2025 15:05;655
04/08/2025 15:10;647
04/08/2025 15:15;641
04/08/2025 15:20;640
04/08/2025 15:25;637
04/08/2025 15:30;637
04/08/2025 15:35;633
04/08/2025 15:40;622
04/08/2025 15:45;614
04/08/2025 15:50;608
04/08/2025 15:55;598
04/08/2025 16:00;586
04/08/2025 16:05;581
04/08/2025 16:10;571
04/08/2025 16:15;560
04/08/2025 16:20;550
04/08/2025 16:25;542
04/08/2025 16:30;529
04/08/2025 16:35;519
04/08/2025 16:40;510
04/08/2025 16:45;498
04/08/2025 16:50;485
04/08/2025 16:55;476
04/08/2025 17:00;462
04/08/2025 17:05;452
04/08/2025 17:10;439
04/08/2025 17:15;426
04/08/2025 17:20;410
04/08/2025 17:25;396
04/08/2025 17:30;383
04/08/2025 17:35;371
04/08/2025 17:40;355
04/08/2025 17:45;339
04/08/2025 17:50;327
04/08/2025 17:55;313
04/08/2025 18:00;296
04/08/2025 18:05;279
04/08/2025 18:10;265
04/08/2025 18:15;247
04/08/2025 18:20;232
04/08/2025 18:25;216
04/08/2025 18:30;0
04/08/2025 18:35;0
04/08/2025 18:40;167
04/08/2025 18:45;150
04/08/2025 18:50;116
04/08/2025 18:55;97
04/08/2025 19:00;88
04/08/2025 19:05;79
04/08/2025 19:10;70
04/08/2025 19:15;57
04/08/2025 19:20;48
04/08/2025 19:25;39
04/08/2025 19:30;39
04/08/2025 19:35;39
04/08/2025 19:40;39
04/08/2025 19:45;39
04/08/2025 19:50;39
04/08/2025 19:55;39
04/08/2025 20:00;39
04/08/2025 20:05;39
04/08/2025 20:10;39
04/08/2025 20:15;39
04/08/2025 20:20;39
04/08/2025 20:25;39
04/08/2025 20:30;39
04/08/2025 20:35;39
04/08/2025 20:40;39
04/08/2025 20:45;39
04/08/2025 20:50;39
04/08/2025 20:55;39
04/08/2025 21:00;39
04/08/2025 21:05;39
04/08/2025 21:10;39
04/08/2025 21:15;0
04/08/2025 21:20;0
05/08/2025 7:18;0
05/08/2025 7:18;0
05/08/2025 7:19;0
05/08/2025 7:19;0
05/08/2025 7:20;0
05/08/2025 7:25;0
05/08/2025 7:30;0
05/08/2025 7:35;0
05/08/2025 7:40;0
05/08/2025 7:45;0
05/08/2025 7:50;39
05/08/2025 7:55;39
05/08/2025 8:00;39
05/08/2025 8:05;39
05/08/2025 8:10;39
05/08/2025 8:15;39
05/08/2025 8:20;54
05/08/2025 8:25;39
05/08/2025 8:30;39
05/08/2025 8:35;39
05/08/2025 8:40;44
05/08/2025 8:45;127
05/08/2025 8:50;160
05/08/2025 8:55;211
05/08/2025 9:00;237
05/08/2025 9:05;246
05/08/2025 9:10;139
05/08/2025 9:15;155
05/08/2025 9:20;167
05/08/2025 9:25;352
05/08/2025 9:30;101
05/08/2025 9:35;165
05/08/2025 9:40;389
05/08/2025 9:45;412
05/08/2025 9:50;266
05/08/2025 9:55;293
05/08/2025 10:00;460
05/08/2025 10:05;486
05/08/2025 10:10;490
05/08/2025 10:15;587
05/08/2025 10:20;468
05/08/2025 10:25;587
05/08/2025 10:30;581
05/08/2025 10:35;566
05/08/2025 10:40;287
05/08/2025 10:45;577
05/08/2025 10:50;582
05/08/2025 10:55;441
05/08/2025 11:00;613
05/08/2025 11:05;605
05/08/2025 11:10;384
05/08/2025 11:15;677
05/08/2025 11:20;671
05/08/2025 11:25;569
05/08/2025 11:30;669
05/08/2025 11:35;663
05/08/2025 11:40;710
05/08/2025 11:45;667
05/08/2025 11:50;678
05/08/2025 11:55;667
05/08/2025 12:00;699
05/08/2025 12:05;703
05/08/2025 12:10;256
05/08/2025 12:15;0
05/08/2025 12:20;327
05/08/2025 12:25;761
05/08/2025 12:30;757
05/08/2025 12:35;746
05/08/2025 12:40;728
05/08/2025 12:45;719
05/08/2025 12:50;731
05/08/2025 12:55;723
05/08/2025 13:00;699
05/08/2025 13:05;730
05/08/2025 13:10;748
05/08/2025 13:15;750
05/08/2025 13:20;755
05/08/2025 13:25;754
05/08/2025 13:30;744
05/08/2025 13:35;756
05/08/2025 13:40;746
05/08/2025 13:45;743
05/08/2025 13:50;736
05/08/2025 13:55;747
05/08/2025 14:00;741
05/08/2025 14:05;740
05/08/2025 14:10;661
05/08/2025 14:15;550
05/08/2025 14:20;710
05/08/2025 14:25;529
05/08/2025 14:30;705
05/08/2025 14:35;530
05/08/2025 14:40;718
05/08/2025 14:45;619
05/08/2025 14:50;469
05/08/2025 14:55;713
05/08/2025 15:00;735
05/08/2025 15:05;668
05/08/2025 15:10;639
05/08/2025 15:15;639
05/08/2025 15:20;599
05/08/2025 15:25;656
05/08/2025 15:30;569
05/08/2025 15:35;545
05/08/2025 15:40;398
05/08/2025 15:45;545
05/08/2025 15:50;525
05/08/2025 15:55;557
05/08/2025 16:00;702
05/08/2025 16:05;684
05/08/2025 16:10;579
05/08/2025 16:15;494
05/08/2025 16:20;366
05/08/2025 16:25;696
05/08/2025 16:30;738
05/08/2025 16:35;687
05/08/2025 16:40;661
05/08/2025 16:45;605
05/08/2025 16:50;585
05/08/2025 16:55;511
05/08/2025 17:00;516
05/08/2025 17:05;522
05/08/2025 17:10;506
05/08/2025 17:15;477
05/08/2025 17:20;475
05/08/2025 17:25;443
05/08/2025 17:30;434
05/08/2025 17:35;414
05/08/2025 17:40;397
05/08/2025 17:45;379
05/08/2025 17:50;362
05/08/2025 17:55;348
05/08/2025 18:00;327
05/08/2025 18:05;318
05/08/2025 18:10;285
05/08/2025 18:15;266
05/08/2025 18:20;352
05/08/2025 18:25;296
05/08/2025 18:30;326
05/08/2025 18:35;310
05/08/2025 18:40;339
05/08/2025 18:45;226
05/08/2025 18:50;182
05/08/2025 18:55;129
05/08/2025 19:00;85
05/08/2025 19:05;100
05/08/2025 19:10;98
05/08/2025 19:15;39
05/08/2025 19:20;59
05/08/2025 19:25;64
05/08/2025 19:30;61
05/08/2025 19:35;65
05/08/2025 19:40;64
05/08/2025 19:45;86
05/08/2025 19:50;55
05/08/2025 19:55;65
05/08/2025 20:00;39
05/08/2025 20:05;39
05/08/2025 20:10;39
05/08/2025 20:15;39
05/08/2025 20:20;39
05/08/2025 20:25;39
05/08/2025 20:30;39
05/08/2025 20:35;39
05/08/2025 20:40;39
05/08/2025 20:45;39
05/08/2025 20:50;39
05/08/2025 20:55;39
05/08/2025 21:00;39
05/08/2025 21:05;0
06/08/2025 7:27;0
06/08/2025 7:27;0
06/08/2025 7:28;0
06/08/2025 7:28;0
06/08/2025 7:29;0
06/08/2025 7:30;0
06/08/2025 7:35;0
06/08/2025 7:40;0
06/08/2025 7:45;0
06/08/2025 7:50;39
06/08/2025 7:55;39
06/08/2025 8:00;39
06/08/2025 8:05;39
06/08/2025 8:10;39
06/08/2025 8:15;39
06/08/2025 8:20;39
06/08/2025 8:25;43
06/08/2025 8:30;64
06/08/2025 8:35;72
06/08/2025 8:40;70
06/08/2025 8:45;67
06/08/2025 8:50;65
06/08/2025 8:55;65
06/08/2025 9:00;63
06/08/2025 9:05;65
06/08/2025 9:10;74
06/08/2025 9:15;79
06/08/2025 9:20;82
06/08/2025 9:25;86
06/08/2025 9:30;89
06/08/2025 9:35;89
06/08/2025 9:40;91
06/08/2025 9:45;95
06/08/2025 9:50;99
06/08/2025 9:55;104
06/08/2025 10:00;108
06/08/2025 10:05;108
06/08/2025 10:10;108
06/08/2025 10:15;114
06/08/2025 10:20;125
06/08/2025 10:25;132
06/08/2025 10:30;143
06/08/2025 10:35;166
06/08/2025 10:40;184
06/08/2025 10:45;207
06/08/2025 10:50;198
06/08/2025 10:55;187
06/08/2025 11:00;181
06/08/2025 11:05;184
06/08/2025 11:10;201
06/08/2025 11:15;236
06/08/2025 11:20;242
06/08/2025 11:25;237
06/08/2025 11:30;237
06/08/2025 11:35;344
06/08/2025 11:40;368
06/08/2025 11:45;531
06/08/2025 11:50;583
06/08/2025 11:55;571
06/08/2025 12:00;468
06/08/2025 12:05;597
06/08/2025 12:10;618
06/08/2025 12:15;530
06/08/2025 12:20;609
06/08/2025 12:25;477
06/08/2025 12:30;573
06/08/2025 12:35;593
06/08/2025 12:40;666
06/08/2025 12:45;646
06/08/2025 12:50;588
06/08/2025 12:55;576
06/08/2025 13:00;687
06/08/2025 13:05;709
06/08/2025 13:10;640
06/08/2025 13:15;745
06/08/2025 13:20;691
06/08/2025 13:25;700
06/08/2025 13:30;626
06/08/2025 13:35;711
06/08/2025 13:40;705
06/08/2025 13:45;701
06/08/2025 13:50;663
06/08/2025 13:55;717
06/08/2025 14:00;699
06/08/2025 14:05;703
06/08/2025 14:10;706
06/08/2025 14:15;674
06/08/2025 14:20;691
06/08/2025 14:25;678
06/08/2025 14:30;652
06/08/2025 14:35;636
06/08/2025 14:40;648
06/08/2025 14:45;664
06/08/2025 14:50;669
06/08/2025 14:55;656
06/08/2025 15:00;641
06/08/2025 15:05;644
06/08/2025 15:10;633
06/08/2025 15:15;633
06/08/2025 15:20;616
06/08/2025 15:25;618
06/08/2025 15:30;443
06/08/2025 15:35;613
06/08/2025 15:40;599
06/08/2025 15:45;597
06/08/2025 15:50;581
06/08/2025 15:55;571
06/08/2025 16:00;567
06/08/2025 16:05;545
06/08/2025 16:10;538
06/08/2025 16:15;540
06/08/2025 16:20;526
06/08/2025 16:25;514
06/08/2025 16:30;527
06/08/2025 16:35;517
06/08/2025 16:40;504
06/08/2025 16:45;480
06/08/2025 16:50;467
06/08/2025 16:55;467
06/08/2025 17:00;458
06/08/2025 17:05;445
06/08/2025 17:10;421
06/08/2025 17:15;410
06/08/2025 17:20;389
06/08/2025 17:25;381
06/08/2025 17:30;375
06/08/2025 17:35;317
06/08/2025 17:40;322
06/08/2025 17:45;340
06/08/2025 17:50;306
06/08/2025 17:55;313
06/08/2025 18:00;292
06/08/2025 18:05;275
06/08/2025 18:10;254
06/08/2025 18:15;247
06/08/2025 18:20;229
06/08/2025 18:25;217
06/08/2025 18:30;165
06/08/2025 18:35;173
06/08/2025 18:40;160
06/08/2025 18:45;140
06/08/2025 18:50;132
06/08/2025 18:55;122
06/08/2025 19:00;110
06/08/2025 19:05;99
06/08/2025 19:10;89
06/08/2025 19:15;83
06/08/2025 19:20;75
06/08/2025 19:25;67
06/08/2025 19:30;61
06/08/2025 19:35;55
06/08/2025 19:40;49
06/08/2025 19:45;40
06/08/2025 19:50;39
06/08/2025 19:55;39
06/08/2025 20:00;39
06/08/2025 20:05;39
06/08/2025 20:10;39
06/08/2025 20:15;39
06/08/2025 20:20;39
06/08/2025 20:25;39
06/08/2025 20:30;39
06/08/2025 20:35;39
06/08/2025 20:40;39
06/08/2025 20:45;39
06/08/2025 20:50;39
06/08/2025 20:55;39
06/08/2025 21:00;39
06/08/2025 21:05;39
06/08/2025 21:10;39
06/08/2025 21:15;39
06/08/2025 21:20;39
07/08/2025 7:20;0
07/08/2025 7:20;0
07/08/2025 7:21;0
07/08/2025 7:21;0
07/08/2025 7:22;0
07/08/2025 7:25;0
07/08/2025 7:30;0
07/08/2025 7:35;0
07/08/2025 7:40;0
07/08/2025 7:45;39
07/08/2025 7:50;39
07/08/2025 7:55;39
07/08/2025 8:00;39
07/08/2025 8:05;39
07/08/2025 8:10;44
07/08/2025 8:15;64
07/08/2025 8:20;76
07/08/2025 8:25;86
07/08/2025 8:30;98
07/08/2025 8:35;109
07/08/2025 8:40;121
07/08/2025 8:45;148
07/08/2025 8:50;189
07/08/2025 8:55;213
07/08/2025 9:00;231
07/08/2025 9:05;249
07/08/2025 9:10;265
07/08/2025 9:15;283
07/08/2025 9:20;299
07/08/2025 9:25;315
07/08/2025 9:30;330
07/08/2025 9:35;345
07/08/2025 9:40;361
07/08/2025 9:45;375
07/08/2025 9:50;391
07/08/2025 9:55;403
07/08/2025 10:00;417
07/08/2025 10:05;424
07/08/2025 10:10;443
07/08/2025 10:15;455
07/08/2025 10:20;467
07/08/2025 10:25;481
07/08/2025 10:30;496
07/08/2025 10:35;507
07/08/2025 10:40;517
07/08/2025 10:45;524
07/08/2025 10:50;538
07/08/2025 10:55;548
07/08/2025 11:00;556
07/08/2025 11:05;566
07/08/2025 11:10;574
07/08/2025 11:15;589
07/08/2025 11:20;601
07/08/2025 11:25;609
07/08/2025 11:30;616
07/08/2025 11:35;624
07/08/2025 11:40;630
07/08/2025 11:45;634
07/08/2025 11:50;642
07/08/2025 11:55;648
07/08/2025 12:00;660
07/08/2025 12:05;662
07/08/2025 12:10;667
07/08/2025 12:15;677
07/08/2025 12:20;682
07/08/2025 12:25;683
07/08/2025 12:30;689
07/08/2025 12:35;694
07/08/2025 12:40;706
07/08/2025 12:45;709
07/08/2025 12:50;708
07/08/2025 12:55;705
07/08/2025 13:00;707
07/08/2025 13:05;711
07/08/2025 13:10;707
07/08/2025 13:15;706
07/08/2025 13:20;718
07/08/2025 13:25;719
07/08/2025 13:30;715
07/08/2025 13:35;495
07/08/2025 13:40;462
07/08/2025 13:45;462
07/08/2025 13:50;462
07/08/2025 13:55;461
07/08/2025 14:00;459
07/08/2025 14:05;459
07/08/2025 14:10;598
07/08/2025 14:15;708
07/08/2025 14:20;634
07/08/2025 14:25;702
07/08/2025 14:30;698
07/08/2025 14:35;689
07/08/2025 14:40;684
07/08/2025 14:45;665
07/08/2025 14:50;668
07/08/2025 14:55;669
07/08/2025 15:00;658
07/08/2025 15:05;653
07/08/2025 15:10;647
07/08/2025 15:15;649
07/08/2025 15:20;642
07/08/2025 15:25;636
07/08/2025 15:30;629
07/08/2025 15:35;625
07/08/2025 15:40;620
07/08/2025 15:45;611
07/08/2025 15:50;600
07/08/2025 15:55;590
07/08/2025 16:00;583
07/08/2025 16:05;574
07/08/2025 16:10;561
07/08/2025 16:15;552
07/08/2025 16:20;544
07/08/2025 16:25;534
07/08/2025 16:30;522
07/08/2025 16:35;512
07/08/2025 16:40;498
07/08/2025 16:45;486
07/08/2025 16:50;470
07/08/2025 16:55;459
07/08/2025 17:00;449
07/08/2025 17:05;440
07/08/2025 17:10;426
07/08/2025 17:15;413
07/08/2025 17:20;402
07/08/2025 17:25;384
07/08/2025 17:30;370
07/08/2025 17:35;356
07/08/2025 17:40;343
07/08/2025 17:45;330
07/08/2025 17:50;311
07/08/2025 17:55;298
07/08/2025 18:00;281
07/08/2025 18:05;267
07/08/2025 18:10;250
07/08/2025 18:15;235
07/08/2025 18:20;221
07/08/2025 18:25;205
07/08/2025 18:30;192
07/08/2025 18:35;176
07/08/2025 18:40;161
07/08/2025 18:45;132
07/08/2025 18:50;108
07/08/2025 18:55;99
07/08/2025 19:00;91
07/08/2025 19:05;81
07/08/2025 19:10;73
07/08/2025 19:15;62
07/08/2025 19:20;52
07/08/2025 19:25;46
07/08/2025 19:30;41
07/08/2025 19:35;39
07/08/2025 19:40;39
07/08/2025 19:45;39
07/08/2025 19:50;39
07/08/2025 19:55;39
07/08/2025 20:00;39
07/08/2025 20:05;39
07/08/2025 20:10;39
07/08/2025 20:15;39
07/08/2025 20:20;39
07/08/2025 20:25;39
07/08/2025 20:30;39
07/08/2025 20:35;39
07/08/2025 20:40;39
07/08/2025 20:45;39
07/08/2025 20:50;39
07/08/2025 20:55;39
07/08/2025 21:00;39
07/08/2025 21:05;39
07/08/2025 21:10;39
07/08/2025 21:15;0
08/08/2025 7:20;0
08/08/2025 7:21;0
08/08/2025 7:21;0
08/08/2025 7:22;0
08/08/2025 7:22;0
08/08/2025 7:25;0
08/08/2025 7:30;0
08/08/2025 7:35;0
08/08/2025 7:40;0
08/08/2025 7:45;39
08/08/2025 7:50;39
08/08/2025 7:55;39
08/08/2025 8:00;39
08/08/2025 8:05;39
08/08/2025 8:10;42
08/08/2025 8:15;49
08/08/2025 8:20;72
08/08/2025 8:25;82
08/08/2025 8:30;94
08/08/2025 8:35;108
08/08/2025 8:40;126
08/08/2025 8:45;153
08/08/2025 8:50;175
08/08/2025 8:55;201
08/08/2025 9:00;215
08/08/2025 9:05;225
08/08/2025 9:10;235
08/08/2025 9:15;224
08/08/2025 9:20;201
08/08/2025 9:25;267
08/08/2025 9:30;153
08/08/2025 9:35;364
08/08/2025 9:40;366
08/08/2025 9:45;373
08/08/2025 9:50;386
08/08/2025 9:55;415
08/08/2025 10:00;458
08/08/2025 10:05;468
08/08/2025 10:10;191
08/08/2025 10:15;266
08/08/2025 10:20;418
08/08/2025 10:25;531
08/08/2025 10:30;145
08/08/2025 10:35;178
08/08/2025 10:40;551
08/08/2025 10:45;131
08/08/2025 10:50;564
08/08/2025 10:55;145
08/08/2025 11:00;275
08/08/2025 11:05;162
08/08/2025 11:10;214
08/08/2025 11:15;170
08/08/2025 11:20;629
08/08/2025 11:25;609
08/08/2025 11:30;610
08/08/2025 11:35;628
08/08/2025 11:40;642
08/08/2025 11:45;633
08/08/2025 11:50;635
08/08/2025 11:55;655
08/08/2025 12:00;660
08/08/2025 12:05;655
08/08/2025 12:10;677
08/08/2025 12:15;682
08/08/2025 12:20;679
08/08/2025 12:25;688
08/08/2025 12:30;710
08/08/2025 12:35;721
08/08/2025 12:40;706
08/08/2025 12:45;706
08/08/2025 12:50;708
08/08/2025 12:55;707
08/08/2025 13:00;707
08/08/2025 13:05;711
08/08/2025 13:10;717
08/08/2025 13:15;727
08/08/2025 13:20;722
08/08/2025 13:25;722
08/08/2025 13:30;718
08/08/2025 13:35;712
08/08/2025 13:40;715
08/08/2025 13:45;719
08/08/2025 13:50;716
08/08/2025 13:55;717
08/08/2025 14:00;714
08/08/2025 14:05;714
08/08/2025 14:10;712
08/08/2025 14:15;710
08/08/2025 14:20;709
08/08/2025 14:25;706
08/08/2025 14:30;695
08/08/2025 14:35;694
08/08/2025 14:40;693
08/08/2025 14:45;689
08/08/2025 14:50;688
08/08/2025 14:55;681
08/08/2025 15:00;676
08/08/2025 15:05;668
08/08/2025 15:10;665
08/08/2025 15:15;655
08/08/2025 15:20;652
08/08/2025 15:25;643
08/08/2025 15:30;638
08/08/2025 15:35;628
08/08/2025 15:40;621
08/08/2025 15:45;613
08/08/2025 15:50;605
08/08/2025 15:55;592
08/08/2025 16:00;585
08/08/2025 16:05;574
08/08/2025 16:10;562
08/08/2025 16:15;547
08/08/2025 16:20;543
08/08/2025 16:25;536
08/08/2025 16:30;524
08/08/2025 16:35;511
08/08/2025 16:40;496
08/08/2025 16:45;487
08/08/2025 16:50;471
08/08/2025 16:55;464
08/08/2025 17:00;452
08/08/2025 17:05;439
08/08/2025 17:10;422
08/08/2025 17:15;402
08/08/2025 17:20;388
08/08/2025 17:25;383
08/08/2025 17:30;367
08/08/2025 17:35;350
08/08/2025 17:40;331
08/08/2025 17:45;295
08/08/2025 17:50;307
08/08/2025 17:55;294
08/08/2025 18:00;279
08/08/2025 18:05;268
08/08/2025 18:10;249
08/08/2025 18:15;235
08/08/2025 18:20;220
08/08/2025 18:25;208
08/08/2025 18:30;192
08/08/2025 18:35;176
08/08/2025 18:40;164
08/08/2025 18:45;138
08/08/2025 18:50;122
08/08/2025 18:55;110
08/08/2025 19:00;104
08/08/2025 19:05;92
08/08/2025 19:10;85
08/08/2025 19:15;75
08/08/2025 19:20;68
08/08/2025 19:25;60
08/08/2025 19:30;54
08/08/2025 19:35;49
08/08/2025 19:40;45
08/08/2025 19:45;43
08/08/2025 19:50;40
08/08/2025 19:55;39
08/08/2025 20:00;39
08/08/2025 20:05;39
08/08/2025 20:10;39
08/08/2025 20:15;39
08/08/2025 20:20;39
08/08/2025 20:25;39
08/08/2025 20:30;39
08/08/2025 20:35;39
08/08/2025 20:40;39
08/08/2025 20:45;39
08/08/2025 20:50;39
08/08/2025 20:55;39
08/08/2025 21:00;39
08/08/2025 21:05;39
08/08/2025 21:10;0
08/08/2025 21:15;0
09/08/2025 7:23;0
09/08/2025 7:23;0
09/08/2025 7:24;0
09/08/2025 7:24;0
09/08/2025 7:25;0
09/08/2025 7:30;0
09/08/2025 7:35;0
09/08/2025 7:40;0
09/08/2025 7:45;39
09/08/2025 7:50;39
09/08/2025 7:55;39
09/08/2025 8:00;39
09/08/2025 8:05;39
09/08/2025 8:10;41
09/08/2025 8:15;50
09/08/2025 8:20;68
09/08/2025 8:25;77
09/08/2025 8:30;51
09/08/2025 8:35;72
09/08/2025 8:40;123
09/08/2025 8:45;96
09/08/2025 8:50;159
09/08/2025 8:55;101
09/08/2025 9:00;211
09/08/2025 9:05;225
09/08/2025 9:10;238
09/08/2025 9:15;252
09/08/2025 9:20;267
09/08/2025 9:25;285
09/08/2025 9:30;301
09/08/2025 9:35;294
09/08/2025 9:40;333
09/08/2025 9:45;352
09/08/2025 9:50;366
09/08/2025 9:55;390
09/08/2025 10:00;165
09/08/2025 10:05;161
09/08/2025 10:10;360
09/08/2025 10:15;256
09/08/2025 10:20;0
09/08/2025 10:25;130
09/08/2025 10:30;0
09/08/2025 10:35;0
09/08/2025 10:40;534
09/08/2025 10:45;282
09/08/2025 10:50;174
09/08/2025 10:55;0
09/08/2025 11:00;245
09/08/2025 11:05;623
09/08/2025 11:10;607
09/08/2025 11:15;597
09/08/2025 11:20;606
09/08/2025 11:25;627
09/08/2025 11:30;642
09/08/2025 11:35;624
09/08/2025 11:40;627
09/08/2025 11:45;641
09/08/2025 11:50;634
09/08/2025 11:55;639
09/08/2025 12:00;642
09/08/2025 12:05;645
09/08/2025 12:10;651
09/08/2025 12:15;660
09/08/2025 12:20;668
09/08/2025 12:25;670
09/08/2025 12:30;680
09/08/2025 12:35;678
09/08/2025 12:40;679
09/08/2025 12:45;686
09/08/2025 12:50;688
09/08/2025 12:55;685
09/08/2025 13:00;696
09/08/2025 13:05;700
09/08/2025 13:10;700
09/08/2025 13:15;703
09/08/2025 13:20;706
09/08/2025 13:25;708
09/08/2025 13:30;711
09/08/2025 13:35;707
09/08/2025 13:40;705
09/08/2025 13:45;712
09/08/2025 13:50;709
09/08/2025 13:55;706
09/08/2025 14:00;702
09/08/2025 14:05;702
09/08/2025 14:10;703
09/08/2025 14:15;699
09/08/2025 14:20;695
09/08/2025 14:25;694
09/08/2025 14:30;688
09/08/2025 14:35;685
09/08/2025 14:40;681
09/08/2025 14:45;674
09/08/2025 14:50;667
09/08/2025 14:55;661
09/08/2025 15:00;666
09/08/2025 15:05;700
09/08/2025 15:10;694
09/08/2025 15:15;745
09/08/2025 15:20;688
09/08/2025 15:25;672
09/08/2025 15:30;442
09/08/2025 15:35;648
09/08/2025 15:40;636
09/08/2025 15:45;626
09/08/2025 15:50;605
09/08/2025 15:55;576
09/08/2025 16:00;599
09/08/2025 16:05;577
09/08/2025 16:10;555
09/08/2025 16:15;554
09/08/2025 16:20;411
09/08/2025 16:25;530
09/08/2025 16:30;527
09/08/2025 16:35;502
09/08/2025 16:40;517
09/08/2025 16:45;496
09/08/2025 16:50;485
09/08/2025 16:55;461
09/08/2025 17:00;472
09/08/2025 17:05;447
09/08/2025 17:10;424
09/08/2025 17:15;416
09/08/2025 17:20;392
09/08/2025 17:25;388
09/08/2025 17:30;377
09/08/2025 17:35;363
09/08/2025 17:40;353
09/08/2025 17:45;363
09/08/2025 17:50;334
09/08/2025 17:55;339
09/08/2025 18:00;311
09/08/2025 18:05;275
09/08/2025 18:10;248
09/08/2025 18:15;234
09/08/2025 18:20;205
09/08/2025 18:25;207
09/08/2025 18:30;189
09/08/2025 18:35;186
09/08/2025 18:40;188
09/08/2025 18:45;78
09/08/2025 18:50;92
09/08/2025 18:55;122
09/08/2025 19:00;137
09/08/2025 19:05;106
09/08/2025 19:10;84
09/08/2025 19:15;75
09/08/2025 19:20;63
09/08/2025 19:25;50
09/08/2025 19:30;39
09/08/2025 19:35;39
09/08/2025 19:40;39
09/08/2025 19:45;39
09/08/2025 19:50;39
09/08/2025 19:55;39
09/08/2025 20:00;39
09/08/2025 20:05;39
09/08/2025 20:10;39
09/08/2025 20:15;39
09/08/2025 20:20;39
09/08/2025 20:25;39
09/08/2025 20:30;39
09/08/2025 20:35;39
09/08/2025 20:40;39
09/08/2025 20:45;39
09/08/2025 20:50;39
09/08/2025 20:55;39
09/08/2025 21:00;39
09/08/2025 21:05;0
09/08/2025 21:10;0
10/08/2025 7:23;0
10/08/2025 7:24;0
10/08/2025 7:24;0
10/08/2025 7:25;0
10/08/2025 7:25;0
10/08/2025 7:30;0
10/08/2025 7:35;0
10/08/2025 7:40;0
10/08/2025 7:45;39
10/08/2025 7:50;39
10/08/2025 7:55;39
10/08/2025 8:00;39
10/08/2025 8:05;39
10/08/2025 8:10;41
10/08/2025 8:15;49
10/08/2025 8:20;67
10/08/2025 8:25;78
10/08/2025 8:30;89
10/08/2025 8:35;102
10/08/2025 8:40;111
10/08/2025 8:45;136
10/08/2025 8:50;169
10/08/2025 8:55;189
10/08/2025 9:00;206
10/08/2025 9:05;223
10/08/2025 9:10;241
10/08/2025 9:15;258
10/08/2025 9:20;274
10/08/2025 9:25;290
10/08/2025 9:30;306
10/08/2025 9:35;323
10/08/2025 9:40;338
10/08/2025 9:45;355
10/08/2025 9:50;370
10/08/2025 9:55;386
10/08/2025 10:00;396
10/08/2025 10:05;412
10/08/2025 10:10;427
10/08/2025 10:15;440
10/08/2025 10:20;453
10/08/2025 10:25;464
10/08/2025 10:30;477
10/08/2025 10:35;490
10/08/2025 10:40;501
10/08/2025 10:45;509
10/08/2025 10:50;523
10/08/2025 10:55;529
10/08/2025 11:00;543
10/08/2025 11:05;549
10/08/2025 11:10;561
10/08/2025 11:15;568
10/08/2025 11:20;576
10/08/2025 11:25;587
10/08/2025 11:30;598
10/08/2025 11:35;607
10/08/2025 11:40;620
10/08/2025 11:45;633
10/08/2025 11:50;643
10/08/2025 11:55;645
10/08/2025 12:00;655
10/08/2025 12:05;660
10/08/2025 12:10;666
10/08/2025 12:15;672
10/08/2025 12:20;682
10/08/2025 12:25;688
10/08/2025 12:30;687
10/08/2025 12:35;694
10/08/2025 12:40;697
10/08/2025 12:45;699
10/08/2025 12:50;704
10/08/2025 12:55;706
10/08/2025 13:00;715
10/08/2025 13:05;715
10/08/2025 13:10;715
10/08/2025 13:15;715
10/08/2025 13:20;716
10/08/2025 13:25;716
10/08/2025 13:30;712
10/08/2025 13:35;711
10/08/2025 13:40;713
10/08/2025 13:45;711
10/08/2025 13:50;712
10/08/2025 13:55;712
10/08/2025 14:00;703
10/08/2025 14:05;699
10/08/2025 14:10;697
10/08/2025 14:15;695
10/08/2025 14:20;690
10/08/2025 14:25;697
10/08/2025 14:30;697
10/08/2025 14:35;690
10/08/2025 14:40;689
10/08/2025 14:45;685
10/08/2025 14:50;683
10/08/2025 14:55;679
10/08/2025 15:00;671
10/08/2025 15:05;668
10/08/2025 15:10;656
10/08/2025 15:15;648
10/08/2025 15:20;638
10/08/2025 15:25;634
10/08/2025 15:30;625
10/08/2025 15:35;620
10/08/2025 15:40;617
10/08/2025 15:45;606
10/08/2025 15:50;598
10/08/2025 15:55;584
10/08/2025 16:00;577
10/08/2025 16:05;569
10/08/2025 16:10;556
10/08/2025 16:15;550
10/08/2025 16:20;538
10/08/2025 16:25;528
10/08/2025 16:30;518
10/08/2025 16:35;507
10/08/2025 16:40;493
10/08/2025 16:45;483
10/08/2025 16:50;472
10/08/2025 16:55;459
10/08/2025 17:00;445
10/08/2025 17:05;428
10/08/2025 17:10;414
10/08/2025 17:15;401
10/08/2025 17:20;388
10/08/2025 17:25;374
10/08/2025 17:30;358
10/08/2025 17:35;342
10/08/2025 17:40;331
10/08/2025 17:45;315
10/08/2025 17:50;301
10/08/2025 17:55;288
10/08/2025 18:00;272
10/08/2025 18:05;257
10/08/2025 18:10;243
10/08/2025 18:15;228
10/08/2025 18:20;215
10/08/2025 18:25;0
10/08/2025 18:30;0
10/08/2025 18:35;0
10/08/2025 18:40;137
10/08/2025 18:45;118
10/08/2025 18:50;108
10/08/2025 18:55;97
10/08/2025 19:00;90
10/08/2025 19:05;83
10/08/2025 19:10;74
10/08/2025 19:15;61
10/08/2025 19:20;55
10/08/2025 19:25;48
10/08/2025 19:30;44
10/08/2025 19:35;39
10/08/2025 19:40;39
10/08/2025 19:45;39
10/08/2025 19:50;39
10/08/2025 19:55;39
10/08/2025 20:00;39
10/08/2025 20:05;39
10/08/2025 20:10;39
10/08/2025 20:15;39
10/08/2025 20:20;39
10/08/2025 20:25;39
10/08/2025 20:30;39
10/08/2025 20:35;39
10/08/2025 20:40;39
10/08/2025 20:45;39
10/08/2025 20:50;39
10/08/2025 20:55;39
10/08/2025 21:00;39
10/08/2025 21:05;39
10/08/2025 21:10;0
11/08/2025 7:26;0
11/08/2025 7:26;0
11/08/2025 7:27;0
11/08/2025 7:27;0
11/08/2025 7:28;0
11/08/2025 7:30;0
11/08/2025 7:35;0
11/08/2025 7:40;0
11/08/2025 7:45;0
11/08/2025 7:50;39
11/08/2025 7:55;39
11/08/2025 8:00;39
11/08/2025 8:05;39
11/08/2025 8:10;39
11/08/2025 8:15;46
11/08/2025 8:20;67
11/08/2025 8:25;79
11/08/2025 8:30;88
11/08/2025 8:35;105
11/08/2025 8:40;118
11/08/2025 8:45;141
11/08/2025 8:50;173
11/08/2025 8:55;186
11/08/2025 9:00;203
11/08/2025 9:05;214
11/08/2025 9:10;220
11/08/2025 9:15;235
11/08/2025 9:20;251
11/08/2025 9:25;269
11/08/2025 9:30;288
11/08/2025 9:35;307
11/08/2025 9:40;320
11/08/2025 9:45;344
11/08/2025 9:50;362
11/08/2025 9:55;383
11/08/2025 10:00;395
11/08/2025 10:05;406
11/08/2025 10:10;372
11/08/2025 10:15;393
11/08/2025 10:20;424
11/08/2025 10:25;422
11/08/2025 10:30;397
11/08/2025 10:35;435
11/08/2025 10:40;444
11/08/2025 10:45;442
11/08/2025 10:50;445
11/08/2025 10:55;468
11/08/2025 11:00;494
11/08/2025 11:05;496
11/08/2025 11:10;498
11/08/2025 11:15;510
11/08/2025 11:20;522
11/08/2025 11:25;531
11/08/2025 11:30;541
11/08/2025 11:35;536
11/08/2025 11:40;551
11/08/2025 11:45;539
11/08/2025 11:50;553
11/08/2025 11:55;551
11/08/2025 12:00;561
11/08/2025 12:05;591
11/08/2025 12:10;587
11/08/2025 12:15;577
11/08/2025 12:20;600
11/08/2025 12:25;597
11/08/2025 12:30;608
11/08/2025 12:35;621
11/08/2025 12:40;670
11/08/2025 12:45;679
11/08/2025 12:50;689
11/08/2025 12:55;289
11/08/2025 13:00;700
11/08/2025 13:05;676
11/08/2025 13:10;676
11/08/2025 13:15;669
11/08/2025 13:20;678
11/08/2025 13:25;679
11/08/2025 13:30;674
11/08/2025 13:35;678
11/08/2025 13:40;680
11/08/2025 13:45;678
11/08/2025 13:50;680
11/08/2025 13:55;674
11/08/2025 14:00;667
11/08/2025 14:05;667
11/08/2025 14:10;657
11/08/2025 14:15;661
11/08/2025 14:20;659
11/08/2025 14:25;658
11/08/2025 14:30;653
11/08/2025 14:35;650
11/08/2025 14:40;652
11/08/2025 14:45;648
11/08/2025 14:50;644
11/08/2025 14:55;651
11/08/2025 15:00;646
11/08/2025 15:05;308
11/08/2025 15:10;559
11/08/2025 15:15;654
11/08/2025 15:20;650
11/08/2025 15:25;626
11/08/2025 15:30;423
11/08/2025 15:35;625
11/08/2025 15:40;612
11/08/2025 15:45;586
11/08/2025 15:50;569
11/08/2025 15:55;545
11/08/2025 16:00;438
11/08/2025 16:05;548
11/08/2025 16:10;545
11/08/2025 16:15;0
11/08/2025 16:20;527
11/08/2025 16:25;445
11/08/2025 16:30;448
11/08/2025 16:35;452
11/08/2025 16:40;487
11/08/2025 16:45;416
11/08/2025 16:50;444
11/08/2025 16:55;442
11/08/2025 17:00;422
11/08/2025 17:05;412
11/08/2025 17:10;395
11/08/2025 17:15;382
11/08/2025 17:20;342
11/08/2025 17:25;259
11/08/2025 17:30;109
11/08/2025 17:35;0
11/08/2025 17:40;384
11/08/2025 17:45;340
11/08/2025 17:50;290
11/08/2025 17:55;256
11/08/2025 18:00;0
11/08/2025 18:05;254
11/08/2025 18:10;264
11/08/2025 18:15;262
11/08/2025 18:20;231
11/08/2025 18:25;196
11/08/2025 18:30;171
11/08/2025 18:35;0
11/08/2025 18:40;50
11/08/2025 18:45;99
11/08/2025 18:50;111
11/08/2025 18:55;126
11/08/2025 19:00;79
11/08/2025 19:05;72
11/08/2025 19:10;53
11/08/2025 19:15;53
11/08/2025 19:20;53
11/08/2025 19:25;69
11/08/2025 19:30;76
11/08/2025 19:35;88
11/08/2025 19:40;81
11/08/2025 19:45;57
11/08/2025 19:50;39
11/08/2025 19:55;39
11/08/2025 20:00;39
11/08/2025 20:05;39
11/08/2025 20:10;39
11/08/2025 20:15;39
11/08/2025 20:20;39
11/08/2025 20:25;39
11/08/2025 20:30;39
11/08/2025 20:35;39
11/08/2025 20:40;0
11/08/2025 20:45;0
12/08/2025 7:29;0
12/08/2025 7:30;0
12/08/2025 7:30;0
12/08/2025 7:31;0
12/08/2025 7:31;0
12/08/2025 7:35;0
12/08/2025 7:40;0
12/08/2025 7:45;0
12/08/2025 7:50;0
12/08/2025 7:55;39
12/08/2025 8:00;39
12/08/2025 8:05;39
12/08/2025 8:10;39
12/08/2025 8:15;39
12/08/2025 8:20;39
12/08/2025 8:25;46
12/08/2025 8:30;65
12/08/2025 8:35;74
12/08/2025 8:40;91
12/08/2025 8:45;109
12/08/2025 8:50;86
12/08/2025 8:55;129
12/08/2025 9:00;143
12/08/2025 9:05;122
12/08/2025 9:10;136
12/08/2025 9:15;183
12/08/2025 9:20;212
12/08/2025 9:25;112
12/08/2025 9:30;172
12/08/2025 9:35;201
12/08/2025 9:40;157
12/08/2025 9:45;231
12/08/2025 9:50;222
12/08/2025 9:55;135
12/08/2025 10:00;368
12/08/2025 10:05;411
12/08/2025 10:10;346
12/08/2025 10:15;446
12/08/2025 10:20;353
12/08/2025 10:25;230
12/08/2025 10:30;316
12/08/2025 10:35;464
12/08/2025 10:40;484
12/08/2025 10:45;503
12/08/2025 10:50;553
12/08/2025 10:55;546
12/08/2025 11:00;527
12/08/2025 11:05;525
12/08/2025 11:10;540
12/08/2025 11:15;546
12/08/2025 11:20;556
12/08/2025 11:25;558
12/08/2025 11:30;569
12/08/2025 11:35;577
12/08/2025 11:40;578
12/08/2025 11:45;595
12/08/2025 11:50;604
12/08/2025 11:55;595
12/08/2025 12:00;608
12/08/2025 12:05;616
12/08/2025 12:10;626
12/08/2025 12:15;633
12/08/2025 12:20;635
12/08/2025 12:25;644
12/08/2025 12:30;653
12/08/2025 12:35;649
12/08/2025 12:40;659
12/08/2025 12:45;657
12/08/2025 12:50;663
12/08/2025 12:55;659
12/08/2025 13:00;659
12/08/2025 13:05;666
12/08/2025 13:10;667
12/08/2025 13:15;666
12/08/2025 13:20;661
12/08/2025 13:25;667
12/08/2025 13:30;661
12/08/2025 13:35;664
12/08/2025 13:40;665
12/08/2025 13:45;668
12/08/2025 13:50;667
12/08/2025 13:55;661
12/08/2025 14:00;660
12/08/2025 14:05;659
12/08/2025 14:10;579
12/08/2025 14:15;500
12/08/2025 14:20;577
12/08/2025 14:25;560
12/08/2025 14:30;541
12/08/2025 14:35;222
12/08/2025 14:40;173
12/08/2025 14:45;0
12/08/2025 14:50;147
12/08/2025 14:55;152
12/08/2025 15:00;210
12/08/2025 15:05;618
12/08/2025 15:10;603
12/08/2025 15:15;565
12/08/2025 15:20;243
12/08/2025 15:25;283
12/08/2025 15:30;348
12/08/2025 15:35;553
12/08/2025 15:40;617
12/08/2025 15:45;376
12/08/2025 15:50;0
12/08/2025 15:55;0
12/08/2025 16:00;545
12/08/2025 16:05;0
12/08/2025 16:10;324
12/08/2025 16:15;525
12/08/2025 16:20;395
12/08/2025 16:25;461
12/08/2025 16:30;411
12/08/2025 16:35;484
12/08/2025 16:40;466
12/08/2025 16:45;449
12/08/2025 16:50;450
12/08/2025 16:55;469
12/08/2025 17:00;374
12/08/2025 17:05;504
12/08/2025 17:10;384
12/08/2025 17:15;339
12/08/2025 17:20;217
12/08/2025 17:25;0
12/08/2025 17:30;89
12/08/2025 17:35;105
12/08/2025 17:40;44
12/08/2025 17:45;39
12/08/2025 17:50;39
12/08/2025 17:55;39
12/08/2025 18:00;39
12/08/2025 18:05;39
12/08/2025 18:10;39
12/08/2025 18:15;39
12/08/2025 18:20;39
12/08/2025 18:25;39
12/08/2025 18:30;39
12/08/2025 18:35;39
12/08/2025 18:40;39
12/08/2025 18:45;39
12/08/2025 18:50;39
12/08/2025 18:55;39
12/08/2025 19:00;39
12/08/2025 19:05;39
12/08/2025 19:10;39
12/08/2025 19:15;39
12/08/2025 19:20;39
12/08/2025 19:25;39
12/08/2025 19:30;39
12/08/2025 19:35;0
12/08/2025 19:40;0
12/08/2025 19:45;0
12/08/2025 19:50;0
12/08/2025 19:55;0
12/08/2025 20:00;0
12/08/2025 20:05;0
12/08/2025 20:10;0
12/08/2025 20:15;0
12/08/2025 20:20;0
12/08/2025 20:25;0
12/08/2025 20:30;0
12/08/2025 20:35;0
13/08/2025 8:02;0
13/08/2025 8:03;0
13/08/2025 8:03;0
13/08/2025 8:04;0
13/08/2025 8:05;0
13/08/2025 8:05;0
13/08/2025 8:06;0
13/08/2025 8:06;0
13/08/2025 8:07;0
13/08/2025 8:10;0
13/08/2025 8:10;0
13/08/2025 8:11;0
13/08/2025 8:11;0
13/08/2025 8:12;0
13/08/2025 8:15;0
13/08/2025 8:20;0
13/08/2025 8:25;39
13/08/2025 8:30;39
13/08/2025 8:35;39
13/08/2025 8:40;39
13/08/2025 8:45;39
13/08/2025 8:50;39
13/08/2025 8:55;39
13/08/2025 9:00;39
13/08/2025 9:05;39
13/08/2025 9:10;39
13/08/2025 9:15;39
13/08/2025 9:20;39
13/08/2025 9:25;39
13/08/2025 9:30;39
13/08/2025 9:35;39
13/08/2025 9:40;39
13/08/2025 9:45;39
13/08/2025 9:50;39
13/08/2025 9:55;39
13/08/2025 10:00;39
13/08/2025 10:05;39
13/08/2025 10:10;39
13/08/2025 10:15;39
13/08/2025 10:20;46
13/08/2025 10:25;39
13/08/2025 10:30;39
13/08/2025 10:35;39
13/08/2025 10:40;39
13/08/2025 10:45;39
13/08/2025 10:50;39
13/08/2025 10:55;39
13/08/2025 11:00;39
13/08/2025 11:05;50
13/08/2025 11:10;39
13/08/2025 11:15;39
13/08/2025 11:20;39
13/08/2025 11:25;39
13/08/2025 11:30;45
13/08/2025 11:35;59
13/08/2025 11:40;52
13/08/2025 11:45;45
13/08/2025 11:50;52
13/08/2025 11:55;53
13/08/2025 12:00;40
13/08/2025 12:05;39
13/08/2025 12:10;62
13/08/2025 12:15;96
13/08/2025 12:20;97
13/08/2025 12:25;90
13/08/2025 12:30;110
13/08/2025 12:35;103
13/08/2025 12:40;53
13/08/2025 12:45;126
13/08/2025 12:50;165
13/08/2025 12:55;93
13/08/2025 13:00;88
13/08/2025 13:05;173
13/08/2025 13:10;127
13/08/2025 13:15;82
13/08/2025 13:20;108
13/08/2025 13:25;99
13/08/2025 13:30;74
13/08/2025 13:35;88
13/08/2025 13:40;94
13/08/2025 13:45;99
13/08/2025 13:50;129
13/08/2025 13:55;308
13/08/2025 14:00;335
13/08/2025 14:05;212
13/08/2025 14:10;117
13/08/2025 14:15;220
13/08/2025 14:20;222
13/08/2025 14:25;253
13/08/2025 14:30;217
13/08/2025 14:35;231
13/08/2025 14:40;303
13/08/2025 14:45;265
13/08/2025 14:50;236
13/08/2025 14:55;176
13/08/2025 15:00;382
13/08/2025 15:05;309
13/08/2025 15:10;197
13/08/2025 15:15;224
13/08/2025 15:20;233
13/08/2025 15:25;253
13/08/2025 15:30;247
13/08/2025 15:35;0
13/08/2025 15:40;218
13/08/2025 15:45;526
13/08/2025 15:50;671
13/08/2025 15:55;299
13/08/2025 16:00;0
13/08/2025 16:05;482
13/08/2025 16:10;243
13/08/2025 16:15;0
13/08/2025 16:20;115
13/08/2025 16:25;140
13/08/2025 16:30;93
13/08/2025 16:35;92
13/08/2025 16:40;94
13/08/2025 16:45;135
13/08/2025 16:50;39
13/08/2025 16:55;39
13/08/2025 17:00;39
13/08/2025 17:05;39
13/08/2025 17:10;39
13/08/2025 17:15;39
13/08/2025 17:20;39
13/08/2025 17:25;39
13/08/2025 17:30;0
13/08/2025 17:35;0
13/08/2025 17:40;0
13/08/2025 17:45;0
13/08/2025 17:50;0
13/08/2025 17:55;0
13/08/2025 18:00;0
13/08/2025 18:05;0
13/08/2025 19:11;0
13/08/2025 19:12;0
13/08/2025 19:12;0
13/08/2025 19:13;0
13/08/2025 19:13;0
13/08/2025 19:15;0
13/08/2025 19:20;0
13/08/2025 19:25;0
13/08/2025 19:30;0
13/08/2025 19:35;0
13/08/2025 19:40;39
13/08/2025 19:45;39
13/08/2025 19:50;39
13/08/2025 19:55;39
13/08/2025 20:00;39
13/08/2025 20:05;39
13/08/2025 20:10;39
13/08/2025 20:15;39
13/08/2025 20:20;39
13/08/2025 20:25;39
13/08/2025 20:30;39
13/08/2025 20:35;39
13/08/2025 20:40;39
13/08/2025 20:45;39
13/08/2025 20:50;39
13/08/2025 20:55;39
13/08/2025 21:00;39
13/08/2025 21:05;39
13/08/2025 21:10;39
14/08/2025 7:40;0
14/08/2025 7:41;0
14/08/2025 7:41;0
14/08/2025 7:42;0
14/08/2025 7:42;0
14/08/2025 7:45;0
14/08/2025 7:50;0
14/08/2025 7:55;0
14/08/2025 8:00;0
14/08/2025 8:05;39
14/08/2025 8:10;39
14/08/2025 8:15;39
14/08/2025 8:20;39
14/08/2025 8:25;39
14/08/2025 8:30;39
14/08/2025 8:35;39
14/08/2025 8:40;39
14/08/2025 8:45;39
14/08/2025 8:50;39
14/08/2025 8:55;39
14/08/2025 9:00;39
14/08/2025 9:05;39
14/08/2025 9:10;39
14/08/2025 9:15;39
14/08/2025 9:20;42
14/08/2025 9:25;87
14/08/2025 9:30;79
14/08/2025 9:35;48
14/08/2025 9:40;76
14/08/2025 9:45;110
14/08/2025 9:50;108
14/08/2025 9:55;138
14/08/2025 10:00;154
14/08/2025 10:05;155
14/08/2025 10:10;182
14/08/2025 10:15;177
14/08/2025 10:20;273
14/08/2025 10:25;440
14/08/2025 10:30;390
14/08/2025 10:35;236
14/08/2025 10:40;229
14/08/2025 10:45;189
14/08/2025 10:50;192
14/08/2025 10:55;201
14/08/2025 11:00;232
14/08/2025 11:05;246
14/08/2025 11:10;316
14/08/2025 11:15;340
14/08/2025 11:20;344
14/08/2025 11:25;529
14/08/2025 11:30;389
14/08/2025 11:35;486
14/08/2025 11:40;422
14/08/2025 11:45;334
14/08/2025 11:50;358
14/08/2025 11:55;584
14/08/2025 12:00;703
14/08/2025 12:05;441
14/08/2025 12:10;714
14/08/2025 12:15;414
14/08/2025 12:20;319
14/08/2025 12:25;330
14/08/2025 12:30;324
14/08/2025 12:35;225
14/08/2025 12:40;319
14/08/2025 12:45;427
14/08/2025 12:50;771
14/08/2025 12:55;339
14/08/2025 13:00;772
14/08/2025 13:05;417
14/08/2025 13:10;488
14/08/2025 13:15;326
14/08/2025 13:20;729
14/08/2025 13:25;641
14/08/2025 13:30;780
14/08/2025 13:35;611
14/08/2025 13:40;671
14/08/2025 13:45;473
14/08/2025 13:50;548
14/08/2025 13:55;434
14/08/2025 14:00;747
14/08/2025 14:05;780
14/08/2025 14:10;780
14/08/2025 14:15;575
14/08/2025 14:20;541
14/08/2025 14:25;467
14/08/2025 14:30;343
14/08/2025 14:35;316
14/08/2025 14:40;457
14/08/2025 14:45;366
14/08/2025 14:50;333
14/08/2025 14:55;344
14/08/2025 15:00;385
14/08/2025 15:05;365
14/08/2025 15:10;325
14/08/2025 15:15;302
14/08/2025 15:20;274
14/08/2025 15:25;284
14/08/2025 15:30;251
14/08/2025 15:35;321
14/08/2025 15:40;448
14/08/2025 15:45;342
14/08/2025 15:50;225
14/08/2025 15:55;219
14/08/2025 16:00;231
14/08/2025 16:05;223
14/08/2025 16:10;232
14/08/2025 16:15;206
14/08/2025 16:20;187
14/08/2025 16:25;188
14/08/2025 16:30;173
14/08/2025 16:35;159
14/08/2025 16:40;156
14/08/2025 16:45;141
14/08/2025 16:50;132
14/08/2025 16:55;130
14/08/2025 17:00;99
14/08/2025 17:05;102
14/08/2025 17:10;102
14/08/2025 17:15;92
14/08/2025 17:20;86
14/08/2025 17:25;97
14/08/2025 17:30;94
14/08/2025 17:35;91
14/08/2025 17:40;84
14/08/2025 17:45;79
14/08/2025 17:50;74
14/08/2025 17:55;80
14/08/2025 18:00;65
14/08/2025 18:05;67
14/08/2025 18:10;77
14/08/2025 18:15;73
14/08/2025 18:20;58
14/08/2025 18:25;70
14/08/2025 18:30;77
14/08/2025 18:35;80
14/08/2025 18:40;78
14/08/2025 18:45;47
14/08/2025 18:50;40
14/08/2025 18:55;46
14/08/2025 19:00;60
14/08/2025 19:05;46
14/08/2025 19:10;39
14/08/2025 19:15;39
14/08/2025 19:20;39
14/08/2025 19:25;39
14/08/2025 19:30;39
14/08/2025 19:35;39
14/08/2025 19:40;39
14/08/2025 19:45;39
14/08/2025 19:50;39
14/08/2025 19:55;39
14/08/2025 20:00;39
14/08/2025 20:05;39
14/08/2025 20:10;39
14/08/2025 20:15;39
14/08/2025 20:20;39
14/08/2025 20:25;39
14/08/2025 20:30;39
14/08/2025 20:35;39
14/08/2025 20:40;39
14/08/2025 20:45;39
14/08/2025 20:50;0
15/08/2025 7:27;0
15/08/2025 7:28;0
15/08/2025 7:28;0
15/08/2025 7:29;0
15/08/2025 7:29;0
15/08/2025 7:30;0
15/08/2025 7:35;0
15/08/2025 7:40;0
15/08/2025 7:45;39
15/08/2025 7:50;39
15/08/2025 7:55;39
15/08/2025 8:00;39
15/08/2025 8:05;39
15/08/2025 8:10;39
15/08/2025 8:15;39
15/08/2025 8:20;43
15/08/2025 8:25;45
15/08/2025 8:30;49
15/08/2025 8:35;39
15/08/2025 8:40;39
15/08/2025 8:45;57
15/08/2025 8:50;67
15/08/2025 8:55;77
15/08/2025 9:00;85
15/08/2025 9:05;90
15/08/2025 9:10;105
15/08/2025 9:15;220
15/08/2025 9:20;258
15/08/2025 9:25;282
15/08/2025 9:30;304
15/08/2025 9:35;317
15/08/2025 9:40;306
15/08/2025 9:45;318
15/08/2025 9:50;217
15/08/2025 9:55;330
15/08/2025 10:00;320
15/08/2025 10:05;185
15/08/2025 10:10;359
15/08/2025 10:15;404
15/08/2025 10:20;420
15/08/2025 10:25;419
15/08/2025 10:30;441
15/08/2025 10:35;437
15/08/2025 10:40;440
15/08/2025 10:45;421
15/08/2025 10:50;452
15/08/2025 10:55;481
15/08/2025 11:00;489
15/08/2025 11:05;504
15/08/2025 11:10;512
15/08/2025 11:15;527
15/08/2025 11:20;537
15/08/2025 11:25;563
15/08/2025 11:30;578
15/08/2025 11:35;600
15/08/2025 11:40;622
15/08/2025 11:45;533
15/08/2025 11:50;491
15/08/2025 11:55;464
15/08/2025 12:00;340
15/08/2025 12:05;606
15/08/2025 12:10;705
15/08/2025 12:15;462
15/08/2025 12:20;274
15/08/2025 12:25;235
15/08/2025 12:30;452
15/08/2025 12:35;700
15/08/2025 12:40;667
15/08/2025 12:45;576
15/08/2025 12:50;446
15/08/2025 12:55;280
15/08/2025 13:00;0
15/08/2025 13:05;412
15/08/2025 13:10;671
15/08/2025 13:15;350
15/08/2025 13:20;735
15/08/2025 13:25;682
15/08/2025 13:30;52
15/08/2025 13:35;414
15/08/2025 13:40;0
15/08/2025 13:45;677
15/08/2025 13:50;640
15/08/2025 13:55;454
15/08/2025 14:00;108
15/08/2025 14:05;413
15/08/2025 14:10;171
15/08/2025 14:15;219
15/08/2025 14:20;213
15/08/2025 14:25;236
15/08/2025 14:30;214
15/08/2025 14:35;193
15/08/2025 14:40;223
15/08/2025 14:45;285
15/08/2025 14:50;0
15/08/2025 14:55;293
15/08/2025 15:00;297
15/08/2025 15:05;676
15/08/2025 15:10;637
15/08/2025 15:15;606
15/08/2025 15:20;555
15/08/2025 15:25;521
15/08/2025 15:30;442
15/08/2025 15:35;555
15/08/2025 15:40;588
15/08/2025 15:45;559
15/08/2025 15:50;517
15/08/2025 15:55;554
15/08/2025 16:00;459
15/08/2025 16:05;486
15/08/2025 16:10;517
15/08/2025 16:15;501
15/08/2025 16:20;500
15/08/2025 16:25;491
15/08/2025 16:30;481
15/08/2025 16:35;469
15/08/2025 16:40;456
15/08/2025 16:45;442
15/08/2025 16:50;428
15/08/2025 16:55;423
15/08/2025 17:00;413
15/08/2025 17:05;403
15/08/2025 17:10;387
15/08/2025 17:15;374
15/08/2025 17:20;367
15/08/2025 17:25;351
15/08/2025 17:30;339
15/08/2025 17:35;328
15/08/2025 17:40;313
15/08/2025 17:45;0
15/08/2025 17:50;283
15/08/2025 17:55;266
15/08/2025 18:00;255
15/08/2025 18:05;244
15/08/2025 18:10;233
15/08/2025 18:15;220
15/08/2025 18:20;206
15/08/2025 18:25;0
15/08/2025 18:30;0
15/08/2025 18:35;135
15/08/2025 18:40;126
15/08/2025 18:45;119
15/08/2025 18:50;109
15/08/2025 18:55;101
15/08/2025 19:00;97
15/08/2025 19:05;93
15/08/2025 19:10;85
15/08/2025 19:15;77
15/08/2025 19:20;72
15/08/2025 19:25;66
15/08/2025 19:30;58
15/08/2025 19:35;52
15/08/2025 19:40;46
15/08/2025 19:45;43
15/08/2025 19:50;39
15/08/2025 19:55;39
15/08/2025 20:00;39
15/08/2025 20:05;39
15/08/2025 20:10;39
15/08/2025 20:15;39
15/08/2025 20:20;39
15/08/2025 20:25;39
15/08/2025 20:30;39
15/08/2025 20:35;39
15/08/2025 20:40;39
15/08/2025 20:45;39
15/08/2025 20:50;39
15/08/2025 20:55;39
15/08/2025 21:00;39
15/08/2025 21:05;39
16/08/2025 7:44;0
16/08/2025 7:45;0
16/08/2025 7:45;0
16/08/2025 7:46;0
16/08/2025 7:46;0
16/08/2025 7:50;0
16/08/2025 7:55;0
16/08/2025 8:00;0
16/08/2025 8:05;39
16/08/2025 8:10;39
16/08/2025 8:15;39
16/08/2025 8:20;39
16/08/2025 8:25;39
16/08/2025 8:30;39
16/08/2025 8:35;39
16/08/2025 8:40;39
16/08/2025 8:45;39
16/08/2025 8:50;39
16/08/2025 8:55;39
16/08/2025 9:00;58
16/08/2025 9:05;40
16/08/2025 9:10;53
16/08/2025 9:15;43
16/08/2025 9:20;41
16/08/2025 9:25;39
16/08/2025 9:30;39
16/08/2025 9:35;39
16/08/2025 9:40;39
16/08/2025 9:45;39
16/08/2025 9:50;39
16/08/2025 9:55;44
16/08/2025 10:00;39
16/08/2025 10:05;40
16/08/2025 10:10;101
16/08/2025 10:15;112
16/08/2025 10:20;107
16/08/2025 10:25;116
16/08/2025 10:30;126
16/08/2025 10:35;125
16/08/2025 10:40;139
16/08/2025 10:45;155
16/08/2025 10:50;160
16/08/2025 10:55;128
16/08/2025 11:00;161
16/08/2025 11:05;144
16/08/2025 11:10;156
16/08/2025 11:15;207
16/08/2025 11:20;183
16/08/2025 11:25;150
16/08/2025 11:30;181
16/08/2025 11:35;189
16/08/2025 11:40;196
16/08/2025 11:45;164
16/08/2025 11:50;178
16/08/2025 11:55;198
16/08/2025 12:00;238
16/08/2025 12:05;219
16/08/2025 12:10;232
16/08/2025 12:15;212
16/08/2025 12:20;228
16/08/2025 12:25;199
16/08/2025 12:30;218
16/08/2025 12:35;183
16/08/2025 12:40;209
16/08/2025 12:45;252
16/08/2025 12:50;337
16/08/2025 12:55;397
16/08/2025 13:00;286
16/08/2025 13:05;273
16/08/2025 13:10;261
16/08/2025 13:15;294
16/08/2025 13:20;274
16/08/2025 13:25;249
16/08/2025 13:30;238
16/08/2025 13:35;246
16/08/2025 13:40;253
16/08/2025 13:45;274
16/08/2025 13:50;275
16/08/2025 13:55;247
16/08/2025 14:00;269
16/08/2025 14:05;311
16/08/2025 14:10;517
16/08/2025 14:15;363
16/08/2025 14:20;376
16/08/2025 14:25;289
16/08/2025 14:30;326
16/08/2025 14:35;295
16/08/2025 14:40;267
16/08/2025 14:45;276
16/08/2025 14:50;237
16/08/2025 14:55;241
16/08/2025 15:00;222
16/08/2025 15:05;212
16/08/2025 15:10;211
16/08/2025 15:15;208
16/08/2025 15:20;221
16/08/2025 15:25;217
16/08/2025 15:30;255
16/08/2025 15:35;260
16/08/2025 15:40;227
16/08/2025 15:45;277
16/08/2025 15:50;381
16/08/2025 15:55;291
16/08/2025 16:00;302
16/08/2025 16:05;320
16/08/2025 16:10;301
16/08/2025 16:15;271
16/08/2025 16:20;189
16/08/2025 16:25;233
16/08/2025 16:30;363
16/08/2025 16:35;296
16/08/2025 16:40;436
16/08/2025 16:45;273
16/08/2025 16:50;256
16/08/2025 16:55;276
16/08/2025 17:00;209
16/08/2025 17:05;154
16/08/2025 17:10;137
16/08/2025 17:15;110
16/08/2025 17:20;87
16/08/2025 17:25;84
16/08/2025 17:30;72
16/08/2025 17:35;77
16/08/2025 17:40;83
16/08/2025 17:45;84
16/08/2025 17:50;74
16/08/2025 17:55;66
16/08/2025 18:00;55
16/08/2025 18:05;50
16/08/2025 18:10;39
16/08/2025 18:15;39
16/08/2025 18:20;39
16/08/2025 18:25;39
16/08/2025 18:30;39
16/08/2025 18:35;39
16/08/2025 18:40;39
16/08/2025 18:45;39
16/08/2025 18:50;39
16/08/2025 18:55;39
16/08/2025 19:00;39
16/08/2025 19:05;39
16/08/2025 19:10;39
16/08/2025 19:15;39
16/08/2025 19:20;39
16/08/2025 19:25;39
16/08/2025 19:30;39
16/08/2025 19:35;39
16/08/2025 19:40;39
16/08/2025 19:45;39
16/08/2025 19:50;39
16/08/2025 19:55;39
16/08/2025 20:00;0
16/08/2025 20:07;0
16/08/2025 20:08;0
16/08/2025 20:08;0
16/08/2025 20:09;0
16/08/2025 20:09;0
16/08/2025 20:10;0
17/08/2025 8:01;0
17/08/2025 8:02;0
17/08/2025 8:02;0
17/08/2025 8:03;0
17/08/2025 8:03;0
17/08/2025 8:05;0
17/08/2025 8:10;0
17/08/2025 8:15;0
17/08/2025 8:20;0
17/08/2025 8:25;0
17/08/2025 8:30;0
17/08/2025 8:35;0
17/08/2025 8:40;0
17/08/2025 8:45;39
17/08/2025 8:50;39
17/08/2025 8:55;39
17/08/2025 9:00;39
17/08/2025 9:05;39
17/08/2025 9:10;39
17/08/2025 9:15;39
17/08/2025 9:20;39
17/08/2025 9:25;39
17/08/2025 9:30;39
17/08/2025 9:35;39
17/08/2025 9:40;39
17/08/2025 9:45;59
17/08/2025 9:50;69
17/08/2025 9:55;80
17/08/2025 10:00;76
17/08/2025 10:05;73
17/08/2025 10:10;220
17/08/2025 10:15;126
17/08/2025 10:20;77
17/08/2025 10:25;88
17/08/2025 10:30;79
17/08/2025 10:35;76
17/08/2025 10:40;50
17/08/2025 10:45;39
17/08/2025 10:50;83
17/08/2025 10:55;89
17/08/2025 11:00;249
17/08/2025 11:05;207
17/08/2025 11:10;523
17/08/2025 11:15;476
17/08/2025 11:20;175
17/08/2025 11:25;211
17/08/2025 11:30;555
17/08/2025 11:35;639
17/08/2025 11:40;627
17/08/2025 11:45;301
17/08/2025 11:50;630
17/08/2025 11:55;482
17/08/2025 12:00;412
17/08/2025 12:05;491
17/08/2025 12:10;624
17/08/2025 12:15;626
17/08/2025 12:20;521
17/08/2025 12:25;636
17/08/2025 12:30;551
17/08/2025 12:35;602
17/08/2025 12:40;304
17/08/2025 12:45;0
17/08/2025 12:50;190
17/08/2025 12:55;0
17/08/2025 13:00;425
17/08/2025 13:05;363
17/08/2025 13:10;536
17/08/2025 13:15;351
17/08/2025 13:20;321
17/08/2025 13:25;250
17/08/2025 13:30;267
17/08/2025 13:35;237
17/08/2025 13:40;124
17/08/2025 13:45;62
17/08/2025 13:50;51
17/08/2025 13:55;64
17/08/2025 14:00;53
17/08/2025 14:05;54
17/08/2025 14:10;42
17/08/2025 14:15;39
17/08/2025 14:20;39
17/08/2025 14:25;39
17/08/2025 14:30;39
17/08/2025 14:35;62
17/08/2025 14:40;81
17/08/2025 14:45;44
17/08/2025 14:50;41
17/08/2025 14:55;56
17/08/2025 15:00;65
17/08/2025 15:05;79
17/08/2025 15:10;85
17/08/2025 15:15;87
17/08/2025 15:20;151
17/08/2025 15:25;0
17/08/2025 15:30;155
17/08/2025 15:35;165
17/08/2025 15:40;0
17/08/2025 15:45;217
17/08/2025 15:50;188
17/08/2025 15:55;146
17/08/2025 16:00;140
17/08/2025 16:05;127
17/08/2025 16:10;175
17/08/2025 16:15;170
17/08/2025 16:20;145
17/08/2025 16:25;105
17/08/2025 16:30;73
17/08/2025 16:35;87
17/08/2025 16:40;80
17/08/2025 16:45;90
17/08/2025 16:50;86
17/08/2025 16:55;83
17/08/2025 17:00;80
17/08/2025 17:05;62
17/08/2025 17:10;81
17/08/2025 17:15;65
17/08/2025 17:20;53
17/08/2025 17:25;66
17/08/2025 17:30;82
17/08/2025 17:35;107
17/08/2025 17:40;107
17/08/2025 17:45;183
17/08/2025 17:50;111
17/08/2025 17:55;74
17/08/2025 18:00;61
17/08/2025 18:05;51
17/08/2025 18:10;39
17/08/2025 18:15;39
17/08/2025 18:20;39
17/08/2025 18:25;42
17/08/2025 18:30;39
17/08/2025 18:35;39
17/08/2025 18:40;39
17/08/2025 18:45;39
17/08/2025 18:50;39
17/08/2025 18:55;39
17/08/2025 19:00;39
17/08/2025 19:05;39
17/08/2025 19:10;39
17/08/2025 19:15;39
17/08/2025 19:20;39
17/08/2025 19:25;39
17/08/2025 19:30;39
17/08/2025 19:35;39
17/08/2025 19:40;39
17/08/2025 19:45;39
17/08/2025 19:50;39
17/08/2025 19:54;0
17/08/2025 19:55;0
17/08/2025 19:55;0
18/08/2025 8:37;0
18/08/2025 8:38;0
18/08/2025 8:38;0
18/08/2025 8:39;0
18/08/2025 8:39;0
18/08/2025 8:40;0
18/08/2025 8:47;0
18/08/2025 8:48;0
18/08/2025 8:48;0
18/08/2025 8:49;0
18/08/2025 8:49;0
18/08/2025 8:50;0
18/08/2025 8:55;0
18/08/2025 9:00;0
18/08/2025 9:05;0
18/08/2025 9:10;39
18/08/2025 9:15;39
18/08/2025 9:20;0
18/08/2025 9:20;0
18/08/2025 9:21;0
18/08/2025 9:21;0
18/08/2025 9:22;0
18/08/2025 9:25;0
18/08/2025 9:30;0
18/08/2025 9:35;0
18/08/2025 9:40;39
18/08/2025 9:45;39
18/08/2025 9:50;39
18/08/2025 9:55;39
18/08/2025 10:00;39
18/08/2025 10:05;39
18/08/2025 10:10;39
18/08/2025 10:15;39
18/08/2025 10:20;39
18/08/2025 10:25;39
18/08/2025 10:30;39
18/08/2025 10:35;39
18/08/2025 10:40;39
18/08/2025 10:45;39
18/08/2025 10:50;39
18/08/2025 10:55;39
18/08/2025 11:00;39
18/08/2025 11:05;39
18/08/2025 11:10;39
18/08/2025 11:15;39
18/08/2025 11:20;41
18/08/2025 11:25;46
18/08/2025 11:30;58
18/08/2025 11:35;67
18/08/2025 11:40;68
18/08/2025 11:45;91
18/08/2025 11:50;85
18/08/2025 11:55;55
18/08/2025 12:00;53
18/08/2025 12:05;59
18/08/2025 12:10;91
18/08/2025 12:15;91
18/08/2025 12:20;101
18/08/2025 12:25;101
18/08/2025 12:30;129
18/08/2025 12:35;142
18/08/2025 12:40;115
18/08/2025 12:45;80
18/08/2025 12:50;87
18/08/2025 12:55;57
18/08/2025 13:00;39
18/08/2025 13:05;66
18/08/2025 13:10;73
18/08/2025 13:15;87
18/08/2025 13:20;80
18/08/2025 13:25;108
18/08/2025 13:30;87
18/08/2025 13:35;85
18/08/2025 13:40;97
18/08/2025 13:45;79
18/08/2025 13:50;86
18/08/2025 13:55;99
18/08/2025 14:00;116
18/08/2025 14:05;124
18/08/2025 14:10;137
18/08/2025 14:15;95
18/08/2025 14:20;65
18/08/2025 14:25;63
18/08/2025 14:30;49
18/08/2025 14:35;44
18/08/2025 14:40;55
18/08/2025 14:45;62
18/08/2025 14:50;58
18/08/2025 14:55;70
18/08/2025 15:00;72
18/08/2025 15:05;72
18/08/2025 15:10;87
18/08/2025 15:15;84
18/08/2025 15:20;92
18/08/2025 15:25;108
18/08/2025 15:30;85
18/08/2025 15:35;126
18/08/2025 15:40;188
18/08/2025 15:45;66
18/08/2025 15:50;46
18/08/2025 15:55;39
18/08/2025 16:00;80
18/08/2025 16:05;60
18/08/2025 16:10;39
18/08/2025 16:15;39
18/08/2025 16:20;39
18/08/2025 16:25;39
18/08/2025 16:30;39
18/08/2025 16:35;39
18/08/2025 16:40;39
18/08/2025 16:45;39
18/08/2025 16:50;39
18/08/2025 16:55;39
18/08/2025 17:00;39
18/08/2025 17:05;47
18/08/2025 17:10;52
18/08/2025 17:15;54
18/08/2025 17:20;39
18/08/2025 17:25;39
18/08/2025 17:30;39
18/08/2025 17:35;39
18/08/2025 17:40;39
18/08/2025 17:45;39
18/08/2025 17:50;39
18/08/2025 17:55;39
18/08/2025 18:00;39
18/08/2025 18:05;39
18/08/2025 18:10;41
18/08/2025 18:15;61
18/08/2025 18:20;75
18/08/2025 18:25;39
18/08/2025 18:30;39
18/08/2025 18:35;39
18/08/2025 18:40;39
18/08/2025 18:45;51
18/08/2025 18:50;50
18/08/2025 18:55;47
18/08/2025 19:00;90
18/08/2025 19:05;84
18/08/2025 19:10;51
18/08/2025 19:15;44
18/08/2025 19:20;40
18/08/2025 19:25;45
18/08/2025 19:30;45
18/08/2025 19:35;40
18/08/2025 19:40;42
18/08/2025 19:45;53
18/08/2025 19:50;60
18/08/2025 19:55;58
18/08/2025 20:00;46
18/08/2025 20:05;39
18/08/2025 20:10;39
18/08/2025 20:15;39
18/08/2025 20:20;39
18/08/2025 20:25;39
18/08/2025 20:30;39
18/08/2025 20:35;39
18/08/2025 20:40;39
18/08/2025 20:45;39
18/08/2025 20:50;39
18/08/2025 20:55;39
18/08/2025 21:00;0
18/08/2025 21:05;0
19/08/2025 8:34;0
19/08/2025 8:35;0
19/08/2025 8:35;0
19/08/2025 8:36;0
19/08/2025 8:36;0
19/08/2025 8:40;0
19/08/2025 8:45;0
19/08/2025 8:50;0
19/08/2025 8:55;0
19/08/2025 9:00;39
19/08/2025 9:05;39
19/08/2025 9:10;39
19/08/2025 9:15;39
19/08/2025 9:20;39
19/08/2025 9:25;39
19/08/2025 9:30;39
19/08/2025 9:35;39
19/08/2025 9:40;39
19/08/2025 9:45;39
19/08/2025 9:50;39
19/08/2025 9:55;39
19/08/2025 10:00;39
19/08/2025 10:05;39
19/08/2025 10:10;39
19/08/2025 10:15;39
19/08/2025 10:20;39
19/08/2025 10:25;39
19/08/2025 10:30;39
19/08/2025 10:35;39
19/08/2025 10:40;39
19/08/2025 10:45;39
19/08/2025 10:50;39
19/08/2025 10:55;39
19/08/2025 11:00;39
19/08/2025 11:05;39
19/08/2025 11:10;39
19/08/2025 11:15;39
19/08/2025 11:20;39
19/08/2025 11:25;39
19/08/2025 11:30;39
19/08/2025 11:35;39
19/08/2025 11:40;39
19/08/2025 11:45;39
19/08/2025 11:50;39
19/08/2025 11:55;39
19/08/2025 12:00;41
19/08/2025 12:05;39
19/08/2025 12:10;39
19/08/2025 12:15;46
19/08/2025 12:20;42
19/08/2025 12:25;57
19/08/2025 12:30;68
19/08/2025 12:35;87
19/08/2025 12:40;82
19/08/2025 12:45;54
19/08/2025 12:50;39
19/08/2025 12:55;39
19/08/2025 13:00;39
19/08/2025 13:05;51
19/08/2025 13:10;43
19/08/2025 13:15;57
19/08/2025 13:20;39
19/08/2025 13:25;39
19/08/2025 13:30;39
19/08/2025 13:35;39
19/08/2025 13:40;39
19/08/2025 13:45;56
19/08/2025 13:50;73
19/08/2025 13:55;71
19/08/2025 14:00;81
19/08/2025 14:05;75
19/08/2025 14:10;82
19/08/2025 14:15;93
19/08/2025 14:20;109
19/08/2025 14:25;109
19/08/2025 14:30;119
19/08/2025 14:35;130
19/08/2025 14:40;112
19/08/2025 14:45;82
19/08/2025 14:50;120
19/08/2025 14:55;129
19/08/2025 15:00;144
19/08/2025 15:05;145
19/08/2025 15:10;164
19/08/2025 15:15;123
19/08/2025 15:20;131
19/08/2025 15:25;123
19/08/2025 15:30;130
19/08/2025 15:35;157
19/08/2025 15:40;157
19/08/2025 15:45;163
19/08/2025 15:50;149
19/08/2025 15:55;174
19/08/2025 16:00;250
19/08/2025 16:05;312
19/08/2025 16:10;395
19/08/2025 16:15;385
19/08/2025 16:20;349
19/08/2025 16:25;279
19/08/2025 16:30;256
19/08/2025 16:35;241
19/08/2025 16:40;247
19/08/2025 16:45;281
19/08/2025 16:50;344
19/08/2025 16:55;449
19/08/2025 17:00;228
19/08/2025 17:05;142
19/08/2025 17:10;234
19/08/2025 17:15;224
19/08/2025 17:20;476
19/08/2025 17:25;155
19/08/2025 17:30;155
19/08/2025 17:35;97
19/08/2025 17:40;157
19/08/2025 17:45;131
19/08/2025 17:50;128
19/08/2025 17:55;137
19/08/2025 18:00;196
19/08/2025 18:05;222
19/08/2025 18:10;213
19/08/2025 18:15;226
19/08/2025 18:20;123
19/08/2025 18:25;103
19/08/2025 18:30;110
19/08/2025 18:35;134
19/08/2025 18:40;116
19/08/2025 18:45;95
19/08/2025 18:50;74
19/08/2025 18:55;66
19/08/2025 19:00;76
19/08/2025 19:05;82
19/08/2025 19:10;71
19/08/2025 19:15;39
19/08/2025 19:20;39
19/08/2025 19:25;64
19/08/2025 19:30;101
19/08/2025 19:35;68
19/08/2025 19:40;48
19/08/2025 19:45;42
19/08/2025 19:50;39
19/08/2025 19:55;39
19/08/2025 20:00;39
19/08/2025 20:05;39
19/08/2025 20:10;39
19/08/2025 20:15;39
19/08/2025 20:20;39
19/08/2025 20:25;39
19/08/2025 20:30;39
19/08/2025 20:35;39
19/08/2025 20:40;39
19/08/2025 20:45;0
20/08/2025 7:42;0
20/08/2025 7:43;0
20/08/2025 7:43;0
20/08/2025 7:44;0
20/08/2025 7:44;0
20/08/2025 7:45;0
20/08/2025 7:50;0
20/08/2025 7:55;0
20/08/2025 8:00;39
20/08/2025 8:05;39
20/08/2025 8:10;65
20/08/2025 8:15;68
20/08/2025 8:20;102
20/08/2025 8:25;59
20/08/2025 8:30;70
20/08/2025 8:35;42
20/08/2025 8:40;48
20/08/2025 8:45;67
20/08/2025 8:50;247
20/08/2025 8:55;268
20/08/2025 9:00;179
20/08/2025 9:05;180
20/08/2025 9:10;56
20/08/2025 9:15;39
20/08/2025 9:20;43
20/08/2025 9:25;130
20/08/2025 9:30;72
20/08/2025 9:35;246
20/08/2025 9:40;447
20/08/2025 9:45;89
20/08/2025 9:50;59
20/08/2025 9:55;47
20/08/2025 10:00;79
20/08/2025 10:05;121
20/08/2025 10:10;148
20/08/2025 10:15;83
20/08/2025 10:20;118
20/08/2025 10:25;394
20/08/2025 10:30;388
20/08/2025 10:35;530
20/08/2025 10:40;260
20/08/2025 10:45;164
20/08/2025 10:50;106
20/08/2025 10:55;142
20/08/2025 11:00;130
20/08/2025 11:05;105
20/08/2025 11:10;284
20/08/2025 11:15;179
20/08/2025 11:20;113
20/08/2025 11:25;133
20/08/2025 11:30;163
20/08/2025 11:35;147
20/08/2025 11:40;228
20/08/2025 11:45;180
20/08/2025 11:50;266
20/08/2025 11:55;267
20/08/2025 12:00;717
20/08/2025 12:05;301
20/08/2025 12:10;105
20/08/2025 12:15;227
20/08/2025 12:20;391
20/08/2025 12:25;231
20/08/2025 12:30;254
20/08/2025 12:35;245
20/08/2025 12:40;69
20/08/2025 12:45;142
20/08/2025 12:50;294
20/08/2025 12:55;361
20/08/2025 13:00;707
20/08/2025 13:05;259
20/08/2025 13:10;368
20/08/2025 13:15;704
20/08/2025 13:20;204
20/08/2025 13:25;101
20/08/2025 13:30;139
20/08/2025 13:35;128
20/08/2025 13:40;171
20/08/2025 13:45;222
20/08/2025 13:50;466
20/08/2025 13:55;206
20/08/2025 14:00;119
20/08/2025 14:05;182
20/08/2025 14:10;220
20/08/2025 14:15;257
20/08/2025 14:20;263
20/08/2025 14:25;243
20/08/2025 14:30;156
20/08/2025 14:35;295
20/08/2025 14:40;342
20/08/2025 14:45;295
20/08/2025 14:50;492
20/08/2025 14:55;490
20/08/2025 15:00;301
20/08/2025 15:05;261
20/08/2025 15:10;238
20/08/2025 15:15;217
20/08/2025 15:20;246
20/08/2025 15:25;341
20/08/2025 15:30;363
20/08/2025 15:35;656
20/08/2025 15:40;684
20/08/2025 15:45;706
20/08/2025 15:50;715
20/08/2025 15:55;780
20/08/2025 16:00;306
20/08/2025 16:05;235
20/08/2025 16:10;220
20/08/2025 16:15;271
20/08/2025 16:20;347
20/08/2025 16:25;398
20/08/2025 16:30;330
20/08/2025 16:35;393
20/08/2025 16:40;732
20/08/2025 16:45;647
20/08/2025 16:50;543
20/08/2025 16:55;498
20/08/2025 17:00;473
20/08/2025 17:05;458
20/08/2025 17:10;446
20/08/2025 17:15;428
20/08/2025 17:20;413
20/08/2025 17:25;398
20/08/2025 17:30;383
20/08/2025 17:35;365
20/08/2025 17:40;351
20/08/2025 17:45;110
20/08/2025 17:50;105
20/08/2025 17:55;355
20/08/2025 18:00;317
20/08/2025 18:05;140
20/08/2025 18:10;132
20/08/2025 18:15;103
20/08/2025 18:20;82
20/08/2025 18:25;227
20/08/2025 18:30;190
20/08/2025 18:35;71
20/08/2025 18:40;81
20/08/2025 18:45;173
20/08/2025 18:50;192
20/08/2025 18:55;124
20/08/2025 19:00;85
20/08/2025 19:05;62
20/08/2025 19:10;53
20/08/2025 19:15;47
20/08/2025 19:20;41
20/08/2025 19:25;39
20/08/2025 19:30;39
20/08/2025 19:35;39
20/08/2025 19:40;39
20/08/2025 19:45;39
20/08/2025 19:50;39
20/08/2025 19:55;39
20/08/2025 20:00;39
20/08/2025 20:05;39
20/08/2025 20:10;39
20/08/2025 20:15;39
20/08/2025 20:20;39
20/08/2025 20:25;39
20/08/2025 20:30;39
20/08/2025 20:35;39
20/08/2025 20:40;39
20/08/2025 20:45;39
20/08/2025 20:50;39
20/08/2025 20:55;39
20/08/2025 21:00;39
21/08/2025 8:27;0
21/08/2025 8:27;0
21/08/2025 8:28;0
21/08/2025 8:28;0
21/08/2025 8:29;0
21/08/2025 8:30;0
21/08/2025 8:35;0
21/08/2025 8:40;0
21/08/2025 8:45;56
21/08/2025 8:50;168
21/08/2025 8:55;116
21/08/2025 9:00;73
21/08/2025 9:05;54
21/08/2025 9:10;39
21/08/2025 9:15;45
21/08/2025 9:20;107
21/08/2025 9:25;89
21/08/2025 9:30;54
21/08/2025 9:35;99
21/08/2025 9:40;104
21/08/2025 9:45;83
21/08/2025 9:50;53
21/08/2025 9:55;57
21/08/2025 10:00;85
21/08/2025 10:05;111
21/08/2025 10:10;134
21/08/2025 10:15;124
21/08/2025 10:20;60
21/08/2025 10:25;61
21/08/2025 10:30;103
21/08/2025 10:35;135
21/08/2025 10:40;617
21/08/2025 10:45;634
21/08/2025 10:50;653
21/08/2025 10:55;420
21/08/2025 11:00;673
21/08/2025 11:05;322
21/08/2025 11:10;181
21/08/2025 11:15;133
21/08/2025 11:20;377
21/08/2025 11:25;626
21/08/2025 11:30;437
21/08/2025 11:35;0
21/08/2025 11:40;200
21/08/2025 11:45;198
21/08/2025 11:50;130
21/08/2025 11:55;57
21/08/2025 12:00;39
21/08/2025 12:04;39
21/08/2025 12:05;39
21/08/2025 12:05;39
21/08/2025 12:10;60
21/08/2025 12:15;83
21/08/2025 12:20;101
21/08/2025 12:25;78
21/08/2025 12:30;101
21/08/2025 12:35;89
21/08/2025 12:40;85
21/08/2025 12:45;83
21/08/2025 12:50;108
21/08/2025 12:55;102
21/08/2025 13:00;82
21/08/2025 13:05;73
21/08/2025 13:10;47
21/08/2025 13:15;48
21/08/2025 13:20;88
21/08/2025 13:25;162
21/08/2025 13:30;195
21/08/2025 13:35;307
21/08/2025 13:40;323
21/08/2025 13:45;393
21/08/2025 13:50;319
21/08/2025 13:55;458
21/08/2025 14:00;218
21/08/2025 14:05;250
21/08/2025 14:10;242
21/08/2025 14:15;779
21/08/2025 14:20;775
21/08/2025 14:25;772
21/08/2025 14:30;780
21/08/2025 14:35;773
21/08/2025 14:40;723
21/08/2025 14:45;718
21/08/2025 14:50;697
21/08/2025 14:55;699
21/08/2025 15:00;696
21/08/2025 15:05;749
21/08/2025 15:10;705
21/08/2025 15:15;686
21/08/2025 15:20;646
21/08/2025 15:25;717
21/08/2025 15:30;717
21/08/2025 15:35;295
21/08/2025 15:40;425
21/08/2025 15:45;710
21/08/2025 15:50;234
21/08/2025 15:55;706
21/08/2025 16:00;508
21/08/2025 16:05;609
21/08/2025 16:10;599
21/08/2025 16:15;334
21/08/2025 16:20;226
21/08/2025 16:25;534
21/08/2025 16:30;285
21/08/2025 16:35;307
21/08/2025 16:40;0
21/08/2025 16:45;134
21/08/2025 16:50;107
21/08/2025 16:55;87
21/08/2025 17:00;73
21/08/2025 17:05;152
21/08/2025 17:10;124
21/08/2025 17:15;138
21/08/2025 17:20;82
21/08/2025 17:25;80
21/08/2025 17:30;110
21/08/2025 17:35;162
21/08/2025 17:40;116
21/08/2025 17:45;102
21/08/2025 17:50;65
21/08/2025 17:55;72
21/08/2025 18:00;44
21/08/2025 18:05;40
21/08/2025 18:10;122
21/08/2025 18:15;151
21/08/2025 18:20;163
21/08/2025 18:25;143
21/08/2025 18:30;135
21/08/2025 18:35;137
21/08/2025 18:40;131
21/08/2025 18:45;96
21/08/2025 18:50;67
21/08/2025 18:55;65
21/08/2025 19:00;49
21/08/2025 19:05;48
21/08/2025 19:10;39
21/08/2025 19:15;44
21/08/2025 19:20;49
21/08/2025 19:25;59
21/08/2025 19:30;88
21/08/2025 19:35;100
21/08/2025 19:40;85
21/08/2025 19:45;74
21/08/2025 19:50;70
21/08/2025 19:55;60
21/08/2025 20:00;49
21/08/2025 20:05;45
21/08/2025 20:10;39
21/08/2025 20:15;39
21/08/2025 20:20;39
21/08/2025 20:25;39
21/08/2025 20:30;39
21/08/2025 20:35;39
21/08/2025 20:40;39
21/08/2025 20:45;39
21/08/2025 20:50;39
21/08/2025 20:55;39
22/08/2025 8:02;0
22/08/2025 8:02;0
22/08/2025 8:03;0
22/08/2025 8:03;0
22/08/2025 8:04;0
22/08/2025 8:05;0
22/08/2025 8:10;0
22/08/2025 8:15;0
22/08/2025 8:20;0
22/08/2025 8:25;0
22/08/2025 8:30;0
22/08/2025 8:35;0
22/08/2025 8:40;39
22/08/2025 8:45;39
22/08/2025 8:50;39
22/08/2025 8:55;43
22/08/2025 9:00;53
22/08/2025 9:05;63
22/08/2025 9:10;72
22/08/2025 9:15;81
22/08/2025 9:20;97
22/08/2025 9:25;111
22/08/2025 9:30;130
22/08/2025 9:35;161
22/08/2025 9:40;136
22/08/2025 9:45;119
22/08/2025 9:50;150
22/08/2025 9:55;389
22/08/2025 10:00;280
22/08/2025 10:05;0
22/08/2025 10:10;252
22/08/2025 10:15;330
22/08/2025 10:16;557
22/08/2025 10:17;507
22/08/2025 10:17;315
22/08/2025 10:20;209
22/08/2025 10:25;0
22/08/2025 10:30;96
22/08/2025 10:35;111
22/08/2025 10:40;120
22/08/2025 10:45;123
22/08/2025 10:50;145
22/08/2025 10:55;170
22/08/2025 11:00;270
22/08/2025 11:05;619
22/08/2025 11:10;727
22/08/2025 11:15;227
22/08/2025 11:20;679
22/08/2025 11:25;474
22/08/2025 11:30;759
22/08/2025 11:35;589
22/08/2025 11:40;745
22/08/2025 11:45;465
22/08/2025 11:50;195
22/08/2025 11:55;181
22/08/2025 12:00;220
22/08/2025 12:05;219
22/08/2025 12:10;204
22/08/2025 12:15;220
22/08/2025 12:20;224
22/08/2025 12:25;237
22/08/2025 12:30;223
22/08/2025 12:35;220
22/08/2025 12:40;217
22/08/2025 12:45;633
22/08/2025 12:50;779
22/08/2025 12:55;760
22/08/2025 13:00;740
22/08/2025 13:05;644
22/08/2025 13:10;769
22/08/2025 13:15;767
22/08/2025 13:20;761
22/08/2025 13:25;742
22/08/2025 13:30;737
22/08/2025 13:35;736
22/08/2025 13:40;487
22/08/2025 13:45;728
22/08/2025 13:50;747
22/08/2025 13:55;738
22/08/2025 14:00;721
22/08/2025 14:05;0
22/08/2025 14:10;751
22/08/2025 14:15;749
22/08/2025 14:20;735
22/08/2025 14:25;707
22/08/2025 14:30;710
22/08/2025 14:35;712
22/08/2025 14:40;697
22/08/2025 14:45;456
22/08/2025 14:50;455
22/08/2025 14:55;696
22/08/2025 15:00;694
22/08/2025 15:05;687
22/08/2025 15:10;672
22/08/2025 15:15;664
22/08/2025 15:20;656
22/08/2025 15:25;655
22/08/2025 15:30;653
22/08/2025 15:35;650
22/08/2025 15:40;638
22/08/2025 15:45;630
22/08/2025 15:50;626
22/08/2025 15:55;613
22/08/2025 16:00;607
22/08/2025 16:05;593
22/08/2025 16:10;577
22/08/2025 16:15;567
22/08/2025 16:20;558
22/08/2025 16:25;549
22/08/2025 16:30;538
22/08/2025 16:35;526
22/08/2025 16:40;510
22/08/2025 16:45;500
22/08/2025 16:50;488
22/08/2025 16:55;479
22/08/2025 17:00;463
22/08/2025 17:05;449
22/08/2025 17:10;435
22/08/2025 17:15;421
22/08/2025 17:20;409
22/08/2025 17:25;392
22/08/2025 17:30;378
22/08/2025 17:35;360
22/08/2025 17:40;346
22/08/2025 17:45;329
22/08/2025 17:50;312
22/08/2025 17:55;296
22/08/2025 18:00;277
22/08/2025 18:05;259
22/08/2025 18:10;242
22/08/2025 18:15;211
22/08/2025 18:20;155
22/08/2025 18:25;144
22/08/2025 18:30;130
22/08/2025 18:35;121
22/08/2025 18:40;108
22/08/2025 18:45;96
22/08/2025 18:50;88
22/08/2025 18:55;79
22/08/2025 19:00;61
22/08/2025 19:05;51
22/08/2025 19:10;46
22/08/2025 19:15;42
22/08/2025 19:20;39
22/08/2025 19:25;39
22/08/2025 19:30;39
22/08/2025 19:35;39
22/08/2025 19:40;39
22/08/2025 19:45;39
22/08/2025 19:50;39
22/08/2025 19:55;39
22/08/2025 20:00;39
22/08/2025 20:05;39
22/08/2025 20:10;39
22/08/2025 20:15;39
22/08/2025 20:20;39
22/08/2025 20:25;39
22/08/2025 20:30;39
22/08/2025 20:35;39
22/08/2025 20:40;39
22/08/2025 20:45;39
22/08/2025 20:50;39
22/08/2025 20:55;0
23/08/2025 7:36;0
23/08/2025 7:36;0
23/08/2025 7:37;0
23/08/2025 7:37;0
23/08/2025 7:38;0
23/08/2025 7:40;0
23/08/2025 7:45;0
23/08/2025 7:50;0
23/08/2025 7:55;0
23/08/2025 8:00;0
23/08/2025 8:05;39
23/08/2025 8:10;39
23/08/2025 8:15;44
23/08/2025 8:20;69
23/08/2025 8:25;81
23/08/2025 8:30;93
23/08/2025 8:35;103
23/08/2025 8:40;130
23/08/2025 8:45;184
23/08/2025 8:50;210
23/08/2025 8:55;230
23/08/2025 9:00;250
23/08/2025 9:05;270
23/08/2025 9:10;289
23/08/2025 9:15;308
23/08/2025 9:20;327
23/08/2025 9:25;342
23/08/2025 9:30;360
23/08/2025 9:35;374
23/08/2025 9:40;392
23/08/2025 9:45;408
23/08/2025 9:50;423
23/08/2025 9:55;439
23/08/2025 10:00;453
23/08/2025 10:05;471
23/08/2025 10:10;485
23/08/2025 10:15;495
23/08/2025 10:20;508
23/08/2025 10:25;522
23/08/2025 10:30;536
23/08/2025 10:35;545
23/08/2025 10:40;560
23/08/2025 10:45;569
23/08/2025 10:50;580
23/08/2025 10:55;590
23/08/2025 11:00;602
23/08/2025 11:05;608
23/08/2025 11:10;618
23/08/2025 11:15;626
23/08/2025 11:20;632
23/08/2025 11:25;645
23/08/2025 11:30;651
23/08/2025 11:35;660
23/08/2025 11:40;661
23/08/2025 11:45;668
23/08/2025 11:50;673
23/08/2025 11:55;682
23/08/2025 12:00;690
23/08/2025 12:05;694
23/08/2025 12:10;693
23/08/2025 12:15;697
23/08/2025 12:20;702
23/08/2025 12:25;706
23/08/2025 12:30;714
23/08/2025 12:35;641
23/08/2025 12:40;466
23/08/2025 12:45;469
23/08/2025 12:50;471
23/08/2025 12:55;473
23/08/2025 13:00;474
23/08/2025 13:05;477
23/08/2025 13:10;476
23/08/2025 13:15;477
23/08/2025 13:20;477
23/08/2025 13:25;477
23/08/2025 13:30;477
23/08/2025 13:35;478
23/08/2025 13:40;477
23/08/2025 13:45;477
23/08/2025 13:50;478
23/08/2025 13:55;476
23/08/2025 14:00;476
23/08/2025 14:05;474
23/08/2025 14:10;472
23/08/2025 14:15;470
23/08/2025 14:20;469
23/08/2025 14:25;466
23/08/2025 14:30;464
23/08/2025 14:35;460
23/08/2025 14:40;456
23/08/2025 14:45;453
23/08/2025 14:50;470
23/08/2025 14:55;540
23/08/2025 15:00;690
23/08/2025 15:05;683
23/08/2025 15:10;686
23/08/2025 15:15;682
23/08/2025 15:20;674
23/08/2025 15:25;666
23/08/2025 15:30;659
23/08/2025 15:35;645
23/08/2025 15:40;635
23/08/2025 15:45;630
23/08/2025 15:50;625
23/08/2025 15:55;612
23/08/2025 16:00;602
23/08/2025 16:05;597
23/08/2025 16:10;585
23/08/2025 16:15;577
23/08/2025 16:20;564
23/08/2025 16:25;551
23/08/2025 16:30;538
23/08/2025 16:35;528
23/08/2025 16:40;516
23/08/2025 16:45;505
23/08/2025 16:50;489
23/08/2025 16:55;478
23/08/2025 17:00;468
23/08/2025 17:05;446
23/08/2025 17:10;440
23/08/2025 17:15;428
23/08/2025 17:20;412
23/08/2025 17:25;395
23/08/2025 17:30;372
23/08/2025 17:35;349
23/08/2025 17:40;332
23/08/2025 17:45;321
23/08/2025 17:50;306
23/08/2025 17:55;288
23/08/2025 18:00;271
23/08/2025 18:05;257
23/08/2025 18:10;237
23/08/2025 18:15;194
23/08/2025 18:20;151
23/08/2025 18:25;139
23/08/2025 18:30;127
23/08/2025 18:35;116
23/08/2025 18:40;106
23/08/2025 18:45;98
23/08/2025 18:50;88
23/08/2025 18:55;76
23/08/2025 19:00;56
23/08/2025 19:05;49
23/08/2025 19:10;45
23/08/2025 19:15;42
23/08/2025 19:20;39
23/08/2025 19:25;39
23/08/2025 19:30;39
23/08/2025 19:35;39
23/08/2025 19:40;39
23/08/2025 19:45;39
23/08/2025 19:50;39
23/08/2025 19:55;39
23/08/2025 20:00;39
23/08/2025 20:05;39
23/08/2025 20:10;39
23/08/2025 20:15;39
23/08/2025 20:20;39
23/08/2025 20:25;39
23/08/2025 20:30;39
23/08/2025 20:35;39
23/08/2025 20:40;39
23/08/2025 20:45;39
23/08/2025 20:50;39
23/08/2025 20:55;0
24/08/2025 7:38;0
24/08/2025 7:38;0
24/08/2025 7:39;0
24/08/2025 7:39;0
24/08/2025 7:40;0
24/08/2025 7:45;0
24/08/2025 7:50;0
24/08/2025 7:55;0
24/08/2025 8:00;39
24/08/2025 8:05;39
24/08/2025 8:10;39
24/08/2025 8:15;39
24/08/2025 8:20;39
24/08/2025 8:25;39
24/08/2025 8:30;49
24/08/2025 8:35;64
24/08/2025 8:40;75
24/08/2025 8:45;106
24/08/2025 8:50;122
24/08/2025 8:55;139
24/08/2025 9:00;158
24/08/2025 9:05;179
24/08/2025 9:10;193
24/08/2025 9:15;210
24/08/2025 9:20;224
24/08/2025 9:25;247
24/08/2025 9:30;255
24/08/2025 9:35;251
24/08/2025 9:40;265
24/08/2025 9:45;268
24/08/2025 9:50;302
24/08/2025 9:55;312
24/08/2025 10:00;325
24/08/2025 10:05;355
24/08/2025 10:10;379
24/08/2025 10:15;391
24/08/2025 10:20;416
24/08/2025 10:25;434
24/08/2025 10:30;451
24/08/2025 10:35;464
24/08/2025 10:40;475
24/08/2025 10:45;488
24/08/2025 10:50;474
24/08/2025 10:55;485
24/08/2025 11:00;503
24/08/2025 11:05;471
24/08/2025 11:10;472
24/08/2025 11:15;502
24/08/2025 11:20;525
24/08/2025 11:25;528
24/08/2025 11:30;529
24/08/2025 11:35;544
24/08/2025 11:40;556
24/08/2025 11:45;557
24/08/2025 11:50;550
24/08/2025 11:55;560
24/08/2025 12:00;563
24/08/2025 12:05;578
24/08/2025 12:10;576
24/08/2025 12:15;573
24/08/2025 12:20;562
24/08/2025 12:25;584
24/08/2025 12:30;596
24/08/2025 12:35;614
24/08/2025 12:40;610
24/08/2025 12:45;616
24/08/2025 12:50;617
24/08/2025 12:55;611
24/08/2025 13:00;608
24/08/2025 13:05;614
24/08/2025 13:10;615
24/08/2025 13:15;637
24/08/2025 13:20;660
24/08/2025 13:25;677
24/08/2025 13:30;683
24/08/2025 13:35;691
24/08/2025 13:40;690
24/08/2025 13:45;684
24/08/2025 13:50;670
24/08/2025 13:55;662
24/08/2025 14:00;665
24/08/2025 14:05;674
24/08/2025 14:10;664
24/08/2025 14:15;667
24/08/2025 14:20;663
24/08/2025 14:25;666
24/08/2025 14:30;660
24/08/2025 14:35;654
24/08/2025 14:40;653
24/08/2025 14:45;650
24/08/2025 14:50;647
24/08/2025 14:55;649
24/08/2025 15:00;639
24/08/2025 15:05;630
24/08/2025 15:10;629
24/08/2025 15:15;625
24/08/2025 15:20;618
24/08/2025 15:25;610
24/08/2025 15:30;599
24/08/2025 15:35;591
24/08/2025 15:40;581
24/08/2025 15:45;574
24/08/2025 15:50;567
24/08/2025 15:55;561
24/08/2025 16:00;552
24/08/2025 16:05;541
24/08/2025 16:10;534
24/08/2025 16:15;523
24/08/2025 16:20;511
24/08/2025 16:25;499
24/08/2025 16:30;482
24/08/2025 16:35;475
24/08/2025 16:40;462
24/08/2025 16:45;451
24/08/2025 16:50;439
24/08/2025 16:55;426
24/08/2025 17:00;414
24/08/2025 17:05;402
24/08/2025 17:10;388
24/08/2025 17:15;374
24/08/2025 17:20;360
24/08/2025 17:25;346
24/08/2025 17:30;330
24/08/2025 17:35;317
24/08/2025 17:40;302
24/08/2025 17:45;287
24/08/2025 17:50;274
24/08/2025 17:55;257
24/08/2025 18:00;241
24/08/2025 18:05;229
24/08/2025 18:10;212
24/08/2025 18:15;170
24/08/2025 18:20;154
24/08/2025 18:25;145
24/08/2025 18:30;141
24/08/2025 18:35;130
24/08/2025 18:40;121
24/08/2025 18:45;115
24/08/2025 18:50;106
24/08/2025 18:55;88
24/08/2025 19:00;71
24/08/2025 19:05;63
24/08/2025 19:10;58
24/08/2025 19:15;55
24/08/2025 19:20;48
24/08/2025 19:25;43
24/08/2025 19:30;39
24/08/2025 19:35;39
24/08/2025 19:40;39
24/08/2025 19:45;39
24/08/2025 19:50;39
24/08/2025 19:55;39
24/08/2025 20:00;39
24/08/2025 20:05;39
24/08/2025 20:10;39
24/08/2025 20:15;39
24/08/2025 20:20;39
24/08/2025 20:25;39
24/08/2025 20:30;39
24/08/2025 20:35;39
24/08/2025 20:40;39
24/08/2025 20:45;39
24/08/2025 20:50;39
25/08/2025 7:48;0
25/08/2025 7:48;0
25/08/2025 7:49;0
25/08/2025 7:49;0
25/08/2025 7:50;0
25/08/2025 7:55;0
25/08/2025 8:00;0
25/08/2025 8:05;39
25/08/2025 8:10;39
25/08/2025 8:15;39
25/08/2025 8:20;39
25/08/2025 8:25;39
25/08/2025 8:30;39
25/08/2025 8:35;39
25/08/2025 8:40;84
25/08/2025 8:45;98
25/08/2025 8:50;111
25/08/2025 8:55;64
25/08/2025 9:00;42
25/08/2025 9:05;62
25/08/2025 9:10;106
25/08/2025 9:15;84
25/08/2025 9:20;83
25/08/2025 9:25;91
25/08/2025 9:30;99
25/08/2025 9:35;107
25/08/2025 9:40;107
25/08/2025 9:45;121
25/08/2025 9:50;121
25/08/2025 9:55;128
25/08/2025 10:00;140
25/08/2025 10:05;134
25/08/2025 10:10;129
25/08/2025 10:15;151
25/08/2025 10:20;164
25/08/2025 10:25;140
25/08/2025 10:30;126
25/08/2025 10:35;132
25/08/2025 10:40;107
25/08/2025 10:45;108
25/08/2025 10:50;114
25/08/2025 10:55;153
25/08/2025 11:00;189
25/08/2025 11:05;240
25/08/2025 11:10;467
25/08/2025 11:15;268
25/08/2025 11:20;256
25/08/2025 11:25;288
25/08/2025 11:30;266
25/08/2025 11:35;435
25/08/2025 11:40;259
25/08/2025 11:45;216
25/08/2025 11:50;220
25/08/2025 11:55;240
25/08/2025 12:00;279
25/08/2025 12:05;244
25/08/2025 12:10;266
25/08/2025 12:15;239
25/08/2025 12:20;219
25/08/2025 12:25;239
25/08/2025 12:30;279
25/08/2025 12:35;272
25/08/2025 12:40;269
25/08/2025 12:45;309
25/08/2025 12:50;304
25/08/2025 12:55;345
25/08/2025 13:00;336
25/08/2025 13:05;324
25/08/2025 13:10;299
25/08/2025 13:15;344
25/08/2025 13:20;363
25/08/2025 13:25;380
25/08/2025 13:30;406
25/08/2025 13:35;348
25/08/2025 13:40;313
25/08/2025 13:45;294
25/08/2025 13:50;389
25/08/2025 13:55;251
25/08/2025 14:00;250
25/08/2025 14:05;168
25/08/2025 14:10;187
25/08/2025 14:15;320
25/08/2025 14:20;259
25/08/2025 14:25;274
25/08/2025 14:30;237
25/08/2025 14:35;278
25/08/2025 14:40;264
25/08/2025 14:45;278
25/08/2025 14:50;253
25/08/2025 14:55;233
25/08/2025 15:00;286
25/08/2025 15:05;305
25/08/2025 15:10;218
25/08/2025 15:15;226
25/08/2025 15:20;235
25/08/2025 15:25;230
25/08/2025 15:30;262
25/08/2025 15:35;277
25/08/2025 15:40;280
25/08/2025 15:45;305
25/08/2025 15:50;272
25/08/2025 15:55;255
25/08/2025 16:00;266
25/08/2025 16:05;232
25/08/2025 16:10;270
25/08/2025 16:15;226
25/08/2025 16:20;231
25/08/2025 16:25;328
25/08/2025 16:30;309
25/08/2025 16:35;310
25/08/2025 16:40;296
25/08/2025 16:45;233
25/08/2025 16:50;226
25/08/2025 16:55;232
25/08/2025 17:00;222
25/08/2025 17:05;181
25/08/2025 17:10;196
25/08/2025 17:15;177
25/08/2025 17:20;179
25/08/2025 17:25;186
25/08/2025 17:30;173
25/08/2025 17:35;182
25/08/2025 17:40;166
25/08/2025 17:45;157
25/08/2025 17:50;143
25/08/2025 17:55;149
25/08/2025 18:00;164
25/08/2025 18:05;177
25/08/2025 18:10;174
25/08/2025 18:15;204
25/08/2025 18:20;228
25/08/2025 18:25;143
25/08/2025 18:30;152
25/08/2025 18:35;156
25/08/2025 18:40;162
25/08/2025 18:45;158
25/08/2025 18:50;109
25/08/2025 18:55;86
25/08/2025 19:00;81
25/08/2025 19:05;72
25/08/2025 19:10;62
25/08/2025 19:15;56
25/08/2025 19:20;50
25/08/2025 19:25;50
25/08/2025 19:30;41
25/08/2025 19:35;39
25/08/2025 19:40;39
25/08/2025 19:45;39
25/08/2025 19:50;39
25/08/2025 19:55;39
25/08/2025 20:00;39
25/08/2025 20:05;39
25/08/2025 20:10;39
25/08/2025 20:15;39
25/08/2025 20:20;39
25/08/2025 20:25;39
25/08/2025 20:30;39
25/08/2025 20:35;39
25/08/2025 20:40;0
25/08/2025 20:45;0
26/08/2025 8:01;0
26/08/2025 8:02;0
26/08/2025 8:02;0
26/08/2025 8:03;0
26/08/2025 8:03;0
26/08/2025 8:05;0
26/08/2025 8:10;0
26/08/2025 8:15;0
26/08/2025 8:20;0
26/08/2025 8:25;39
26/08/2025 8:30;39
26/08/2025 8:35;39
26/08/2025 8:40;39
26/08/2025 8:45;39
26/08/2025 8:50;39
26/08/2025 8:55;39
26/08/2025 9:00;39
26/08/2025 9:05;39
26/08/2025 9:10;46
26/08/2025 9:15;46
26/08/2025 9:20;46
26/08/2025 9:25;41
26/08/2025 9:30;45
26/08/2025 9:35;55
26/08/2025 9:40;65
26/08/2025 9:45;65
26/08/2025 9:50;53
26/08/2025 9:55;56
26/08/2025 10:00;68
26/08/2025 10:05;84
26/08/2025 10:10;86
26/08/2025 10:15;94
26/08/2025 10:20;99
26/08/2025 10:25;91
26/08/2025 10:30;97
26/08/2025 10:35;88
26/08/2025 10:40;92
26/08/2025 10:45;95
26/08/2025 10:50;104
26/08/2025 10:55;116
26/08/2025 11:00;120
26/08/2025 11:05;122
26/08/2025 11:10;122
26/08/2025 11:15;108
26/08/2025 11:20;94
26/08/2025 11:25;83
26/08/2025 11:30;90
26/08/2025 11:35;86
26/08/2025 11:40;82
26/08/2025 11:45;81
26/08/2025 11:50;87
26/08/2025 11:55;86
26/08/2025 12:00;84
26/08/2025 12:05;88
26/08/2025 12:10;95
26/08/2025 12:15;97
26/08/2025 12:20;102
26/08/2025 12:25;103
26/08/2025 12:30;112
26/08/2025 12:35;126
26/08/2025 12:40;106
26/08/2025 12:45;90
26/08/2025 12:50;96
26/08/2025 12:55;109
26/08/2025 13:00;109
26/08/2025 13:05;102
26/08/2025 13:10;140
26/08/2025 13:15;206
26/08/2025 13:20;221
26/08/2025 13:25;220
26/08/2025 13:30;323
26/08/2025 13:35;397
26/08/2025 13:40;455
26/08/2025 13:45;376
26/08/2025 13:50;392
26/08/2025 13:55;690
26/08/2025 14:00;323
26/08/2025 14:05;340
26/08/2025 14:10;303
26/08/2025 14:15;320
26/08/2025 14:20;291
26/08/2025 14:25;297
26/08/2025 14:30;350
26/08/2025 14:35;325
26/08/2025 14:40;286
26/08/2025 14:45;267
26/08/2025 14:50;274
26/08/2025 14:55;276
26/08/2025 15:00;252
26/08/2025 15:05;236
26/08/2025 15:10;250
26/08/2025 15:15;254
26/08/2025 15:20;285
26/08/2025 15:25;303
26/08/2025 15:30;332
26/08/2025 15:35;380
26/08/2025 15:40;369
26/08/2025 15:45;382
26/08/2025 15:50;393
26/08/2025 15:55;411
26/08/2025 16:00;606
26/08/2025 16:05;507
26/08/2025 16:10;556
26/08/2025 16:15;552
26/08/2025 16:20;540
26/08/2025 16:25;513
26/08/2025 16:30;492
26/08/2025 16:35;486
26/08/2025 16:40;473
26/08/2025 16:45;462
26/08/2025 16:50;455
26/08/2025 16:55;441
26/08/2025 17:00;427
26/08/2025 17:05;302
26/08/2025 17:10;405
26/08/2025 17:15;385
26/08/2025 17:20;374
26/08/2025 17:25;360
26/08/2025 17:30;348
26/08/2025 17:35;327
26/08/2025 17:40;315
26/08/2025 17:45;301
26/08/2025 17:50;282
26/08/2025 17:55;178
26/08/2025 18:00;212
26/08/2025 18:05;242
26/08/2025 18:10;217
26/08/2025 18:15;178
26/08/2025 18:20;169
26/08/2025 18:25;154
26/08/2025 18:30;154
26/08/2025 18:35;86
26/08/2025 18:40;151
26/08/2025 18:45;60
26/08/2025 18:50;130
26/08/2025 18:55;93
26/08/2025 19:00;93
26/08/2025 19:05;73
26/08/2025 19:10;63
26/08/2025 19:15;64
26/08/2025 19:20;50
26/08/2025 19:25;45
26/08/2025 19:30;54
26/08/2025 19:35;42
26/08/2025 19:40;39
26/08/2025 19:45;39
26/08/2025 19:50;39
26/08/2025 19:55;39
26/08/2025 20:00;39
26/08/2025 20:05;39
26/08/2025 20:10;39
26/08/2025 20:15;39
26/08/2025 20:20;39
26/08/2025 20:25;39
26/08/2025 20:30;39
26/08/2025 20:35;39
26/08/2025 20:40;39
26/08/2025 20:45;0
26/08/2025 20:50;0
27/08/2025 8:02;0
27/08/2025 8:03;0
27/08/2025 8:03;0
27/08/2025 8:04;0
27/08/2025 8:04;0
27/08/2025 8:05;0
27/08/2025 8:10;0
27/08/2025 8:15;0
27/08/2025 8:20;0
27/08/2025 8:25;0
27/08/2025 8:30;0
27/08/2025 8:35;0
27/08/2025 8:40;39
27/08/2025 8:45;39
27/08/2025 8:50;39
27/08/2025 8:55;39
27/08/2025 9:00;0
27/08/2025 9:05;39
27/08/2025 9:10;39
27/08/2025 9:15;39
27/08/2025 9:20;39
27/08/2025 9:25;39
27/08/2025 9:28;44
27/08/2025 9:29;45
27/08/2025 9:29;45
27/08/2025 9:30;46
27/08/2025 9:35;53
27/08/2025 9:40;48
27/08/2025 9:45;39
27/08/2025 9:50;39
27/08/2025 9:55;45
27/08/2025 10:00;55
27/08/2025 10:05;65
27/08/2025 10:10;80
27/08/2025 10:15;92
27/08/2025 10:20;75
27/08/2025 10:25;84
27/08/2025 10:30;99
27/08/2025 10:35;96
27/08/2025 10:40;108
27/08/2025 10:45;108
27/08/2025 10:50;121
27/08/2025 10:55;163
27/08/2025 11:00;163
27/08/2025 11:05;102
27/08/2025 11:10;72
27/08/2025 11:15;62
27/08/2025 11:20;146
27/08/2025 11:25;79
27/08/2025 11:30;65
27/08/2025 11:35;78
27/08/2025 11:40;130
27/08/2025 11:45;141
27/08/2025 11:50;76
27/08/2025 11:55;159
27/08/2025 12:00;215
27/08/2025 12:05;198
27/08/2025 12:10;131
27/08/2025 12:15;189
27/08/2025 12:20;169
27/08/2025 12:25;258
27/08/2025 12:30;156
27/08/2025 12:35;138
27/08/2025 12:40;262
27/08/2025 12:45;140
27/08/2025 12:50;193
27/08/2025 12:55;175
27/08/2025 13:00;219
27/08/2025 13:05;155
27/08/2025 13:10;192
27/08/2025 13:15;211
27/08/2025 13:20;167
27/08/2025 13:25;202
27/08/2025 13:30;186
27/08/2025 13:35;211
27/08/2025 13:40;341
27/08/2025 13:45;283
27/08/2025 13:50;215
27/08/2025 13:55;152
27/08/2025 14:00;151
27/08/2025 14:05;196
27/08/2025 14:10;214
27/08/2025 14:15;265
27/08/2025 14:20;191
27/08/2025 14:25;166
27/08/2025 14:30;224
27/08/2025 14:35;175
27/08/2025 14:40;262
27/08/2025 14:45;207
27/08/2025 14:50;261
27/08/2025 14:55;258
27/08/2025 15:00;156
27/08/2025 15:05;258
27/08/2025 15:10;185
27/08/2025 15:15;203
27/08/2025 15:20;172
27/08/2025 15:25;190
27/08/2025 15:30;162
27/08/2025 15:35;180
27/08/2025 15:40;158
27/08/2025 15:45;200
27/08/2025 15:50;253
27/08/2025 15:55;226
27/08/2025 16:00;206
27/08/2025 16:05;330
27/08/2025 16:10;352
27/08/2025 16:15;263
27/08/2025 16:20;165
27/08/2025 16:25;0
27/08/2025 16:30;91
27/08/2025 16:35;49
27/08/2025 16:40;39
27/08/2025 16:45;45
27/08/2025 16:50;61
27/08/2025 16:55;86
27/08/2025 17:00;84
27/08/2025 17:05;85
27/08/2025 17:10;97
27/08/2025 17:15;39
27/08/2025 17:20;39
27/08/2025 17:25;39
27/08/2025 17:30;39
27/08/2025 17:35;39
27/08/2025 17:40;39
27/08/2025 17:45;39
27/08/2025 17:50;39
27/08/2025 17:55;39
27/08/2025 18:00;39
27/08/2025 18:05;39
27/08/2025 18:10;39
27/08/2025 18:15;39
27/08/2025 18:20;39
27/08/2025 18:25;39
27/08/2025 18:30;39
27/08/2025 18:35;39
27/08/2025 18:40;39
27/08/2025 18:45;39
27/08/2025 18:50;39
27/08/2025 18:55;40
27/08/2025 19:00;39
27/08/2025 19:05;39
27/08/2025 19:10;39
27/08/2025 19:15;39
27/08/2025 19:20;39
27/08/2025 19:25;39
27/08/2025 19:30;39
27/08/2025 19:35;39
27/08/2025 19:40;39
27/08/2025 19:45;39
27/08/2025 19:50;39
27/08/2025 19:55;39
27/08/2025 20:00;39
27/08/2025 20:05;39
27/08/2025 20:10;39
27/08/2025 20:15;39
27/08/2025 20:20;39
27/08/2025 20:25;39
27/08/2025 20:30;39
27/08/2025 20:35;39
27/08/2025 20:40;39
27/08/2025 20:45;39
27/08/2025 20:50;39
27/08/2025 20:55;39
28/08/2025 7:45;0
28/08/2025 7:45;0
28/08/2025 7:46;0
28/08/2025 7:46;0
28/08/2025 7:47;0
28/08/2025 7:50;0
28/08/2025 7:55;0
28/08/2025 8:00;0
28/08/2025 8:05;0
28/08/2025 8:10;39
28/08/2025 8:15;39
28/08/2025 8:20;39
28/08/2025 8:25;39
28/08/2025 8:30;97
28/08/2025 8:35;97
28/08/2025 8:40;144
28/08/2025 8:45;221
28/08/2025 8:50;147
28/08/2025 8:55;103
28/08/2025 9:00;110
28/08/2025 9:05;294
28/08/2025 9:10;347
28/08/2025 9:15;296
28/08/2025 9:20;39
28/08/2025 9:25;43
28/08/2025 9:30;39
28/08/2025 9:35;61
28/08/2025 9:40;140
28/08/2025 9:45;98
28/08/2025 9:50;45
28/08/2025 9:55;60
28/08/2025 10:00;106
28/08/2025 10:05;95
28/08/2025 10:10;204
28/08/2025 10:15;182
28/08/2025 10:20;632
28/08/2025 10:25;452
28/08/2025 10:30;196
28/08/2025 10:35;207
28/08/2025 10:40;214
28/08/2025 10:45;422
28/08/2025 10:50;161
28/08/2025 10:55;648
28/08/2025 11:00;449
28/08/2025 11:05;590
28/08/2025 11:10;666
28/08/2025 11:15;681
28/08/2025 11:20;0
28/08/2025 11:25;670
28/08/2025 11:25;672
28/08/2025 11:26;670
28/08/2025 11:26;670
28/08/2025 11:27;668
28/08/2025 11:30;681
28/08/2025 11:35;693
28/08/2025 11:40;707
28/08/2025 11:45;709
28/08/2025 11:50;741
28/08/2025 11:55;725
28/08/2025 12:00;0
28/08/2025 12:05;703
28/08/2025 12:10;462
28/08/2025 12:11;461
28/08/2025 12:11;461
28/08/2025 12:12;460
28/08/2025 12:12;460
28/08/2025 12:15;465
28/08/2025 12:20;780
28/08/2025 12:25;777
28/08/2025 12:30;767
28/08/2025 12:35;763
28/08/2025 12:40;531
28/08/2025 12:45;779
28/08/2025 12:50;775
28/08/2025 12:55;720
28/08/2025 13:00;681
28/08/2025 13:05;779
28/08/2025 13:10;505
28/08/2025 13:15;779
28/08/2025 13:20;762
28/08/2025 13:25;758
28/08/2025 13:30;760
28/08/2025 13:35;756
28/08/2025 13:40;764
28/08/2025 13:45;756
28/08/2025 13:50;740
28/08/2025 13:55;754
28/08/2025 14:00;707
28/08/2025 14:05;474
28/08/2025 14:10;474
28/08/2025 14:15;473
28/08/2025 14:20;469
28/08/2025 14:25;470
28/08/2025 14:30;465
28/08/2025 14:35;462
28/08/2025 14:40;458
28/08/2025 14:45;475
28/08/2025 14:50;580
28/08/2025 14:55;707
28/08/2025 15:00;700
28/08/2025 15:05;695
28/08/2025 15:10;694
28/08/2025 15:15;681
28/08/2025 15:20;674
28/08/2025 15:25;667
28/08/2025 15:30;663
28/08/2025 15:35;652
28/08/2025 15:40;645
28/08/2025 15:45;634
28/08/2025 15:50;625
28/08/2025 15:55;620
28/08/2025 16:00;606
28/08/2025 16:05;598
28/08/2025 16:10;589
28/08/2025 16:15;579
28/08/2025 16:20;568
28/08/2025 16:25;557
28/08/2025 16:30;546
28/08/2025 16:35;529
28/08/2025 16:40;517
28/08/2025 16:45;506
28/08/2025 16:50;492
28/08/2025 16:55;480
28/08/2025 17:00;466
28/08/2025 17:05;449
28/08/2025 17:10;435
28/08/2025 17:15;421
28/08/2025 17:20;406
28/08/2025 17:25;390
28/08/2025 17:30;373
28/08/2025 17:35;359
28/08/2025 17:40;342
28/08/2025 17:45;325
28/08/2025 17:50;310
28/08/2025 17:55;294
28/08/2025 18:00;283
28/08/2025 18:05;236
28/08/2025 18:10;190
28/08/2025 18:15;168
28/08/2025 18:20;109
28/08/2025 18:25;192
28/08/2025 18:30;61
28/08/2025 18:35;85
28/08/2025 18:40;78
28/08/2025 18:45;90
28/08/2025 18:50;86
28/08/2025 18:55;85
28/08/2025 19:00;50
28/08/2025 19:05;81
28/08/2025 19:10;100
28/08/2025 19:15;80
28/08/2025 19:20;58
28/08/2025 19:25;39
28/08/2025 19:30;39
28/08/2025 19:35;39
28/08/2025 19:40;39
28/08/2025 19:45;39
28/08/2025 19:50;39
28/08/2025 19:55;39
28/08/2025 20:00;39
28/08/2025 20:05;39
28/08/2025 20:10;39
28/08/2025 20:15;39
28/08/2025 20:20;39
28/08/2025 20:25;39
28/08/2025 20:30;39
28/08/2025 20:35;39
29/08/2025 8:07;0
29/08/2025 8:07;0
29/08/2025 8:08;0
29/08/2025 8:08;0
29/08/2025 8:09;0
29/08/2025 8:10;0
29/08/2025 8:15;0
29/08/2025 8:20;0
29/08/2025 8:25;0
29/08/2025 8:30;0
29/08/2025 8:35;0
29/08/2025 8:40;39
29/08/2025 8:45;39
29/08/2025 8:50;39
29/08/2025 8:55;39
29/08/2025 9:00;39
29/08/2025 9:05;49
29/08/2025 9:10;65
29/08/2025 9:15;39
29/08/2025 9:20;39
29/08/2025 9:25;39
29/08/2025 9:30;39
29/08/2025 9:35;56
29/08/2025 9:40;54
29/08/2025 9:45;57
29/08/2025 9:50;71
29/08/2025 9:55;72
29/08/2025 10:00;75
29/08/2025 10:05;113
29/08/2025 10:10;202
29/08/2025 10:15;157
29/08/2025 10:20;169
29/08/2025 10:25;133
29/08/2025 10:30;139
29/08/2025 10:35;150
29/08/2025 10:40;152
29/08/2025 10:45;170
29/08/2025 10:50;219
29/08/2025 10:55;257
29/08/2025 11:00;190
29/08/2025 11:05;239
29/08/2025 11:10;273
29/08/2025 11:15;317
29/08/2025 11:20;655
29/08/2025 11:25;780
29/08/2025 11:30;495
29/08/2025 11:35;278
29/08/2025 11:40;223
29/08/2025 11:45;251
29/08/2025 11:50;519
29/08/2025 11:55;774
29/08/2025 12:00;525
29/08/2025 12:05;302
29/08/2025 12:10;361
29/08/2025 12:15;462
29/08/2025 12:20;358
29/08/2025 12:25;240
29/08/2025 12:30;330
29/08/2025 12:35;229
29/08/2025 12:40;628
29/08/2025 12:45;772
29/08/2025 12:50;732
29/08/2025 12:55;766
29/08/2025 13:00;754
29/08/2025 13:05;747
29/08/2025 13:10;780
29/08/2025 13:15;780
29/08/2025 13:20;770
29/08/2025 13:25;766
29/08/2025 13:30;720
29/08/2025 13:35;779
29/08/2025 13:40;314
29/08/2025 13:45;775
29/08/2025 13:50;221
29/08/2025 13:55;252
29/08/2025 14:00;415
29/08/2025 14:05;709
29/08/2025 14:10;775
29/08/2025 14:15;397
29/08/2025 14:20;776
29/08/2025 14:25;269
29/08/2025 14:30;680
29/08/2025 14:35;775
29/08/2025 14:40;780
29/08/2025 14:45;780
29/08/2025 14:50;766
29/08/2025 14:55;712
29/08/2025 15:00;558
29/08/2025 15:05;697
29/08/2025 15:10;689
29/08/2025 15:15;685
29/08/2025 15:20;668
29/08/2025 15:25;663
29/08/2025 15:30;660
29/08/2025 15:35;645
29/08/2025 15:40;641
29/08/2025 15:45;632
29/08/2025 15:50;622
29/08/2025 15:55;613
29/08/2025 16:00;604
29/08/2025 16:05;588
29/08/2025 16:10;575
29/08/2025 16:15;564
29/08/2025 16:20;552
29/08/2025 16:25;538
29/08/2025 16:30;532
29/08/2025 16:35;511
29/08/2025 16:40;500
29/08/2025 16:45;450
29/08/2025 16:50;221
29/08/2025 16:55;558
29/08/2025 17:00;523
29/08/2025 17:05;160
29/08/2025 17:10;167
29/08/2025 17:15;145
29/08/2025 17:20;163
29/08/2025 17:25;210
29/08/2025 17:30;217
29/08/2025 17:35;225
29/08/2025 17:40;88
29/08/2025 17:45;80
29/08/2025 17:50;103
29/08/2025 17:55;120
29/08/2025 18:00;112
29/08/2025 18:05;109
29/08/2025 18:10;99
29/08/2025 18:15;78
29/08/2025 18:20;78
29/08/2025 18:25;86
29/08/2025 18:30;99
29/08/2025 18:35;58
29/08/2025 18:40;90
29/08/2025 18:45;68
29/08/2025 18:50;64
29/08/2025 18:55;70
29/08/2025 19:00;39
29/08/2025 19:05;53
29/08/2025 19:10;39
29/08/2025 19:15;60
29/08/2025 19:20;39
29/08/2025 19:25;39
29/08/2025 19:30;39
29/08/2025 19:35;39
29/08/2025 19:40;39
29/08/2025 19:45;39
29/08/2025 19:50;39
29/08/2025 19:55;0
29/08/2025 20:00;39
29/08/2025 20:05;39
29/08/2025 20:10;0
29/08/2025 20:15;0
29/08/2025 20:20;0
30/08/2025 7:44;0
30/08/2025 7:45;0
30/08/2025 7:45;0
30/08/2025 7:46;0
30/08/2025 7:46;0
30/08/2025 7:50;0
30/08/2025 7:55;0
30/08/2025 8:00;0
30/08/2025 8:05;0
30/08/2025 8:10;0
30/08/2025 8:15;39
30/08/2025 8:20;39
30/08/2025 8:25;59
30/08/2025 8:30;104
30/08/2025 8:35;112
30/08/2025 8:40;130
30/08/2025 8:45;187
30/08/2025 8:50;219
30/08/2025 8:55;241
30/08/2025 9:00;258
30/08/2025 9:05;224
30/08/2025 9:10;284
30/08/2025 9:15;389
30/08/2025 9:20;100
30/08/2025 9:25;101
30/08/2025 9:30;118
30/08/2025 9:35;121
30/08/2025 9:40;114
30/08/2025 9:45;101
30/08/2025 9:50;102
30/08/2025 9:55;139
30/08/2025 10:00;118
30/08/2025 10:05;111
30/08/2025 10:10;116
30/08/2025 10:15;126
30/08/2025 10:20;149
30/08/2025 10:25;132
30/08/2025 10:30;97
30/08/2025 10:35;116
30/08/2025 10:40;153
30/08/2025 10:45;0
30/08/2025 10:50;621
30/08/2025 10:55;612
30/08/2025 11:00;622
30/08/2025 11:05;616
30/08/2025 11:10;612
30/08/2025 11:15;625
30/08/2025 11:20;627
30/08/2025 11:25;630
30/08/2025 11:30;638
30/08/2025 11:35;645
30/08/2025 11:40;647
30/08/2025 11:45;650
30/08/2025 11:50;659
30/08/2025 11:55;660
30/08/2025 12:00;668
30/08/2025 12:05;218
30/08/2025 12:10;780
30/08/2025 12:15;0
30/08/2025 12:20;780
30/08/2025 12:25;438
30/08/2025 12:30;262
30/08/2025 12:35;471
30/08/2025 12:40;0
30/08/2025 12:45;450
30/08/2025 12:50;780
30/08/2025 12:55;774
30/08/2025 13:00;769
30/08/2025 13:05;714
30/08/2025 13:10;638
30/08/2025 13:15;735
30/08/2025 13:20;716
30/08/2025 13:25;752
30/08/2025 13:30;770
30/08/2025 13:35;760
30/08/2025 13:40;765
30/08/2025 13:45;722
30/08/2025 13:50;754
30/08/2025 13:55;437
30/08/2025 14:00;780
30/08/2025 14:05;775
30/08/2025 14:10;745
30/08/2025 14:15;673
30/08/2025 14:20;777
30/08/2025 14:25;765
30/08/2025 14:30;753
30/08/2025 14:35;711
30/08/2025 14:40;717
30/08/2025 14:45;513
30/08/2025 14:50;718
30/08/2025 14:55;712
30/08/2025 15:00;704
30/08/2025 15:05;552
30/08/2025 15:10;650
30/08/2025 15:15;0
30/08/2025 15:20;689
30/08/2025 15:25;695
30/08/2025 15:30;594
30/08/2025 15:35;524
30/08/2025 15:40;588
30/08/2025 15:45;477
30/08/2025 15:50;502
30/08/2025 15:55;452
30/08/2025 16:00;433
30/08/2025 16:05;335
30/08/2025 16:10;411
30/08/2025 16:15;351
30/08/2025 16:20;318
30/08/2025 16:25;351
30/08/2025 16:30;289
30/08/2025 16:35;226
30/08/2025 16:40;209
30/08/2025 16:45;219
30/08/2025 16:50;219
30/08/2025 16:55;141
30/08/2025 17:00;119
30/08/2025 17:05;88
30/08/2025 17:10;86
30/08/2025 17:15;103
30/08/2025 17:20;110
30/08/2025 17:25;104
30/08/2025 17:30;97
30/08/2025 17:35;97
30/08/2025 17:40;110
30/08/2025 17:45;120
30/08/2025 17:50;121
30/08/2025 17:55;151
30/08/2025 18:00;0
30/08/2025 18:05;124
30/08/2025 18:10;191
30/08/2025 18:15;210
30/08/2025 18:20;205
30/08/2025 18:25;156
30/08/2025 18:30;246
30/08/2025 18:35;209
30/08/2025 18:40;84
30/08/2025 18:45;60
30/08/2025 18:50;72
30/08/2025 18:55;88
30/08/2025 19:00;150
30/08/2025 19:05;103
30/08/2025 19:10;69
30/08/2025 19:15;47
30/08/2025 19:20;39
30/08/2025 19:25;39
30/08/2025 19:30;39
30/08/2025 19:35;39
30/08/2025 19:40;39
30/08/2025 19:45;39
30/08/2025 19:50;39
30/08/2025 19:55;39
30/08/2025 20:00;39
30/08/2025 20:05;39
30/08/2025 20:10;39
30/08/2025 20:15;39
30/08/2025 20:20;39
30/08/2025 20:25;39
30/08/2025 20:30;39
30/08/2025 20:35;39
31/08/2025 8:40;0
31/08/2025 8:40;0
31/08/2025 8:41;0
31/08/2025 8:41;0
31/08/2025 8:42;0
31/08/2025 8:45;0
31/08/2025 8:50;0
31/08/2025 8:58;0
31/08/2025 8:58;0
31/08/2025 8:59;0
31/08/2025 8:59;0
31/08/2025 9:00;0
31/08/2025 9:05;0
31/08/2025 9:10;0
31/08/2025 9:18;0
31/08/2025 9:19;0
31/08/2025 9:19;0
31/08/2025 9:20;0
31/08/2025 9:20;0
31/08/2025 9:25;0
31/08/2025 9:30;39
31/08/2025 9:35;39
31/08/2025 9:40;39
31/08/2025 9:45;39
31/08/2025 9:50;39
31/08/2025 9:55;39
31/08/2025 10:00;49
31/08/2025 10:05;94
31/08/2025 10:10;70
31/08/2025 10:15;64
31/08/2025 10:20;74
31/08/2025 10:25;39
31/08/2025 10:30;45
31/08/2025 10:35;103
31/08/2025 10:40;95
31/08/2025 10:45;134
31/08/2025 10:50;107
31/08/2025 10:55;91
31/08/2025 11:00;99
31/08/2025 11:05;74
31/08/2025 11:10;48
31/08/2025 11:15;67
31/08/2025 11:20;52
31/08/2025 11:25;70
31/08/2025 11:30;78
31/08/2025 11:35;66
31/08/2025 11:40;41
31/08/2025 11:45;39
31/08/2025 11:50;66
31/08/2025 11:55;51
31/08/2025 12:00;45
31/08/2025 12:05;105
31/08/2025 12:10;146
31/08/2025 12:15;179
31/08/2025 12:20;122
31/08/2025 12:25;110
31/08/2025 12:30;167
31/08/2025 12:35;200
31/08/2025 12:40;161
31/08/2025 12:45;64
31/08/2025 12:50;56
31/08/2025 12:55;67
31/08/2025 13:00;144
31/08/2025 13:05;88
31/08/2025 13:10;75
31/08/2025 13:15;102
31/08/2025 13:20;86
31/08/2025 13:25;124
31/08/2025 13:30;228
31/08/2025 13:35;311
31/08/2025 13:40;303
31/08/2025 13:45;528
31/08/2025 13:50;480
31/08/2025 13:55;404
31/08/2025 14:00;222
31/08/2025 14:05;184
31/08/2025 14:10;179
31/08/2025 14:15;146
31/08/2025 14:20;160
31/08/2025 14:25;154
31/08/2025 14:30;160
31/08/2025 14:35;159
31/08/2025 14:40;233
31/08/2025 14:45;276
31/08/2025 14:50;270
31/08/2025 14:55;292
31/08/2025 15:00;524
31/08/2025 15:05;284
31/08/2025 15:10;265
31/08/2025 15:15;214
31/08/2025 15:20;186
31/08/2025 15:25;231
31/08/2025 15:30;209
31/08/2025 15:35;173
31/08/2025 15:40;134
31/08/2025 15:45;159
31/08/2025 15:50;143
31/08/2025 15:55;131
31/08/2025 16:00;86
31/08/2025 16:05;74
31/08/2025 16:10;113
31/08/2025 16:15;113
31/08/2025 16:20;135
31/08/2025 16:25;158
31/08/2025 16:30;148
31/08/2025 16:35;108
31/08/2025 16:40;127
31/08/2025 16:45;126
31/08/2025 16:50;112
31/08/2025 16:55;102
31/08/2025 17:00;119
31/08/2025 17:05;127
31/08/2025 17:10;120
31/08/2025 17:15;151
31/08/2025 17:20;141
31/08/2025 17:25;133
31/08/2025 17:30;156
31/08/2025 17:35;142
31/08/2025 17:40;150
31/08/2025 17:45;136
31/08/2025 17:50;133
31/08/2025 17:55;110
31/08/2025 18:00;104
31/08/2025 18:05;106
31/08/2025 18:10;286
31/08/2025 18:15;170
31/08/2025 18:20;272
31/08/2025 18:25;89
31/08/2025 18:30;87
31/08/2025 18:35;120
31/08/2025 18:40;99
31/08/2025 18:45;88
31/08/2025 18:50;82
31/08/2025 18:55;73
31/08/2025 19:00;48
31/08/2025 19:05;59
31/08/2025 19:10;49
31/08/2025 19:15;39
31/08/2025 19:20;39
31/08/2025 19:25;39
31/08/2025 19:30;39
31/08/2025 19:35;39
31/08/2025 19:40;39
31/08/2025 19:45;39
31/08/2025 19:50;39
31/08/2025 19:55;39
31/08/2025 20:00;39
31/08/2025 20:05;0
31/08/2025 20:10;0
31/08/2025 20:15;0
01/09/2025 7:47;0
01/09/2025 7:48;0
01/09/2025 7:48;0
01/09/2025 7:49;0
01/09/2025 7:49;0
01/09/2025 7:50;0
01/09/2025 7:55;0
01/09/2025 8:00;0
01/09/2025 8:05;0
01/09/2025 8:10;0
01/09/2025 8:15;39
01/09/2025 8:20;39
01/09/2025 8:25;72
01/09/2025 8:30;100
01/09/2025 8:35;115
01/09/2025 8:40;131
01/09/2025 8:45;184
01/09/2025 8:50;206
01/09/2025 8:55;225
01/09/2025 9:00;245
01/09/2025 9:05;266
01/09/2025 9:10;284
01/09/2025 9:15;307
01/09/2025 9:20;325
01/09/2025 9:25;341
01/09/2025 9:30;358
01/09/2025 9:35;376
01/09/2025 9:40;391
01/09/2025 9:45;428
01/09/2025 9:50;425
01/09/2025 9:55;446
01/09/2025 10:00;455
01/09/2025 10:05;474
01/09/2025 10:10;492
01/09/2025 10:15;566
01/09/2025 10:20;402
01/09/2025 10:25;440
01/09/2025 10:30;600
01/09/2025 10:35;587
01/09/2025 10:40;0
01/09/2025 10:45;500
01/09/2025 10:50;390
01/09/2025 10:55;491
01/09/2025 11:00;720
01/09/2025 11:05;0
01/09/2025 11:10;672
01/09/2025 11:15;660
01/09/2025 11:20;670
01/09/2025 11:25;679
01/09/2025 11:30;676
01/09/2025 11:35;687
01/09/2025 11:40;695
01/09/2025 11:45;710
01/09/2025 11:50;732
01/09/2025 11:55;741
01/09/2025 12:00;726
01/09/2025 12:05;678
01/09/2025 12:10;780
01/09/2025 12:15;728
01/09/2025 12:20;770
01/09/2025 12:25;773
01/09/2025 12:30;753
01/09/2025 12:35;675
01/09/2025 12:40;647
01/09/2025 12:45;770
01/09/2025 12:50;768
01/09/2025 12:55;696
01/09/2025 13:00;780
01/09/2025 13:05;621
01/09/2025 13:10;778
01/09/2025 13:15;780
01/09/2025 13:20;780
01/09/2025 13:25;602
01/09/2025 13:30;398
01/09/2025 13:35;464
01/09/2025 13:40;376
01/09/2025 13:45;780
01/09/2025 13:50;780
01/09/2025 13:55;682
01/09/2025 14:00;574
01/09/2025 14:05;484
01/09/2025 14:10;330
01/09/2025 14:15;546
01/09/2025 14:20;407
01/09/2025 14:25;310
01/09/2025 14:30;251
01/09/2025 14:35;223
01/09/2025 14:40;264
01/09/2025 14:45;477
01/09/2025 14:50;328
01/09/2025 14:55;402
01/09/2025 15:00;508
01/09/2025 15:05;780
01/09/2025 15:10;774
01/09/2025 15:15;299
01/09/2025 15:20;762
01/09/2025 15:25;728
01/09/2025 15:30;772
01/09/2025 15:35;652
01/09/2025 15:40;0
01/09/2025 15:45;548
01/09/2025 15:50;780
01/09/2025 15:55;727
01/09/2025 15:55;721
01/09/2025 15:56;724
01/09/2025 15:56;725
01/09/2025 16:00;274
01/09/2025 16:05;271
01/09/2025 16:10;669
01/09/2025 16:15;615
01/09/2025 16:20;580
01/09/2025 16:25;562
01/09/2025 16:30;547
01/09/2025 16:35;528
01/09/2025 16:40;511
01/09/2025 16:45;502
01/09/2025 16:50;488
01/09/2025 16:55;472
01/09/2025 17:00;457
01/09/2025 17:05;457
01/09/2025 17:10;461
01/09/2025 17:15;501
01/09/2025 17:20;261
01/09/2025 17:25;490
01/09/2025 17:30;285
01/09/2025 17:35;0
01/09/2025 17:40;196
01/09/2025 17:45;139
01/09/2025 17:50;118
01/09/2025 17:55;148
01/09/2025 18:00;187
01/09/2025 18:05;117
01/09/2025 18:10;119
01/09/2025 18:15;149
01/09/2025 18:20;248
01/09/2025 18:25;185
01/09/2025 18:30;153
01/09/2025 18:35;115
01/09/2025 18:40;61
01/09/2025 18:45;95
01/09/2025 18:50;89
01/09/2025 18:55;74
01/09/2025 19:00;77
01/09/2025 19:05;72
01/09/2025 19:10;39
01/09/2025 19:15;39
01/09/2025 19:20;39
01/09/2025 19:25;39
01/09/2025 19:30;39
01/09/2025 19:35;39
01/09/2025 19:40;39
01/09/2025 19:45;39
01/09/2025 19:50;39
01/09/2025 19:55;39
01/09/2025 20:00;39
01/09/2025 20:05;39
01/09/2025 20:10;39
01/09/2025 20:15;39
01/09/2025 20:20;39
01/09/2025 20:25;39
01/09/2025 20:30;39
01/09/2025 20:35;39
01/09/2025 20:40;39
02/09/2025 7:52;0
02/09/2025 7:53;0
02/09/2025 7:53;0
02/09/2025 7:54;0
02/09/2025 7:54;0
02/09/2025 7:55;0
02/09/2025 8:00;0
02/09/2025 8:05;0
02/09/2025 8:10;39
02/09/2025 8:15;39
02/09/2025 8:20;39
02/09/2025 8:25;39
02/09/2025 8:30;39
02/09/2025 8:35;39
02/09/2025 8:40;39
02/09/2025 8:45;41
02/09/2025 8:50;39
02/09/2025 8:55;50
02/09/2025 9:00;57
02/09/2025 9:05;64
02/09/2025 9:10;61
02/09/2025 9:15;72
02/09/2025 9:20;87
02/09/2025 9:25;101
02/09/2025 9:30;111
02/09/2025 9:35;147
02/09/2025 9:40;169
02/09/2025 9:45;195
02/09/2025 9:50;166
02/09/2025 9:55;175
02/09/2025 10:00;357
02/09/2025 10:05;295
02/09/2025 10:10;207
02/09/2025 10:15;220
02/09/2025 10:20;264
02/09/2025 10:25;388
02/09/2025 10:30;443
02/09/2025 10:35;541
02/09/2025 10:40;454
02/09/2025 10:45;512
02/09/2025 10:50;485
02/09/2025 10:55;486
02/09/2025 11:00;393
02/09/2025 11:05;334
02/09/2025 11:10;548
02/09/2025 11:15;617
02/09/2025 11:20;440
02/09/2025 11:25;557
02/09/2025 11:30;668
02/09/2025 11:35;592
02/09/2025 11:40;589
02/09/2025 11:45;591
02/09/2025 11:50;620
02/09/2025 11:55;721
02/09/2025 12:00;653
02/09/2025 12:05;540
02/09/2025 12:10;690
02/09/2025 12:15;684
02/09/2025 12:20;656
02/09/2025 12:25;691
02/09/2025 12:30;719
02/09/2025 12:35;667
02/09/2025 12:40;738
02/09/2025 12:45;542
02/09/2025 12:50;665
02/09/2025 12:55;565
02/09/2025 13:00;409
02/09/2025 13:05;780
02/09/2025 13:10;746
02/09/2025 13:15;743
02/09/2025 13:20;753
02/09/2025 13:25;740
02/09/2025 13:30;660
02/09/2025 13:35;721
02/09/2025 13:40;709
02/09/2025 13:45;714
02/09/2025 13:50;678
02/09/2025 13:55;716
02/09/2025 14:00;731
02/09/2025 14:05;0
02/09/2025 14:10;320
02/09/2025 14:15;479
02/09/2025 14:20;704
02/09/2025 14:25;703
02/09/2025 14:30;733
02/09/2025 14:35;718
02/09/2025 14:40;614
02/09/2025 14:45;661
02/09/2025 14:50;633
02/09/2025 14:55;637
02/09/2025 15:00;591
02/09/2025 15:05;408
02/09/2025 15:10;608
02/09/2025 15:15;632
02/09/2025 15:20;490
02/09/2025 15:25;432
02/09/2025 15:30;415
02/09/2025 15:35;629
02/09/2025 15:40;648
02/09/2025 15:45;629
02/09/2025 15:50;555
02/09/2025 15:55;648
02/09/2025 16:00;598
02/09/2025 16:05;641
02/09/2025 16:10;526
02/09/2025 16:15;533
02/09/2025 16:20;453
02/09/2025 16:25;255
02/09/2025 16:30;243
02/09/2025 16:35;488
02/09/2025 16:40;511
02/09/2025 16:45;248
02/09/2025 16:50;497
02/09/2025 16:55;437
02/09/2025 17:00;382
02/09/2025 17:05;311
02/09/2025 17:10;238
02/09/2025 17:15;292
02/09/2025 17:20;398
02/09/2025 17:25;420
02/09/2025 17:30;468
02/09/2025 17:35;446
02/09/2025 17:40;280
02/09/2025 17:45;198
02/09/2025 17:50;202
02/09/2025 17:55;189
02/09/2025 18:00;187
02/09/2025 18:05;140
02/09/2025 18:10;179
02/09/2025 18:15;224
02/09/2025 18:20;190
02/09/2025 18:25;135
02/09/2025 18:30;152
02/09/2025 18:35;113
02/09/2025 18:40;92
02/09/2025 18:45;84
02/09/2025 18:50;71
02/09/2025 18:55;50
02/09/2025 19:00;45
02/09/2025 19:05;47
02/09/2025 19:10;71
02/09/2025 19:15;72
02/09/2025 19:20;71
02/09/2025 19:25;67
02/09/2025 19:30;70
02/09/2025 19:35;39
02/09/2025 19:40;39
02/09/2025 19:45;39
02/09/2025 19:50;39
02/09/2025 19:55;39
02/09/2025 20:00;39
02/09/2025 20:05;39
02/09/2025 20:10;39
02/09/2025 20:15;39
02/09/2025 20:20;39
02/09/2025 20:25;0
02/09/2025 20:30;0
03/09/2025 7:47;0
03/09/2025 7:47;0
03/09/2025 7:48;0
03/09/2025 7:48;0
03/09/2025 7:49;0
03/09/2025 7:50;0
03/09/2025 7:55;0
03/09/2025 8:00;0
03/09/2025 8:05;0
03/09/2025 8:10;39
03/09/2025 8:15;39
03/09/2025 8:20;39
03/09/2025 8:25;92
03/09/2025 8:30;63
03/09/2025 8:35;54
03/09/2025 8:40;171
03/09/2025 8:45;40
03/09/2025 8:50;190
03/09/2025 8:55;39
03/09/2025 9:00;203
03/09/2025 9:05;39
03/09/2025 9:10;114
03/09/2025 9:15;198
03/09/2025 9:20;237
03/09/2025 9:25;259
03/09/2025 9:30;424
03/09/2025 9:35;227
03/09/2025 9:40;202
03/09/2025 9:45;283
03/09/2025 9:50;365
03/09/2025 9:55;518
03/09/2025 10:00;544
03/09/2025 10:05;359
03/09/2025 10:10;229
03/09/2025 10:15;349
03/09/2025 10:20;289
03/09/2025 10:25;235
03/09/2025 10:30;257
03/09/2025 10:35;374
03/09/2025 10:40;432
03/09/2025 10:45;532
03/09/2025 10:50;408
03/09/2025 10:55;375
03/09/2025 11:00;570
03/09/2025 11:05;607
03/09/2025 11:10;245
03/09/2025 11:15;339
03/09/2025 11:20;408
03/09/2025 11:25;238
03/09/2025 11:30;213
03/09/2025 11:35;209
03/09/2025 11:40;613
03/09/2025 11:45;220
03/09/2025 11:50;403
03/09/2025 11:55;776
03/09/2025 12:00;718
03/09/2025 12:05;686
03/09/2025 12:10;550
03/09/2025 12:15;305
03/09/2025 12:20;322
03/09/2025 12:25;465
03/09/2025 12:30;572
03/09/2025 12:35;503
03/09/2025 12:40;368
03/09/2025 12:45;539
03/09/2025 12:50;462
03/09/2025 12:55;414
03/09/2025 13:00;391
03/09/2025 13:05;363
03/09/2025 13:10;352
03/09/2025 13:15;311
03/09/2025 13:20;321
03/09/2025 13:25;415
03/09/2025 13:30;609
03/09/2025 13:35;497
03/09/2025 13:40;698
03/09/2025 13:45;445
03/09/2025 13:50;488
03/09/2025 13:55;550
03/09/2025 14:00;460
03/09/2025 14:05;422
03/09/2025 14:10;295
03/09/2025 14:15;278
03/09/2025 14:20;315
03/09/2025 14:25;397
03/09/2025 14:30;278
03/09/2025 14:35;522
03/09/2025 14:40;395
03/09/2025 14:45;446
03/09/2025 14:50;526
03/09/2025 14:55;673
03/09/2025 15:00;480
03/09/2025 15:05;365
03/09/2025 15:10;301
03/09/2025 15:15;480
03/09/2025 15:20;545
03/09/2025 15:25;337
03/09/2025 15:30;275
03/09/2025 15:35;300
03/09/2025 15:40;557
03/09/2025 15:45;321
03/09/2025 15:50;496
03/09/2025 15:55;374
03/09/2025 16:00;219
03/09/2025 16:05;243
03/09/2025 16:10;241
03/09/2025 16:15;306
03/09/2025 16:20;283
03/09/2025 16:25;233
03/09/2025 16:30;321
03/09/2025 16:35;369
03/09/2025 16:40;167
03/09/2025 16:45;156
03/09/2025 16:50;122
03/09/2025 16:55;126
03/09/2025 17:00;114
03/09/2025 17:05;90
03/09/2025 17:10;110
03/09/2025 17:15;85
03/09/2025 17:20;75
03/09/2025 17:25;83
03/09/2025 17:30;65
03/09/2025 17:35;55
03/09/2025 17:40;49
03/09/2025 17:45;43
03/09/2025 17:50;49
03/09/2025 17:55;60
03/09/2025 18:00;89
03/09/2025 18:05;63
03/09/2025 18:10;39
03/09/2025 18:15;39
03/09/2025 18:20;48
03/09/2025 18:25;50
03/09/2025 18:30;44
03/09/2025 18:35;39
03/09/2025 18:40;39
03/09/2025 18:45;39
03/09/2025 18:50;39
03/09/2025 18:55;39
03/09/2025 19:00;39
03/09/2025 19:05;39
03/09/2025 19:10;39
03/09/2025 19:15;39
03/09/2025 19:20;39
03/09/2025 19:25;39
03/09/2025 19:30;39
03/09/2025 19:35;39
03/09/2025 19:40;39
03/09/2025 19:45;39
03/09/2025 19:50;39
03/09/2025 19:55;39
03/09/2025 20:00;39
03/09/2025 20:05;39
03/09/2025 20:10;39
03/09/2025 20:15;39
03/09/2025 20:20;39
03/09/2025 20:25;39
04/09/2025 7:56;0
04/09/2025 7:56;0
04/09/2025 7:57;0
04/09/2025 7:57;0
04/09/2025 7:58;0
04/09/2025 8:00;0
04/09/2025 8:05;0
04/09/2025 8:10;0
04/09/2025 8:15;0
04/09/2025 8:20;0
04/09/2025 8:25;39
04/09/2025 8:30;39
04/09/2025 8:35;39
04/09/2025 8:40;39
04/09/2025 8:45;39
04/09/2025 8:50;39
04/09/2025 8:55;46
04/09/2025 9:00;67
04/09/2025 9:05;139
04/09/2025 9:10;273
04/09/2025 9:15;153
04/09/2025 9:20;305
04/09/2025 9:25;299
04/09/2025 9:30;139
04/09/2025 9:35;127
04/09/2025 9:40;179
04/09/2025 9:45;371
04/09/2025 9:50;365
04/09/2025 9:55;385
04/09/2025 10:00;397
04/09/2025 10:05;140
04/09/2025 10:10;439
04/09/2025 10:15;449
04/09/2025 10:20;461
04/09/2025 10:25;480
04/09/2025 10:30;503
04/09/2025 10:35;568
04/09/2025 10:40;534
04/09/2025 10:45;653
04/09/2025 10:50;192
04/09/2025 10:55;0
04/09/2025 11:00;104
04/09/2025 11:05;123
04/09/2025 11:10;141
04/09/2025 11:15;219
04/09/2025 11:20;234
04/09/2025 11:25;748
04/09/2025 11:30;697
04/09/2025 11:35;337
04/09/2025 11:40;485
04/09/2025 11:45;289
04/09/2025 11:50;246
04/09/2025 11:55;242
04/09/2025 12:00;205
04/09/2025 12:05;201
04/09/2025 12:10;160
04/09/2025 12:15;288
04/09/2025 12:20;220
04/09/2025 12:25;259
04/09/2025 12:30;128
04/09/2025 12:35;86
04/09/2025 12:40;114
04/09/2025 12:45;192
04/09/2025 12:50;259
04/09/2025 12:55;318
04/09/2025 13:00;340
04/09/2025 13:05;470
04/09/2025 13:10;304
04/09/2025 13:15;178
04/09/2025 13:20;167
04/09/2025 13:25;194
04/09/2025 13:30;301
04/09/2025 13:35;471
04/09/2025 13:40;461
04/09/2025 13:45;770
04/09/2025 13:50;769
04/09/2025 13:55;542
04/09/2025 14:00;773
04/09/2025 14:05;260
04/09/2025 14:10;191
04/09/2025 14:15;769
04/09/2025 14:20;771
04/09/2025 14:25;768
04/09/2025 14:30;765
04/09/2025 14:35;765
04/09/2025 14:40;733
04/09/2025 14:45;719
04/09/2025 14:50;555
04/09/2025 14:55;710
04/09/2025 15:00;688
04/09/2025 15:05;322
04/09/2025 15:10;728
04/09/2025 15:15;628
04/09/2025 15:20;673
04/09/2025 15:25;660
04/09/2025 15:30;667
04/09/2025 15:35;650
04/09/2025 15:40;652
04/09/2025 15:45;654
04/09/2025 15:50;637
04/09/2025 15:55;607
04/09/2025 16:00;591
04/09/2025 16:05;582
04/09/2025 16:10;579
04/09/2025 16:15;564
04/09/2025 16:20;577
04/09/2025 16:25;553
04/09/2025 16:30;482
04/09/2025 16:35;530
04/09/2025 16:40;416
04/09/2025 16:45;510
04/09/2025 16:50;479
04/09/2025 16:55;458
04/09/2025 17:00;446
04/09/2025 17:05;441
04/09/2025 17:10;443
04/09/2025 17:15;0
04/09/2025 17:20;397
04/09/2025 17:25;376
04/09/2025 17:30;363
04/09/2025 17:35;351
04/09/2025 17:40;334
04/09/2025 17:45;328
04/09/2025 17:50;260
04/09/2025 17:55;202
04/09/2025 18:00;191
04/09/2025 18:05;177
04/09/2025 18:10;172
04/09/2025 18:15;161
04/09/2025 18:20;150
04/09/2025 18:25;140
04/09/2025 18:30;129
04/09/2025 18:35;102
04/09/2025 18:40;90
04/09/2025 18:45;84
04/09/2025 18:50;95
04/09/2025 18:55;82
04/09/2025 19:00;68
04/09/2025 19:05;60
04/09/2025 19:10;45
04/09/2025 19:15;39
04/09/2025 19:20;44
04/09/2025 19:25;43
04/09/2025 19:30;46
04/09/2025 19:35;41
04/09/2025 19:40;39
04/09/2025 19:45;39
04/09/2025 19:50;39
04/09/2025 19:55;39
04/09/2025 20:00;39
04/09/2025 20:05;39
04/09/2025 20:10;39
04/09/2025 20:15;39
04/09/2025 20:20;39
04/09/2025 20:25;39
04/09/2025 20:30;39
04/09/2025 20:35;39
05/09/2025 7:51;0
05/09/2025 7:51;0
05/09/2025 7:52;0
05/09/2025 7:52;0
05/09/2025 7:53;0
05/09/2025 7:55;0
05/09/2025 8:00;0
05/09/2025 8:05;0
05/09/2025 8:10;0
05/09/2025 8:15;0
05/09/2025 8:20;39
05/09/2025 8:25;39
05/09/2025 8:30;39
05/09/2025 8:35;39
05/09/2025 8:40;39
05/09/2025 8:45;46
05/09/2025 8:50;87
05/09/2025 8:55;75
05/09/2025 9:00;110
05/09/2025 9:05;231
05/09/2025 9:10;168
05/09/2025 9:15;144
05/09/2025 9:20;51
05/09/2025 9:25;58
05/09/2025 9:30;313
05/09/2025 9:35;363
05/09/2025 9:40;315
05/09/2025 9:45;389
05/09/2025 9:50;405
05/09/2025 9:55;421
05/09/2025 10:00;433
05/09/2025 10:05;447
05/09/2025 10:10;464
05/09/2025 10:15;479
05/09/2025 10:20;492
05/09/2025 10:25;507
05/09/2025 10:30;520
05/09/2025 10:35;530
05/09/2025 10:40;543
05/09/2025 10:45;551
05/09/2025 10:50;566
05/09/2025 10:55;573
05/09/2025 11:00;585
05/09/2025 11:05;597
05/09/2025 11:10;608
05/09/2025 11:15;617
05/09/2025 11:20;625
05/09/2025 11:25;639
05/09/2025 11:30;647
05/09/2025 11:35;651
05/09/2025 11:40;656
05/09/2025 11:45;660
05/09/2025 11:50;673
05/09/2025 11:55;675
05/09/2025 12:00;676
05/09/2025 12:05;684
05/09/2025 12:10;692
05/09/2025 12:15;697
05/09/2025 12:20;707
05/09/2025 12:25;717
05/09/2025 12:30;723
05/09/2025 12:35;723
05/09/2025 12:40;717
05/09/2025 12:45;727
05/09/2025 12:50;738
05/09/2025 12:55;465
05/09/2025 13:00;466
05/09/2025 13:05;468
05/09/2025 13:10;469
05/09/2025 13:15;469
05/09/2025 13:20;470
05/09/2025 13:25;471
05/09/2025 13:30;471
05/09/2025 13:35;468
05/09/2025 13:40;473
05/09/2025 13:45;474
05/09/2025 13:50;476
05/09/2025 13:55;746
05/09/2025 14:00;709
05/09/2025 14:05;672
05/09/2025 14:10;653
05/09/2025 14:15;715
05/09/2025 14:20;480
05/09/2025 14:25;566
05/09/2025 14:30;732
05/09/2025 14:35;718
05/09/2025 14:40;708
05/09/2025 14:45;694
05/09/2025 14:50;657
05/09/2025 14:55;691
05/09/2025 15:00;675
05/09/2025 15:05;691
05/09/2025 15:10;675
05/09/2025 15:15;663
05/09/2025 15:20;651
05/09/2025 15:25;641
05/09/2025 15:30;631
05/09/2025 15:35;626
05/09/2025 15:40;619
05/09/2025 15:45;607
05/09/2025 15:50;596
05/09/2025 15:55;589
05/09/2025 16:00;575
05/09/2025 16:05;550
05/09/2025 16:10;560
05/09/2025 16:15;543
05/09/2025 16:20;536
05/09/2025 16:25;520
05/09/2025 16:30;506
05/09/2025 16:35;496
05/09/2025 16:40;485
05/09/2025 16:45;468
05/09/2025 16:50;455
05/09/2025 16:55;440
05/09/2025 17:00;428
05/09/2025 17:05;417
05/09/2025 17:10;404
05/09/2025 17:15;387
05/09/2025 17:20;367
05/09/2025 17:25;350
05/09/2025 17:30;329
05/09/2025 17:35;316
05/09/2025 17:40;289
05/09/2025 17:45;269
05/09/2025 17:50;207
05/09/2025 17:55;176
05/09/2025 18:00;174
05/09/2025 18:05;171
05/09/2025 18:10;152
05/09/2025 18:15;145
05/09/2025 18:20;139
05/09/2025 18:25;125
05/09/2025 18:30;103
05/09/2025 18:35;80
05/09/2025 18:40;77
05/09/2025 18:45;67
05/09/2025 18:50;67
05/09/2025 18:55;66
05/09/2025 19:00;57
05/09/2025 19:05;54
05/09/2025 19:10;47
05/09/2025 19:15;40
05/09/2025 19:20;39
05/09/2025 19:25;39
05/09/2025 19:30;39
05/09/2025 19:35;39
05/09/2025 19:40;39
05/09/2025 19:45;39
05/09/2025 19:50;39
05/09/2025 19:55;39
05/09/2025 20:00;39
05/09/2025 20:05;39
05/09/2025 20:10;39
05/09/2025 20:15;39
05/09/2025 20:20;39
05/09/2025 20:25;39
05/09/2025 20:30;39
06/09/2025 7:51;0
06/09/2025 7:52;0
06/09/2025 7:52;0
06/09/2025 7:53;0
06/09/2025 7:53;0
06/09/2025 7:55;0
06/09/2025 8:00;0
06/09/2025 8:05;0
06/09/2025 8:10;0
06/09/2025 8:15;39
06/09/2025 8:20;39
06/09/2025 8:25;39
06/09/2025 8:30;53
06/09/2025 8:35;39
06/09/2025 8:40;83
06/09/2025 8:45;157
06/09/2025 8:50;172
06/09/2025 8:55;199
06/09/2025 9:00;220
06/09/2025 9:05;238
06/09/2025 9:10;258
06/09/2025 9:15;278
06/09/2025 9:20;298
06/09/2025 9:25;318
06/09/2025 9:30;337
06/09/2025 9:35;354
06/09/2025 9:40;374
06/09/2025 9:45;393
06/09/2025 9:50;410
06/09/2025 9:55;426
06/09/2025 10:00;443
06/09/2025 10:05;454
06/09/2025 10:10;469
06/09/2025 10:15;482
06/09/2025 10:20;498
06/09/2025 10:25;510
06/09/2025 10:30;524
06/09/2025 10:35;537
06/09/2025 10:40;548
06/09/2025 10:45;559
06/09/2025 10:50;568
06/09/2025 10:55;584
06/09/2025 11:00;593
06/09/2025 11:05;606
06/09/2025 11:10;615
06/09/2025 11:15;619
06/09/2025 11:20;631
06/09/2025 11:25;640
06/09/2025 11:30;650
06/09/2025 11:35;657
06/09/2025 11:40;661
06/09/2025 11:45;677
06/09/2025 11:50;680
06/09/2025 11:55;689
06/09/2025 12:00;693
06/09/2025 12:05;695
06/09/2025 12:10;695
06/09/2025 12:15;704
06/09/2025 12:20;707
06/09/2025 12:25;713
06/09/2025 12:30;573
06/09/2025 12:35;506
06/09/2025 12:40;465
06/09/2025 12:45;465
06/09/2025 12:50;467
06/09/2025 12:55;690
06/09/2025 13:00;686
06/09/2025 13:05;646
06/09/2025 13:10;694
06/09/2025 13:15;633
06/09/2025 13:20;686
06/09/2025 13:25;715
06/09/2025 13:30;608
06/09/2025 13:35;631
06/09/2025 13:40;668
06/09/2025 13:45;39
06/09/2025 13:50;631
06/09/2025 13:55;566
06/09/2025 14:00;554
06/09/2025 14:05;661
06/09/2025 14:10;121
06/09/2025 14:15;666
06/09/2025 14:20;625
06/09/2025 14:25;672
06/09/2025 14:30;672
06/09/2025 14:35;665
06/09/2025 14:40;665
06/09/2025 14:45;658
06/09/2025 14:50;652
06/09/2025 14:55;460
06/09/2025 15:00;537
06/09/2025 15:05;643
06/09/2025 15:10;636
06/09/2025 15:15;638
06/09/2025 15:20;632
06/09/2025 15:25;623
06/09/2025 15:30;615
06/09/2025 15:35;606
06/09/2025 15:40;595
06/09/2025 15:45;582
06/09/2025 15:50;569
06/09/2025 15:55;562
06/09/2025 16:00;551
06/09/2025 16:05;542
06/09/2025 16:10;538
06/09/2025 16:15;523
06/09/2025 16:20;516
06/09/2025 16:25;500
06/09/2025 16:30;495
06/09/2025 16:35;486
06/09/2025 16:40;471
06/09/2025 16:45;452
06/09/2025 16:50;439
06/09/2025 16:55;428
06/09/2025 17:00;417
06/09/2025 17:05;401
06/09/2025 17:10;384
06/09/2025 17:15;367
06/09/2025 17:20;355
06/09/2025 17:25;340
06/09/2025 17:30;325
06/09/2025 17:35;309
06/09/2025 17:40;293
06/09/2025 17:45;254
06/09/2025 17:50;192
06/09/2025 17:55;179
06/09/2025 18:00;165
06/09/2025 18:05;153
06/09/2025 18:10;142
06/09/2025 18:15;131
06/09/2025 18:20;123
06/09/2025 18:25;109
06/09/2025 18:30;72
06/09/2025 18:35;61
06/09/2025 18:40;55
06/09/2025 18:45;49
06/09/2025 18:50;50
06/09/2025 18:55;45
06/09/2025 19:00;39
06/09/2025 19:05;39
06/09/2025 19:10;39
06/09/2025 19:15;39
06/09/2025 19:20;39
06/09/2025 19:25;39
06/09/2025 19:30;39
06/09/2025 19:35;39
06/09/2025 19:40;39
06/09/2025 19:45;39
06/09/2025 19:50;39
06/09/2025 19:55;39
06/09/2025 20:00;39
06/09/2025 20:05;39
06/09/2025 20:10;39
06/09/2025 20:15;0
06/09/2025 20:20;0
06/09/2025 20:25;0
07/09/2025 8:09;0
07/09/2025 8:09;0
07/09/2025 8:10;0
07/09/2025 8:10;0
07/09/2025 8:11;0
07/09/2025 8:21;0
07/09/2025 8:22;0
07/09/2025 8:22;0
07/09/2025 8:23;0
07/09/2025 8:23;0
07/09/2025 8:25;0
07/09/2025 8:30;0
07/09/2025 8:35;0
07/09/2025 8:40;39
07/09/2025 8:45;39
07/09/2025 8:50;39
07/09/2025 8:55;39
07/09/2025 9:00;39
07/09/2025 9:05;39
07/09/2025 9:10;39
07/09/2025 9:15;42
07/09/2025 9:20;49
07/09/2025 9:25;69
07/09/2025 9:30;79
07/09/2025 9:35;109
07/09/2025 9:40;166
07/09/2025 9:45;359
07/09/2025 9:50;273
07/09/2025 9:55;402
07/09/2025 10:00;429
07/09/2025 10:05;0
07/09/2025 10:10;136
07/09/2025 10:15;120
07/09/2025 10:20;127
07/09/2025 10:25;145
07/09/2025 10:30;164
07/09/2025 10:35;130
07/09/2025 10:40;115
07/09/2025 10:45;127
07/09/2025 10:50;133
07/09/2025 10:55;153
07/09/2025 11:00;179
07/09/2025 11:05;220
07/09/2025 11:10;229
07/09/2025 11:15;215
07/09/2025 11:20;199
07/09/2025 11:25;201
07/09/2025 11:30;191
07/09/2025 11:35;207
07/09/2025 11:40;217
07/09/2025 11:45;251
07/09/2025 11:50;225
07/09/2025 11:55;482
07/09/2025 12:00;331
07/09/2025 12:05;343
07/09/2025 12:10;358
07/09/2025 12:15;342
07/09/2025 12:20;383
07/09/2025 12:25;586
07/09/2025 12:30;499
07/09/2025 12:35;245
07/09/2025 12:40;286
07/09/2025 12:45;435
07/09/2025 12:50;447
07/09/2025 12:55;757
07/09/2025 13:00;471
07/09/2025 13:05;294
07/09/2025 13:10;292
07/09/2025 13:15;352
07/09/2025 13:20;535
07/09/2025 13:25;780
07/09/2025 13:30;552
07/09/2025 13:35;296
07/09/2025 13:40;382
07/09/2025 13:45;497
07/09/2025 13:50;268
07/09/2025 13:55;408
07/09/2025 14:00;473
07/09/2025 14:05;0
07/09/2025 14:10;404
07/09/2025 14:15;387
07/09/2025 14:20;414
07/09/2025 14:25;250
07/09/2025 14:30;666
07/09/2025 14:35;304
07/09/2025 14:40;264
07/09/2025 14:45;269
07/09/2025 14:50;249
07/09/2025 14:55;203
07/09/2025 15:00;208
07/09/2025 15:05;251
07/09/2025 15:10;222
07/09/2025 15:15;230
07/09/2025 15:20;267
07/09/2025 15:25;207
07/09/2025 15:30;198
07/09/2025 15:35;147
07/09/2025 15:40;152
07/09/2025 15:45;123
07/09/2025 15:50;141
07/09/2025 15:55;87
07/09/2025 16:00;83
07/09/2025 16:05;88
07/09/2025 16:10;68
07/09/2025 16:15;79
07/09/2025 16:20;84
07/09/2025 16:25;105
07/09/2025 16:30;158
07/09/2025 16:35;184
07/09/2025 16:40;139
07/09/2025 16:45;110
07/09/2025 16:50;101
07/09/2025 16:55;94
07/09/2025 17:00;137
07/09/2025 17:05;119
07/09/2025 17:10;107
07/09/2025 17:15;48
07/09/2025 17:20;61
07/09/2025 17:25;51
07/09/2025 17:30;59
07/09/2025 17:35;39
07/09/2025 17:40;39
07/09/2025 17:45;55
07/09/2025 17:50;39
07/09/2025 17:55;39
07/09/2025 18:00;39
07/09/2025 18:05;39
07/09/2025 18:10;42
07/09/2025 18:15;39
07/09/2025 18:20;48
07/09/2025 18:25;67
07/09/2025 18:30;39
07/09/2025 18:35;46
07/09/2025 18:40;46
07/09/2025 18:45;39
07/09/2025 18:50;39
07/09/2025 18:55;39
07/09/2025 19:00;39
07/09/2025 19:05;0
07/09/2025 19:10;0
07/09/2025 19:15;0
07/09/2025 19:20;0
07/09/2025 19:25;39
07/09/2025 19:30;39
07/09/2025 19:35;39
07/09/2025 19:40;0
07/09/2025 19:45;0
07/09/2025 19:45;0
07/09/2025 19:46;0
07/09/2025 19:46;0
07/09/2025 19:47;0
07/09/2025 19:50;0
07/09/2025 19:55;0
08/09/2025 7:56;0
08/09/2025 7:57;0
08/09/2025 7:57;0
08/09/2025 7:58;0
08/09/2025 7:58;0
08/09/2025 8:00;0
08/09/2025 8:05;0
08/09/2025 8:10;0
08/09/2025 8:15;39
08/09/2025 8:20;39
08/09/2025 8:25;39
08/09/2025 8:30;39
08/09/2025 8:35;39
08/09/2025 8:40;39
08/09/2025 8:45;39
08/09/2025 8:50;39
08/09/2025 8:55;39
08/09/2025 9:00;39
08/09/2025 9:05;39
08/09/2025 9:10;39
08/09/2025 9:15;39
08/09/2025 9:20;39
08/09/2025 9:25;39
08/09/2025 9:30;39
08/09/2025 9:35;41
08/09/2025 9:40;39
08/09/2025 9:45;39
08/09/2025 9:50;39
08/09/2025 9:55;39
08/09/2025 10:00;41
08/09/2025 10:05;46
08/09/2025 10:10;48
08/09/2025 10:15;63
08/09/2025 10:20;94
08/09/2025 10:25;97
08/09/2025 10:30;80
08/09/2025 10:35;83
08/09/2025 10:40;74
08/09/2025 10:45;59
08/09/2025 10:50;84
08/09/2025 10:55;92
08/09/2025 11:00;82
08/09/2025 11:05;94
08/09/2025 11:10;108
08/09/2025 11:15;107
08/09/2025 11:20;98
08/09/2025 11:25;106
08/09/2025 11:30;130
08/09/2025 11:35;150
08/09/2025 11:40;181
08/09/2025 11:45;206
08/09/2025 11:50;200
08/09/2025 11:55;180
08/09/2025 12:00;160
08/09/2025 12:05;164
08/09/2025 12:10;239
08/09/2025 12:15;289
08/09/2025 12:20;386
08/09/2025 12:25;241
08/09/2025 12:30;232
08/09/2025 12:35;218
08/09/2025 12:40;210
08/09/2025 12:45;210
08/09/2025 12:50;201
08/09/2025 12:55;159
08/09/2025 13:00;127
08/09/2025 13:05;115
08/09/2025 13:10;112
08/09/2025 13:15;118
08/09/2025 13:20;148
08/09/2025 13:25;170
08/09/2025 13:30;125
08/09/2025 13:35;126
08/09/2025 13:40;154
08/09/2025 13:45;194
08/09/2025 13:50;232
08/09/2025 13:55;245
08/09/2025 14:00;248
08/09/2025 14:05;227
08/09/2025 14:10;251
08/09/2025 14:15;227
08/09/2025 14:20;122
08/09/2025 14:25;39
08/09/2025 14:30;95
08/09/2025 14:35;175
08/09/2025 14:40;161
08/09/2025 14:45;131
08/09/2025 14:50;108
08/09/2025 14:55;109
08/09/2025 15:00;136
08/09/2025 15:05;162
08/09/2025 15:10;151
08/09/2025 15:15;99
08/09/2025 15:20;91
08/09/2025 15:25;101
08/09/2025 15:30;79
08/09/2025 15:35;62
08/09/2025 15:40;56
08/09/2025 15:45;63
08/09/2025 15:50;78
08/09/2025 15:55;142
08/09/2025 15:57;0
08/09/2025 15:57;0
08/09/2025 15:58;0
08/09/2025 16:00;137
08/09/2025 16:05;110
08/09/2025 16:10;106
08/09/2025 16:15;0
08/09/2025 16:20;98
08/09/2025 16:25;105
08/09/2025 16:30;97
08/09/2025 16:35;86
08/09/2025 16:40;122
08/09/2025 16:44;0
08/09/2025 16:44;0
08/09/2025 16:45;110
08/09/2025 16:50;79
08/09/2025 16:55;69
08/09/2025 17:00;59
08/09/2025 17:05;41
08/09/2025 17:10;42
08/09/2025 17:15;52
08/09/2025 17:20;79
08/09/2025 17:25;93
08/09/2025 17:30;105
08/09/2025 17:35;103
08/09/2025 17:40;131
08/09/2025 17:45;139
08/09/2025 17:50;92
08/09/2025 17:55;72
08/09/2025 18:00;72
08/09/2025 18:05;67
08/09/2025 18:10;69
08/09/2025 18:15;59
08/09/2025 18:20;53
08/09/2025 18:25;39
08/09/2025 18:30;39
08/09/2025 18:35;39
08/09/2025 18:40;39
08/09/2025 18:45;39
08/09/2025 18:50;39
08/09/2025 18:55;39
08/09/2025 19:00;39
08/09/2025 19:05;39
08/09/2025 19:10;39
08/09/2025 19:15;39
08/09/2025 19:20;39
09/09/2025 7:54;0
09/09/2025 7:55;0
09/09/2025 7:55;0
09/09/2025 7:56;0
09/09/2025 7:56;0
09/09/2025 8:00;0
09/09/2025 8:05;0
09/09/2025 8:10;0
09/09/2025 8:15;39
09/09/2025 8:20;39
09/09/2025 8:25;39
09/09/2025 8:30;73
09/09/2025 8:35;52
09/09/2025 8:40;49
09/09/2025 8:45;57
09/09/2025 8:50;202
09/09/2025 8:55;256
09/09/2025 9:00;284
09/09/2025 9:05;98
09/09/2025 9:10;88
09/09/2025 9:15;89
09/09/2025 9:20;90
09/09/2025 9:25;88
09/09/2025 9:30;116
09/09/2025 9:35;133
09/09/2025 9:40;138
09/09/2025 9:45;129
09/09/2025 9:50;125
09/09/2025 9:55;138
09/09/2025 10:00;162
09/09/2025 10:05;192
09/09/2025 10:10;220
09/09/2025 10:15;159
09/09/2025 10:20;146
09/09/2025 10:25;168
09/09/2025 10:30;189
09/09/2025 10:35;247
09/09/2025 10:40;710
09/09/2025 10:45;531
09/09/2025 10:50;519
09/09/2025 10:55;0
09/09/2025 11:00;720
09/09/2025 11:05;0
09/09/2025 11:10;677
09/09/2025 11:15;0
09/09/2025 11:20;219
09/09/2025 11:23;205
09/09/2025 11:24;233
09/09/2025 11:24;225
09/09/2025 11:25;239
09/09/2025 11:30;330
09/09/2025 11:35;375
09/09/2025 11:40;330
09/09/2025 11:45;319
09/09/2025 11:50;541
09/09/2025 11:55;721
09/09/2025 12:00;674
09/09/2025 12:05;255
09/09/2025 12:10;234
09/09/2025 12:15;249
09/09/2025 12:20;205
09/09/2025 12:25;202
09/09/2025 12:30;175
09/09/2025 12:35;191
09/09/2025 12:40;171
09/09/2025 12:45;168
09/09/2025 12:50;180
09/09/2025 12:55;261
09/09/2025 13:00;249
09/09/2025 13:05;774
09/09/2025 13:10;664
09/09/2025 13:15;716
09/09/2025 13:20;754
09/09/2025 13:25;493
09/09/2025 13:30;780
09/09/2025 13:35;775
09/09/2025 13:40;756
09/09/2025 13:45;780
09/09/2025 13:50;780
09/09/2025 13:55;695
09/09/2025 14:00;747
09/09/2025 14:05;429
09/09/2025 14:10;294
09/09/2025 14:15;301
09/09/2025 14:20;305
09/09/2025 14:25;287
09/09/2025 14:30;707
09/09/2025 14:35;758
09/09/2025 14:40;540
09/09/2025 14:45;537
09/09/2025 14:50;780
09/09/2025 14:55;677
09/09/2025 15:00;633
09/09/2025 15:05;602
09/09/2025 15:10;390
09/09/2025 15:15;229
09/09/2025 15:20;483
09/09/2025 15:25;376
09/09/2025 15:30;424
09/09/2025 15:35;467
09/09/2025 15:40;747
09/09/2025 15:45;630
09/09/2025 15:50;216
09/09/2025 15:55;393
09/09/2025 16:00;568
09/09/2025 16:05;357
09/09/2025 16:10;607
09/09/2025 16:15;254
09/09/2025 16:20;227
09/09/2025 16:25;242
09/09/2025 16:30;459
09/09/2025 16:35;633
09/09/2025 16:40;552
09/09/2025 16:45;443
09/09/2025 16:50;509
09/09/2025 16:55;541
09/09/2025 17:00;318
09/09/2025 17:05;190
09/09/2025 17:10;213
09/09/2025 17:15;220
09/09/2025 17:20;234
09/09/2025 17:25;209
09/09/2025 17:30;201
09/09/2025 17:35;157
09/09/2025 17:40;127
09/09/2025 17:45;179
09/09/2025 17:50;307
09/09/2025 17:55;275
09/09/2025 18:00;212
09/09/2025 18:05;113
09/09/2025 18:10;99
09/09/2025 18:15;120
09/09/2025 18:20;135
09/09/2025 18:25;112
09/09/2025 18:30;96
09/09/2025 18:35;96
09/09/2025 18:40;100
09/09/2025 18:45;95
09/09/2025 18:50;130
09/09/2025 18:55;124
09/09/2025 19:00;78
09/09/2025 19:05;69
09/09/2025 19:10;69
09/09/2025 19:15;59
09/09/2025 19:20;39
09/09/2025 19:25;39
09/09/2025 19:30;39
09/09/2025 19:35;39
09/09/2025 19:40;39
09/09/2025 19:45;39
09/09/2025 19:50;39
09/09/2025 19:55;39
09/09/2025 20:00;39
09/09/2025 20:05;39
09/09/2025 20:10;39
10/09/2025 8:09;0
10/09/2025 8:09;0
10/09/2025 8:10;0
10/09/2025 8:10;0
10/09/2025 8:11;0
10/09/2025 8:15;0
10/09/2025 8:20;0
10/09/2025 8:25;0
10/09/2025 8:30;0
10/09/2025 8:35;0
10/09/2025 8:40;0
10/09/2025 8:45;0
10/09/2025 8:50;0
10/09/2025 8:55;39
10/09/2025 9:00;39
10/09/2025 9:05;39
10/09/2025 9:10;39
10/09/2025 9:15;39
10/09/2025 9:20;39
10/09/2025 9:25;39
10/09/2025 9:30;75
10/09/2025 9:35;117
10/09/2025 9:40;46
10/09/2025 9:45;39
10/09/2025 9:50;40
10/09/2025 9:55;39
10/09/2025 10:00;39
10/09/2025 10:05;51
10/09/2025 10:10;39
10/09/2025 10:15;39
10/09/2025 10:20;44
10/09/2025 10:25;82
10/09/2025 10:30;93
10/09/2025 10:35;78
10/09/2025 10:40;108
10/09/2025 10:45;82
10/09/2025 10:50;133
10/09/2025 10:55;137
10/09/2025 11:00;100
10/09/2025 11:05;113
10/09/2025 11:10;79
10/09/2025 11:15;77
10/09/2025 11:20;89
10/09/2025 11:25;99
10/09/2025 11:30;92
10/09/2025 11:35;121
10/09/2025 11:40;104
10/09/2025 11:45;131
10/09/2025 11:50;158
10/09/2025 11:55;187
10/09/2025 12:00;154
10/09/2025 12:05;133
10/09/2025 12:10;117
10/09/2025 12:15;145
10/09/2025 12:20;205
10/09/2025 12:25;221
10/09/2025 12:30;185
10/09/2025 12:35;145
10/09/2025 12:40;153
10/09/2025 12:45;186
10/09/2025 12:50;120
10/09/2025 12:55;188
10/09/2025 13:00;220
10/09/2025 13:05;204
10/09/2025 13:10;170
10/09/2025 13:15;166
10/09/2025 13:20;209
10/09/2025 13:25;188
10/09/2025 13:30;170
10/09/2025 13:35;185
10/09/2025 13:40;283
10/09/2025 13:45;203
10/09/2025 13:50;162
10/09/2025 13:55;144
10/09/2025 14:00;193
10/09/2025 14:05;149
10/09/2025 14:10;117
10/09/2025 14:15;69
10/09/2025 14:20;132
10/09/2025 14:25;133
10/09/2025 14:30;44
10/09/2025 14:35;128
10/09/2025 14:40;91
10/09/2025 14:45;122
10/09/2025 14:50;147
10/09/2025 14:55;50
10/09/2025 15:00;139
10/09/2025 15:05;148
10/09/2025 15:10;60
10/09/2025 15:15;108
10/09/2025 15:20;101
10/09/2025 15:25;58
10/09/2025 15:30;101
10/09/2025 15:35;72
10/09/2025 15:40;181
10/09/2025 15:45;124
10/09/2025 15:50;43
10/09/2025 15:55;82
10/09/2025 16:00;39
10/09/2025 16:05;49
10/09/2025 16:10;74
10/09/2025 16:15;116
10/09/2025 16:20;93
10/09/2025 16:25;113
10/09/2025 16:30;132
10/09/2025 16:35;55
10/09/2025 16:40;81
10/09/2025 16:45;121
10/09/2025 16:50;71
10/09/2025 16:55;125
10/09/2025 17:00;92
10/09/2025 17:05;122
10/09/2025 17:10;85
10/09/2025 17:15;58
10/09/2025 17:20;40
10/09/2025 17:25;43
10/09/2025 17:30;42
10/09/2025 17:35;39
10/09/2025 17:40;39
10/09/2025 17:45;40
10/09/2025 17:50;46
10/09/2025 17:55;39
10/09/2025 18:00;39
10/09/2025 18:05;39
10/09/2025 18:10;39
10/09/2025 18:15;79
10/09/2025 18:20;92
10/09/2025 18:25;97
10/09/2025 18:30;88
10/09/2025 18:35;63
10/09/2025 18:40;39
10/09/2025 18:45;39
10/09/2025 18:50;39
10/09/2025 18:55;39
10/09/2025 19:00;39
10/09/2025 19:05;39
10/09/2025 19:10;39
10/09/2025 19:15;39
10/09/2025 19:20;39
10/09/2025 19:25;39
10/09/2025 19:30;39
10/09/2025 19:35;39
10/09/2025 19:40;39
10/09/2025 19:45;39
10/09/2025 19:50;39
10/09/2025 19:55;39
10/09/2025 20:00;39
11/09/2025 7:54;0
11/09/2025 7:55;0
11/09/2025 7:55;0
11/09/2025 7:56;0
11/09/2025 7:56;0
11/09/2025 8:00;0
11/09/2025 8:05;0
11/09/2025 8:10;0
11/09/2025 8:15;39
11/09/2025 8:20;39
11/09/2025 8:25;39
11/09/2025 8:30;39
11/09/2025 8:35;82
11/09/2025 8:40;39
11/09/2025 8:45;55
11/09/2025 8:50;195
11/09/2025 8:55;118
11/09/2025 9:00;90
11/09/2025 9:05;88
11/09/2025 9:10;279
11/09/2025 9:15;319
11/09/2025 9:20;338
11/09/2025 9:25;125
11/09/2025 9:30;267
11/09/2025 9:35;363
11/09/2025 9:40;383
11/09/2025 9:45;423
11/09/2025 9:50;339
11/09/2025 9:55;436
11/09/2025 10:00;529
11/09/2025 10:05;256
11/09/2025 10:10;276
11/09/2025 10:15;323
11/09/2025 10:20;366
11/09/2025 10:25;613
11/09/2025 10:30;325
11/09/2025 10:35;465
11/09/2025 10:40;437
11/09/2025 10:45;479
11/09/2025 10:50;503
11/09/2025 10:55;309
11/09/2025 11:00;274
11/09/2025 11:05;592
11/09/2025 11:10;532
11/09/2025 11:15;590
11/09/2025 11:20;610
11/09/2025 11:25;643
11/09/2025 11:30;650
11/09/2025 11:35;466
11/09/2025 11:40;468
11/09/2025 11:45;561
11/09/2025 11:50;272
11/09/2025 11:55;337
11/09/2025 12:00;182
11/09/2025 12:05;149
11/09/2025 12:10;135
11/09/2025 12:15;152
11/09/2025 12:20;211
11/09/2025 12:25;258
11/09/2025 12:30;267
11/09/2025 12:35;368
11/09/2025 12:40;352
11/09/2025 12:45;303
11/09/2025 12:50;209
11/09/2025 12:55;232
11/09/2025 13:00;251
11/09/2025 13:05;267
11/09/2025 13:10;159
11/09/2025 13:15;247
11/09/2025 13:20;169
11/09/2025 13:25;194
11/09/2025 13:30;199
11/09/2025 13:35;117
11/09/2025 13:40;101
11/09/2025 13:45;86
11/09/2025 13:50;90
11/09/2025 13:55;276
11/09/2025 14:00;647
11/09/2025 14:05;670
11/09/2025 14:10;729
11/09/2025 14:15;343
11/09/2025 14:20;373
11/09/2025 14:25;277
11/09/2025 14:30;240
11/09/2025 14:35;296
11/09/2025 14:40;327
11/09/2025 14:45;305
11/09/2025 14:50;254
11/09/2025 14:55;259
11/09/2025 15:00;355
11/09/2025 15:05;256
11/09/2025 15:10;771
11/09/2025 15:15;337
11/09/2025 15:20;240
11/09/2025 15:25;228
11/09/2025 15:30;247
11/09/2025 15:35;256
11/09/2025 15:40;288
11/09/2025 15:45;201
11/09/2025 15:50;155
11/09/2025 15:55;194
11/09/2025 16:00;103
11/09/2025 16:05;80
11/09/2025 16:10;105
11/09/2025 16:15;73
11/09/2025 16:20;83
11/09/2025 16:25;109
11/09/2025 16:30;104
11/09/2025 16:35;56
11/09/2025 16:40;69
11/09/2025 16:45;128
11/09/2025 16:50;61
11/09/2025 16:55;73
11/09/2025 17:00;63
11/09/2025 17:05;118
11/09/2025 17:10;122
11/09/2025 17:15;126
11/09/2025 17:20;86
11/09/2025 17:25;102
11/09/2025 17:30;65
11/09/2025 17:35;69
11/09/2025 17:40;57
11/09/2025 17:45;39
11/09/2025 17:50;39
11/09/2025 17:55;39
11/09/2025 18:00;39
11/09/2025 18:05;39
11/09/2025 18:10;39
11/09/2025 18:15;39
11/09/2025 18:20;39
11/09/2025 18:25;39
11/09/2025 18:30;39
11/09/2025 18:35;39
11/09/2025 18:40;39
11/09/2025 18:45;39
11/09/2025 18:50;39
11/09/2025 18:55;39
11/09/2025 19:00;39
11/09/2025 19:05;39
11/09/2025 19:10;39
11/09/2025 19:15;0
11/09/2025 19:20;0
11/09/2025 19:25;0
11/09/2025 19:30;39
11/09/2025 19:35;39
11/09/2025 19:40;39
11/09/2025 19:45;39
11/09/2025 19:50;39
11/09/2025 19:55;39
11/09/2025 20:00;0
11/09/2025 20:05;0
12/09/2025 8:18;0
12/09/2025 8:18;0
12/09/2025 8:19;0
12/09/2025 8:19;0
12/09/2025 8:20;0
12/09/2025 8:25;0
12/09/2025 8:30;0
12/09/2025 8:35;0
12/09/2025 8:40;0
12/09/2025 8:45;0
12/09/2025 8:50;0
12/09/2025 8:55;0
12/09/2025 9:00;0
12/09/2025 9:05;39
12/09/2025 9:10;39
12/09/2025 9:15;39
12/09/2025 9:20;39
12/09/2025 9:25;39
12/09/2025 9:30;39
12/09/2025 9:35;39
12/09/2025 9:40;39
12/09/2025 9:45;39
12/09/2025 9:50;40
12/09/2025 9:55;39
12/09/2025 10:00;57
12/09/2025 10:05;57
12/09/2025 10:10;48
12/09/2025 10:15;64
12/09/2025 10:20;73
12/09/2025 10:25;61
12/09/2025 10:30;66
12/09/2025 10:35;70
12/09/2025 10:40;88
12/09/2025 10:45;104
12/09/2025 10:50;153
12/09/2025 10:55;146
12/09/2025 11:00;183
12/09/2025 11:05;171
12/09/2025 11:10;171
12/09/2025 11:15;244
12/09/2025 11:20;308
12/09/2025 11:25;279
12/09/2025 11:30;176
12/09/2025 11:35;325
12/09/2025 11:40;275
12/09/2025 11:45;224
12/09/2025 11:50;181
12/09/2025 11:55;145
12/09/2025 12:00;133
12/09/2025 12:05;162
12/09/2025 12:10;128
12/09/2025 12:15;105
12/09/2025 12:20;101
12/09/2025 12:25;107
12/09/2025 12:30;73
12/09/2025 12:35;68
12/09/2025 12:40;104
12/09/2025 12:45;204
12/09/2025 12:50;221
12/09/2025 12:55;298
12/09/2025 13:00;190
12/09/2025 13:05;228
12/09/2025 13:10;159
12/09/2025 13:15;232
12/09/2025 13:20;192
12/09/2025 13:25;172
12/09/2025 13:30;254
12/09/2025 13:35;257
12/09/2025 13:40;273
12/09/2025 13:45;313
12/09/2025 13:50;205
12/09/2025 13:55;378
12/09/2025 14:00;266
12/09/2025 14:05;0
12/09/2025 14:10;230
12/09/2025 14:15;262
12/09/2025 14:20;249
12/09/2025 14:25;177
12/09/2025 14:30;241
12/09/2025 14:35;236
12/09/2025 14:40;335
12/09/2025 14:45;475
12/09/2025 14:50;358
12/09/2025 14:55;254
12/09/2025 15:00;341
12/09/2025 15:05;291
12/09/2025 15:10;230
12/09/2025 15:15;245
12/09/2025 15:20;250
12/09/2025 15:25;271
12/09/2025 15:30;0
12/09/2025 15:35;267
12/09/2025 15:40;153
12/09/2025 15:45;133
12/09/2025 15:50;120
12/09/2025 15:55;129
12/09/2025 15:57;141
12/09/2025 15:58;138
12/09/2025 15:58;136
12/09/2025 16:00;126
12/09/2025 16:05;117
12/09/2025 16:10;124
12/09/2025 16:15;119
12/09/2025 16:20;119
12/09/2025 16:25;120
12/09/2025 16:30;112
12/09/2025 16:35;106
12/09/2025 16:40;97
12/09/2025 16:45;101
12/09/2025 16:50;98
12/09/2025 16:55;101
12/09/2025 17:00;98
12/09/2025 17:05;85
12/09/2025 17:10;78
12/09/2025 17:15;87
12/09/2025 17:20;92
12/09/2025 17:25;80
12/09/2025 17:30;76
12/09/2025 17:35;80
12/09/2025 17:40;81
12/09/2025 17:45;93
12/09/2025 17:50;86
12/09/2025 17:55;79
12/09/2025 18:00;72
12/09/2025 18:05;63
12/09/2025 18:10;57
12/09/2025 18:15;49
12/09/2025 18:20;71
12/09/2025 18:25;62
12/09/2025 18:30;46
12/09/2025 18:35;39
12/09/2025 18:40;39
12/09/2025 18:45;39
12/09/2025 18:50;39
12/09/2025 18:55;39
12/09/2025 19:00;39
12/09/2025 19:05;39
12/09/2025 19:10;39
12/09/2025 19:15;39
12/09/2025 19:20;39
12/09/2025 19:25;39
12/09/2025 19:30;39
12/09/2025 19:35;39
12/09/2025 19:40;39
12/09/2025 19:45;39
12/09/2025 19:50;39
12/09/2025 19:55;39
12/09/2025 20:00;39
12/09/2025 20:05;39
13/09/2025 8:05;0
13/09/2025 8:06;0
13/09/2025 8:06;0
13/09/2025 8:07;0
13/09/2025 8:07;0
13/09/2025 8:10;0
13/09/2025 8:15;0
13/09/2025 8:20;0
13/09/2025 8:25;0
13/09/2025 8:30;39
13/09/2025 8:35;39
13/09/2025 8:40;39
13/09/2025 8:45;39
13/09/2025 8:50;39
13/09/2025 8:55;39
13/09/2025 9:00;39
13/09/2025 9:05;39
13/09/2025 9:10;46
13/09/2025 9:15;131
13/09/2025 9:20;178
13/09/2025 9:25;92
13/09/2025 9:30;97
13/09/2025 9:35;263
13/09/2025 9:40;145
13/09/2025 9:45;376
13/09/2025 9:50;338
13/09/2025 9:55;348
13/09/2025 10:00;340
13/09/2025 10:05;345
13/09/2025 10:10;451
13/09/2025 10:15;403
13/09/2025 10:20;517
13/09/2025 10:25;459
13/09/2025 10:30;499
13/09/2025 10:35;410
13/09/2025 10:40;571
13/09/2025 10:45;587
13/09/2025 10:50;604
13/09/2025 10:55;579
13/09/2025 11:00;606
13/09/2025 11:05;564
13/09/2025 11:10;578
13/09/2025 11:15;592
13/09/2025 11:20;619
13/09/2025 11:25;622
13/09/2025 11:30;638
13/09/2025 11:35;660
13/09/2025 11:40;410
13/09/2025 11:45;469
13/09/2025 11:50;662
13/09/2025 11:55;664
13/09/2025 12:00;660
13/09/2025 12:05;672
13/09/2025 12:10;671
13/09/2025 12:15;675
13/09/2025 12:20;683
13/09/2025 12:25;673
13/09/2025 12:30;541
13/09/2025 12:35;485
13/09/2025 12:40;140
13/09/2025 12:45;530
13/09/2025 12:50;709
13/09/2025 12:55;687
13/09/2025 13:00;716
13/09/2025 13:05;634
13/09/2025 13:10;642
13/09/2025 13:15;516
13/09/2025 13:20;675
13/09/2025 13:25;525
13/09/2025 13:30;482
13/09/2025 13:35;459
13/09/2025 13:40;696
13/09/2025 13:45;688
13/09/2025 13:50;655
13/09/2025 13:55;638
13/09/2025 14:00;641
13/09/2025 14:05;696
13/09/2025 14:10;638
13/09/2025 14:15;605
13/09/2025 14:20;619
13/09/2025 14:25;567
13/09/2025 14:30;499
13/09/2025 14:35;572
13/09/2025 14:40;562
13/09/2025 14:45;550
13/09/2025 14:50;580
13/09/2025 14:55;541
13/09/2025 15:00;555
13/09/2025 15:05;539
13/09/2025 15:10;502
13/09/2025 15:15;494
13/09/2025 15:20;495
13/09/2025 15:25;276
13/09/2025 15:30;564
13/09/2025 15:35;534
13/09/2025 15:40;528
13/09/2025 15:45;473
13/09/2025 15:50;422
13/09/2025 15:55;379
13/09/2025 16:00;389
13/09/2025 16:05;397
13/09/2025 16:10;334
13/09/2025 16:15;507
13/09/2025 16:20;550
13/09/2025 16:25;532
13/09/2025 16:30;459
13/09/2025 16:35;464
13/09/2025 16:40;371
13/09/2025 16:45;324
13/09/2025 16:50;319
13/09/2025 16:55;400
13/09/2025 17:00;294
13/09/2025 17:05;306
13/09/2025 17:10;274
13/09/2025 17:15;316
13/09/2025 17:20;392
13/09/2025 17:25;419
13/09/2025 17:30;280
13/09/2025 17:35;253
13/09/2025 17:40;246
13/09/2025 17:45;236
13/09/2025 17:50;218
13/09/2025 17:55;207
13/09/2025 18:00;200
13/09/2025 18:05;174
13/09/2025 18:10;153
13/09/2025 18:15;109
13/09/2025 18:20;92
13/09/2025 18:25;88
13/09/2025 18:30;89
13/09/2025 18:35;79
13/09/2025 18:40;74
13/09/2025 18:45;62
13/09/2025 18:50;55
13/09/2025 18:55;42
13/09/2025 19:00;39
13/09/2025 19:05;39
13/09/2025 19:10;39
13/09/2025 19:15;39
13/09/2025 19:20;39
13/09/2025 19:25;39
13/09/2025 19:30;39
13/09/2025 19:35;39
13/09/2025 19:40;39
13/09/2025 19:45;39
13/09/2025 19:50;39
13/09/2025 19:55;39
13/09/2025 20:00;39
13/09/2025 20:05;39
13/09/2025 20:10;39
13/09/2025 20:15;39
13/09/2025 20:20;39
14/09/2025 8:08;0
14/09/2025 8:09;0
14/09/2025 8:09;0
14/09/2025 8:10;0
14/09/2025 8:10;0
14/09/2025 8:15;0
14/09/2025 8:20;0
14/09/2025 8:25;0
14/09/2025 8:30;39
14/09/2025 8:35;39
14/09/2025 8:40;39
14/09/2025 8:45;39
14/09/2025 8:50;39
14/09/2025 8:55;39
14/09/2025 9:00;39
14/09/2025 9:05;39
14/09/2025 9:10;57
14/09/2025 9:15;72
14/09/2025 9:20;82
14/09/2025 9:25;185
14/09/2025 9:30;406
14/09/2025 9:35;272
14/09/2025 9:40;127
14/09/2025 9:45;506
14/09/2025 9:50;320
14/09/2025 9:55;483
14/09/2025 10:00;476
14/09/2025 10:05;510
14/09/2025 10:10;238
14/09/2025 10:15;410
14/09/2025 10:20;547
14/09/2025 10:25;432
14/09/2025 10:30;415
14/09/2025 10:35;567
14/09/2025 10:40;544
14/09/2025 10:45;544
14/09/2025 10:50;552
14/09/2025 10:55;567
14/09/2025 11:00;578
14/09/2025 11:05;586
14/09/2025 11:10;593
14/09/2025 11:15;602
14/09/2025 11:20;614
14/09/2025 11:25;620
14/09/2025 11:30;623
14/09/2025 11:35;627
14/09/2025 11:40;638
14/09/2025 11:45;644
14/09/2025 11:50;652
14/09/2025 11:55;658
14/09/2025 12:00;660
14/09/2025 12:05;668
14/09/2025 12:10;684
14/09/2025 12:15;647
14/09/2025 12:20;709
14/09/2025 12:25;551
14/09/2025 12:30;464
14/09/2025 12:35;455
14/09/2025 12:40;453
14/09/2025 12:45;454
14/09/2025 12:50;456
14/09/2025 12:55;458
14/09/2025 13:00;458
14/09/2025 13:05;461
14/09/2025 13:10;459
14/09/2025 13:15;460
14/09/2025 13:20;460
14/09/2025 13:25;460
14/09/2025 13:30;460
14/09/2025 13:35;459
14/09/2025 13:40;458
14/09/2025 13:45;456
14/09/2025 13:50;456
14/09/2025 13:55;456
14/09/2025 14:00;453
14/09/2025 14:05;451
14/09/2025 14:10;448
14/09/2025 14:15;445
14/09/2025 14:20;443
14/09/2025 14:25;498
14/09/2025 14:30;659
14/09/2025 14:35;659
14/09/2025 14:40;657
14/09/2025 14:45;654
14/09/2025 14:50;645
14/09/2025 14:55;646
14/09/2025 15:00;637
14/09/2025 15:05;627
14/09/2025 15:10;624
14/09/2025 15:15;617
14/09/2025 15:20;610
14/09/2025 15:25;605
14/09/2025 15:30;595
14/09/2025 15:35;593
14/09/2025 15:40;581
14/09/2025 15:45;576
14/09/2025 15:50;567
14/09/2025 15:55;559
14/09/2025 16:00;550
14/09/2025 16:05;534
14/09/2025 16:10;521
14/09/2025 16:15;514
14/09/2025 16:20;503
14/09/2025 16:25;490
14/09/2025 16:30;478
14/09/2025 16:35;467
14/09/2025 16:40;452
14/09/2025 16:45;438
14/09/2025 16:50;425
14/09/2025 16:55;410
14/09/2025 17:00;402
14/09/2025 17:05;386
14/09/2025 17:10;371
14/09/2025 17:15;356
14/09/2025 17:20;342
14/09/2025 17:25;323
14/09/2025 17:30;252
14/09/2025 17:35;197
14/09/2025 17:40;188
14/09/2025 17:45;179
14/09/2025 17:50;169
14/09/2025 17:55;161
14/09/2025 18:00;142
14/09/2025 18:05;132
14/09/2025 18:10;107
14/09/2025 18:15;62
14/09/2025 18:20;82
14/09/2025 18:25;67
14/09/2025 18:30;51
14/09/2025 18:35;49
14/09/2025 18:40;46
14/09/2025 18:45;40
14/09/2025 18:50;39
14/09/2025 18:55;39
14/09/2025 19:00;39
14/09/2025 19:05;39
14/09/2025 19:10;39
14/09/2025 19:15;39
14/09/2025 19:20;39
14/09/2025 19:25;39
14/09/2025 19:30;39
14/09/2025 19:35;39
14/09/2025 19:40;39
14/09/2025 19:45;39
14/09/2025 19:50;39
14/09/2025 19:55;39
14/09/2025 20:00;0
14/09/2025 20:05;0
14/09/2025 20:10;0
15/09/2025 8:04;0
15/09/2025 8:05;0
15/09/2025 8:05;0
15/09/2025 8:06;0
15/09/2025 8:06;0
15/09/2025 8:10;0
15/09/2025 8:15;0
15/09/2025 8:20;39
15/09/2025 8:25;39
15/09/2025 8:30;39
15/09/2025 8:35;39
15/09/2025 8:40;141
15/09/2025 8:45;136
15/09/2025 8:50;107
15/09/2025 8:55;95
15/09/2025 9:00;71
15/09/2025 9:05;59
15/09/2025 9:10;144
15/09/2025 9:15;101
15/09/2025 9:20;75
15/09/2025 9:25;112
15/09/2025 9:30;83
15/09/2025 9:35;118
15/09/2025 9:40;381
15/09/2025 9:45;438
15/09/2025 9:50;201
15/09/2025 9:55;143
15/09/2025 10:00;106
15/09/2025 10:05;94
15/09/2025 10:10;107
15/09/2025 10:15;86
15/09/2025 10:20;66
15/09/2025 10:25;39
15/09/2025 10:30;39
15/09/2025 10:35;50
15/09/2025 10:40;39
15/09/2025 10:45;60
15/09/2025 10:50;39
15/09/2025 10:55;39
15/09/2025 11:00;39
15/09/2025 11:05;39
15/09/2025 11:10;39
15/09/2025 11:15;39
15/09/2025 11:20;39
15/09/2025 11:25;39
15/09/2025 11:30;39
15/09/2025 11:35;40
15/09/2025 11:40;39
15/09/2025 11:45;39
15/09/2025 11:50;69
15/09/2025 11:55;78
15/09/2025 12:00;50
15/09/2025 12:05;39
15/09/2025 12:10;68
15/09/2025 12:15;71
15/09/2025 12:20;60
15/09/2025 12:25;69
15/09/2025 12:30;42
15/09/2025 12:35;77
15/09/2025 12:40;39
15/09/2025 12:45;44
15/09/2025 12:50;72
15/09/2025 12:55;66
15/09/2025 13:00;77
15/09/2025 13:05;57
15/09/2025 13:10;80
15/09/2025 13:15;88
15/09/2025 13:20;90
15/09/2025 13:25;151
15/09/2025 13:30;134
15/09/2025 13:35;103
15/09/2025 13:40;128
15/09/2025 13:45;132
15/09/2025 13:50;124
15/09/2025 13:55;147
15/09/2025 14:00;110
15/09/2025 14:05;109
15/09/2025 14:10;124
15/09/2025 14:15;112
15/09/2025 14:20;71
15/09/2025 14:25;111
15/09/2025 14:30;94
15/09/2025 14:35;104
15/09/2025 14:40;101
15/09/2025 14:45;128
15/09/2025 14:50;101
15/09/2025 14:55;105
15/09/2025 15:00;103
15/09/2025 15:05;106
15/09/2025 15:10;110
15/09/2025 15:15;130
15/09/2025 15:20;129
15/09/2025 15:25;98
15/09/2025 15:30;126
15/09/2025 15:35;155
15/09/2025 15:40;148
15/09/2025 15:45;108
15/09/2025 15:50;106
15/09/2025 15:55;109
15/09/2025 16:00;85
15/09/2025 16:05;66
15/09/2025 16:10;113
15/09/2025 16:15;83
15/09/2025 16:20;66
15/09/2025 16:25;99
15/09/2025 16:30;102
15/09/2025 16:35;142
15/09/2025 16:40;146
15/09/2025 16:45;161
15/09/2025 16:50;178
15/09/2025 16:55;177
15/09/2025 17:00;165
15/09/2025 17:05;143
15/09/2025 17:10;51
15/09/2025 17:15;39
15/09/2025 17:20;46
15/09/2025 17:25;53
15/09/2025 17:30;57
15/09/2025 17:35;52
15/09/2025 17:40;53
15/09/2025 17:45;52
15/09/2025 17:50;43
15/09/2025 17:55;39
15/09/2025 18:00;42
15/09/2025 18:05;39
15/09/2025 18:10;39
15/09/2025 18:15;39
15/09/2025 18:20;39
15/09/2025 18:25;39
15/09/2025 18:30;39
15/09/2025 18:35;39
15/09/2025 18:40;39
15/09/2025 18:45;39
15/09/2025 18:50;39
15/09/2025 18:55;39
15/09/2025 19:00;39
15/09/2025 19:05;39
15/09/2025 19:10;39
15/09/2025 19:15;39
15/09/2025 19:20;39
15/09/2025 19:25;39
15/09/2025 19:30;39
15/09/2025 19:35;39
15/09/2025 19:40;39
15/09/2025 19:45;39
15/09/2025 19:50;39
16/09/2025 8:04;0
16/09/2025 8:05;0
16/09/2025 8:05;0
16/09/2025 8:06;0
16/09/2025 8:06;0
16/09/2025 8:10;0
16/09/2025 8:15;0
16/09/2025 8:20;0
16/09/2025 8:25;39
16/09/2025 8:30;39
16/09/2025 8:35;39
16/09/2025 8:40;39
16/09/2025 8:45;40
16/09/2025 8:50;48
16/09/2025 8:55;74
16/09/2025 9:00;113
16/09/2025 9:05;77
16/09/2025 9:10;83
16/09/2025 9:15;93
16/09/2025 9:20;107
16/09/2025 9:25;327
16/09/2025 9:30;237
16/09/2025 9:35;208
16/09/2025 9:40;343
16/09/2025 9:45;360
16/09/2025 9:50;375
16/09/2025 9:55;396
16/09/2025 10:00;411
16/09/2025 10:05;420
16/09/2025 10:10;421
16/09/2025 10:15;447
16/09/2025 10:20;472
16/09/2025 10:25;491
16/09/2025 10:30;499
16/09/2025 10:35;512
16/09/2025 10:40;530
16/09/2025 10:45;557
16/09/2025 10:50;557
16/09/2025 10:55;575
16/09/2025 11:00;585
16/09/2025 11:05;604
16/09/2025 11:10;608
16/09/2025 11:15;653
16/09/2025 11:20;645
16/09/2025 11:25;660
16/09/2025 11:30;678
16/09/2025 11:35;664
16/09/2025 11:40;673
16/09/2025 11:45;661
16/09/2025 11:50;549
16/09/2025 11:55;717
16/09/2025 12:00;581
16/09/2025 12:05;723
16/09/2025 12:10;547
16/09/2025 12:15;716
16/09/2025 12:20;780
16/09/2025 12:25;686
16/09/2025 12:30;727
16/09/2025 12:35;749
16/09/2025 12:40;365
16/09/2025 12:45;625
16/09/2025 12:50;326
16/09/2025 12:55;0
16/09/2025 13:00;645
16/09/2025 13:05;611
16/09/2025 13:10;484
16/09/2025 13:15;350
16/09/2025 13:20;651
16/09/2025 13:25;375
16/09/2025 13:30;699
16/09/2025 13:35;480
16/09/2025 13:40;508
16/09/2025 13:45;385
16/09/2025 13:50;445
16/09/2025 13:55;664
16/09/2025 14:00;588
16/09/2025 14:05;730
16/09/2025 14:10;664
16/09/2025 14:15;726
16/09/2025 14:20;733
16/09/2025 14:25;722
16/09/2025 14:30;731
16/09/2025 14:35;693
16/09/2025 14:40;396
16/09/2025 14:45;725
16/09/2025 14:50;727
16/09/2025 14:55;702
16/09/2025 15:00;678
16/09/2025 15:05;648
16/09/2025 15:10;647
16/09/2025 15:15;442
16/09/2025 15:20;464
16/09/2025 15:25;481
16/09/2025 15:30;462
16/09/2025 15:35;586
16/09/2025 15:40;507
16/09/2025 15:45;484
16/09/2025 15:50;686
16/09/2025 15:55;636
16/09/2025 16:00;631
16/09/2025 16:05;624
16/09/2025 16:10;391
16/09/2025 16:15;389
16/09/2025 16:20;224
16/09/2025 16:25;530
16/09/2025 16:30;496
16/09/2025 16:35;535
16/09/2025 16:40;489
16/09/2025 16:45;455
16/09/2025 16:50;462
16/09/2025 16:55;418
16/09/2025 17:00;428
16/09/2025 17:05;384
16/09/2025 17:10;364
16/09/2025 17:15;363
16/09/2025 17:20;343
16/09/2025 17:25;299
16/09/2025 17:30;231
16/09/2025 17:35;230
16/09/2025 17:40;216
16/09/2025 17:45;202
16/09/2025 17:50;190
16/09/2025 17:55;176
16/09/2025 18:00;132
16/09/2025 18:05;91
16/09/2025 18:10;58
16/09/2025 18:15;39
16/09/2025 18:20;75
16/09/2025 18:25;79
16/09/2025 18:30;74
16/09/2025 18:35;71
16/09/2025 18:40;61
16/09/2025 18:45;58
16/09/2025 18:50;49
16/09/2025 18:55;42
16/09/2025 19:00;39
16/09/2025 19:05;39
16/09/2025 19:10;39
16/09/2025 19:15;39
16/09/2025 19:20;39
16/09/2025 19:25;39
16/09/2025 19:30;39
16/09/2025 19:35;39
16/09/2025 19:40;39
16/09/2025 19:45;39
16/09/2025 19:50;39
16/09/2025 19:55;39
16/09/2025 20:00;39
16/09/2025 20:05;39
16/09/2025 20:10;39
17/09/2025 8:01;0
17/09/2025 8:01;0
17/09/2025 8:02;0
17/09/2025 8:02;0
17/09/2025 8:03;0
17/09/2025 8:05;0
17/09/2025 8:10;0
17/09/2025 8:15;0
17/09/2025 8:20;0
17/09/2025 8:25;0
17/09/2025 8:30;39
17/09/2025 8:35;39
17/09/2025 8:40;63
17/09/2025 8:45;122
17/09/2025 8:50;123
17/09/2025 8:55;160
17/09/2025 9:00;203
17/09/2025 9:05;221
17/09/2025 9:10;243
17/09/2025 9:15;266
17/09/2025 9:20;287
17/09/2025 9:25;310
17/09/2025 9:30;330
17/09/2025 9:35;347
17/09/2025 9:40;363
17/09/2025 9:45;378
17/09/2025 9:50;394
17/09/2025 9:55;407
17/09/2025 10:00;421
17/09/2025 10:05;437
17/09/2025 10:10;448
17/09/2025 10:15;463
17/09/2025 10:20;479
17/09/2025 10:25;495
17/09/2025 10:30;509
17/09/2025 10:35;520
17/09/2025 10:40;535
17/09/2025 10:45;547
17/09/2025 10:50;558
17/09/2025 10:55;565
17/09/2025 11:00;574
17/09/2025 11:05;584
17/09/2025 11:10;592
17/09/2025 11:15;598
17/09/2025 11:20;607
17/09/2025 11:25;614
17/09/2025 11:30;621
17/09/2025 11:35;628
17/09/2025 11:40;637
17/09/2025 11:45;645
17/09/2025 11:50;653
17/09/2025 11:55;660
17/09/2025 12:00;667
17/09/2025 12:05;671
17/09/2025 12:10;675
17/09/2025 12:15;682
17/09/2025 12:20;680
17/09/2025 12:25;691
17/09/2025 12:30;689
17/09/2025 12:35;700
17/09/2025 12:40;701
17/09/2025 12:45;707
17/09/2025 12:50;709
17/09/2025 12:55;712
17/09/2025 13:00;717
17/09/2025 13:05;715
17/09/2025 13:10;715
17/09/2025 13:15;718
17/09/2025 13:20;502
17/09/2025 13:25;468
17/09/2025 13:30;469
17/09/2025 13:35;468
17/09/2025 13:40;466
17/09/2025 13:45;466
17/09/2025 13:50;465
17/09/2025 13:55;463
17/09/2025 14:00;460
17/09/2025 14:05;461
17/09/2025 14:10;459
17/09/2025 14:15;456
17/09/2025 14:20;483
17/09/2025 14:25;604
17/09/2025 14:30;704
17/09/2025 14:35;693
17/09/2025 14:40;697
17/09/2025 14:45;688
17/09/2025 14:50;680
17/09/2025 14:55;681
17/09/2025 15:00;671
17/09/2025 15:05;660
17/09/2025 15:10;654
17/09/2025 15:15;648
17/09/2025 15:20;641
17/09/2025 15:25;630
17/09/2025 15:30;618
17/09/2025 15:35;608
17/09/2025 15:40;598
17/09/2025 15:45;584
17/09/2025 15:50;583
17/09/2025 15:55;570
17/09/2025 16:00;554
17/09/2025 16:05;550
17/09/2025 16:10;538
17/09/2025 16:15;525
17/09/2025 16:20;519
17/09/2025 16:25;503
17/09/2025 16:30;485
17/09/2025 16:35;476
17/09/2025 16:40;465
17/09/2025 16:45;447
17/09/2025 16:50;276
17/09/2025 16:55;517
17/09/2025 17:00;208
17/09/2025 17:05;0
17/09/2025 17:10;355
17/09/2025 17:15;221
17/09/2025 17:20;0
17/09/2025 17:25;148
17/09/2025 17:30;132
17/09/2025 17:35;108
17/09/2025 17:40;126
17/09/2025 17:45;107
17/09/2025 17:50;122
17/09/2025 17:55;118
17/09/2025 18:00;108
17/09/2025 18:05;93
17/09/2025 18:10;82
17/09/2025 18:15;92
17/09/2025 18:20;71
17/09/2025 18:25;62
17/09/2025 18:30;65
17/09/2025 18:35;45
17/09/2025 18:40;53
17/09/2025 18:45;51
17/09/2025 18:50;50
17/09/2025 18:55;39
17/09/2025 19:00;39
17/09/2025 19:05;59
17/09/2025 19:10;45
17/09/2025 19:15;39
17/09/2025 19:20;39
17/09/2025 19:25;39
17/09/2025 19:30;39
17/09/2025 19:35;39
17/09/2025 19:40;39
17/09/2025 19:45;39
17/09/2025 19:50;39
17/09/2025 19:55;39
17/09/2025 20:00;39
17/09/2025 20:05;39
17/09/2025 20:10;0
18/09/2025 8:27;0
18/09/2025 8:27;0
18/09/2025 8:28;0
18/09/2025 8:28;0
18/09/2025 8:29;0
18/09/2025 8:30;0
18/09/2025 8:35;0
18/09/2025 8:40;0
18/09/2025 8:45;0
18/09/2025 8:50;0
18/09/2025 8:55;0
18/09/2025 9:00;39
18/09/2025 9:05;39
18/09/2025 9:10;39
18/09/2025 9:15;39
18/09/2025 9:20;39
18/09/2025 9:25;39
18/09/2025 9:30;39
18/09/2025 9:35;39
18/09/2025 9:40;39
18/09/2025 9:45;39
18/09/2025 9:50;39
18/09/2025 9:55;39
18/09/2025 10:00;41
18/09/2025 10:05;59
18/09/2025 10:10;70
18/09/2025 10:15;85
18/09/2025 10:20;80
18/09/2025 10:25;83
18/09/2025 10:30;91
18/09/2025 10:35;116
18/09/2025 10:40;120
18/09/2025 10:45;140
18/09/2025 10:50;168
18/09/2025 10:55;171
18/09/2025 11:00;161
18/09/2025 11:05;175
18/09/2025 11:10;209
18/09/2025 11:15;221
18/09/2025 11:20;244
18/09/2025 11:25;249
18/09/2025 11:30;383
18/09/2025 11:35;500
18/09/2025 11:40;649
18/09/2025 11:45;357
18/09/2025 11:50;651
18/09/2025 11:55;649
18/09/2025 12:00;658
18/09/2025 12:05;654
18/09/2025 12:10;659
18/09/2025 12:15;669
18/09/2025 12:20;671
18/09/2025 12:25;673
18/09/2025 12:30;672
18/09/2025 12:35;672
18/09/2025 12:40;681
18/09/2025 12:45;683
18/09/2025 12:50;677
18/09/2025 12:55;684
18/09/2025 13:00;686
18/09/2025 13:05;681
18/09/2025 13:10;684
18/09/2025 13:15;684
18/09/2025 13:20;684
18/09/2025 13:25;685
18/09/2025 13:30;690
18/09/2025 13:35;691
18/09/2025 13:40;698
18/09/2025 13:45;694
18/09/2025 13:50;683
18/09/2025 13:55;681
18/09/2025 14:00;682
18/09/2025 14:05;680
18/09/2025 14:10;679
18/09/2025 14:15;681
18/09/2025 14:20;687
18/09/2025 14:25;684
18/09/2025 14:30;680
18/09/2025 14:35;666
18/09/2025 14:40;665
18/09/2025 14:45;656
18/09/2025 14:50;648
18/09/2025 14:55;648
18/09/2025 15:00;642
18/09/2025 15:05;638
18/09/2025 15:10;631
18/09/2025 15:15;623
18/09/2025 15:20;615
18/09/2025 15:25;603
18/09/2025 15:30;600
18/09/2025 15:35;590
18/09/2025 15:40;581
18/09/2025 15:45;574
18/09/2025 15:50;562
18/09/2025 15:55;551
18/09/2025 16:00;538
18/09/2025 16:05;526
18/09/2025 16:10;515
18/09/2025 16:15;503
18/09/2025 16:20;493
18/09/2025 16:25;482
18/09/2025 16:30;469
18/09/2025 16:35;453
18/09/2025 16:40;440
18/09/2025 16:45;431
18/09/2025 16:50;416
18/09/2025 16:55;398
18/09/2025 17:00;384
18/09/2025 17:05;369
18/09/2025 17:10;352
18/09/2025 17:15;331
18/09/2025 17:20;288
18/09/2025 17:25;221
18/09/2025 17:30;213
18/09/2025 17:35;201
18/09/2025 17:40;184
18/09/2025 17:45;176
18/09/2025 17:50;167
18/09/2025 17:55;156
18/09/2025 18:00;130
18/09/2025 18:05;82
18/09/2025 18:10;82
18/09/2025 18:15;75
18/09/2025 18:20;77
18/09/2025 18:25;73
18/09/2025 18:30;68
18/09/2025 18:35;61
18/09/2025 18:40;54
18/09/2025 18:45;50
18/09/2025 18:50;44
18/09/2025 18:55;40
18/09/2025 19:00;39
18/09/2025 19:05;39
18/09/2025 19:10;39
18/09/2025 19:15;39
18/09/2025 19:20;39
18/09/2025 19:25;39
18/09/2025 19:30;39
18/09/2025 19:35;39
18/09/2025 19:40;39
18/09/2025 19:45;39
18/09/2025 19:50;39
18/09/2025 19:55;39
18/09/2025 20:00;0
19/09/2025 8:11;0
19/09/2025 8:11;0
19/09/2025 8:12;0
19/09/2025 8:12;0
19/09/2025 8:13;0
19/09/2025 8:15;0
19/09/2025 8:20;0
19/09/2025 8:25;0
19/09/2025 8:30;39
19/09/2025 8:35;39
19/09/2025 8:40;47
19/09/2025 8:45;105
19/09/2025 8:50;119
19/09/2025 8:55;78
19/09/2025 9:00;39
19/09/2025 9:05;45
19/09/2025 9:10;81
19/09/2025 9:15;75
19/09/2025 9:20;98
19/09/2025 9:25;96
19/09/2025 9:30;66
19/09/2025 9:35;90
19/09/2025 9:40;148
19/09/2025 9:45;168
19/09/2025 9:50;205
19/09/2025 9:55;105
19/09/2025 10:00;57
19/09/2025 10:05;39
19/09/2025 10:10;39
19/09/2025 10:15;39
19/09/2025 10:20;39
19/09/2025 10:25;39
19/09/2025 10:30;42
19/09/2025 10:35;54
19/09/2025 10:40;79
19/09/2025 10:45;82
19/09/2025 10:50;67
19/09/2025 10:55;72
19/09/2025 11:00;53
19/09/2025 11:05;47
19/09/2025 11:10;71
19/09/2025 11:15;97
19/09/2025 11:20;57
19/09/2025 11:25;39
19/09/2025 11:30;39
19/09/2025 11:35;39
19/09/2025 11:40;46
19/09/2025 11:45;55
19/09/2025 11:50;67
19/09/2025 11:55;82
19/09/2025 12:00;96
19/09/2025 12:05;125
19/09/2025 12:10;135
19/09/2025 12:15;161
19/09/2025 12:20;187
19/09/2025 12:25;286
19/09/2025 12:30;171
19/09/2025 12:35;173
19/09/2025 12:40;255
19/09/2025 12:45;283
19/09/2025 12:50;292
19/09/2025 12:55;305
19/09/2025 13:00;272
19/09/2025 13:05;623
19/09/2025 13:10;391
19/09/2025 13:15;684
19/09/2025 13:20;505
19/09/2025 13:25;581
19/09/2025 13:30;714
19/09/2025 13:35;761
19/09/2025 13:40;580
19/09/2025 13:45;313
19/09/2025 13:50;532
19/09/2025 13:55;308
19/09/2025 14:00;420
19/09/2025 14:05;686
19/09/2025 14:10;190
19/09/2025 14:15;739
19/09/2025 14:20;722
19/09/2025 14:25;206
19/09/2025 14:30;593
19/09/2025 14:35;737
19/09/2025 14:40;705
19/09/2025 14:45;507
19/09/2025 14:50;644
19/09/2025 14:55;637
19/09/2025 15:00;630
19/09/2025 15:05;623
19/09/2025 15:10;621
19/09/2025 15:15;593
19/09/2025 15:20;597
19/09/2025 15:25;597
19/09/2025 15:30;609
19/09/2025 15:35;601
19/09/2025 15:40;542
19/09/2025 15:45;468
19/09/2025 15:50;366
19/09/2025 15:55;304
19/09/2025 16:00;277
19/09/2025 16:05;286
19/09/2025 16:10;179
19/09/2025 16:15;172
19/09/2025 16:20;175
19/09/2025 16:25;189
19/09/2025 16:30;205
19/09/2025 16:35;239
19/09/2025 16:40;237
19/09/2025 16:45;205
19/09/2025 16:50;220
19/09/2025 16:55;455
19/09/2025 17:00;403
19/09/2025 17:05;0
19/09/2025 17:10;292
19/09/2025 17:15;267
19/09/2025 17:20;134
19/09/2025 17:25;121
19/09/2025 17:30;114
19/09/2025 17:35;137
19/09/2025 17:40;130
19/09/2025 17:45;112
19/09/2025 17:50;115
19/09/2025 17:55;104
19/09/2025 18:00;99
19/09/2025 18:05;97
19/09/2025 18:10;92
19/09/2025 18:15;110
19/09/2025 18:20;145
19/09/2025 18:25;92
19/09/2025 18:30;78
19/09/2025 18:35;104
19/09/2025 18:40;116
19/09/2025 18:45;91
19/09/2025 18:50;101
19/09/2025 18:55;95
19/09/2025 19:00;75
19/09/2025 19:05;65
19/09/2025 19:10;51
19/09/2025 19:15;39
19/09/2025 19:20;39
19/09/2025 19:25;39
19/09/2025 19:30;39
19/09/2025 19:35;39
19/09/2025 19:40;39
19/09/2025 19:45;39
19/09/2025 19:50;39
20/09/2025 8:11;0
20/09/2025 8:11;0
20/09/2025 8:12;0
20/09/2025 8:12;0
20/09/2025 8:13;0
20/09/2025 8:15;0
20/09/2025 8:20;0
20/09/2025 8:25;0
20/09/2025 8:30;0
20/09/2025 8:35;0
20/09/2025 8:40;0
20/09/2025 8:45;39
20/09/2025 8:50;39
20/09/2025 8:55;39
20/09/2025 9:00;39
20/09/2025 9:05;39
20/09/2025 9:10;39
20/09/2025 9:15;60
20/09/2025 9:20;220
20/09/2025 9:25;271
20/09/2025 9:30;300
20/09/2025 9:35;321
20/09/2025 9:40;334
20/09/2025 9:45;314
20/09/2025 9:50;344
20/09/2025 9:55;369
20/09/2025 10:00;401
20/09/2025 10:05;379
20/09/2025 10:10;437
20/09/2025 10:15;346
20/09/2025 10:20;113
20/09/2025 10:25;195
20/09/2025 10:30;437
20/09/2025 10:35;547
20/09/2025 10:40;283
20/09/2025 10:45;483
20/09/2025 10:50;559
20/09/2025 10:55;501
20/09/2025 11:00;546
20/09/2025 11:05;480
20/09/2025 11:10;252
20/09/2025 11:15;332
20/09/2025 11:20;266
20/09/2025 11:25;225
20/09/2025 11:30;271
20/09/2025 11:35;254
20/09/2025 11:40;296
20/09/2025 11:45;306
20/09/2025 11:50;322
20/09/2025 11:55;288
20/09/2025 12:00;302
20/09/2025 12:05;175
20/09/2025 12:10;190
20/09/2025 12:15;204
20/09/2025 12:20;322
20/09/2025 12:25;330
20/09/2025 12:30;519
20/09/2025 12:35;454
20/09/2025 12:40;406
20/09/2025 12:45;391
20/09/2025 12:50;240
20/09/2025 12:55;294
20/09/2025 13:00;373
20/09/2025 13:05;715
20/09/2025 13:10;622
20/09/2025 13:15;626
20/09/2025 13:20;571
20/09/2025 13:25;583
20/09/2025 13:30;311
20/09/2025 13:35;132
20/09/2025 13:40;58
20/09/2025 13:45;75
20/09/2025 13:50;69
20/09/2025 13:55;94
20/09/2025 14:00;131
20/09/2025 14:05;66
20/09/2025 14:10;99
20/09/2025 14:15;64
20/09/2025 14:20;54
20/09/2025 14:25;88
20/09/2025 14:30;110
20/09/2025 14:35;107
20/09/2025 14:40;86
20/09/2025 14:45;136
20/09/2025 14:50;115
20/09/2025 14:55;110
20/09/2025 15:00;76
20/09/2025 15:05;110
20/09/2025 15:10;139
20/09/2025 15:15;107
20/09/2025 15:20;85
20/09/2025 15:25;96
20/09/2025 15:30;51
20/09/2025 15:35;49
20/09/2025 15:40;72
20/09/2025 15:45;66
20/09/2025 15:50;62
20/09/2025 15:55;84
20/09/2025 16:00;78
20/09/2025 16:05;55
20/09/2025 16:10;46
20/09/2025 16:15;46
20/09/2025 16:20;46
20/09/2025 16:25;43
20/09/2025 16:30;52
20/09/2025 16:35;50
20/09/2025 16:40;58
20/09/2025 16:45;39
20/09/2025 16:50;39
20/09/2025 16:55;44
20/09/2025 17:00;46
20/09/2025 17:05;53
20/09/2025 17:10;39
20/09/2025 17:15;39
20/09/2025 17:20;39
20/09/2025 17:25;39
20/09/2025 17:30;40
20/09/2025 17:35;40
20/09/2025 17:40;39
20/09/2025 17:45;39
20/09/2025 17:50;39
20/09/2025 17:55;39
20/09/2025 18:00;39
20/09/2025 18:05;0
20/09/2025 18:12;0
20/09/2025 18:12;0
20/09/2025 18:13;0
20/09/2025 18:13;0
20/09/2025 18:14;0
20/09/2025 18:15;0
20/09/2025 18:20;96
20/09/2025 18:25;39
20/09/2025 18:30;39
20/09/2025 18:35;39
20/09/2025 18:40;0
20/09/2025 18:41;0
20/09/2025 18:41;0
20/09/2025 18:42;0
20/09/2025 18:42;0
20/09/2025 18:45;0
20/09/2025 18:50;0
20/09/2025 18:55;0
20/09/2025 19:00;0
20/09/2025 19:05;0
20/09/2025 19:10;0
20/09/2025 19:15;0
21/09/2025 8:40;0
21/09/2025 8:40;0
21/09/2025 8:41;0
21/09/2025 8:41;0
21/09/2025 8:42;0
21/09/2025 8:45;0
21/09/2025 8:50;0
21/09/2025 8:55;39
21/09/2025 9:00;39
21/09/2025 9:05;39
21/09/2025 9:10;39
21/09/2025 9:15;39
21/09/2025 9:20;39
21/09/2025 9:25;39
21/09/2025 9:30;39
21/09/2025 9:35;39
21/09/2025 9:40;39
21/09/2025 9:45;39
21/09/2025 9:50;39
21/09/2025 9:55;39
21/09/2025 10:00;39
21/09/2025 10:05;55
21/09/2025 10:10;82
21/09/2025 10:15;63
21/09/2025 10:20;39
21/09/2025 10:25;39
21/09/2025 10:30;39
21/09/2025 10:35;39
21/09/2025 10:40;39
21/09/2025 10:45;39
21/09/2025 10:50;39
21/09/2025 10:55;79
21/09/2025 11:00;334
21/09/2025 11:05;149
21/09/2025 11:10;283
21/09/2025 11:15;243
21/09/2025 11:20;39
21/09/2025 11:25;85
21/09/2025 11:30;151
21/09/2025 11:35;170
21/09/2025 11:40;778
21/09/2025 11:45;187
21/09/2025 11:50;780
21/09/2025 11:55;687
21/09/2025 12:00;778
21/09/2025 12:05;772
21/09/2025 12:10;264
21/09/2025 12:15;292
21/09/2025 12:20;204
21/09/2025 12:25;204
21/09/2025 12:30;226
21/09/2025 12:35;427
21/09/2025 12:40;237
21/09/2025 12:45;144
21/09/2025 12:50;117
21/09/2025 12:55;97
21/09/2025 13:00;140
21/09/2025 13:05;233
21/09/2025 13:10;210
21/09/2025 13:15;223
21/09/2025 13:20;236
21/09/2025 13:25;281
21/09/2025 13:30;248
21/09/2025 13:35;155
21/09/2025 13:40;363
21/09/2025 13:45;334
21/09/2025 13:50;319
21/09/2025 13:55;330
21/09/2025 14:00;293
21/09/2025 14:05;780
21/09/2025 14:10;253
21/09/2025 14:15;773
21/09/2025 14:20;780
21/09/2025 14:25;607
21/09/2025 14:30;771
21/09/2025 14:35;777
21/09/2025 14:40;775
21/09/2025 14:45;203
21/09/2025 14:50;778
21/09/2025 14:55;735
21/09/2025 15:00;757
21/09/2025 15:05;228
21/09/2025 15:10;193
21/09/2025 15:15;491
21/09/2025 15:20;769
21/09/2025 15:25;771
21/09/2025 15:30;536
21/09/2025 15:35;544
21/09/2025 15:40;379
21/09/2025 15:45;179
21/09/2025 15:50;77
21/09/2025 15:55;202
21/09/2025 16:00;288
21/09/2025 16:05;414
21/09/2025 16:10;331
21/09/2025 16:15;212
21/09/2025 16:20;221
21/09/2025 16:25;140
21/09/2025 16:30;137
21/09/2025 16:35;177
21/09/2025 16:40;311
21/09/2025 16:45;463
21/09/2025 16:50;128
21/09/2025 16:55;398
21/09/2025 17:00;222
21/09/2025 17:05;102
21/09/2025 17:10;85
21/09/2025 17:15;82
21/09/2025 17:20;149
21/09/2025 17:25;103
21/09/2025 17:30;152
21/09/2025 17:35;360
21/09/2025 17:40;246
21/09/2025 17:45;121
21/09/2025 17:50;90
21/09/2025 17:55;130
21/09/2025 18:00;170
21/09/2025 18:05;103
21/09/2025 18:10;86
21/09/2025 18:15;72
21/09/2025 18:20;58
21/09/2025 18:25;50
21/09/2025 18:30;39
21/09/2025 18:35;39
21/09/2025 18:40;39
21/09/2025 18:45;39
21/09/2025 18:50;39
21/09/2025 18:55;39
21/09/2025 19:00;39
21/09/2025 19:05;39
21/09/2025 19:10;39
21/09/2025 19:15;39
21/09/2025 19:20;39
21/09/2025 19:25;39
21/09/2025 19:30;39
21/09/2025 19:35;39
21/09/2025 19:40;39
21/09/2025 19:45;39
21/09/2025 19:50;39
21/09/2025 19:55;39
21/09/2025 20:00;39
21/09/2025 20:05;39
22/09/2025 9:00;0
22/09/2025 9:01;0
22/09/2025 9:01;0
22/09/2025 9:02;0
22/09/2025 9:02;0
22/09/2025 9:05;0
22/09/2025 9:10;0
22/09/2025 9:15;39
22/09/2025 9:20;39
22/09/2025 9:25;39
22/09/2025 9:30;39
22/09/2025 9:35;39
22/09/2025 9:40;39
22/09/2025 9:45;39
22/09/2025 9:50;39
22/09/2025 9:55;39
22/09/2025 10:00;39
22/09/2025 10:05;39
22/09/2025 10:10;39
22/09/2025 10:15;39
22/09/2025 10:20;56
22/09/2025 10:25;51
22/09/2025 10:30;39
22/09/2025 10:35;39
22/09/2025 10:40;39
22/09/2025 10:45;39
22/09/2025 10:50;39
22/09/2025 10:55;39
22/09/2025 11:00;39
22/09/2025 11:05;39
22/09/2025 11:10;39
22/09/2025 11:15;39
22/09/2025 11:20;39
22/09/2025 11:25;52
22/09/2025 11:30;39
22/09/2025 11:35;39
22/09/2025 11:40;39
22/09/2025 11:45;39
22/09/2025 11:50;39
22/09/2025 11:55;39
22/09/2025 12:00;39
22/09/2025 12:05;39
22/09/2025 12:10;47
22/09/2025 12:15;170
22/09/2025 12:20;158
22/09/2025 12:25;269
22/09/2025 12:30;464
22/09/2025 12:35;298
22/09/2025 12:40;249
22/09/2025 12:45;196
22/09/2025 12:50;206
22/09/2025 12:55;369
22/09/2025 13:00;156
22/09/2025 13:05;85
22/09/2025 13:10;94
22/09/2025 13:15;244
22/09/2025 13:20;153
22/09/2025 13:25;102
22/09/2025 13:30;76
22/09/2025 13:35;39
22/09/2025 13:40;39
22/09/2025 13:45;39
22/09/2025 13:50;123
22/09/2025 13:55;107
22/09/2025 14:00;73
22/09/2025 14:05;100
22/09/2025 14:10;158
22/09/2025 14:15;780
22/09/2025 14:20;780
22/09/2025 14:25;547
22/09/2025 14:30;259
22/09/2025 14:35;215
22/09/2025 14:40;196
22/09/2025 14:45;234
22/09/2025 14:50;265
22/09/2025 14:55;739
22/09/2025 15:00;396
22/09/2025 15:05;376
22/09/2025 15:10;293
22/09/2025 15:15;130
22/09/2025 15:20;127
22/09/2025 15:25;108
22/09/2025 15:30;109
22/09/2025 15:35;142
22/09/2025 15:40;773
22/09/2025 15:45;748
22/09/2025 15:50;728
22/09/2025 15:55;706
22/09/2025 16:00;338
22/09/2025 16:05;770
22/09/2025 16:10;700
22/09/2025 16:15;689
22/09/2025 16:20;315
22/09/2025 16:25;280
22/09/2025 16:30;671
22/09/2025 16:35;263
22/09/2025 16:40;139
22/09/2025 16:45;338
22/09/2025 16:50;105
22/09/2025 16:55;39
22/09/2025 17:00;39
22/09/2025 17:05;39
22/09/2025 17:10;0
22/09/2025 17:15;0
22/09/2025 17:26;0
22/09/2025 17:27;0
22/09/2025 17:27;0
22/09/2025 17:28;0
22/09/2025 17:28;0
22/09/2025 17:30;0
22/09/2025 17:39;0
22/09/2025 17:39;0
22/09/2025 17:45;0
22/09/2025 17:45;0
22/09/2025 17:46;0
22/09/2025 17:46;0
22/09/2025 17:47;0
22/09/2025 17:50;0
22/09/2025 17:55;0
22/09/2025 18:00;39
22/09/2025 18:05;39
22/09/2025 18:10;39
22/09/2025 18:15;39
22/09/2025 18:20;39
22/09/2025 18:25;39
22/09/2025 18:30;39
22/09/2025 18:35;39
22/09/2025 18:40;39
22/09/2025 18:45;39
22/09/2025 18:50;39
22/09/2025 18:55;39
22/09/2025 19:00;39
22/09/2025 19:05;39
22/09/2025 19:10;39
22/09/2025 19:15;39
22/09/2025 19:20;39
22/09/2025 19:25;39
22/09/2025 19:30;39
22/09/2025 19:35;39
22/09/2025 19:40;39
22/09/2025 19:45;39
22/09/2025 19:50;39
22/09/2025 19:55;39
22/09/2025 20:00;39
23/09/2025 8:17;0
23/09/2025 8:17;0
23/09/2025 8:18;0
23/09/2025 8:18;0
23/09/2025 8:19;0
23/09/2025 8:20;0
23/09/2025 8:25;0
23/09/2025 8:30;0
23/09/2025 8:35;0
23/09/2025 8:40;0
23/09/2025 8:45;0
23/09/2025 8:50;39
23/09/2025 8:55;39
23/09/2025 9:00;44
23/09/2025 9:05;56
23/09/2025 9:10;39
23/09/2025 9:15;39
23/09/2025 9:20;39
23/09/2025 9:25;39
23/09/2025 9:30;39
23/09/2025 9:35;39
23/09/2025 9:40;39
23/09/2025 9:45;39
23/09/2025 9:50;39
23/09/2025 9:55;39
23/09/2025 10:00;39
23/09/2025 10:05;51
23/09/2025 10:10;60
23/09/2025 10:15;40
23/09/2025 10:20;59
23/09/2025 10:25;86
23/09/2025 10:30;155
23/09/2025 10:35;301
23/09/2025 10:40;462
23/09/2025 10:45;156
23/09/2025 10:50;657
23/09/2025 10:55;626
23/09/2025 11:00;622
23/09/2025 11:05;624
23/09/2025 11:10;664
23/09/2025 11:15;669
23/09/2025 11:20;645
23/09/2025 11:25;647
23/09/2025 11:30;637
23/09/2025 11:35;667
23/09/2025 11:40;683
23/09/2025 11:45;286
23/09/2025 11:50;716
23/09/2025 11:55;605
23/09/2025 12:00;703
23/09/2025 12:05;685
23/09/2025 12:10;462
23/09/2025 12:15;736
23/09/2025 12:20;381
23/09/2025 12:25;545
23/09/2025 12:30;719
23/09/2025 12:35;759
23/09/2025 12:40;780
23/09/2025 12:45;187
23/09/2025 12:50;161
23/09/2025 12:55;104
23/09/2025 13:00;67
23/09/2025 13:05;48
23/09/2025 13:10;58
23/09/2025 13:15;59
23/09/2025 13:20;330
23/09/2025 13:25;774
23/09/2025 13:30;780
23/09/2025 13:35;760
23/09/2025 13:40;740
23/09/2025 13:45;734
23/09/2025 13:50;739
23/09/2025 13:55;696
23/09/2025 14:00;749
23/09/2025 14:05;737
23/09/2025 14:10;726
23/09/2025 14:15;250
23/09/2025 14:20;708
23/09/2025 14:25;713
23/09/2025 14:30;712
23/09/2025 14:35;713
23/09/2025 14:40;723
23/09/2025 14:45;333
23/09/2025 14:50;665
23/09/2025 14:55;514
23/09/2025 15:00;453
23/09/2025 15:05;775
23/09/2025 15:10;751
23/09/2025 15:15;582
23/09/2025 15:20;0
23/09/2025 15:25;151
23/09/2025 15:30;483
23/09/2025 15:35;296
23/09/2025 15:40;637
23/09/2025 15:45;611
23/09/2025 15:50;599
23/09/2025 15:55;81
23/09/2025 16:00;82
23/09/2025 16:05;93
23/09/2025 16:10;586
23/09/2025 16:15;641
23/09/2025 16:20;0
23/09/2025 16:25;46
23/09/2025 16:30;39
23/09/2025 16:35;60
23/09/2025 16:40;79
23/09/2025 16:45;271
23/09/2025 16:50;466
23/09/2025 16:55;440
23/09/2025 17:00;417
23/09/2025 17:05;397
23/09/2025 17:10;330
23/09/2025 17:15;258
23/09/2025 17:20;240
23/09/2025 17:25;233
23/09/2025 17:30;227
23/09/2025 17:35;215
23/09/2025 17:40;203
23/09/2025 17:45;82
23/09/2025 17:50;165
23/09/2025 17:55;112
23/09/2025 18:00;92
23/09/2025 18:05;82
23/09/2025 18:10;77
23/09/2025 18:15;75
23/09/2025 18:20;72
23/09/2025 18:25;62
23/09/2025 18:30;52
23/09/2025 18:35;48
23/09/2025 18:40;39
23/09/2025 18:45;39
23/09/2025 18:50;39
23/09/2025 18:55;39
23/09/2025 19:00;39
23/09/2025 19:05;39
23/09/2025 19:10;39
23/09/2025 19:15;39
23/09/2025 19:20;39
23/09/2025 19:25;39
23/09/2025 19:30;39
23/09/2025 19:35;39
23/09/2025 19:40;39
23/09/2025 19:45;39
23/09/2025 19:50;0
23/09/2025 19:55;0
24/09/2025 8:22;0
24/09/2025 8:23;0
24/09/2025 8:23;0
24/09/2025 8:24;0
24/09/2025 8:24;0
24/09/2025 8:25;0
24/09/2025 8:30;0
24/09/2025 8:35;0
24/09/2025 8:40;0
24/09/2025 8:45;39
24/09/2025 8:50;39
24/09/2025 8:55;39
24/09/2025 9:00;39
24/09/2025 9:05;39
24/09/2025 9:10;39
24/09/2025 9:15;39
24/09/2025 9:20;39
24/09/2025 9:25;39
24/09/2025 9:30;39
24/09/2025 9:35;39
24/09/2025 9:40;39
24/09/2025 9:45;39
24/09/2025 9:50;39
24/09/2025 9:55;39
24/09/2025 10:00;39
24/09/2025 10:05;39
24/09/2025 10:10;39
24/09/2025 10:15;39
24/09/2025 10:20;39
24/09/2025 10:25;39
24/09/2025 10:30;39
24/09/2025 10:35;39
24/09/2025 10:40;39
24/09/2025 10:45;41
24/09/2025 10:50;39
24/09/2025 10:55;40
24/09/2025 11:00;44
24/09/2025 11:05;50
24/09/2025 11:06;46
24/09/2025 11:07;47
24/09/2025 11:07;48
24/09/2025 11:10;51
24/09/2025 11:15;50
24/09/2025 11:20;58
24/09/2025 11:25;56
24/09/2025 11:30;57
24/09/2025 11:35;65
24/09/2025 11:40;66
24/09/2025 11:45;65
24/09/2025 11:50;67
24/09/2025 11:55;76
24/09/2025 12:00;100
24/09/2025 12:05;132
24/09/2025 12:10;170
24/09/2025 12:15;202
24/09/2025 12:20;224
24/09/2025 12:25;235
24/09/2025 12:30;280
24/09/2025 12:35;393
24/09/2025 12:40;426
24/09/2025 12:45;405
24/09/2025 12:50;598
24/09/2025 12:55;567
24/09/2025 13:00;402
24/09/2025 13:05;424
24/09/2025 13:10;499
24/09/2025 13:15;540
24/09/2025 13:20;780
24/09/2025 13:25;780
24/09/2025 13:30;412
24/09/2025 13:35;536
24/09/2025 13:40;415
24/09/2025 13:45;669
24/09/2025 13:50;449
24/09/2025 13:55;780
24/09/2025 14:00;780
24/09/2025 14:05;538
24/09/2025 14:10;772
24/09/2025 14:15;495
24/09/2025 14:20;769
24/09/2025 14:25;780
24/09/2025 14:30;741
24/09/2025 14:35;771
24/09/2025 14:40;520
24/09/2025 14:45;729
24/09/2025 14:50;713
24/09/2025 14:55;692
24/09/2025 15:00;668
24/09/2025 15:05;659
24/09/2025 15:10;640
24/09/2025 15:15;624
24/09/2025 15:20;647
24/09/2025 15:25;637
24/09/2025 15:30;635
24/09/2025 15:35;626
24/09/2025 15:40;616
24/09/2025 15:45;577
24/09/2025 15:50;591
24/09/2025 15:55;589
24/09/2025 16:00;535
24/09/2025 16:05;533
24/09/2025 16:10;543
24/09/2025 16:15;537
24/09/2025 16:20;528
24/09/2025 16:25;511
24/09/2025 16:30;499
24/09/2025 16:35;485
24/09/2025 16:40;471
24/09/2025 16:45;461
24/09/2025 16:50;444
24/09/2025 16:55;427
24/09/2025 17:00;412
24/09/2025 17:05;387
24/09/2025 17:09;0
24/09/2025 17:09;0
24/09/2025 17:10;0
24/09/2025 17:10;0
24/09/2025 17:11;0
24/09/2025 17:15;245
24/09/2025 17:20;219
24/09/2025 17:25;190
24/09/2025 17:30;180
24/09/2025 17:35;168
24/09/2025 17:39;143
24/09/2025 17:40;141
24/09/2025 17:40;139
24/09/2025 17:41;138
24/09/2025 17:41;137
24/09/2025 17:45;116
24/09/2025 17:50;109
24/09/2025 17:55;87
24/09/2025 18:00;91
24/09/2025 18:05;103
24/09/2025 18:09;101
24/09/2025 18:10;105
24/09/2025 18:10;106
24/09/2025 18:11;105
24/09/2025 18:11;95
24/09/2025 18:15;101
24/09/2025 18:20;92
24/09/2025 18:25;0
24/09/2025 18:30;72
24/09/2025 18:35;0
24/09/2025 18:40;44
24/09/2025 18:40;43
24/09/2025 18:41;47
24/09/2025 18:41;54
24/09/2025 18:42;0
24/09/2025 18:45;0
24/09/2025 18:50;49
24/09/2025 18:55;39
24/09/2025 19:00;39
24/09/2025 19:05;39
24/09/2025 19:10;39
24/09/2025 19:10;39
24/09/2025 19:11;39
24/09/2025 19:11;39
24/09/2025 19:12;39
24/09/2025 19:12;39
24/09/2025 19:15;39
24/09/2025 19:20;39
24/09/2025 19:25;39
24/09/2025 19:30;39
24/09/2025 19:35;39
24/09/2025 19:40;39
24/09/2025 19:41;39
24/09/2025 19:41;39
24/09/2025 19:42;39
24/09/2025 19:42;39
24/09/2025 19:43;39
24/09/2025 19:45;39
24/09/2025 19:50;39
24/09/2025 19:55;39
24/09/2025 20:00;39
25/09/2025 8:09;0
25/09/2025 8:10;0
25/09/2025 8:10;0
25/09/2025 8:15;0
25/09/2025 8:20;0
25/09/2025 8:25;0
25/09/2025 8:30;0
25/09/2025 8:35;39
25/09/2025 8:40;39
25/09/2025 8:45;39
25/09/2025 8:50;71
25/09/2025 8:55;169
25/09/2025 9:00;196
25/09/2025 9:05;221
25/09/2025 9:10;221
25/09/2025 9:15;147
25/09/2025 9:20;153
25/09/2025 9:25;301
25/09/2025 9:30;321
25/09/2025 9:35;349
25/09/2025 9:40;366
25/09/2025 9:45;387
25/09/2025 9:50;403
25/09/2025 9:55;420
25/09/2025 10:00;437
25/09/2025 10:05;454
25/09/2025 10:10;471
25/09/2025 10:15;487
25/09/2025 10:20;504
25/09/2025 10:25;517
25/09/2025 10:30;527
25/09/2025 10:35;541
25/09/2025 10:40;549
25/09/2025 10:45;561
25/09/2025 10:50;573
25/09/2025 10:55;586
25/09/2025 11:00;599
25/09/2025 11:05;606
25/09/2025 11:10;581
25/09/2025 11:15;579
25/09/2025 11:20;585
25/09/2025 11:25;427
25/09/2025 11:30;615
25/09/2025 11:35;652
25/09/2025 11:40;660
25/09/2025 11:45;662
25/09/2025 11:50;664
25/09/2025 11:55;677
25/09/2025 12:00;605
25/09/2025 12:05;696
25/09/2025 12:10;708
25/09/2025 12:15;740
25/09/2025 12:20;710
25/09/2025 12:25;719
25/09/2025 12:30;212
25/09/2025 12:35;756
25/09/2025 12:40;712
25/09/2025 12:45;732
25/09/2025 12:50;752
25/09/2025 12:55;769
25/09/2025 13:00;0
25/09/2025 13:05;0
25/09/2025 13:10;0
25/09/2025 13:15;163
25/09/2025 13:20;780
25/09/2025 13:25;124
25/09/2025 13:30;282
25/09/2025 13:35;174
25/09/2025 13:40;775
25/09/2025 13:45;738
25/09/2025 13:50;744
25/09/2025 13:55;721
25/09/2025 14:00;744
25/09/2025 14:05;736
25/09/2025 14:10;725
25/09/2025 14:15;727
25/09/2025 14:20;736
25/09/2025 14:25;735
25/09/2025 14:30;731
25/09/2025 14:35;779
25/09/2025 14:40;511
25/09/2025 14:45;481
25/09/2025 14:50;506
25/09/2025 14:55;532
25/09/2025 15:00;576
25/09/2025 15:05;492
25/09/2025 15:10;478
25/09/2025 15:15;459
25/09/2025 15:20;539
25/09/2025 15:25;500
25/09/2025 15:30;523
25/09/2025 15:35;433
25/09/2025 15:40;490
25/09/2025 15:45;512
25/09/2025 15:50;431
25/09/2025 15:55;323
25/09/2025 16:00;620
25/09/2025 16:05;586
25/09/2025 16:10;564
25/09/2025 16:15;540
25/09/2025 16:20;523
25/09/2025 16:25;508
25/09/2025 16:30;501
25/09/2025 16:35;430
25/09/2025 16:40;489
25/09/2025 16:45;106
25/09/2025 16:50;463
25/09/2025 16:55;482
25/09/2025 17:00;443
25/09/2025 17:05;101
25/09/2025 17:10;293
25/09/2025 17:15;283
25/09/2025 17:20;250
25/09/2025 17:25;241
25/09/2025 17:30;221
25/09/2025 17:35;227
25/09/2025 17:40;90
25/09/2025 17:45;200
25/09/2025 17:50;107
25/09/2025 17:55;102
25/09/2025 18:00;83
25/09/2025 18:05;78
25/09/2025 18:10;60
25/09/2025 18:15;67
25/09/2025 18:20;73
25/09/2025 18:25;62
25/09/2025 18:30;53
25/09/2025 18:35;46
25/09/2025 18:40;43
25/09/2025 18:45;39
25/09/2025 18:50;39
25/09/2025 18:55;39
25/09/2025 19:00;39
25/09/2025 19:05;39
25/09/2025 19:10;39
25/09/2025 19:15;39
25/09/2025 19:20;39
25/09/2025 19:25;39
25/09/2025 19:30;39
25/09/2025 19:35;39
25/09/2025 19:40;39
25/09/2025 19:45;39
25/09/2025 19:50;39
25/09/2025 19:55;0
26/09/2025 8:10;0
26/09/2025 8:10;0
26/09/2025 8:11;0
26/09/2025 8:11;0
26/09/2025 8:12;0
26/09/2025 8:15;0
26/09/2025 8:20;0
26/09/2025 8:25;0
26/09/2025 8:30;0
26/09/2025 8:35;0
26/09/2025 8:40;39
26/09/2025 8:45;39
26/09/2025 8:50;39
26/09/2025 8:55;145
26/09/2025 9:00;210
26/09/2025 9:05;234
26/09/2025 9:10;258
26/09/2025 9:15;281
26/09/2025 9:20;301
26/09/2025 9:25;321
26/09/2025 9:30;339
26/09/2025 9:35;358
26/09/2025 9:40;376
26/09/2025 9:45;396
26/09/2025 9:50;410
26/09/2025 9:55;425
26/09/2025 10:00;441
26/09/2025 10:05;454
26/09/2025 10:10;473
26/09/2025 10:15;483
26/09/2025 10:20;496
26/09/2025 10:25;509
26/09/2025 10:30;524
26/09/2025 10:35;537
26/09/2025 10:40;549
26/09/2025 10:45;554
26/09/2025 10:50;567
26/09/2025 10:55;578
26/09/2025 11:00;590
26/09/2025 11:05;602
26/09/2025 11:10;604
26/09/2025 11:15;614
26/09/2025 11:20;629
26/09/2025 11:25;643
26/09/2025 11:30;653
26/09/2025 11:35;662
26/09/2025 11:40;668
26/09/2025 11:45;673
26/09/2025 11:50;670
26/09/2025 11:55;683
26/09/2025 12:00;686
26/09/2025 12:05;690
26/09/2025 12:10;695
26/09/2025 12:15;704
26/09/2025 12:20;711
26/09/2025 12:25;712
26/09/2025 12:30;719
26/09/2025 12:35;721
26/09/2025 12:40;720
26/09/2025 12:45;705
26/09/2025 12:50;699
26/09/2025 12:55;701
26/09/2025 13:00;707
26/09/2025 13:05;521
26/09/2025 13:10;466
26/09/2025 13:15;467
26/09/2025 13:20;465
26/09/2025 13:25;517
26/09/2025 13:30;466
26/09/2025 13:35;462
26/09/2025 13:40;465
26/09/2025 13:45;462
26/09/2025 13:50;461
26/09/2025 13:55;460
26/09/2025 14:00;456
26/09/2025 14:05;458
26/09/2025 14:10;451
26/09/2025 14:15;449
26/09/2025 14:20;448
26/09/2025 14:25;513
26/09/2025 14:30;708
26/09/2025 14:35;705
26/09/2025 14:40;698
26/09/2025 14:45;694
26/09/2025 14:50;684
26/09/2025 14:55;678
26/09/2025 15:00;677
26/09/2025 15:05;668
26/09/2025 15:10;659
26/09/2025 15:15;651
26/09/2025 15:20;646
26/09/2025 15:25;633
26/09/2025 15:30;621
26/09/2025 15:35;608
26/09/2025 15:40;595
26/09/2025 15:45;584
26/09/2025 15:50;577
26/09/2025 15:55;563
26/09/2025 16:00;549
26/09/2025 16:05;543
26/09/2025 16:10;534
26/09/2025 16:15;527
26/09/2025 16:20;516
26/09/2025 16:25;502
26/09/2025 16:30;489
26/09/2025 16:35;476
26/09/2025 16:40;459
26/09/2025 16:45;440
26/09/2025 16:50;424
26/09/2025 16:55;409
26/09/2025 17:00;383
26/09/2025 17:05;294
26/09/2025 17:10;236
26/09/2025 17:15;232
26/09/2025 17:20;229
26/09/2025 17:25;216
26/09/2025 17:30;203
26/09/2025 17:35;187
26/09/2025 17:40;177
26/09/2025 17:45;130
26/09/2025 17:50;58
26/09/2025 17:55;72
26/09/2025 18:00;65
26/09/2025 18:05;60
26/09/2025 18:10;66
26/09/2025 18:15;64
26/09/2025 18:20;56
26/09/2025 18:25;51
26/09/2025 18:30;47
26/09/2025 18:35;43
26/09/2025 18:40;39
26/09/2025 18:45;39
26/09/2025 18:50;39
26/09/2025 18:55;39
26/09/2025 19:00;39
26/09/2025 19:05;39
26/09/2025 19:10;39
26/09/2025 19:15;39
26/09/2025 19:20;39
26/09/2025 19:25;39
26/09/2025 19:30;39
26/09/2025 19:35;0
26/09/2025 19:40;0
26/09/2025 19:45;0
26/09/2025 19:50;0
27/09/2025 8:23;0
27/09/2025 8:24;0
27/09/2025 8:24;0
27/09/2025 8:25;0
27/09/2025 8:25;0
27/09/2025 8:30;0
27/09/2025 8:35;0
27/09/2025 8:40;0
27/09/2025 8:45;0
27/09/2025 8:50;0
27/09/2025 8:55;39
27/09/2025 9:00;39
27/09/2025 9:05;39
27/09/2025 9:10;39
27/09/2025 9:15;42
27/09/2025 9:20;65
27/09/2025 9:25;87
27/09/2025 9:30;101
27/09/2025 9:35;102
27/09/2025 9:40;101
27/09/2025 9:45;111
27/09/2025 9:50;139
27/09/2025 9:55;144
27/09/2025 10:00;139
27/09/2025 10:05;126
27/09/2025 10:10;125
27/09/2025 10:15;128
27/09/2025 10:20;152
27/09/2025 10:25;499
27/09/2025 10:30;494
27/09/2025 10:35;550
27/09/2025 10:40;539
27/09/2025 10:45;550
27/09/2025 10:50;561
27/09/2025 10:55;569
27/09/2025 11:00;575
27/09/2025 11:05;587
27/09/2025 11:10;594
27/09/2025 11:15;609
27/09/2025 11:20;622
27/09/2025 11:25;620
27/09/2025 11:30;630
27/09/2025 11:35;635
27/09/2025 11:40;645
27/09/2025 11:45;647
27/09/2025 11:50;647
27/09/2025 11:55;664
27/09/2025 12:00;659
27/09/2025 12:05;626
27/09/2025 12:10;669
27/09/2025 12:15;667
27/09/2025 12:20;660
27/09/2025 12:25;606
27/09/2025 12:30;631
27/09/2025 12:35;648
27/09/2025 12:40;622
27/09/2025 12:45;612
27/09/2025 12:50;647
27/09/2025 12:55;588
27/09/2025 13:00;617
27/09/2025 13:05;516
27/09/2025 13:10;622
27/09/2025 13:15;604
27/09/2025 13:20;688
27/09/2025 13:25;714
27/09/2025 13:30;678
27/09/2025 13:35;675
27/09/2025 13:40;497
27/09/2025 13:45;690
27/09/2025 13:50;596
27/09/2025 13:55;687
27/09/2025 14:00;622
27/09/2025 14:05;651
27/09/2025 14:10;637
27/09/2025 14:15;605
27/09/2025 14:20;429
27/09/2025 14:25;557
27/09/2025 14:30;526
27/09/2025 14:35;636
27/09/2025 14:40;544
27/09/2025 14:45;600
27/09/2025 14:50;574
27/09/2025 14:55;651
27/09/2025 15:00;665
27/09/2025 15:05;485
27/09/2025 15:10;387
27/09/2025 15:15;372
27/09/2025 15:20;557
27/09/2025 15:25;401
27/09/2025 15:30;446
27/09/2025 15:35;271
27/09/2025 15:40;269
27/09/2025 15:45;287
27/09/2025 15:50;251
27/09/2025 15:55;303
27/09/2025 16:00;260
27/09/2025 16:05;363
27/09/2025 16:10;352
27/09/2025 16:15;251
27/09/2025 16:20;254
27/09/2025 16:25;228
27/09/2025 16:30;218
27/09/2025 16:35;212
27/09/2025 16:40;221
27/09/2025 16:45;225
27/09/2025 16:50;222
27/09/2025 16:55;185
27/09/2025 17:00;164
27/09/2025 17:05;150
27/09/2025 17:10;128
27/09/2025 17:15;110
27/09/2025 17:20;102
27/09/2025 17:25;100
27/09/2025 17:30;96
27/09/2025 17:35;94
27/09/2025 17:40;90
27/09/2025 17:45;86
27/09/2025 17:50;86
27/09/2025 17:55;80
27/09/2025 18:00;70
27/09/2025 18:05;58
27/09/2025 18:10;46
27/09/2025 18:15;40
27/09/2025 18:20;44
27/09/2025 18:25;43
27/09/2025 18:30;39
27/09/2025 18:35;39
27/09/2025 18:40;39
27/09/2025 18:45;39
27/09/2025 18:50;39
27/09/2025 18:55;39
27/09/2025 19:00;39
27/09/2025 19:05;39
27/09/2025 19:10;39
27/09/2025 19:15;39
27/09/2025 19:20;39
27/09/2025 19:25;39
27/09/2025 19:30;0
27/09/2025 19:35;0
27/09/2025 19:40;0
28/09/2025 8:26;0
28/09/2025 8:27;0
28/09/2025 8:27;0
28/09/2025 8:28;0
28/09/2025 8:28;0
28/09/2025 8:30;0
28/09/2025 8:35;0
28/09/2025 8:40;0
28/09/2025 8:45;0
28/09/2025 8:50;0
28/09/2025 8:55;0
28/09/2025 9:00;39
28/09/2025 9:05;39
28/09/2025 9:10;39
28/09/2025 9:15;44
28/09/2025 9:20;44
28/09/2025 9:25;46
28/09/2025 9:30;59
28/09/2025 9:35;72
28/09/2025 9:40;108
28/09/2025 9:45;102
28/09/2025 9:50;109
28/09/2025 9:55;90
28/09/2025 10:00;63
28/09/2025 10:05;68
28/09/2025 10:10;79
28/09/2025 10:15;99
28/09/2025 10:20;90
28/09/2025 10:25;80
28/09/2025 10:30;53
28/09/2025 10:35;39
28/09/2025 10:40;71
28/09/2025 10:45;119
28/09/2025 10:50;191
28/09/2025 10:55;241
28/09/2025 11:00;210
28/09/2025 11:05;264
28/09/2025 11:10;207
28/09/2025 11:15;327
28/09/2025 11:20;314
28/09/2025 11:25;235
28/09/2025 11:30;189
28/09/2025 11:35;232
28/09/2025 11:40;238
28/09/2025 11:45;214
28/09/2025 11:50;198
28/09/2025 11:55;180
28/09/2025 12:00;221
28/09/2025 12:05;304
28/09/2025 12:10;241
28/09/2025 12:15;304
28/09/2025 12:20;209
28/09/2025 12:25;189
28/09/2025 12:30;206
28/09/2025 12:35;324
28/09/2025 12:40;318
28/09/2025 12:45;238
28/09/2025 12:50;240
28/09/2025 12:55;256
28/09/2025 13:00;206
28/09/2025 13:05;116
28/09/2025 13:10;96
28/09/2025 13:15;112
28/09/2025 13:20;170
28/09/2025 13:25;219
28/09/2025 13:30;256
28/09/2025 13:35;264
28/09/2025 13:40;246
28/09/2025 13:45;280
28/09/2025 13:50;278
28/09/2025 13:55;271
28/09/2025 14:00;276
28/09/2025 14:05;267
28/09/2025 14:10;267
28/09/2025 14:15;294
28/09/2025 14:20;349
28/09/2025 14:25;604
28/09/2025 14:30;773
28/09/2025 14:35;766
28/09/2025 14:40;770
28/09/2025 14:45;726
28/09/2025 14:50;777
28/09/2025 14:55;464
28/09/2025 15:00;780
28/09/2025 15:05;710
28/09/2025 15:10;504
28/09/2025 15:15;393
28/09/2025 15:20;315
28/09/2025 15:25;696
28/09/2025 15:30;701
28/09/2025 15:35;680
28/09/2025 15:40;723
28/09/2025 15:45;351
28/09/2025 15:50;638
28/09/2025 15:55;507
28/09/2025 16:00;565
28/09/2025 16:05;557
28/09/2025 16:10;548
28/09/2025 16:15;511
28/09/2025 16:20;505
28/09/2025 16:25;519
28/09/2025 16:30;525
28/09/2025 16:35;277
28/09/2025 16:40;324
28/09/2025 16:45;307
28/09/2025 16:50;212
28/09/2025 16:55;246
28/09/2025 17:00;376
28/09/2025 17:05;252
28/09/2025 17:10;250
28/09/2025 17:15;185
28/09/2025 17:20;211
28/09/2025 17:25;176
28/09/2025 17:30;146
28/09/2025 17:35;109
28/09/2025 17:40;71
28/09/2025 17:45;74
28/09/2025 17:50;78
28/09/2025 17:55;74
28/09/2025 18:00;65
28/09/2025 18:05;92
28/09/2025 18:10;84
28/09/2025 18:15;52
28/09/2025 18:20;46
28/09/2025 18:25;47
28/09/2025 18:30;45
28/09/2025 18:35;67
28/09/2025 18:40;61
28/09/2025 18:45;50
28/09/2025 18:50;40
28/09/2025 18:55;39
28/09/2025 19:00;39
28/09/2025 19:05;39
28/09/2025 19:10;39
28/09/2025 19:15;39
28/09/2025 19:20;39
28/09/2025 19:25;39
28/09/2025 19:30;39
28/09/2025 19:35;39
28/09/2025 19:40;0
28/09/2025 19:45;0
29/09/2025 8:39;0
29/09/2025 8:40;0
29/09/2025 8:40;0
29/09/2025 8:41;0
29/09/2025 8:41;0
29/09/2025 8:45;0
29/09/2025 8:50;0
29/09/2025 8:55;0
29/09/2025 9:00;0
29/09/2025 9:05;0
29/09/2025 9:10;39
29/09/2025 9:15;39
29/09/2025 9:20;39
29/09/2025 9:25;39
29/09/2025 9:30;39
29/09/2025 9:35;39
29/09/2025 9:40;39
29/09/2025 9:45;42
29/09/2025 9:50;55
29/09/2025 9:55;70
29/09/2025 10:00;93
29/09/2025 10:05;161
29/09/2025 10:10;388
29/09/2025 10:15;537
29/09/2025 10:20;520
29/09/2025 10:25;512
29/09/2025 10:30;515
29/09/2025 10:35;530
29/09/2025 10:40;543
29/09/2025 10:45;546
29/09/2025 10:50;564
29/09/2025 10:55;569
29/09/2025 11:00;580
29/09/2025 11:05;598
29/09/2025 11:10;610
29/09/2025 11:15;620
29/09/2025 11:20;636
29/09/2025 11:25;676
29/09/2025 11:30;733
29/09/2025 11:35;111
29/09/2025 11:40;89
29/09/2025 11:45;55
29/09/2025 11:50;43
29/09/2025 11:55;64
29/09/2025 12:00;58
29/09/2025 12:05;73
29/09/2025 12:10;741
29/09/2025 12:15;682
29/09/2025 12:20;750
29/09/2025 12:25;772
29/09/2025 12:30;770
29/09/2025 12:35;135
29/09/2025 12:40;0
29/09/2025 12:45;738
29/09/2025 12:50;705
29/09/2025 12:55;764
29/09/2025 13:00;749
29/09/2025 13:05;0
29/09/2025 13:10;182
29/09/2025 13:15;164
29/09/2025 13:20;166
29/09/2025 13:25;780
29/09/2025 13:30;759
29/09/2025 13:35;746
29/09/2025 13:40;780
29/09/2025 13:45;657
29/09/2025 13:50;562
29/09/2025 13:55;776
29/09/2025 14:00;776
29/09/2025 14:05;767
29/09/2025 14:10;756
29/09/2025 14:15;691
29/09/2025 14:20;540
29/09/2025 14:25;578
29/09/2025 14:30;455
29/09/2025 14:35;694
29/09/2025 14:40;691
29/09/2025 14:45;688
29/09/2025 14:50;666
29/09/2025 14:55;661
29/09/2025 15:00;657
29/09/2025 15:05;0
29/09/2025 15:10;647
29/09/2025 15:15;659
29/09/2025 15:20;680
29/09/2025 15:25;247
29/09/2025 15:30;635
29/09/2025 15:35;651
29/09/2025 15:40;560
29/09/2025 15:45;617
29/09/2025 15:50;0
29/09/2025 15:55;587
29/09/2025 16:00;565
29/09/2025 16:05;0
29/09/2025 16:10;537
29/09/2025 16:15;409
29/09/2025 16:20;499
29/09/2025 16:25;491
29/09/2025 16:30;490
29/09/2025 16:35;532
29/09/2025 16:40;572
29/09/2025 16:45;164
29/09/2025 16:50;120
29/09/2025 16:55;101
29/09/2025 17:00;97
29/09/2025 17:05;99
29/09/2025 17:10;98
29/09/2025 17:15;83
29/09/2025 17:20;64
29/09/2025 17:25;48
29/09/2025 17:30;51
29/09/2025 17:35;67
29/09/2025 17:40;85
29/09/2025 17:45;80
29/09/2025 17:50;73
29/09/2025 17:55;70
29/09/2025 18:00;64
29/09/2025 18:05;53
29/09/2025 18:10;45
29/09/2025 18:15;43
29/09/2025 18:20;41
29/09/2025 18:25;39
29/09/2025 18:30;39
29/09/2025 18:35;39
29/09/2025 18:40;39
29/09/2025 18:45;39
29/09/2025 18:50;39
29/09/2025 18:55;39
29/09/2025 19:00;39
29/09/2025 19:05;39
29/09/2025 19:10;39
29/09/2025 19:15;39
29/09/2025 19:20;39
29/09/2025 19:25;39
29/09/2025 19:30;39
29/09/2025 19:35;39
30/09/2025 8:18;0
30/09/2025 8:19;0
30/09/2025 8:19;0
30/09/2025 8:20;0
30/09/2025 8:20;0
30/09/2025 8:25;0
30/09/2025 8:30;0
30/09/2025 8:35;0
30/09/2025 8:40;39
30/09/2025 8:45;39
30/09/2025 8:50;39
30/09/2025 8:55;39
30/09/2025 9:00;39
30/09/2025 9:05;39
30/09/2025 9:10;39
30/09/2025 9:15;206
30/09/2025 9:20;265
30/09/2025 9:25;290
30/09/2025 9:30;310
30/09/2025 9:35;334
30/09/2025 9:40;351
30/09/2025 9:45;379
30/09/2025 9:50;396
30/09/2025 9:55;405
30/09/2025 10:00;408
30/09/2025 10:05;400
30/09/2025 10:10;441
30/09/2025 10:15;444
30/09/2025 10:20;453
30/09/2025 10:25;491
30/09/2025 10:30;505
30/09/2025 10:35;477
30/09/2025 10:40;500
30/09/2025 10:45;530
30/09/2025 10:50;544
30/09/2025 10:55;551
30/09/2025 11:00;564
30/09/2025 11:05;560
30/09/2025 11:10;577
30/09/2025 11:15;583
30/09/2025 11:20;594
30/09/2025 11:25;560
30/09/2025 11:30;613
30/09/2025 11:35;627
30/09/2025 11:40;635
30/09/2025 11:45;646
30/09/2025 11:50;634
30/09/2025 11:55;672
30/09/2025 12:00;699
30/09/2025 12:05;706
30/09/2025 12:10;687
30/09/2025 12:15;734
30/09/2025 12:20;0
30/09/2025 12:25;708
30/09/2025 12:30;0
30/09/2025 12:35;716
30/09/2025 12:40;694
30/09/2025 12:45;654
30/09/2025 12:50;685
30/09/2025 12:55;711
30/09/2025 13:00;716
30/09/2025 13:05;720
30/09/2025 13:10;717
30/09/2025 13:15;734
30/09/2025 13:20;727
30/09/2025 13:25;719
30/09/2025 13:30;735
30/09/2025 13:35;729
30/09/2025 13:40;730
30/09/2025 13:45;731
30/09/2025 13:50;723
30/09/2025 13:55;718
30/09/2025 14:00;719
30/09/2025 14:05;719
30/09/2025 14:10;715
30/09/2025 14:15;711
30/09/2025 14:20;705
30/09/2025 14:25;700
30/09/2025 14:30;697
30/09/2025 14:35;692
30/09/2025 14:40;681
30/09/2025 14:45;674
30/09/2025 14:50;670
30/09/2025 14:55;661
30/09/2025 15:00;651
30/09/2025 15:05;646
30/09/2025 15:10;645
30/09/2025 15:15;632
30/09/2025 15:20;620
30/09/2025 15:25;614
30/09/2025 15:30;606
30/09/2025 15:35;596
30/09/2025 15:40;588
30/09/2025 15:45;0
30/09/2025 15:50;563
30/09/2025 15:55;553
30/09/2025 16:00;542
30/09/2025 16:05;532
30/09/2025 16:10;508
30/09/2025 16:13;512
30/09/2025 16:13;511
30/09/2025 16:14;510
30/09/2025 16:15;507
30/09/2025 16:20;492
30/09/2025 16:25;481
30/09/2025 16:30;465
30/09/2025 16:35;454
30/09/2025 16:40;435
30/09/2025 16:45;420
30/09/2025 16:50;404
30/09/2025 16:55;331
30/09/2025 17:00;246
30/09/2025 17:05;236
30/09/2025 17:10;228
30/09/2025 17:15;216
30/09/2025 17:20;213
30/09/2025 17:25;202
30/09/2025 17:30;188
30/09/2025 17:35;158
30/09/2025 17:40;86
30/09/2025 17:45;80
30/09/2025 17:50;73
30/09/2025 17:55;58
30/09/2025 18:00;69
30/09/2025 18:05;67
30/09/2025 18:10;63
30/09/2025 18:15;60
30/09/2025 18:20;49
30/09/2025 18:25;49
30/09/2025 18:30;45
30/09/2025 18:35;40
30/09/2025 18:40;39
30/09/2025 18:45;39
30/09/2025 18:50;39
30/09/2025 18:55;39
30/09/2025 19:00;39
30/09/2025 19:05;39
30/09/2025 19:10;39
30/09/2025 19:15;39
30/09/2025 19:20;39
30/09/2025 19:25;39
30/09/2025 19:30;39
30/09/2025 19:35;0
30/09/2025 19:40;0
30/09/2025 19:45;0
01/10/2025 8:16;0
01/10/2025 8:17;0
01/10/2025 8:17;0
01/10/2025 8:18;0
01/10/2025 8:18;0
01/10/2025 8:20;0
01/10/2025 8:25;0
01/10/2025 8:30;0
01/10/2025 8:35;0
01/10/2025 8:40;39
01/10/2025 8:45;39
01/10/2025 8:50;39
01/10/2025 8:55;39
01/10/2025 9:00;56
01/10/2025 9:05;125
01/10/2025 9:10;226
01/10/2025 9:15;249
01/10/2025 9:20;266
01/10/2025 9:25;289
01/10/2025 9:30;310
01/10/2025 9:35;339
01/10/2025 9:40;357
01/10/2025 9:45;359
01/10/2025 9:50;337
01/10/2025 9:55;369
01/10/2025 10:00;351
01/10/2025 10:05;401
01/10/2025 10:10;429
01/10/2025 10:15;453
01/10/2025 10:20;453
01/10/2025 10:25;483
01/10/2025 10:30;495
01/10/2025 10:35;511
01/10/2025 10:40;522
01/10/2025 10:45;535
01/10/2025 10:50;515
01/10/2025 10:55;491
01/10/2025 11:00;556
01/10/2025 11:05;577
01/10/2025 11:10;588
01/10/2025 11:15;590
01/10/2025 11:20;600
01/10/2025 11:25;602
01/10/2025 11:30;618
01/10/2025 11:35;627
01/10/2025 11:40;635
01/10/2025 11:45;630
01/10/2025 11:50;573
01/10/2025 11:55;628
01/10/2025 12:00;687
01/10/2025 12:05;677
01/10/2025 12:10;694
01/10/2025 12:15;719
01/10/2025 12:20;584
01/10/2025 12:25;710
01/10/2025 12:30;704
01/10/2025 12:35;704
01/10/2025 12:40;589
01/10/2025 12:45;723
01/10/2025 12:50;680
01/10/2025 12:55;717
01/10/2025 13:00;722
01/10/2025 13:05;717
01/10/2025 13:10;681
01/10/2025 13:15;716
01/10/2025 13:20;689
01/10/2025 13:25;716
01/10/2025 13:30;680
01/10/2025 13:35;658
01/10/2025 13:40;651
01/10/2025 13:45;717
01/10/2025 13:50;687
01/10/2025 13:55;693
01/10/2025 14:00;728
01/10/2025 14:05;723
01/10/2025 14:10;686
01/10/2025 14:15;671
01/10/2025 14:20;696
01/10/2025 14:25;692
01/10/2025 14:30;691
01/10/2025 14:35;681
01/10/2025 14:40;671
01/10/2025 14:45;653
01/10/2025 14:50;655
01/10/2025 14:55;596
01/10/2025 15:00;649
01/10/2025 15:05;649
01/10/2025 15:10;635
01/10/2025 15:15;614
01/10/2025 15:20;616
01/10/2025 15:25;617
01/10/2025 15:30;514
01/10/2025 15:35;595
01/10/2025 15:40;539
01/10/2025 15:45;612
01/10/2025 15:50;587
01/10/2025 15:55;536
01/10/2025 16:00;469
01/10/2025 16:05;506
01/10/2025 16:10;441
01/10/2025 16:15;509
01/10/2025 16:20;459
01/10/2025 16:25;497
01/10/2025 16:30;415
01/10/2025 16:35;406
01/10/2025 16:40;404
01/10/2025 16:45;343
01/10/2025 16:50;358
01/10/2025 16:55;246
01/10/2025 17:00;264
01/10/2025 17:05;285
01/10/2025 17:10;282
01/10/2025 17:15;238
01/10/2025 17:20;169
01/10/2025 17:25;147
01/10/2025 17:30;71
01/10/2025 17:35;60
01/10/2025 17:40;57
01/10/2025 17:45;99
01/10/2025 17:50;109
01/10/2025 17:55;96
01/10/2025 18:00;98
01/10/2025 18:05;93
01/10/2025 18:10;86
01/10/2025 18:15;76
01/10/2025 18:20;65
01/10/2025 18:25;53
01/10/2025 18:30;49
01/10/2025 18:35;39
01/10/2025 18:40;39
01/10/2025 18:45;39
01/10/2025 18:50;39
01/10/2025 18:55;39
01/10/2025 19:00;39
01/10/2025 19:05;39
01/10/2025 19:10;39
01/10/2025 19:15;39
01/10/2025 19:20;39
01/10/2025 19:25;39
01/10/2025 19:30;39
01/10/2025 19:35;39
01/10/2025 19:40;39
01/10/2025 19:45;0
02/10/2025 8:18;0
02/10/2025 8:18;0
02/10/2025 8:19;0
02/10/2025 8:19;0
02/10/2025 8:20;0
02/10/2025 8:25;0
02/10/2025 8:30;0
02/10/2025 8:35;0
02/10/2025 8:40;0
02/10/2025 8:45;0
02/10/2025 8:50;0
02/10/2025 8:55;39
02/10/2025 9:00;78
02/10/2025 9:05;77
02/10/2025 9:10;243
02/10/2025 9:15;266
02/10/2025 9:20;289
02/10/2025 9:25;291
02/10/2025 9:30;317
02/10/2025 9:35;348
02/10/2025 9:40;364
02/10/2025 9:45;380
02/10/2025 9:50;400
02/10/2025 9:55;416
02/10/2025 10:00;437
02/10/2025 10:05;387
02/10/2025 10:10;438
02/10/2025 10:15;472
02/10/2025 10:20;488
02/10/2025 10:25;502
02/10/2025 10:30;515
02/10/2025 10:35;528
02/10/2025 10:40;540
02/10/2025 10:45;550
02/10/2025 10:50;564
02/10/2025 10:55;574
02/10/2025 11:00;583
02/10/2025 11:05;599
02/10/2025 11:10;609
02/10/2025 11:15;612
02/10/2025 11:20;628
02/10/2025 11:25;637
02/10/2025 11:30;627
02/10/2025 11:35;657
02/10/2025 11:40;654
02/10/2025 11:45;618
02/10/2025 11:50;684
02/10/2025 11:55;700
02/10/2025 12:00;660
02/10/2025 12:05;665
02/10/2025 12:10;692
02/10/2025 12:15;677
02/10/2025 12:20;686
02/10/2025 12:25;708
02/10/2025 12:26;706
02/10/2025 12:27;706
02/10/2025 12:27;707
02/10/2025 12:30;709
02/10/2025 12:35;703
02/10/2025 12:40;685
02/10/2025 12:45;708
02/10/2025 12:50;710
02/10/2025 12:55;714
02/10/2025 13:00;702
02/10/2025 13:05;701
02/10/2025 13:10;713
02/10/2025 13:15;715
02/10/2025 13:20;510
02/10/2025 13:25;461
02/10/2025 13:30;460
02/10/2025 13:35;454
02/10/2025 13:40;458
02/10/2025 13:45;610
02/10/2025 13:50;671
02/10/2025 13:55;650
02/10/2025 14:00;723
02/10/2025 14:05;633
02/10/2025 14:10;682
02/10/2025 14:15;695
02/10/2025 14:20;693
02/10/2025 14:25;668
02/10/2025 14:30;685
02/10/2025 14:35;673
02/10/2025 14:40;662
02/10/2025 14:45;659
02/10/2025 14:50;654
02/10/2025 14:55;655
02/10/2025 15:00;560
02/10/2025 15:05;640
02/10/2025 15:10;631
02/10/2025 15:15;623
02/10/2025 15:20;607
02/10/2025 15:25;589
02/10/2025 15:30;595
02/10/2025 15:35;598
02/10/2025 15:40;593
02/10/2025 15:45;485
02/10/2025 15:50;488
02/10/2025 15:55;477
02/10/2025 16:00;519
02/10/2025 16:05;527
02/10/2025 16:10;509
02/10/2025 16:15;373
02/10/2025 16:20;493
02/10/2025 16:25;476
02/10/2025 16:30;466
02/10/2025 16:35;390
02/10/2025 16:36;411
02/10/2025 16:36;404
02/10/2025 16:37;396
02/10/2025 16:40;410
02/10/2025 16:45;430
02/10/2025 16:50;370
02/10/2025 16:55;263
02/10/2025 17:00;245
02/10/2025 17:05;218
02/10/2025 17:10;204
02/10/2025 17:15;133
02/10/2025 17:20;189
02/10/2025 17:25;162
02/10/2025 17:30;176
02/10/2025 17:35;148
02/10/2025 17:40;149
02/10/2025 17:45;128
02/10/2025 17:50;89
02/10/2025 17:55;104
02/10/2025 18:00;88
02/10/2025 18:05;79
02/10/2025 18:10;76
02/10/2025 18:15;70
02/10/2025 18:20;67
02/10/2025 18:25;63
02/10/2025 18:30;51
02/10/2025 18:35;54
02/10/2025 18:40;40
02/10/2025 18:45;39
02/10/2025 18:50;39
02/10/2025 18:55;39
02/10/2025 19:00;39
02/10/2025 19:05;39
02/10/2025 19:10;39
02/10/2025 19:15;39
02/10/2025 19:20;39
02/10/2025 19:25;39
02/10/2025 19:30;39
02/10/2025 19:35;39
02/10/2025 19:40;0
03/10/2025 8:29;0
03/10/2025 8:30;0
03/10/2025 8:30;0
03/10/2025 8:31;0
03/10/2025 8:31;0
03/10/2025 8:35;0
03/10/2025 8:40;0
03/10/2025 8:45;0
03/10/2025 8:50;39
03/10/2025 8:55;39
03/10/2025 9:00;39
03/10/2025 9:05;39
03/10/2025 9:10;39
03/10/2025 9:15;39
03/10/2025 9:20;39
03/10/2025 9:25;39
03/10/2025 9:30;39
03/10/2025 9:35;42
03/10/2025 9:40;39
03/10/2025 9:45;49
03/10/2025 9:50;74
03/10/2025 9:55;91
03/10/2025 10:00;110
03/10/2025 10:05;120
03/10/2025 10:10;93
03/10/2025 10:15;60
03/10/2025 10:20;61
03/10/2025 10:25;77
03/10/2025 10:30;88
03/10/2025 10:35;117
03/10/2025 10:40;197
03/10/2025 10:45;223
03/10/2025 10:50;217
03/10/2025 10:55;201
03/10/2025 11:00;128
03/10/2025 11:05;78
03/10/2025 11:10;63
03/10/2025 11:15;47
03/10/2025 11:20;54
03/10/2025 11:25;64
03/10/2025 11:30;93
03/10/2025 11:35;101
03/10/2025 11:40;103
03/10/2025 11:45;132
03/10/2025 11:50;166
03/10/2025 11:55;206
03/10/2025 12:00;247
03/10/2025 12:05;225
03/10/2025 12:10;204
03/10/2025 12:15;249
03/10/2025 12:20;282
03/10/2025 12:25;294
03/10/2025 12:30;265
03/10/2025 12:35;379
03/10/2025 12:40;503
03/10/2025 12:45;336
03/10/2025 12:50;353
03/10/2025 12:55;229
03/10/2025 13:00;222
03/10/2025 13:05;266
03/10/2025 13:10;315
03/10/2025 13:15;260
03/10/2025 13:20;321
03/10/2025 13:25;731
03/10/2025 13:30;713
03/10/2025 13:35;631
03/10/2025 13:40;538
03/10/2025 13:45;614
03/10/2025 13:50;673
03/10/2025 13:55;668
03/10/2025 14:00;709
03/10/2025 14:05;675
03/10/2025 14:10;655
03/10/2025 14:15;650
03/10/2025 14:20;668
03/10/2025 14:25;664
03/10/2025 14:30;648
03/10/2025 14:35;640
03/10/2025 14:40;615
03/10/2025 14:45;641
03/10/2025 14:50;584
03/10/2025 14:55;544
03/10/2025 15:00;604
03/10/2025 15:05;572
03/10/2025 15:10;558
03/10/2025 15:15;592
03/10/2025 15:20;578
03/10/2025 15:25;562
03/10/2025 15:30;567
03/10/2025 15:35;568
03/10/2025 15:40;534
03/10/2025 15:45;575
03/10/2025 15:50;480
03/10/2025 15:55;270
03/10/2025 16:00;242
03/10/2025 16:05;217
03/10/2025 16:10;190
03/10/2025 16:15;187
03/10/2025 16:20;175
03/10/2025 16:25;178
03/10/2025 16:30;191
03/10/2025 16:35;206
03/10/2025 16:40;210
03/10/2025 16:45;223
03/10/2025 16:50;211
03/10/2025 16:55;278
03/10/2025 17:00;301
03/10/2025 17:05;305
03/10/2025 17:10;311
03/10/2025 17:15;233
03/10/2025 17:20;217
03/10/2025 17:25;141
03/10/2025 17:30;127
03/10/2025 17:35;113
03/10/2025 17:40;106
03/10/2025 17:45;94
03/10/2025 17:50;87
03/10/2025 17:55;102
03/10/2025 18:00;90
03/10/2025 18:05;97
03/10/2025 18:10;87
03/10/2025 18:15;76
03/10/2025 18:20;60
03/10/2025 18:25;41
03/10/2025 18:30;39
03/10/2025 18:35;39
03/10/2025 18:40;39
03/10/2025 18:45;39
03/10/2025 18:50;39
03/10/2025 18:55;39
03/10/2025 19:00;39
03/10/2025 19:05;39
03/10/2025 19:10;39
03/10/2025 19:15;39
03/10/2025 19:20;39
03/10/2025 19:25;39
03/10/2025 19:30;39
04/10/2025 8:23;0
04/10/2025 8:24;0
04/10/2025 8:24;0
04/10/2025 8:25;0
04/10/2025 8:25;0
04/10/2025 8:30;0
04/10/2025 8:35;0
04/10/2025 8:40;0
04/10/2025 8:45;0
04/10/2025 8:50;39
04/10/2025 8:55;39
04/10/2025 9:00;39
04/10/2025 9:05;100
04/10/2025 9:10;170
04/10/2025 9:15;233
04/10/2025 9:20;250
04/10/2025 9:25;271
04/10/2025 9:30;294
04/10/2025 9:35;315
04/10/2025 9:40;348
04/10/2025 9:45;277
04/10/2025 9:50;243
04/10/2025 9:55;410
04/10/2025 10:00;408
04/10/2025 10:05;415
04/10/2025 10:10;425
04/10/2025 10:15;440
04/10/2025 10:20;462
04/10/2025 10:25;471
04/10/2025 10:30;486
04/10/2025 10:35;494
04/10/2025 10:40;509
04/10/2025 10:45;519
04/10/2025 10:50;536
04/10/2025 10:55;553
04/10/2025 11:00;501
04/10/2025 11:05;469
04/10/2025 11:10;577
04/10/2025 11:15;606
04/10/2025 11:20;202
04/10/2025 11:25;201
04/10/2025 11:30;116
04/10/2025 11:35;89
04/10/2025 11:40;128
04/10/2025 11:45;165
04/10/2025 11:50;125
04/10/2025 11:55;95
04/10/2025 12:00;55
04/10/2025 12:05;61
04/10/2025 12:10;44
04/10/2025 12:15;82
04/10/2025 12:20;56
04/10/2025 12:25;53
04/10/2025 12:30;109
04/10/2025 12:35;116
04/10/2025 12:40;109
04/10/2025 12:45;87
04/10/2025 12:50;109
04/10/2025 12:55;149
04/10/2025 13:00;122
04/10/2025 13:05;108
04/10/2025 13:10;167
04/10/2025 13:15;104
04/10/2025 13:20;134
04/10/2025 13:25;111
04/10/2025 13:30;98
04/10/2025 13:35;68
04/10/2025 13:40;47
04/10/2025 13:45;72
04/10/2025 13:50;59
04/10/2025 13:55;58
04/10/2025 14:00;71
04/10/2025 14:05;53
04/10/2025 14:10;63
04/10/2025 14:15;62
04/10/2025 14:20;66
04/10/2025 14:25;49
04/10/2025 14:30;54
04/10/2025 14:35;47
04/10/2025 14:40;39
04/10/2025 14:45;46
04/10/2025 14:50;39
04/10/2025 14:55;53
04/10/2025 15:00;39
04/10/2025 15:05;71
04/10/2025 15:10;63
04/10/2025 15:15;52
04/10/2025 15:20;39
04/10/2025 15:25;71
04/10/2025 15:30;99
04/10/2025 15:35;152
04/10/2025 15:40;49
04/10/2025 15:45;74
04/10/2025 15:50;49
04/10/2025 15:55;39
04/10/2025 16:00;54
04/10/2025 16:05;73
04/10/2025 16:10;62
04/10/2025 16:15;64
04/10/2025 16:20;67
04/10/2025 16:25;53
04/10/2025 16:30;41
04/10/2025 16:35;64
04/10/2025 16:40;51
04/10/2025 16:45;54
04/10/2025 16:50;57
04/10/2025 16:55;79
04/10/2025 17:00;95
04/10/2025 17:05;64
04/10/2025 17:10;40
04/10/2025 17:15;39
04/10/2025 17:20;39
04/10/2025 17:25;39
04/10/2025 17:30;44
04/10/2025 17:35;39
04/10/2025 17:40;39
04/10/2025 17:45;39
04/10/2025 17:50;39
04/10/2025 17:55;39
04/10/2025 18:00;39
04/10/2025 18:05;39
04/10/2025 18:10;39
04/10/2025 18:15;39
04/10/2025 18:20;39
04/10/2025 18:25;41
04/10/2025 18:30;39
04/10/2025 18:35;39
04/10/2025 18:40;39
04/10/2025 18:45;39
04/10/2025 18:50;39
04/10/2025 18:55;39
04/10/2025 19:00;39
04/10/2025 19:05;39
04/10/2025 19:10;39
04/10/2025 19:15;39
04/10/2025 19:20;39
04/10/2025 19:25;39
05/10/2025 8:35;0
05/10/2025 8:35;0
05/10/2025 8:36;0
05/10/2025 8:36;0
05/10/2025 8:37;0
05/10/2025 8:40;0
05/10/2025 8:45;0
05/10/2025 8:50;0
05/10/2025 8:55;0
05/10/2025 9:00;39
05/10/2025 9:05;39
05/10/2025 9:10;39
05/10/2025 9:15;39
05/10/2025 9:20;39
05/10/2025 9:25;39
05/10/2025 9:30;39
05/10/2025 9:35;44
05/10/2025 9:40;39
05/10/2025 9:45;39
05/10/2025 9:50;39
05/10/2025 9:55;39
05/10/2025 10:00;39
05/10/2025 10:05;39
05/10/2025 10:10;39
05/10/2025 10:15;39
05/10/2025 10:20;61
05/10/2025 10:25;78
05/10/2025 10:30;90
05/10/2025 10:35;109
05/10/2025 10:40;134
05/10/2025 10:45;174
05/10/2025 10:50;212
05/10/2025 10:55;280
05/10/2025 11:00;211
05/10/2025 11:05;144
05/10/2025 11:10;106
05/10/2025 11:15;120
05/10/2025 11:20;128
05/10/2025 11:25;103
05/10/2025 11:30;101
05/10/2025 11:35;117
05/10/2025 11:40;151
05/10/2025 11:45;217
05/10/2025 11:50;301
05/10/2025 11:55;637
05/10/2025 12:00;537
05/10/2025 12:05;434
05/10/2025 12:10;738
05/10/2025 12:15;646
05/10/2025 12:20;511
05/10/2025 12:25;322
05/10/2025 12:30;769
05/10/2025 12:35;690
05/10/2025 12:40;597
05/10/2025 12:45;780
05/10/2025 12:50;768
05/10/2025 12:55;121
05/10/2025 13:00;80
05/10/2025 13:05;91
05/10/2025 13:10;89
05/10/2025 13:15;158
05/10/2025 13:20;254
05/10/2025 13:25;347
05/10/2025 13:30;381
05/10/2025 13:35;293
05/10/2025 13:40;272
05/10/2025 13:45;296
05/10/2025 13:50;285
05/10/2025 13:55;254
05/10/2025 14:00;301
05/10/2025 14:05;369
05/10/2025 14:10;435
05/10/2025 14:15;395
05/10/2025 14:20;684
05/10/2025 14:25;743
05/10/2025 14:30;545
05/10/2025 14:35;475
05/10/2025 14:40;593
05/10/2025 14:45;387
05/10/2025 14:50;473
05/10/2025 14:55;554
05/10/2025 15:00;316
05/10/2025 15:05;410
05/10/2025 15:10;632
05/10/2025 15:15;479
05/10/2025 15:20;288
05/10/2025 15:25;375
05/10/2025 15:30;538
05/10/2025 15:35;307
05/10/2025 15:40;444
05/10/2025 15:45;277
05/10/2025 15:50;207
05/10/2025 15:55;176
05/10/2025 16:00;191
05/10/2025 16:05;170
05/10/2025 16:10;199
05/10/2025 16:15;206
05/10/2025 16:20;399
05/10/2025 16:25;481
05/10/2025 16:30;311
05/10/2025 16:35;99
05/10/2025 16:40;120
05/10/2025 16:45;164
05/10/2025 16:50;212
05/10/2025 16:55;103
05/10/2025 17:00;141
05/10/2025 17:05;110
05/10/2025 17:10;140
05/10/2025 17:15;120
05/10/2025 17:20;97
05/10/2025 17:25;130
05/10/2025 17:30;117
05/10/2025 17:35;117
05/10/2025 17:40;92
05/10/2025 17:45;104
05/10/2025 17:50;95
05/10/2025 17:55;80
05/10/2025 18:00;78
05/10/2025 18:05;76
05/10/2025 18:10;73
05/10/2025 18:15;69
05/10/2025 18:20;54
05/10/2025 18:25;51
05/10/2025 18:30;46
05/10/2025 18:35;39
05/10/2025 18:40;39
05/10/2025 18:45;39
05/10/2025 18:50;39
05/10/2025 18:55;39
05/10/2025 19:00;39
05/10/2025 19:05;39
05/10/2025 19:10;39
05/10/2025 19:15;0
05/10/2025 19:20;0
05/10/2025 19:25;0
05/10/2025 19:30;0
06/10/2025 8:23;0
06/10/2025 8:23;0
06/10/2025 8:24;0
06/10/2025 8:24;0
06/10/2025 8:25;0
06/10/2025 8:30;0
06/10/2025 8:35;0
06/10/2025 8:40;0
06/10/2025 8:45;0
06/10/2025 8:50;39
06/10/2025 8:55;39
06/10/2025 9:00;39
06/10/2025 9:05;88
06/10/2025 9:10;102
06/10/2025 9:15;211
06/10/2025 9:20;266
06/10/2025 9:25;287
06/10/2025 9:30;310
06/10/2025 9:35;330
06/10/2025 9:40;353
06/10/2025 9:45;372
06/10/2025 9:50;391
06/10/2025 9:55;406
06/10/2025 10:00;426
06/10/2025 10:05;441
06/10/2025 10:10;458
06/10/2025 10:15;478
06/10/2025 10:20;493
06/10/2025 10:25;508
06/10/2025 10:30;524
06/10/2025 10:35;533
06/10/2025 10:40;549
06/10/2025 10:45;558
06/10/2025 10:50;575
06/10/2025 10:55;586
06/10/2025 11:00;596
06/10/2025 11:05;607
06/10/2025 11:10;611
06/10/2025 11:15;629
06/10/2025 11:20;639
06/10/2025 11:25;647
06/10/2025 11:30;653
06/10/2025 11:35;660
06/10/2025 11:40;662
06/10/2025 11:45;668
06/10/2025 11:50;678
06/10/2025 11:55;683
06/10/2025 12:00;688
06/10/2025 12:05;694
06/10/2025 12:10;702
06/10/2025 12:15;706
06/10/2025 12:20;707
06/10/2025 12:25;708
06/10/2025 12:30;710
06/10/2025 12:35;715
06/10/2025 12:40;722
06/10/2025 12:45;720
06/10/2025 12:50;722
06/10/2025 12:55;728
06/10/2025 13:00;723
06/10/2025 13:05;721
06/10/2025 13:10;727
06/10/2025 13:15;722
06/10/2025 13:20;723
06/10/2025 13:25;727
06/10/2025 13:30;728
06/10/2025 13:35;725
06/10/2025 13:40;721
06/10/2025 13:45;716
06/10/2025 13:50;713
06/10/2025 13:55;714
06/10/2025 14:00;712
06/10/2025 14:05;706
06/10/2025 14:10;700
06/10/2025 14:15;693
06/10/2025 14:20;688
06/10/2025 14:25;683
06/10/2025 14:30;681
06/10/2025 14:35;677
06/10/2025 14:40;668
06/10/2025 14:45;664
06/10/2025 14:50;659
06/10/2025 14:55;655
06/10/2025 15:00;645
06/10/2025 15:05;633
06/10/2025 15:10;628
06/10/2025 15:15;626
06/10/2025 15:20;614
06/10/2025 15:25;606
06/10/2025 15:30;597
06/10/2025 15:35;588
06/10/2025 15:40;575
06/10/2025 15:45;563
06/10/2025 15:50;553
06/10/2025 15:55;543
06/10/2025 16:00;530
06/10/2025 16:05;522
06/10/2025 16:10;0
06/10/2025 16:15;496
06/10/2025 16:20;470
06/10/2025 16:25;469
06/10/2025 16:30;399
06/10/2025 16:35;306
06/10/2025 16:38;151
06/10/2025 16:39;137
06/10/2025 16:39;135
06/10/2025 16:40;194
06/10/2025 16:45;291
06/10/2025 16:50;293
06/10/2025 16:55;273
06/10/2025 17:00;256
06/10/2025 17:05;238
06/10/2025 17:10;223
06/10/2025 17:15;210
06/10/2025 17:20;203
06/10/2025 17:25;120
06/10/2025 17:30;86
06/10/2025 17:35;76
06/10/2025 17:40;75
06/10/2025 17:45;80
06/10/2025 17:50;77
06/10/2025 17:55;73
06/10/2025 18:00;74
06/10/2025 18:05;65
06/10/2025 18:10;61
06/10/2025 18:15;56
06/10/2025 18:20;52
06/10/2025 18:25;44
06/10/2025 18:30;39
06/10/2025 18:35;39
06/10/2025 18:40;39
06/10/2025 18:45;39
06/10/2025 18:50;39
06/10/2025 18:55;39
06/10/2025 19:00;0
06/10/2025 19:05;0
06/10/2025 19:10;0
06/10/2025 19:15;0
06/10/2025 19:20;0
06/10/2025 19:25;0
06/10/2025 19:30;0
06/10/2025 19:35;0
07/10/2025 8:30;0
07/10/2025 8:30;0
07/10/2025 8:31;0
07/10/2025 8:31;0
07/10/2025 8:32;0
07/10/2025 8:35;0
07/10/2025 8:40;0
07/10/2025 8:45;0
07/10/2025 8:50;0
07/10/2025 8:55;0
07/10/2025 9:00;39
07/10/2025 9:05;95
07/10/2025 9:10;102
07/10/2025 9:15;165
07/10/2025 9:20;272
07/10/2025 9:25;294
07/10/2025 9:30;315
07/10/2025 9:35;335
07/10/2025 9:40;357
07/10/2025 9:45;374
07/10/2025 9:50;393
07/10/2025 9:55;409
07/10/2025 10:00;423
07/10/2025 10:05;438
07/10/2025 10:10;450
07/10/2025 10:15;464
07/10/2025 10:20;482
07/10/2025 10:25;497
07/10/2025 10:30;498
07/10/2025 10:35;397
07/10/2025 10:40;351
07/10/2025 10:45;570
07/10/2025 10:50;443
07/10/2025 10:55;336
07/10/2025 11:00;587
07/10/2025 11:05;677
07/10/2025 11:10;694
07/10/2025 11:15;703
07/10/2025 11:20;264
07/10/2025 11:25;356
07/10/2025 11:30;353
07/10/2025 11:35;418
07/10/2025 11:40;396
07/10/2025 11:45;505
07/10/2025 11:50;621
07/10/2025 11:55;612
07/10/2025 12:00;635
07/10/2025 12:05;606
07/10/2025 12:10;581
07/10/2025 12:15;630
07/10/2025 12:20;606
07/10/2025 12:25;625
07/10/2025 12:30;672
07/10/2025 12:35;667
07/10/2025 12:40;653
07/10/2025 12:45;661
07/10/2025 12:50;655
07/10/2025 12:55;687
07/10/2025 13:00;682
07/10/2025 13:05;656
07/10/2025 13:10;671
07/10/2025 13:15;650
07/10/2025 13:20;681
07/10/2025 13:25;675
07/10/2025 13:30;664
07/10/2025 13:35;666
07/10/2025 13:40;670
07/10/2025 13:45;653
07/10/2025 13:50;649
07/10/2025 13:55;636
07/10/2025 14:00;625
07/10/2025 14:05;632
07/10/2025 14:10;637
07/10/2025 14:15;665
07/10/2025 14:20;597
07/10/2025 14:25;660
07/10/2025 14:30;618
07/10/2025 14:35;609
07/10/2025 14:40;576
07/10/2025 14:45;639
07/10/2025 14:50;605
07/10/2025 14:55;635
07/10/2025 15:00;607
07/10/2025 15:05;631
07/10/2025 15:10;581
07/10/2025 15:15;596
07/10/2025 15:20;575
07/10/2025 15:25;582
07/10/2025 15:30;562
07/10/2025 15:35;543
07/10/2025 15:40;554
07/10/2025 15:45;535
07/10/2025 15:50;531
07/10/2025 15:55;516
07/10/2025 16:00;505
07/10/2025 16:05;499
07/10/2025 16:10;483
07/10/2025 16:15;469
07/10/2025 16:20;426
07/10/2025 16:25;412
07/10/2025 16:30;325
07/10/2025 16:35;249
07/10/2025 16:40;302
07/10/2025 16:45;247
07/10/2025 16:50;257
07/10/2025 16:55;249
07/10/2025 17:00;240
07/10/2025 17:05;222
07/10/2025 17:10;224
07/10/2025 17:15;209
07/10/2025 17:20;167
07/10/2025 17:25;91
07/10/2025 17:30;91
07/10/2025 17:35;84
07/10/2025 17:40;89
07/10/2025 17:45;81
07/10/2025 17:50;84
07/10/2025 17:55;76
07/10/2025 18:00;75
07/10/2025 18:05;69
07/10/2025 18:10;64
07/10/2025 18:15;58
07/10/2025 18:20;49
07/10/2025 18:25;42
07/10/2025 18:30;39
07/10/2025 18:35;39
07/10/2025 18:40;39
07/10/2025 18:45;39
07/10/2025 18:50;39
07/10/2025 18:55;39
07/10/2025 19:00;39
07/10/2025 19:05;39
07/10/2025 19:10;0
07/10/2025 19:15;39
07/10/2025 19:20;39
07/10/2025 19:25;39
07/10/2025 19:30;39
07/10/2025 19:35;0
08/10/2025 8:27;0
08/10/2025 8:27;0
08/10/2025 8:28;0
08/10/2025 8:28;0
08/10/2025 8:29;0
08/10/2025 8:30;0
08/10/2025 8:35;0
08/10/2025 8:40;0
08/10/2025 8:45;0
08/10/2025 8:50;0
08/10/2025 8:55;0
08/10/2025 9:00;39
08/10/2025 9:05;39
08/10/2025 9:10;39
08/10/2025 9:15;39
08/10/2025 9:20;39
08/10/2025 9:25;82
08/10/2025 9:30;143
08/10/2025 9:35;274
08/10/2025 9:40;82
08/10/2025 9:45;50
08/10/2025 9:50;39
08/10/2025 9:55;39
08/10/2025 10:00;39
08/10/2025 10:05;39
08/10/2025 10:10;64
08/10/2025 10:15;83
08/10/2025 10:20;119
08/10/2025 10:25;119
08/10/2025 10:30;136
08/10/2025 10:35;187
08/10/2025 10:40;172
08/10/2025 10:45;141
08/10/2025 10:50;130
08/10/2025 10:55;174
08/10/2025 11:00;281
08/10/2025 11:05;436
08/10/2025 11:10;535
08/10/2025 11:15;562
08/10/2025 11:20;646
08/10/2025 11:25;221
08/10/2025 11:30;633
08/10/2025 11:35;408
08/10/2025 11:40;319
08/10/2025 11:45;634
08/10/2025 11:50;349
08/10/2025 11:55;256
08/10/2025 12:00;646
08/10/2025 12:05;271
08/10/2025 12:10;310
08/10/2025 12:15;387
08/10/2025 12:20;556
08/10/2025 12:25;446
08/10/2025 12:30;377
08/10/2025 12:35;342
08/10/2025 12:40;351
08/10/2025 12:45;293
08/10/2025 12:50;127
08/10/2025 12:55;135
08/10/2025 13:00;137
08/10/2025 13:05;164
08/10/2025 13:10;193
08/10/2025 13:15;184
08/10/2025 13:20;170
08/10/2025 13:25;146
08/10/2025 13:30;162
08/10/2025 13:35;156
08/10/2025 13:40;122
08/10/2025 13:45;247
08/10/2025 13:50;272
08/10/2025 13:55;121
08/10/2025 14:00;191
08/10/2025 14:05;242
08/10/2025 14:10;230
08/10/2025 14:15;263
08/10/2025 14:20;257
08/10/2025 14:25;199
08/10/2025 14:30;232
08/10/2025 14:35;173
08/10/2025 14:40;133
08/10/2025 14:45;185
08/10/2025 14:50;395
08/10/2025 14:55;397
08/10/2025 15:00;247
08/10/2025 15:05;196
08/10/2025 15:10;566
08/10/2025 15:15;701
08/10/2025 15:20;166
08/10/2025 15:25;144
08/10/2025 15:30;523
08/10/2025 15:35;579
08/10/2025 15:40;219
08/10/2025 15:45;274
08/10/2025 15:50;318
08/10/2025 15:55;139
08/10/2025 16:00;246
08/10/2025 16:05;422
08/10/2025 16:10;0
08/10/2025 16:15;130
08/10/2025 16:20;98
08/10/2025 16:25;104
08/10/2025 16:30;94
08/10/2025 16:35;93
08/10/2025 16:40;75
08/10/2025 16:45;59
08/10/2025 16:50;75
08/10/2025 16:55;82
08/10/2025 17:00;87
08/10/2025 17:05;123
08/10/2025 17:10;112
08/10/2025 17:15;136
08/10/2025 17:20;152
08/10/2025 17:25;105
08/10/2025 17:30;79
08/10/2025 17:35;103
08/10/2025 17:40;113
08/10/2025 17:45;97
08/10/2025 17:50;82
08/10/2025 17:55;56
08/10/2025 18:00;53
08/10/2025 18:05;42
08/10/2025 18:10;42
08/10/2025 18:15;39
08/10/2025 18:20;39
08/10/2025 18:25;39
08/10/2025 18:30;39
08/10/2025 18:35;39
08/10/2025 18:40;39
08/10/2025 18:45;39
08/10/2025 18:50;39
08/10/2025 18:55;39
08/10/2025 19:00;39
08/10/2025 19:05;39
08/10/2025 19:10;39
08/10/2025 19:15;39
08/10/2025 19:20;39
09/10/2025 8:45;0
09/10/2025 8:45;0
09/10/2025 8:46;0
09/10/2025 8:46;0
09/10/2025 8:47;0
09/10/2025 8:50;0
09/10/2025 8:55;0
09/10/2025 9:00;0
09/10/2025 9:05;0
09/10/2025 9:10;39
09/10/2025 9:15;39
09/10/2025 9:20;117
09/10/2025 9:25;127
09/10/2025 9:30;80
09/10/2025 9:35;283
09/10/2025 9:40;282
09/10/2025 9:45;266
09/10/2025 9:50;360
09/10/2025 9:55;310
09/10/2025 10:00;140
09/10/2025 10:05;487
09/10/2025 10:10;304
09/10/2025 10:15;110
09/10/2025 10:20;152
09/10/2025 10:25;355
09/10/2025 10:30;197
09/10/2025 10:35;511
09/10/2025 10:40;517
09/10/2025 10:45;523
09/10/2025 10:50;538
09/10/2025 10:55;537
09/10/2025 11:00;548
09/10/2025 11:05;570
09/10/2025 11:10;578
09/10/2025 11:15;605
09/10/2025 11:20;595
09/10/2025 11:25;530
09/10/2025 11:30;295
09/10/2025 11:35;107
09/10/2025 11:40;73
09/10/2025 11:45;46
09/10/2025 11:50;109
09/10/2025 11:55;100
09/10/2025 12:00;715
09/10/2025 12:05;733
09/10/2025 12:10;770
09/10/2025 12:15;0
09/10/2025 12:20;66
09/10/2025 12:25;60
09/10/2025 12:30;79
09/10/2025 12:35;755
09/10/2025 12:40;780
09/10/2025 12:45;0
09/10/2025 12:50;169
09/10/2025 12:55;145
09/10/2025 13:00;780
09/10/2025 13:05;207
09/10/2025 13:10;279
09/10/2025 13:15;556
09/10/2025 13:20;298
09/10/2025 13:25;263
09/10/2025 13:30;269
09/10/2025 13:35;304
09/10/2025 13:40;284
09/10/2025 13:45;163
09/10/2025 13:50;105
09/10/2025 13:55;88
09/10/2025 14:00;105
09/10/2025 14:05;251
09/10/2025 14:10;219
09/10/2025 14:15;721
09/10/2025 14:20;714
09/10/2025 14:25;326
09/10/2025 14:30;274
09/10/2025 14:35;172
09/10/2025 14:40;121
09/10/2025 14:45;116
09/10/2025 14:50;108
09/10/2025 14:55;115
09/10/2025 15:00;106
09/10/2025 15:05;74
09/10/2025 15:10;42
09/10/2025 15:15;39
09/10/2025 15:20;39
09/10/2025 15:25;39
09/10/2025 15:30;39
09/10/2025 15:35;39
09/10/2025 15:40;39
09/10/2025 15:45;39
09/10/2025 15:50;39
09/10/2025 15:55;39
09/10/2025 16:00;39
09/10/2025 16:05;50
09/10/2025 16:10;50
09/10/2025 16:15;52
09/10/2025 16:20;62
09/10/2025 16:25;100
09/10/2025 16:30;138
09/10/2025 16:35;222
09/10/2025 16:40;208
09/10/2025 16:45;211
09/10/2025 16:50;185
09/10/2025 16:55;91
09/10/2025 17:00;54
09/10/2025 17:05;39
09/10/2025 17:10;42
09/10/2025 17:15;39
09/10/2025 17:20;39
09/10/2025 17:25;50
09/10/2025 17:30;78
09/10/2025 17:35;74
09/10/2025 17:40;80
09/10/2025 17:45;91
09/10/2025 17:50;104
09/10/2025 17:55;94
09/10/2025 18:00;80
09/10/2025 18:05;53
09/10/2025 18:10;39
09/10/2025 18:15;39
09/10/2025 18:20;39
09/10/2025 18:25;39
09/10/2025 18:30;39
09/10/2025 18:35;39
09/10/2025 18:40;39
09/10/2025 18:45;39
09/10/2025 18:50;39
09/10/2025 18:55;0
09/10/2025 19:00;0
09/10/2025 19:05;0
09/10/2025 19:10;0
09/10/2025 19:15;0
09/10/2025 19:20;0
10/10/2025 8:41;0
10/10/2025 8:42;0
10/10/2025 8:42;0
10/10/2025 8:43;0
10/10/2025 8:43;0
10/10/2025 8:45;0
10/10/2025 8:50;0
10/10/2025 8:55;0
10/10/2025 9:00;0
10/10/2025 9:05;0
10/10/2025 9:10;0
10/10/2025 9:15;39
10/10/2025 9:20;39
10/10/2025 9:25;39
10/10/2025 9:30;39
10/10/2025 9:35;39
10/10/2025 9:40;39
10/10/2025 9:45;43
10/10/2025 9:50;71
10/10/2025 9:55;95
10/10/2025 10:00;145
10/10/2025 10:05;192
10/10/2025 10:10;164
10/10/2025 10:15;155
10/10/2025 10:20;237
10/10/2025 10:25;455
10/10/2025 10:30;158
10/10/2025 10:35;368
10/10/2025 10:40;426
10/10/2025 10:45;384
10/10/2025 10:50;514
10/10/2025 10:55;572
10/10/2025 11:00;585
10/10/2025 11:05;577
10/10/2025 11:10;588
10/10/2025 11:15;594
10/10/2025 11:20;597
10/10/2025 11:25;402
10/10/2025 11:30;506
10/10/2025 11:35;622
10/10/2025 11:40;596
10/10/2025 11:45;642
10/10/2025 11:50;0
10/10/2025 11:55;688
10/10/2025 12:00;617
10/10/2025 12:05;191
10/10/2025 12:10;210
10/10/2025 12:15;780
10/10/2025 12:20;212
10/10/2025 12:25;642
10/10/2025 12:30;0
10/10/2025 12:35;134
10/10/2025 12:40;139
10/10/2025 12:45;270
10/10/2025 12:50;124
10/10/2025 12:55;123
10/10/2025 13:00;119
10/10/2025 13:05;125
10/10/2025 13:10;136
10/10/2025 13:15;153
10/10/2025 13:20;188
10/10/2025 13:25;204
10/10/2025 13:30;224
10/10/2025 13:35;224
10/10/2025 13:40;242
10/10/2025 13:45;184
10/10/2025 13:50;215
10/10/2025 13:55;174
10/10/2025 14:00;431
10/10/2025 14:05;212
10/10/2025 14:10;289
10/10/2025 14:15;302
10/10/2025 14:20;227
10/10/2025 14:25;239
10/10/2025 14:30;762
10/10/2025 14:35;715
10/10/2025 14:40;200
10/10/2025 14:45;344
10/10/2025 14:50;750
10/10/2025 14:55;252
10/10/2025 15:00;445
10/10/2025 15:05;565
10/10/2025 15:10;698
10/10/2025 15:15;660
10/10/2025 15:20;672
10/10/2025 15:25;672
10/10/2025 15:30;447
10/10/2025 15:35;444
10/10/2025 15:40;634
10/10/2025 15:45;583
10/10/2025 15:50;562
10/10/2025 15:55;550
10/10/2025 16:00;534
10/10/2025 16:05;522
10/10/2025 16:10;509
10/10/2025 16:15;489
10/10/2025 16:20;471
10/10/2025 16:25;452
10/10/2025 16:30;347
10/10/2025 16:35;280
10/10/2025 16:40;274
10/10/2025 16:45;259
10/10/2025 16:50;255
10/10/2025 16:55;256
10/10/2025 17:00;248
10/10/2025 17:05;230
10/10/2025 17:10;219
10/10/2025 17:15;171
10/10/2025 17:20;88
10/10/2025 17:25;88
10/10/2025 17:30;88
10/10/2025 17:35;87
10/10/2025 17:40;86
10/10/2025 17:45;75
10/10/2025 17:50;76
10/10/2025 17:55;76
10/10/2025 18:00;69
10/10/2025 18:05;66
10/10/2025 18:10;61
10/10/2025 18:15;54
10/10/2025 18:20;51
10/10/2025 18:25;44
10/10/2025 18:30;39
10/10/2025 18:35;39
10/10/2025 18:40;39
10/10/2025 18:45;39
10/10/2025 18:50;39
10/10/2025 18:55;39
10/10/2025 19:00;39
10/10/2025 19:05;39
10/10/2025 19:10;39
10/10/2025 19:15;39
10/10/2025 19:20;39
10/10/2025 19:25;0
10/10/2025 19:30;0
11/10/2025 8:28;0
11/10/2025 8:28;0
11/10/2025 8:29;0
11/10/2025 8:29;0
11/10/2025 8:30;0
11/10/2025 8:35;0
11/10/2025 8:40;0
11/10/2025 8:45;0
11/10/2025 8:50;0
11/10/2025 8:55;39
11/10/2025 9:00;39
11/10/2025 9:05;69
11/10/2025 9:10;89
11/10/2025 9:15;91
11/10/2025 9:20;102
11/10/2025 9:25;232
11/10/2025 9:30;275
11/10/2025 9:35;297
11/10/2025 9:40;317
11/10/2025 9:45;335
11/10/2025 9:50;353
11/10/2025 9:55;371
11/10/2025 10:00;389
11/10/2025 10:05;406
11/10/2025 10:10;423
11/10/2025 10:15;434
11/10/2025 10:20;447
11/10/2025 10:25;460
11/10/2025 10:30;476
11/10/2025 10:35;488
11/10/2025 10:40;500
11/10/2025 10:45;516
11/10/2025 10:50;529
11/10/2025 10:55;537
11/10/2025 11:00;545
11/10/2025 11:05;555
11/10/2025 11:10;565
11/10/2025 11:15;576
11/10/2025 11:20;584
11/10/2025 11:25;598
11/10/2025 11:30;609
11/10/2025 11:35;617
11/10/2025 11:40;627
11/10/2025 11:45;627
11/10/2025 11:50;634
11/10/2025 11:55;642
11/10/2025 12:00;648
11/10/2025 12:05;655
11/10/2025 12:10;660
11/10/2025 12:15;665
11/10/2025 12:20;665
11/10/2025 12:25;671
11/10/2025 12:30;674
11/10/2025 12:35;682
11/10/2025 12:40;688
11/10/2025 12:45;689
11/10/2025 12:50;686
11/10/2025 12:55;683
11/10/2025 13:00;682
11/10/2025 13:05;687
11/10/2025 13:10;683
11/10/2025 13:15;687
11/10/2025 13:20;686
11/10/2025 13:25;688
11/10/2025 13:30;693
11/10/2025 13:35;688
11/10/2025 13:40;683
11/10/2025 13:45;681
11/10/2025 13:50;678
11/10/2025 13:55;677
11/10/2025 14:00;671
11/10/2025 14:05;675
11/10/2025 14:10;670
11/10/2025 14:15;664
11/10/2025 14:20;660
11/10/2025 14:25;660
11/10/2025 14:30;652
11/10/2025 14:35;650
11/10/2025 14:40;645
11/10/2025 14:45;640
11/10/2025 14:50;634
11/10/2025 14:55;624
11/10/2025 15:00;611
11/10/2025 15:05;606
11/10/2025 15:10;598
11/10/2025 15:15;591
11/10/2025 15:20;582
11/10/2025 15:25;575
11/10/2025 15:30;569
11/10/2025 15:35;556
11/10/2025 15:40;549
11/10/2025 15:45;535
11/10/2025 15:50;527
11/10/2025 15:55;515
11/10/2025 16:00;500
11/10/2025 16:05;486
11/10/2025 16:10;477
11/10/2025 16:15;460
11/10/2025 16:20;449
11/10/2025 16:25;405
11/10/2025 16:30;313
11/10/2025 16:35;263
11/10/2025 16:40;250
11/10/2025 16:45;239
11/10/2025 16:50;237
11/10/2025 16:55;227
11/10/2025 17:00;215
11/10/2025 17:05;213
11/10/2025 17:10;204
11/10/2025 17:15;100
11/10/2025 17:20;87
11/10/2025 17:25;82
11/10/2025 17:30;81
11/10/2025 17:35;85
11/10/2025 17:40;82
11/10/2025 17:45;72
11/10/2025 17:50;64
11/10/2025 17:55;71
11/10/2025 18:00;66
11/10/2025 18:05;62
11/10/2025 18:10;58
11/10/2025 18:15;50
11/10/2025 18:20;47
11/10/2025 18:25;39
11/10/2025 18:30;39
11/10/2025 18:35;39
11/10/2025 18:40;39
11/10/2025 18:45;39
11/10/2025 18:50;39
11/10/2025 18:55;39
11/10/2025 19:00;39
11/10/2025 19:05;39
11/10/2025 19:10;39
11/10/2025 19:15;39
11/10/2025 19:20;39
11/10/2025 19:25;0
11/10/2025 19:30;0
12/10/2025 8:29;0
12/10/2025 8:30;0
12/10/2025 8:30;0
12/10/2025 8:31;0
12/10/2025 8:31;0
12/10/2025 8:35;0
12/10/2025 8:40;0
12/10/2025 8:45;0
12/10/2025 8:50;0
12/10/2025 8:55;39
12/10/2025 9:00;39
12/10/2025 9:05;60
12/10/2025 9:10;80
12/10/2025 9:15;87
12/10/2025 9:20;95
12/10/2025 9:25;168
12/10/2025 9:30;262
12/10/2025 9:35;282
12/10/2025 9:40;304
12/10/2025 9:45;325
12/10/2025 9:50;342
12/10/2025 9:55;361
12/10/2025 10:00;378
12/10/2025 10:05;393
12/10/2025 10:10;413
12/10/2025 10:15;424
12/10/2025 10:20;441
12/10/2025 10:25;456
12/10/2025 10:30;469
12/10/2025 10:35;480
12/10/2025 10:40;491
12/10/2025 10:45;500
12/10/2025 10:50;511
12/10/2025 10:55;522
12/10/2025 11:00;533
12/10/2025 11:05;542
12/10/2025 11:10;547
12/10/2025 11:15;562
12/10/2025 11:20;571
12/10/2025 11:25;574
12/10/2025 11:30;582
12/10/2025 11:35;588
12/10/2025 11:40;589
12/10/2025 11:45;601
12/10/2025 11:50;604
12/10/2025 11:55;617
12/10/2025 12:00;620
12/10/2025 12:05;620
12/10/2025 12:10;628
12/10/2025 12:15;631
12/10/2025 12:20;629
12/10/2025 12:25;633
12/10/2025 12:30;638
12/10/2025 12:35;636
12/10/2025 12:40;641
12/10/2025 12:45;644
12/10/2025 12:50;652
12/10/2025 12:55;656
12/10/2025 13:00;657
12/10/2025 13:05;660
12/10/2025 13:10;661
12/10/2025 13:15;664
12/10/2025 13:20;664
12/10/2025 13:25;661
12/10/2025 13:30;658
12/10/2025 13:35;660
12/10/2025 13:40;641
12/10/2025 13:45;654
12/10/2025 13:50;650
12/10/2025 13:55;647
12/10/2025 14:00;650
12/10/2025 14:05;651
12/10/2025 14:10;651
12/10/2025 14:15;654
12/10/2025 14:20;652
12/10/2025 14:25;649
12/10/2025 14:30;645
12/10/2025 14:35;638
12/10/2025 14:40;625
12/10/2025 14:45;618
12/10/2025 14:50;609
12/10/2025 14:55;598
12/10/2025 15:00;590
12/10/2025 15:05;582
12/10/2025 15:10;577
12/10/2025 15:15;573
12/10/2025 15:20;566
12/10/2025 15:25;556
12/10/2025 15:30;542
12/10/2025 15:35;532
12/10/2025 15:40;523
12/10/2025 15:45;514
12/10/2025 15:50;510
12/10/2025 15:55;499
12/10/2025 16:00;489
12/10/2025 16:05;475
12/10/2025 16:10;461
12/10/2025 16:15;449
12/10/2025 16:20;436
12/10/2025 16:25;368
12/10/2025 16:30;277
12/10/2025 16:35;257
12/10/2025 16:40;243
12/10/2025 16:45;238
12/10/2025 16:50;226
12/10/2025 16:55;214
12/10/2025 17:00;195
12/10/2025 17:05;189
12/10/2025 17:10;173
12/10/2025 17:15;98
12/10/2025 17:20;93
12/10/2025 17:25;84
12/10/2025 17:30;66
12/10/2025 17:35;82
12/10/2025 17:40;82
12/10/2025 17:45;69
12/10/2025 17:50;73
12/10/2025 17:55;69
12/10/2025 18:00;66
12/10/2025 18:05;61
12/10/2025 18:10;56
12/10/2025 18:15;49
12/10/2025 18:20;43
12/10/2025 18:25;39
12/10/2025 18:30;39
12/10/2025 18:35;39
12/10/2025 18:40;39
12/10/2025 18:45;39
12/10/2025 18:50;39
12/10/2025 18:55;39
12/10/2025 19:00;39
12/10/2025 19:05;39
12/10/2025 19:10;39
12/10/2025 19:15;39
12/10/2025 19:20;39
12/10/2025 19:25;0
13/10/2025 8:34;0
13/10/2025 8:34;0
13/10/2025 8:35;0
13/10/2025 8:35;0
13/10/2025 8:36;0
13/10/2025 8:40;0
13/10/2025 8:45;0
13/10/2025 8:50;0
13/10/2025 8:55;0
13/10/2025 9:00;39
13/10/2025 9:05;39
13/10/2025 9:10;39
13/10/2025 9:15;39
13/10/2025 9:20;39
13/10/2025 9:25;39
13/10/2025 9:30;40
13/10/2025 9:35;45
13/10/2025 9:40;56
13/10/2025 9:45;62
13/10/2025 9:50;66
13/10/2025 9:55;72
13/10/2025 10:00;76
13/10/2025 10:05;80
13/10/2025 10:10;84
13/10/2025 10:15;91
13/10/2025 10:20;103
13/10/2025 10:25;121
13/10/2025 10:30;175
13/10/2025 10:35;412
13/10/2025 10:40;218
13/10/2025 10:45;301
13/10/2025 10:50;395
13/10/2025 10:55;496
13/10/2025 11:00;254
13/10/2025 11:05;212
13/10/2025 11:10;262
13/10/2025 11:15;299
13/10/2025 11:20;701
13/10/2025 11:25;718
13/10/2025 11:30;702
13/10/2025 11:35;459
13/10/2025 11:40;358
13/10/2025 11:45;365
13/10/2025 11:50;404
13/10/2025 11:55;674
13/10/2025 12:00;652
13/10/2025 12:05;650
13/10/2025 12:10;658
13/10/2025 12:15;666
13/10/2025 12:20;666
13/10/2025 12:25;585
13/10/2025 12:30;539
13/10/2025 12:35;659
13/10/2025 12:40;768
13/10/2025 12:45;641
13/10/2025 12:50;395
13/10/2025 12:55;775
13/10/2025 13:00;628
13/10/2025 13:05;714
13/10/2025 13:10;390
13/10/2025 13:15;690
13/10/2025 13:20;647
13/10/2025 13:25;702
13/10/2025 13:30;710
13/10/2025 13:35;660
13/10/2025 13:40;671
13/10/2025 13:45;643
13/10/2025 13:50;591
13/10/2025 13:55;733
13/10/2025 14:00;406
13/10/2025 14:05;566
13/10/2025 14:10;438
13/10/2025 14:15;489
13/10/2025 14:20;529
13/10/2025 14:25;710
13/10/2025 14:30;701
13/10/2025 14:35;557
13/10/2025 14:40;730
13/10/2025 14:45;703
13/10/2025 14:50;669
13/10/2025 14:55;634
13/10/2025 15:00;378
13/10/2025 15:05;549
13/10/2025 15:10;636
13/10/2025 15:15;592
13/10/2025 15:20;579
13/10/2025 15:25;567
13/10/2025 15:30;556
13/10/2025 15:35;540
13/10/2025 15:40;528
13/10/2025 15:45;513
13/10/2025 15:50;505
13/10/2025 15:55;495
13/10/2025 16:00;480
13/10/2025 16:05;469
13/10/2025 16:10;459
13/10/2025 16:15;447
13/10/2025 16:20;432
13/10/2025 16:25;331
13/10/2025 16:30;270
13/10/2025 16:35;255
13/10/2025 16:40;245
13/10/2025 16:45;237
13/10/2025 16:50;223
13/10/2025 16:55;220
13/10/2025 17:00;151
13/10/2025 17:05;164
13/10/2025 17:10;135
13/10/2025 17:15;94
13/10/2025 17:20;84
13/10/2025 17:25;66
13/10/2025 17:30;84
13/10/2025 17:35;84
13/10/2025 17:40;74
13/10/2025 17:45;72
13/10/2025 17:50;71
13/10/2025 17:55;68
13/10/2025 18:00;63
13/10/2025 18:05;60
13/10/2025 18:10;52
13/10/2025 18:15;48
13/10/2025 18:20;44
13/10/2025 18:25;39
13/10/2025 18:30;39
13/10/2025 18:35;39
13/10/2025 18:40;39
13/10/2025 18:45;39
13/10/2025 18:50;39
13/10/2025 18:55;39
13/10/2025 19:00;39
13/10/2025 19:05;39
13/10/2025 19:10;0
13/10/2025 19:15;0
13/10/2025 19:20;0
13/10/2025 19:25;0
14/10/2025 8:46;0
14/10/2025 8:46;0
14/10/2025 8:47;0
14/10/2025 8:47;0
14/10/2025 8:48;0
14/10/2025 8:50;0
14/10/2025 8:55;0
14/10/2025 9:00;0
14/10/2025 9:05;0
14/10/2025 9:10;39
14/10/2025 9:15;39
14/10/2025 9:20;39
14/10/2025 9:25;39
14/10/2025 9:30;39
14/10/2025 9:35;39
14/10/2025 9:40;39
14/10/2025 9:45;39
14/10/2025 9:50;39
14/10/2025 9:55;39
14/10/2025 10:00;48
14/10/2025 10:05;66
14/10/2025 10:10;81
14/10/2025 10:15;69
14/10/2025 10:20;65
14/10/2025 10:25;74
14/10/2025 10:30;76
14/10/2025 10:35;77
14/10/2025 10:40;72
14/10/2025 10:45;71
14/10/2025 10:50;76
14/10/2025 10:55;90
14/10/2025 11:00;103
14/10/2025 11:05;116
14/10/2025 11:10;143
14/10/2025 11:15;201
14/10/2025 11:20;262
14/10/2025 11:25;280
14/10/2025 11:30;242
14/10/2025 11:35;276
14/10/2025 11:40;277
14/10/2025 11:45;283
14/10/2025 11:50;222
14/10/2025 11:55;217
14/10/2025 12:00;271
14/10/2025 12:05;269
14/10/2025 12:10;328
14/10/2025 12:15;274
14/10/2025 12:20;243
14/10/2025 12:25;282
14/10/2025 12:30;256
14/10/2025 12:35;192
14/10/2025 12:40;151
14/10/2025 12:45;173
14/10/2025 12:50;181
14/10/2025 12:55;173
14/10/2025 13:00;197
14/10/2025 13:05;228
14/10/2025 13:10;217
14/10/2025 13:15;240
14/10/2025 13:20;208
14/10/2025 13:25;201
14/10/2025 13:30;192
14/10/2025 13:35;199
14/10/2025 13:40;179
14/10/2025 13:45;170
14/10/2025 13:50;146
14/10/2025 13:55;145
14/10/2025 14:00;143
14/10/2025 14:05;154
14/10/2025 14:10;0
14/10/2025 14:15;144
14/10/2025 14:20;151
14/10/2025 14:25;160
14/10/2025 14:30;171
14/10/2025 14:35;189
14/10/2025 14:40;193
14/10/2025 14:45;194
14/10/2025 14:50;180
14/10/2025 14:55;168
14/10/2025 15:00;144
14/10/2025 15:05;122
14/10/2025 15:10;122
14/10/2025 15:15;128
14/10/2025 15:20;132
14/10/2025 15:25;130
14/10/2025 15:30;123
14/10/2025 15:35;126
14/10/2025 15:40;128
14/10/2025 15:45;133
14/10/2025 15:50;132
14/10/2025 15:55;112
14/10/2025 16:00;87
14/10/2025 16:05;70
14/10/2025 16:10;64
14/10/2025 16:15;60
14/10/2025 16:20;55
14/10/2025 16:25;49
14/10/2025 16:30;47
14/10/2025 16:35;46
14/10/2025 16:40;48
14/10/2025 16:45;45
14/10/2025 16:50;40
14/10/2025 16:55;43
14/10/2025 17:00;42
14/10/2025 17:05;40
14/10/2025 17:10;39
14/10/2025 17:15;39
14/10/2025 17:20;39
14/10/2025 17:25;39
14/10/2025 17:30;39
14/10/2025 17:35;39
14/10/2025 17:40;39
14/10/2025 17:45;39
14/10/2025 17:50;39
14/10/2025 17:55;39
14/10/2025 18:00;39
14/10/2025 18:05;39
14/10/2025 18:10;39
14/10/2025 18:15;39
14/10/2025 18:20;39
14/10/2025 18:25;39
14/10/2025 18:30;39
14/10/2025 18:35;39
14/10/2025 18:40;39
14/10/2025 18:45;39
14/10/2025 18:50;39
14/10/2025 18:55;39
14/10/2025 19:00;0
15/10/2025 8:52;0
15/10/2025 8:52;0
15/10/2025 8:53;0
15/10/2025 8:53;0
15/10/2025 8:54;0
15/10/2025 8:55;0
15/10/2025 9:00;0
15/10/2025 9:05;0
15/10/2025 9:10;0
15/10/2025 9:15;0
15/10/2025 9:20;0
15/10/2025 9:25;39
15/10/2025 9:30;39
15/10/2025 9:35;39
15/10/2025 9:40;39
15/10/2025 9:45;39
15/10/2025 9:50;39
15/10/2025 9:55;39
15/10/2025 10:00;39
15/10/2025 10:05;49
15/10/2025 10:10;73
15/10/2025 10:15;74
15/10/2025 10:20;90
15/10/2025 10:25;101
15/10/2025 10:30;143
15/10/2025 10:35;500
15/10/2025 10:40;474
15/10/2025 10:45;482
15/10/2025 10:50;491
15/10/2025 10:55;507
15/10/2025 11:00;512
15/10/2025 11:05;542
15/10/2025 11:10;543
15/10/2025 11:15;555
15/10/2025 11:20;569
15/10/2025 11:25;579
15/10/2025 11:30;585
15/10/2025 11:35;585
15/10/2025 11:40;604
15/10/2025 11:45;646
15/10/2025 11:50;617
15/10/2025 11:55;634
15/10/2025 12:00;681
15/10/2025 12:05;669
15/10/2025 12:10;643
15/10/2025 12:15;668
15/10/2025 12:20;678
15/10/2025 12:25;684
15/10/2025 12:30;689
15/10/2025 12:35;704
15/10/2025 12:40;690
15/10/2025 12:45;701
15/10/2025 12:50;691
15/10/2025 12:55;576
15/10/2025 13:00;710
15/10/2025 13:05;715
15/10/2025 13:10;689
15/10/2025 13:15;680
15/10/2025 13:20;699
15/10/2025 13:25;692
15/10/2025 13:30;670
15/10/2025 13:35;688
15/10/2025 13:40;687
15/10/2025 13:45;703
15/10/2025 13:50;690
15/10/2025 13:55;689
15/10/2025 14:00;680
15/10/2025 14:05;675
15/10/2025 14:10;680
15/10/2025 14:15;673
15/10/2025 14:20;673
15/10/2025 14:25;664
15/10/2025 14:30;644
15/10/2025 14:35;647
15/10/2025 14:40;622
15/10/2025 14:45;624
15/10/2025 14:50;630
15/10/2025 14:55;602
15/10/2025 15:00;581
15/10/2025 15:05;601
15/10/2025 15:10;585
15/10/2025 15:15;589
15/10/2025 15:20;590
15/10/2025 15:25;568
15/10/2025 15:30;618
15/10/2025 15:35;598
15/10/2025 15:40;247
15/10/2025 15:45;241
15/10/2025 15:50;290
15/10/2025 15:55;272
15/10/2025 16:00;265
15/10/2025 16:05;239
15/10/2025 16:10;209
15/10/2025 16:15;248
15/10/2025 16:20;199
15/10/2025 16:25;204
15/10/2025 16:30;176
15/10/2025 16:35;190
15/10/2025 16:40;152
15/10/2025 16:45;245
15/10/2025 16:50;243
15/10/2025 16:55;155
15/10/2025 17:00;134
15/10/2025 17:05;134
15/10/2025 17:10;131
15/10/2025 17:15;122
15/10/2025 17:20;105
15/10/2025 17:25;97
15/10/2025 17:30;88
15/10/2025 17:35;77
15/10/2025 17:40;65
15/10/2025 17:45;63
15/10/2025 17:50;56
15/10/2025 17:55;57
15/10/2025 18:00;54
15/10/2025 18:05;48
15/10/2025 18:10;39
15/10/2025 18:15;39
15/10/2025 18:20;39
15/10/2025 18:25;39
15/10/2025 18:30;39
15/10/2025 18:35;39
15/10/2025 18:40;39
15/10/2025 18:45;39
15/10/2025 18:50;39
15/10/2025 18:55;39
15/10/2025 19:00;39
15/10/2025 19:05;39
15/10/2025 19:10;39
16/10/2025 8:43;0
16/10/2025 8:43;0
16/10/2025 8:44;0
16/10/2025 8:44;0
16/10/2025 8:45;0
16/10/2025 8:50;0
16/10/2025 8:55;0
16/10/2025 9:00;0
16/10/2025 9:05;0
16/10/2025 9:10;0
16/10/2025 9:15;39
16/10/2025 9:20;39
16/10/2025 9:25;39
16/10/2025 9:30;39
16/10/2025 9:35;39
16/10/2025 9:40;39
16/10/2025 9:45;39
16/10/2025 9:50;39
16/10/2025 9:55;39
16/10/2025 10:00;40
16/10/2025 10:05;56
16/10/2025 10:10;72
16/10/2025 10:15;71
16/10/2025 10:20;77
16/10/2025 10:25;87
16/10/2025 10:30;103
16/10/2025 10:35;117
16/10/2025 10:40;115
16/10/2025 10:45;131
16/10/2025 10:50;123
16/10/2025 10:55;144
16/10/2025 11:00;139
16/10/2025 11:05;146
16/10/2025 11:10;198
16/10/2025 11:15;216
16/10/2025 11:20;297
16/10/2025 11:25;214
16/10/2025 11:30;193
16/10/2025 11:35;176
16/10/2025 11:40;188
16/10/2025 11:45;207
16/10/2025 11:50;274
16/10/2025 11:55;264
16/10/2025 12:00;337
16/10/2025 12:05;300
16/10/2025 12:10;388
16/10/2025 12:15;341
16/10/2025 12:20;749
16/10/2025 12:25;728
16/10/2025 12:30;261
16/10/2025 12:35;770
16/10/2025 12:40;287
16/10/2025 12:45;271
16/10/2025 12:50;771
16/10/2025 12:55;548
16/10/2025 13:00;353
16/10/2025 13:05;330
16/10/2025 13:10;236
16/10/2025 13:15;238
16/10/2025 13:20;202
16/10/2025 13:25;194
16/10/2025 13:30;203
16/10/2025 13:35;213
16/10/2025 13:40;197
16/10/2025 13:45;244
16/10/2025 13:50;247
16/10/2025 13:55;253
16/10/2025 14:00;262
16/10/2025 14:05;269
16/10/2025 14:10;252
16/10/2025 14:15;228
16/10/2025 14:20;228
16/10/2025 14:25;229
16/10/2025 14:30;233
16/10/2025 14:35;247
16/10/2025 14:40;224
16/10/2025 14:45;252
16/10/2025 14:50;295
16/10/2025 14:55;611
16/10/2025 15:00;590
16/10/2025 15:05;686
16/10/2025 15:10;693
16/10/2025 15:15;634
16/10/2025 15:20;642
16/10/2025 15:25;472
16/10/2025 15:30;637
16/10/2025 15:35;379
16/10/2025 15:40;604
16/10/2025 15:45;359
16/10/2025 15:50;225
16/10/2025 15:55;226
16/10/2025 15:56;208
16/10/2025 15:56;206
16/10/2025 15:57;208
16/10/2025 15:57;217
16/10/2025 16:00;406
16/10/2025 16:05;203
16/10/2025 16:10;184
16/10/2025 16:15;216
16/10/2025 16:20;304
16/10/2025 16:25;220
16/10/2025 16:30;179
16/10/2025 16:35;173
16/10/2025 16:40;168
16/10/2025 16:45;172
16/10/2025 16:50;136
16/10/2025 16:55;129
16/10/2025 17:00;115
16/10/2025 17:05;111
16/10/2025 17:10;101
16/10/2025 17:15;101
16/10/2025 17:20;88
16/10/2025 17:25;81
16/10/2025 17:30;74
16/10/2025 17:35;66
16/10/2025 17:40;59
16/10/2025 17:45;59
16/10/2025 17:50;53
16/10/2025 17:55;44
16/10/2025 18:00;42
16/10/2025 18:05;39
16/10/2025 18:10;39
16/10/2025 18:15;39
16/10/2025 18:20;39
16/10/2025 18:25;39
16/10/2025 18:30;39
16/10/2025 18:35;39
16/10/2025 18:40;39
16/10/2025 18:45;39
16/10/2025 18:50;39
16/10/2025 18:55;39
16/10/2025 19:00;39
16/10/2025 19:05;39
16/10/2025 19:10;39
16/10/2025 19:15;39
17/10/2025 8:40;0
17/10/2025 8:41;0
17/10/2025 8:41;0
17/10/2025 8:42;0
17/10/2025 8:42;0
17/10/2025 8:45;0
17/10/2025 8:50;0
17/10/2025 8:55;0
17/10/2025 9:00;0
17/10/2025 9:05;0
17/10/2025 9:10;39
17/10/2025 9:15;39
17/10/2025 9:20;39
17/10/2025 9:25;39
17/10/2025 9:30;39
17/10/2025 9:35;48
17/10/2025 9:40;96
17/10/2025 9:45;105
17/10/2025 9:50;80
17/10/2025 9:55;65
17/10/2025 10:00;63
17/10/2025 10:05;53
17/10/2025 10:10;63
17/10/2025 10:15;72
17/10/2025 10:20;99
17/10/2025 10:25;345
17/10/2025 10:30;376
17/10/2025 10:35;209
17/10/2025 10:40;192
17/10/2025 10:45;223
17/10/2025 10:50;188
17/10/2025 10:55;194
17/10/2025 11:00;418
17/10/2025 11:05;264
17/10/2025 11:10;179
17/10/2025 11:15;209
17/10/2025 11:20;588
17/10/2025 11:25;525
17/10/2025 11:30;318
17/10/2025 11:35;544
17/10/2025 11:40;613
17/10/2025 11:45;261
17/10/2025 11:50;198
17/10/2025 11:55;261
17/10/2025 12:00;210
17/10/2025 12:05;264
17/10/2025 12:10;637
17/10/2025 12:15;602
17/10/2025 12:20;197
17/10/2025 12:25;171
17/10/2025 12:30;208
17/10/2025 12:35;213
17/10/2025 12:40;690
17/10/2025 12:45;666
17/10/2025 12:50;661
17/10/2025 12:55;662
17/10/2025 13:00;649
17/10/2025 13:05;656
17/10/2025 13:10;652
17/10/2025 13:15;654
17/10/2025 13:20;642
17/10/2025 13:25;642
17/10/2025 13:30;645
17/10/2025 13:35;640
17/10/2025 13:40;646
17/10/2025 13:45;656
17/10/2025 13:50;636
17/10/2025 13:55;635
17/10/2025 14:00;637
17/10/2025 14:05;633
17/10/2025 14:10;631
17/10/2025 14:15;628
17/10/2025 14:20;616
17/10/2025 14:25;617
17/10/2025 14:30;608
17/10/2025 14:35;616
17/10/2025 14:40;603
17/10/2025 14:45;602
17/10/2025 14:50;586
17/10/2025 14:55;583
17/10/2025 15:00;577
17/10/2025 15:05;581
17/10/2025 15:10;563
17/10/2025 15:15;560
17/10/2025 15:20;541
17/10/2025 15:25;542
17/10/2025 15:30;528
17/10/2025 15:35;520
17/10/2025 15:40;513
17/10/2025 15:45;505
17/10/2025 15:50;494
17/10/2025 15:55;482
17/10/2025 16:00;466
17/10/2025 16:05;458
17/10/2025 16:10;440
17/10/2025 16:15;431
17/10/2025 16:20;365
17/10/2025 16:25;288
17/10/2025 16:30;268
17/10/2025 16:35;267
17/10/2025 16:40;253
17/10/2025 16:45;242
17/10/2025 16:50;226
17/10/2025 16:55;136
17/10/2025 17:00;85
17/10/2025 17:05;72
17/10/2025 17:10;100
17/10/2025 17:15;89
17/10/2025 17:20;106
17/10/2025 17:25;101
17/10/2025 17:30;101
17/10/2025 17:35;98
17/10/2025 17:40;89
17/10/2025 17:45;88
17/10/2025 17:50;85
17/10/2025 17:55;79
17/10/2025 18:00;73
17/10/2025 18:05;66
17/10/2025 18:10;61
17/10/2025 18:15;52
17/10/2025 18:20;44
17/10/2025 18:25;39
17/10/2025 18:30;39
17/10/2025 18:35;39
17/10/2025 18:40;39
17/10/2025 18:45;39
17/10/2025 18:50;39
17/10/2025 18:55;39
17/10/2025 19:00;39
17/10/2025 19:05;39
17/10/2025 19:10;39
17/10/2025 19:15;0
18/10/2025 8:35;0
18/10/2025 8:36;0
18/10/2025 8:36;0
18/10/2025 8:37;0
18/10/2025 8:37;0
18/10/2025 8:40;0
18/10/2025 8:45;0
18/10/2025 8:50;0
18/10/2025 8:55;0
18/10/2025 9:00;0
18/10/2025 9:05;39
18/10/2025 9:10;43
18/10/2025 9:15;81
18/10/2025 9:20;64
18/10/2025 9:25;94
18/10/2025 9:30;111
18/10/2025 9:35;127
18/10/2025 9:40;261
18/10/2025 9:45;315
18/10/2025 9:50;336
18/10/2025 9:55;355
18/10/2025 10:00;374
18/10/2025 10:05;383
18/10/2025 10:10;408
18/10/2025 10:15;423
18/10/2025 10:20;438
18/10/2025 10:25;454
18/10/2025 10:30;466
18/10/2025 10:35;477
18/10/2025 10:40;486
18/10/2025 10:45;505
18/10/2025 10:50;512
18/10/2025 10:55;519
18/10/2025 11:00;529
18/10/2025 11:05;537
18/10/2025 11:10;548
18/10/2025 11:15;554
18/10/2025 11:20;563
18/10/2025 11:25;573
18/10/2025 11:30;579
18/10/2025 11:35;589
18/10/2025 11:40;598
18/10/2025 11:45;601
18/10/2025 11:50;608
18/10/2025 11:55;611
18/10/2025 12:00;615
18/10/2025 12:05;623
18/10/2025 12:10;623
18/10/2025 12:15;624
18/10/2025 12:20;630
18/10/2025 12:25;632
18/10/2025 12:30;630
18/10/2025 12:35;636
18/10/2025 12:40;623
18/10/2025 12:45;642
18/10/2025 12:50;647
18/10/2025 12:55;648
18/10/2025 13:00;647
18/10/2025 13:05;649
18/10/2025 13:10;646
18/10/2025 13:15;633
18/10/2025 13:20;642
18/10/2025 13:25;578
18/10/2025 13:30;631
18/10/2025 13:35;552
18/10/2025 13:40;601
18/10/2025 13:45;647
18/10/2025 13:50;642
18/10/2025 13:55;634
18/10/2025 14:00;627
18/10/2025 14:05;626
18/10/2025 14:10;618
18/10/2025 14:15;613
18/10/2025 14:20;611
18/10/2025 14:25;607
18/10/2025 14:30;601
18/10/2025 14:35;594
18/10/2025 14:40;581
18/10/2025 14:45;571
18/10/2025 14:50;550
18/10/2025 14:55;563
18/10/2025 15:00;561
18/10/2025 15:05;561
18/10/2025 15:10;545
18/10/2025 15:15;544
18/10/2025 15:20;547
18/10/2025 15:25;538
18/10/2025 15:30;521
18/10/2025 15:35;515
18/10/2025 15:40;521
18/10/2025 15:45;502
18/10/2025 15:50;488
18/10/2025 15:55;476
18/10/2025 16:00;463
18/10/2025 16:05;426
18/10/2025 16:10;434
18/10/2025 16:15;426
18/10/2025 16:20;331
18/10/2025 16:25;269
18/10/2025 16:30;250
18/10/2025 16:35;250
18/10/2025 16:40;242
18/10/2025 16:45;228
18/10/2025 16:50;199
18/10/2025 16:55;129
18/10/2025 17:00;67
18/10/2025 17:05;89
18/10/2025 17:10;92
18/10/2025 17:15;96
18/10/2025 17:20;100
18/10/2025 17:25;90
18/10/2025 17:30;84
18/10/2025 17:35;68
18/10/2025 17:40;71
18/10/2025 17:45;71
18/10/2025 17:50;73
18/10/2025 17:55;62
18/10/2025 18:00;48
18/10/2025 18:05;58
18/10/2025 18:10;48
18/10/2025 18:15;58
18/10/2025 18:20;42
18/10/2025 18:25;39
18/10/2025 18:30;39
18/10/2025 18:35;39
18/10/2025 18:40;39
18/10/2025 18:45;39
18/10/2025 18:50;39
18/10/2025 18:55;39
18/10/2025 19:00;39
18/10/2025 19:05;39
18/10/2025 19:10;0
19/10/2025 8:53;0
19/10/2025 8:53;0
19/10/2025 8:54;0
19/10/2025 8:54;0
19/10/2025 8:55;0
19/10/2025 9:00;0
19/10/2025 9:05;0
19/10/2025 9:10;0
19/10/2025 9:15;0
19/10/2025 9:20;0
19/10/2025 9:25;0
19/10/2025 9:30;0
19/10/2025 9:35;0
19/10/2025 9:40;0
19/10/2025 9:45;0
19/10/2025 9:50;39
19/10/2025 9:55;39
19/10/2025 10:00;39
19/10/2025 10:05;39
19/10/2025 10:10;39
19/10/2025 10:15;39
19/10/2025 10:20;39
19/10/2025 10:25;39
19/10/2025 10:30;39
19/10/2025 10:35;39
19/10/2025 10:40;39
19/10/2025 10:45;39
19/10/2025 10:50;39
19/10/2025 10:55;39
19/10/2025 11:00;40
19/10/2025 11:05;64
19/10/2025 11:10;91
19/10/2025 11:15;105
19/10/2025 11:20;102
19/10/2025 11:25;90
19/10/2025 11:30;74
19/10/2025 11:35;72
19/10/2025 11:40;65
19/10/2025 11:45;82
19/10/2025 11:50;98
19/10/2025 11:55;102
19/10/2025 12:00;98
19/10/2025 12:05;96
19/10/2025 12:10;92
19/10/2025 12:15;82
19/10/2025 12:20;77
19/10/2025 12:25;76
19/10/2025 12:30;84
19/10/2025 12:35;96
19/10/2025 12:40;99
19/10/2025 12:45;80
19/10/2025 12:50;65
19/10/2025 12:55;63
19/10/2025 13:00;69
19/10/2025 13:05;87
19/10/2025 13:10;106
19/10/2025 13:15;142
19/10/2025 13:20;347
19/10/2025 13:25;207
19/10/2025 13:30;635
19/10/2025 13:35;690
19/10/2025 13:40;647
19/10/2025 13:45;682
19/10/2025 13:50;676
19/10/2025 13:55;605
19/10/2025 14:00;536
19/10/2025 14:05;0
19/10/2025 14:10;266
19/10/2025 14:15;266
19/10/2025 14:20;178
19/10/2025 14:25;0
19/10/2025 14:30;0
19/10/2025 14:35;176
19/10/2025 14:40;128
19/10/2025 14:45;126
19/10/2025 14:50;339
19/10/2025 14:55;177
19/10/2025 15:00;467
19/10/2025 15:05;0
19/10/2025 15:10;164
19/10/2025 15:15;0
19/10/2025 15:20;349
19/10/2025 15:25;316
19/10/2025 15:30;135
19/10/2025 15:35;0
19/10/2025 15:40;0
19/10/2025 15:45;0
19/10/2025 15:50;310
19/10/2025 15:55;666
19/10/2025 16:00;491
19/10/2025 16:05;432
19/10/2025 16:10;300
19/10/2025 16:15;0
19/10/2025 16:20;191
19/10/2025 16:25;189
19/10/2025 16:30;0
19/10/2025 16:35;110
19/10/2025 16:40;84
19/10/2025 16:45;51
19/10/2025 16:50;39
19/10/2025 16:55;39
19/10/2025 17:00;39
19/10/2025 17:05;39
19/10/2025 17:10;39
19/10/2025 17:15;39
19/10/2025 17:20;62
19/10/2025 17:25;39
19/10/2025 17:30;39
19/10/2025 17:35;48
19/10/2025 17:40;39
19/10/2025 17:45;51
19/10/2025 17:50;39
19/10/2025 17:55;63
19/10/2025 18:00;56
19/10/2025 18:05;39
19/10/2025 18:10;39
19/10/2025 18:15;39
19/10/2025 18:20;39
19/10/2025 18:25;39
19/10/2025 18:30;39
19/10/2025 18:35;39
19/10/2025 18:40;39
19/10/2025 18:45;39
19/10/2025 18:50;39
19/10/2025 18:55;39
19/10/2025 19:00;39
19/10/2025 19:05;39
19/10/2025 19:10;39
19/10/2025 19:15;39
20/10/2025 8:39;0
20/10/2025 8:40;0
20/10/2025 8:40;0
20/10/2025 8:41;0
20/10/2025 8:41;0
20/10/2025 8:45;0
20/10/2025 8:50;0
20/10/2025 8:55;0
20/10/2025 9:00;0
20/10/2025 9:05;39
20/10/2025 9:10;39
20/10/2025 9:15;82
20/10/2025 9:20;46
20/10/2025 9:25;76
20/10/2025 9:30;128
20/10/2025 9:35;174
20/10/2025 9:40;168
20/10/2025 9:45;203
20/10/2025 9:50;188
20/10/2025 9:55;253
20/10/2025 10:00;282
20/10/2025 10:05;208
20/10/2025 10:10;333
20/10/2025 10:15;315
20/10/2025 10:20;518
20/10/2025 10:25;393
20/10/2025 10:30;253
20/10/2025 10:35;296
20/10/2025 10:40;330
20/10/2025 10:45;470
20/10/2025 10:50;203
20/10/2025 10:55;149
20/10/2025 11:00;145
20/10/2025 11:05;168
20/10/2025 11:10;227
20/10/2025 11:15;292
20/10/2025 11:20;523
20/10/2025 11:25;490
20/10/2025 11:30;385
20/10/2025 11:35;290
20/10/2025 11:40;197
20/10/2025 11:45;235
20/10/2025 11:50;592
20/10/2025 11:55;718
20/10/2025 12:00;512
20/10/2025 12:05;526
20/10/2025 12:10;498
20/10/2025 12:15;361
20/10/2025 12:20;479
20/10/2025 12:25;584
20/10/2025 12:30;455
20/10/2025 12:35;257
20/10/2025 12:40;219
20/10/2025 12:45;353
20/10/2025 12:50;434
20/10/2025 12:55;360
20/10/2025 13:00;245
20/10/2025 13:05;370
20/10/2025 13:10;231
20/10/2025 13:15;231
20/10/2025 13:20;177
20/10/2025 13:25;174
20/10/2025 13:30;152
20/10/2025 13:35;143
20/10/2025 13:40;130
20/10/2025 13:45;124
20/10/2025 13:50;138
20/10/2025 13:55;186
20/10/2025 14:00;221
20/10/2025 14:05;257
20/10/2025 14:10;248
20/10/2025 14:15;240
20/10/2025 14:20;335
20/10/2025 14:25;324
20/10/2025 14:30;362
20/10/2025 14:35;286
20/10/2025 14:40;436
20/10/2025 14:45;728
20/10/2025 14:50;279
20/10/2025 14:55;198
20/10/2025 15:00;193
20/10/2025 15:05;0
20/10/2025 15:10;128
20/10/2025 15:15;116
20/10/2025 15:20;110
20/10/2025 15:25;105
20/10/2025 15:30;143
20/10/2025 15:35;182
20/10/2025 15:40;199
20/10/2025 15:45;193
20/10/2025 15:50;187
20/10/2025 15:55;181
20/10/2025 16:00;167
20/10/2025 16:05;169
20/10/2025 16:10;181
20/10/2025 16:15;186
20/10/2025 16:20;190
20/10/2025 16:25;187
20/10/2025 16:30;254
20/10/2025 16:35;188
20/10/2025 16:40;175
20/10/2025 16:45;141
20/10/2025 16:50;99
20/10/2025 16:55;110
20/10/2025 17:00;82
20/10/2025 17:05;115
20/10/2025 17:10;77
20/10/2025 17:15;92
20/10/2025 17:20;75
20/10/2025 17:25;70
20/10/2025 17:30;66
20/10/2025 17:35;65
20/10/2025 17:40;82
20/10/2025 17:45;62
20/10/2025 17:50;55
20/10/2025 17:55;49
20/10/2025 18:00;44
20/10/2025 18:05;39
20/10/2025 18:10;39
20/10/2025 18:15;39
20/10/2025 18:20;39
20/10/2025 18:25;39
20/10/2025 18:30;39
20/10/2025 18:35;39
20/10/2025 18:40;39
20/10/2025 18:45;39
20/10/2025 18:50;39
20/10/2025 18:55;39
20/10/2025 19:00;39
20/10/2025 19:05;39
21/10/2025 8:53;0
21/10/2025 8:54;0
21/10/2025 8:54;0
21/10/2025 8:55;0
21/10/2025 8:55;0
21/10/2025 8:56;0
21/10/2025 9:00;0
21/10/2025 9:05;0
21/10/2025 9:10;39
21/10/2025 9:15;39
21/10/2025 9:20;39
21/10/2025 9:25;39
21/10/2025 9:30;39
21/10/2025 9:35;39
21/10/2025 9:40;39
21/10/2025 9:45;39
21/10/2025 9:50;39
21/10/2025 9:55;39
21/10/2025 10:00;39
21/10/2025 10:05;39
21/10/2025 10:10;39
21/10/2025 10:15;39
21/10/2025 10:20;39
21/10/2025 10:25;39
21/10/2025 10:30;62
21/10/2025 10:35;39
21/10/2025 10:40;61
21/10/2025 10:45;85
21/10/2025 10:50;82
21/10/2025 10:55;75
21/10/2025 11:00;81
21/10/2025 11:05;77
21/10/2025 11:10;77
21/10/2025 11:15;97
21/10/2025 11:20;115
21/10/2025 11:25;98
21/10/2025 11:30;102
21/10/2025 11:35;124
21/10/2025 11:40;192
21/10/2025 11:45;139
21/10/2025 11:50;212
21/10/2025 11:55;330
21/10/2025 12:00;254
21/10/2025 12:05;208
21/10/2025 12:10;320
21/10/2025 12:15;340
21/10/2025 12:20;776
21/10/2025 12:25;687
21/10/2025 12:30;665
21/10/2025 12:35;665
21/10/2025 12:40;666
21/10/2025 12:45;484
21/10/2025 12:50;252
21/10/2025 12:55;310
21/10/2025 13:00;394
21/10/2025 13:05;462
21/10/2025 13:10;283
21/10/2025 13:15;272
21/10/2025 13:20;466
21/10/2025 13:25;446
21/10/2025 13:30;343
21/10/2025 13:35;281
21/10/2025 13:40;315
21/10/2025 13:45;301
21/10/2025 13:50;725
21/10/2025 13:55;659
21/10/2025 14:00;652
21/10/2025 14:05;647
21/10/2025 14:10;641
21/10/2025 14:15;634
21/10/2025 14:20;631
21/10/2025 14:25;626
21/10/2025 14:30;620
21/10/2025 14:35;615
21/10/2025 14:40;610
21/10/2025 14:45;602
21/10/2025 14:50;601
21/10/2025 14:55;595
21/10/2025 15:00;581
21/10/2025 15:05;575
21/10/2025 15:10;567
21/10/2025 15:15;556
21/10/2025 15:20;550
21/10/2025 15:25;541
21/10/2025 15:30;536
21/10/2025 15:35;519
21/10/2025 15:40;510
21/10/2025 15:45;503
21/10/2025 15:50;488
21/10/2025 15:55;480
21/10/2025 16:00;466
21/10/2025 16:05;453
21/10/2025 16:10;422
21/10/2025 16:15;337
21/10/2025 16:20;395
21/10/2025 16:25;251
21/10/2025 16:30;194
21/10/2025 16:35;135
21/10/2025 16:40;251
21/10/2025 16:45;240
21/10/2025 16:50;202
21/10/2025 16:55;73
21/10/2025 17:00;65
21/10/2025 17:05;67
21/10/2025 17:10;69
21/10/2025 17:15;85
21/10/2025 17:20;105
21/10/2025 17:25;127
21/10/2025 17:30;134
21/10/2025 17:35;71
21/10/2025 17:40;71
21/10/2025 17:45;64
21/10/2025 17:50;49
21/10/2025 17:55;50
21/10/2025 18:00;41
21/10/2025 18:05;39
21/10/2025 18:10;39
21/10/2025 18:15;39
21/10/2025 18:20;39
21/10/2025 18:25;0
21/10/2025 18:40;0
21/10/2025 18:41;0
21/10/2025 18:41;0
21/10/2025 18:42;0
21/10/2025 18:42;0
22/10/2025 8:42;0
22/10/2025 8:43;0
22/10/2025 8:43;0
22/10/2025 8:44;0
22/10/2025 8:44;0
22/10/2025 8:45;0
22/10/2025 8:50;0
22/10/2025 8:55;0
22/10/2025 9:00;0
22/10/2025 9:05;39
22/10/2025 9:10;39
22/10/2025 9:15;74
22/10/2025 9:20;48
22/10/2025 9:25;110
22/10/2025 9:30;90
22/10/2025 9:35;45
22/10/2025 9:40;39
22/10/2025 9:45;39
22/10/2025 9:50;39
22/10/2025 9:55;39
22/10/2025 10:00;39
22/10/2025 10:05;41
22/10/2025 10:10;39
22/10/2025 10:15;68
22/10/2025 10:20;173
22/10/2025 10:25;49
22/10/2025 10:30;60
22/10/2025 10:35;75
22/10/2025 10:40;87
22/10/2025 10:45;104
22/10/2025 10:50;179
22/10/2025 10:55;167
22/10/2025 11:00;178
22/10/2025 11:05;179
22/10/2025 11:10;234
22/10/2025 11:15;571
22/10/2025 11:20;266
22/10/2025 11:25;295
22/10/2025 11:30;235
22/10/2025 11:35;191
22/10/2025 11:40;171
22/10/2025 11:45;165
22/10/2025 11:50;182
22/10/2025 11:55;245
22/10/2025 12:00;240
22/10/2025 12:05;316
22/10/2025 12:10;567
22/10/2025 12:15;464
22/10/2025 12:20;561
22/10/2025 12:25;409
22/10/2025 12:30;421
22/10/2025 12:35;400
22/10/2025 12:40;418
22/10/2025 12:45;516
22/10/2025 12:50;500
22/10/2025 12:55;569
22/10/2025 13:00;420
22/10/2025 13:05;351
22/10/2025 13:10;379
22/10/2025 13:15;478
22/10/2025 13:20;353
22/10/2025 13:25;418
22/10/2025 13:30;464
22/10/2025 13:35;551
22/10/2025 13:40;578
22/10/2025 13:45;535
22/10/2025 13:50;326
22/10/2025 13:55;625
22/10/2025 14:00;660
22/10/2025 14:05;703
22/10/2025 14:10;680
22/10/2025 14:15;642
22/10/2025 14:20;631
22/10/2025 14:25;560
22/10/2025 14:30;461
22/10/2025 14:35;510
22/10/2025 14:40;602
22/10/2025 14:45;635
22/10/2025 14:50;562
22/10/2025 14:55;559
22/10/2025 15:00;657
22/10/2025 15:05;480
22/10/2025 15:10;589
22/10/2025 15:15;0
22/10/2025 15:20;233
22/10/2025 15:25;550
22/10/2025 15:30;521
22/10/2025 15:35;461
22/10/2025 15:40;448
22/10/2025 15:45;162
22/10/2025 15:50;171
22/10/2025 15:55;189
22/10/2025 16:00;152
22/10/2025 16:05;160
22/10/2025 16:10;180
22/10/2025 16:15;149
22/10/2025 16:20;177
22/10/2025 16:25;136
22/10/2025 16:30;141
22/10/2025 16:35;140
22/10/2025 16:40;323
22/10/2025 16:45;124
22/10/2025 16:50;99
22/10/2025 16:55;79
22/10/2025 17:00;85
22/10/2025 17:05;90
22/10/2025 17:10;80
22/10/2025 17:15;70
22/10/2025 17:20;44
22/10/2025 17:25;44
22/10/2025 17:30;42
22/10/2025 17:35;53
22/10/2025 17:40;45
22/10/2025 17:45;47
22/10/2025 17:50;60
22/10/2025 17:55;41
22/10/2025 18:00;39
22/10/2025 18:05;39
22/10/2025 18:10;41
22/10/2025 18:15;39
22/10/2025 18:20;39
22/10/2025 18:25;39
22/10/2025 18:30;39
22/10/2025 18:35;0
22/10/2025 18:40;0
22/10/2025 18:45;0
22/10/2025 18:50;39
22/10/2025 18:55;39
22/10/2025 19:00;39
22/10/2025 19:05;39
23/10/2025 8:48;0
23/10/2025 8:49;0
23/10/2025 8:49;0
23/10/2025 8:50;0
23/10/2025 8:50;0
23/10/2025 8:55;0
23/10/2025 9:00;0
23/10/2025 9:05;39
23/10/2025 9:10;39
23/10/2025 9:15;39
23/10/2025 9:20;39
23/10/2025 9:25;39
23/10/2025 9:30;39
23/10/2025 9:35;39
23/10/2025 9:40;39
23/10/2025 9:45;39
23/10/2025 9:50;39
23/10/2025 9:55;39
23/10/2025 10:00;39
23/10/2025 10:05;39
23/10/2025 10:10;39
23/10/2025 10:15;39
23/10/2025 10:20;39
23/10/2025 10:25;39
23/10/2025 10:30;39
23/10/2025 10:35;39
23/10/2025 10:40;39
23/10/2025 10:45;59
23/10/2025 10:50;74
23/10/2025 10:55;39
23/10/2025 11:00;39
23/10/2025 11:05;39
23/10/2025 11:10;65
23/10/2025 11:15;586
23/10/2025 11:20;203
23/10/2025 11:25;540
23/10/2025 11:30;147
23/10/2025 11:35;514
23/10/2025 11:40;217
23/10/2025 11:45;150
23/10/2025 11:50;255
23/10/2025 11:55;500
23/10/2025 12:00;709
23/10/2025 12:05;388
23/10/2025 12:10;206
23/10/2025 12:15;123
23/10/2025 12:20;99
23/10/2025 12:25;136
23/10/2025 12:30;139
23/10/2025 12:35;155
23/10/2025 12:40;99
23/10/2025 12:45;186
23/10/2025 12:50;124
23/10/2025 12:55;366
23/10/2025 13:00;318
23/10/2025 13:05;261
23/10/2025 13:10;624
23/10/2025 13:15;532
23/10/2025 13:20;704
23/10/2025 13:25;710
23/10/2025 13:30;455
23/10/2025 13:35;739
23/10/2025 13:40;715
23/10/2025 13:45;724
23/10/2025 13:50;702
23/10/2025 13:55;695
23/10/2025 14:00;642
23/10/2025 14:05;681
23/10/2025 14:10;418
23/10/2025 14:15;281
23/10/2025 14:20;739
23/10/2025 14:25;780
23/10/2025 14:30;285
23/10/2025 14:35;325
23/10/2025 14:40;424
23/10/2025 14:45;730
23/10/2025 14:50;596
23/10/2025 14:55;744
23/10/2025 15:00;440
23/10/2025 15:05;342
23/10/2025 15:10;674
23/10/2025 15:15;579
23/10/2025 15:20;612
23/10/2025 15:25;572
23/10/2025 15:30;577
23/10/2025 15:35;524
23/10/2025 15:40;565
23/10/2025 15:45;519
23/10/2025 15:50;544
23/10/2025 15:55;504
23/10/2025 16:00;524
23/10/2025 16:05;383
23/10/2025 16:10;443
23/10/2025 16:15;418
23/10/2025 16:20;311
23/10/2025 16:25;361
23/10/2025 16:30;155
23/10/2025 16:35;242
23/10/2025 16:40;214
23/10/2025 16:45;140
23/10/2025 16:50;144
23/10/2025 16:55;124
23/10/2025 17:00;128
23/10/2025 17:05;130
23/10/2025 17:10;116
23/10/2025 17:15;146
23/10/2025 17:20;110
23/10/2025 17:25;149
23/10/2025 17:30;148
23/10/2025 17:35;97
23/10/2025 17:40;77
23/10/2025 17:45;81
23/10/2025 17:50;71
23/10/2025 17:55;107
23/10/2025 18:00;93
23/10/2025 18:05;46
23/10/2025 18:10;53
23/10/2025 18:15;39
23/10/2025 18:20;44
23/10/2025 18:25;39
23/10/2025 18:30;39
23/10/2025 18:35;39
23/10/2025 18:40;39
23/10/2025 18:45;39
23/10/2025 18:50;39
23/10/2025 18:55;39
23/10/2025 19:00;39
23/10/2025 19:05;39
23/10/2025 19:10;39
24/10/2025 8:43;0
24/10/2025 8:44;0
24/10/2025 8:44;0
24/10/2025 8:45;0
24/10/2025 8:45;0
24/10/2025 8:50;0
24/10/2025 8:55;0
24/10/2025 9:00;0
24/10/2025 9:05;39
24/10/2025 9:10;39
24/10/2025 9:15;39
24/10/2025 9:20;61
24/10/2025 9:25;83
24/10/2025 9:30;92
24/10/2025 9:35;93
24/10/2025 9:40;81
24/10/2025 9:45;124
24/10/2025 9:50;231
24/10/2025 9:55;330
24/10/2025 10:00;158
24/10/2025 10:05;150
24/10/2025 10:10;299
24/10/2025 10:15;410
24/10/2025 10:20;420
24/10/2025 10:25;440
24/10/2025 10:30;443
24/10/2025 10:35;440
24/10/2025 10:40;427
24/10/2025 10:45;420
24/10/2025 10:50;326
24/10/2025 10:55;378
24/10/2025 11:00;478
24/10/2025 11:05;518
24/10/2025 11:10;556
24/10/2025 11:15;573
24/10/2025 11:20;542
24/10/2025 11:25;551
24/10/2025 11:30;599
24/10/2025 11:35;647
24/10/2025 11:40;625
24/10/2025 11:45;616
24/10/2025 11:50;488
24/10/2025 11:55;469
24/10/2025 12:00;412
24/10/2025 12:05;570
24/10/2025 12:10;582
24/10/2025 12:15;612
24/10/2025 12:20;627
24/10/2025 12:25;646
24/10/2025 12:30;596
24/10/2025 12:35;544
24/10/2025 12:40;688
24/10/2025 12:45;682
24/10/2025 12:50;679
24/10/2025 12:55;674
24/10/2025 13:00;681
24/10/2025 13:05;684
24/10/2025 13:10;678
24/10/2025 13:15;675
24/10/2025 13:20;470
24/10/2025 13:25;695
24/10/2025 13:30;490
24/10/2025 13:35;610
24/10/2025 13:40;633
24/10/2025 13:45;489
24/10/2025 13:50;621
24/10/2025 13:55;764
24/10/2025 14:00;520
24/10/2025 14:05;519
24/10/2025 14:10;481
24/10/2025 14:15;529
24/10/2025 14:20;359
24/10/2025 14:25;614
24/10/2025 14:30;630
24/10/2025 14:35;672
24/10/2025 14:40;577
24/10/2025 14:45;488
24/10/2025 14:50;646
24/10/2025 14:55;591
24/10/2025 15:00;605
24/10/2025 15:05;539
24/10/2025 15:10;543
24/10/2025 15:15;555
24/10/2025 15:20;534
24/10/2025 15:25;550
24/10/2025 15:30;540
24/10/2025 15:35;538
24/10/2025 15:40;528
24/10/2025 15:45;508
24/10/2025 15:50;501
24/10/2025 15:55;492
24/10/2025 16:00;475
24/10/2025 16:05;437
24/10/2025 16:10;321
24/10/2025 16:15;302
24/10/2025 16:20;278
24/10/2025 16:25;271
24/10/2025 16:30;263
24/10/2025 16:35;245
24/10/2025 16:40;233
24/10/2025 16:45;211
24/10/2025 16:50;110
24/10/2025 16:55;58
24/10/2025 17:00;76
24/10/2025 17:05;56
24/10/2025 17:10;82
24/10/2025 17:15;88
24/10/2025 17:20;83
24/10/2025 17:25;158
24/10/2025 17:30;140
24/10/2025 17:35;98
24/10/2025 17:40;106
24/10/2025 17:45;80
24/10/2025 17:50;40
24/10/2025 17:55;49
24/10/2025 18:00;39
24/10/2025 18:05;39
24/10/2025 18:10;39
24/10/2025 18:15;39
24/10/2025 18:20;39
24/10/2025 18:25;39
24/10/2025 18:30;39
24/10/2025 18:35;39
24/10/2025 18:40;39
24/10/2025 18:45;39
24/10/2025 18:50;39
24/10/2025 18:55;39
24/10/2025 19:00;39
24/10/2025 19:05;39
25/10/2025 8:45;0
25/10/2025 8:46;0
25/10/2025 8:46;0
25/10/2025 8:47;0
25/10/2025 8:47;0
25/10/2025 8:50;0
25/10/2025 8:55;0
25/10/2025 9:00;0
25/10/2025 9:05;0
25/10/2025 9:10;39
25/10/2025 9:15;39
25/10/2025 9:20;39
25/10/2025 9:25;39
25/10/2025 9:30;39
25/10/2025 9:35;56
25/10/2025 9:40;48
25/10/2025 9:45;39
25/10/2025 9:50;67
25/10/2025 9:55;78
25/10/2025 10:00;170
25/10/2025 10:05;157
25/10/2025 10:10;95
25/10/2025 10:15;164
25/10/2025 10:20;250
25/10/2025 10:25;139
25/10/2025 10:30;126
25/10/2025 10:35;69
25/10/2025 10:40;66
25/10/2025 10:45;82
25/10/2025 10:50;83
25/10/2025 10:55;79
25/10/2025 11:00;59
25/10/2025 11:05;49
25/10/2025 11:10;55
25/10/2025 11:15;64
25/10/2025 11:20;71
25/10/2025 11:25;63
25/10/2025 11:30;66
25/10/2025 11:35;49
25/10/2025 11:40;59
25/10/2025 11:45;56
25/10/2025 11:50;61
25/10/2025 11:55;65
25/10/2025 12:00;65
25/10/2025 12:05;71
25/10/2025 12:10;73
25/10/2025 12:15;62
25/10/2025 12:20;75
25/10/2025 12:25;65
25/10/2025 12:30;64
25/10/2025 12:35;72
25/10/2025 12:40;71
25/10/2025 12:45;62
25/10/2025 12:50;60
25/10/2025 12:55;62
25/10/2025 13:00;70
25/10/2025 13:05;60
25/10/2025 13:10;42
25/10/2025 13:15;61
25/10/2025 13:20;90
25/10/2025 13:25;82
25/10/2025 13:30;96
25/10/2025 13:35;76
25/10/2025 13:40;92
25/10/2025 13:45;128
25/10/2025 13:50;116
25/10/2025 13:55;76
25/10/2025 14:00;49
25/10/2025 14:05;75
25/10/2025 14:10;76
25/10/2025 14:15;90
25/10/2025 14:20;112
25/10/2025 14:25;110
25/10/2025 14:30;117
25/10/2025 14:35;130
25/10/2025 14:40;189
25/10/2025 14:45;143
25/10/2025 14:50;146
25/10/2025 14:55;145
25/10/2025 15:00;0
25/10/2025 15:05;164
25/10/2025 15:10;143
25/10/2025 15:15;87
25/10/2025 15:20;68
25/10/2025 15:25;98
25/10/2025 15:30;69
25/10/2025 15:35;74
25/10/2025 15:40;81
25/10/2025 15:45;90
25/10/2025 15:50;84
25/10/2025 15:55;85
25/10/2025 16:00;108
25/10/2025 16:05;140
25/10/2025 16:10;138
25/10/2025 16:15;43
25/10/2025 16:20;39
25/10/2025 16:25;39
25/10/2025 16:30;41
25/10/2025 16:35;116
25/10/2025 16:40;61
25/10/2025 16:45;204
25/10/2025 16:50;121
25/10/2025 16:55;39
25/10/2025 17:00;39
25/10/2025 17:05;54
25/10/2025 17:10;83
25/10/2025 17:15;55
25/10/2025 17:20;62
25/10/2025 17:25;48
25/10/2025 17:30;40
25/10/2025 17:35;39
25/10/2025 17:40;39
25/10/2025 17:45;41
25/10/2025 17:50;39
25/10/2025 17:55;39
25/10/2025 18:00;40
25/10/2025 18:05;39
25/10/2025 18:10;39
25/10/2025 18:15;39
25/10/2025 18:20;40
25/10/2025 18:25;39
25/10/2025 18:30;0
25/10/2025 18:35;0
25/10/2025 18:40;0
25/10/2025 18:45;0
25/10/2025 18:50;0
25/10/2025 18:55;0
25/10/2025 19:00;0
26/10/2025 7:53;0
26/10/2025 7:53;0
26/10/2025 7:55;0
26/10/2025 8:00;0
26/10/2025 8:05;0
26/10/2025 8:10;0
26/10/2025 8:15;39
26/10/2025 8:20;39
26/10/2025 8:25;39
26/10/2025 8:30;39
26/10/2025 8:35;39
26/10/2025 8:40;39
26/10/2025 8:45;39
26/10/2025 8:50;39
26/10/2025 8:51;0
26/10/2025 8:52;0
26/10/2025 8:55;39
26/10/2025 9:00;39
26/10/2025 9:05;51
26/10/2025 9:10;58
26/10/2025 9:15;57
26/10/2025 9:20;58
26/10/2025 9:25;86
26/10/2025 9:30;322
26/10/2025 9:35;485
26/10/2025 9:40;138
26/10/2025 9:45;98
26/10/2025 9:50;75
26/10/2025 9:55;39
26/10/2025 10:00;39
26/10/2025 10:05;39
26/10/2025 10:10;39
26/10/2025 10:15;39
26/10/2025 10:20;39
26/10/2025 10:25;41
26/10/2025 10:30;76
26/10/2025 10:35;104
26/10/2025 10:40;111
26/10/2025 10:45;87
26/10/2025 10:50;101
26/10/2025 10:55;85
26/10/2025 11:00;91
26/10/2025 11:05;121
26/10/2025 11:10;93
26/10/2025 11:15;80
26/10/2025 11:20;95
26/10/2025 11:25;117
26/10/2025 11:30;110
26/10/2025 11:35;85
26/10/2025 11:40;97
26/10/2025 11:45;119
26/10/2025 11:50;166
26/10/2025 11:55;113
26/10/2025 12:00;92
26/10/2025 12:05;74
26/10/2025 12:10;93
26/10/2025 12:15;126
26/10/2025 12:20;117
26/10/2025 12:25;107
26/10/2025 12:30;112
26/10/2025 12:35;121
26/10/2025 12:40;59
26/10/2025 12:45;50
26/10/2025 12:50;103
26/10/2025 12:55;129
26/10/2025 13:00;159
26/10/2025 13:05;199
26/10/2025 13:10;215
26/10/2025 13:15;229
26/10/2025 13:20;243
26/10/2025 13:25;760
26/10/2025 13:30;780
26/10/2025 13:35;255
26/10/2025 13:40;198
26/10/2025 13:45;263
26/10/2025 13:50;212
26/10/2025 13:55;169
26/10/2025 14:00;166
26/10/2025 14:05;117
26/10/2025 14:10;118
26/10/2025 14:15;139
26/10/2025 14:20;200
26/10/2025 14:25;167
26/10/2025 14:30;203
26/10/2025 14:35;204
26/10/2025 14:40;164
26/10/2025 14:45;149
26/10/2025 14:50;120
26/10/2025 14:55;88
26/10/2025 15:00;75
26/10/2025 15:05;70
26/10/2025 15:10;80
26/10/2025 15:15;97
26/10/2025 15:20;110
26/10/2025 15:25;117
26/10/2025 15:30;105
26/10/2025 15:35;116
26/10/2025 15:40;110
26/10/2025 15:45;155
26/10/2025 15:50;92
26/10/2025 15:55;89
26/10/2025 16:00;114
26/10/2025 16:05;106
26/10/2025 16:10;82
26/10/2025 16:15;63
26/10/2025 16:20;60
26/10/2025 16:25;65
26/10/2025 16:30;58
26/10/2025 16:35;63
26/10/2025 16:40;63
26/10/2025 16:45;64
26/10/2025 16:50;43
26/10/2025 16:55;39
26/10/2025 17:00;39
26/10/2025 17:05;39
26/10/2025 17:10;39
26/10/2025 17:15;39
26/10/2025 17:20;39
26/10/2025 17:25;39
26/10/2025 17:30;39
26/10/2025 17:35;40
26/10/2025 17:40;39
26/10/2025 17:45;39
26/10/2025 17:50;39
26/10/2025 17:55;39
26/10/2025 18:00;0
27/10/2025 7:56;0
27/10/2025 7:56;0
27/10/2025 7:57;0
27/10/2025 7:57;0
27/10/2025 7:58;0
27/10/2025 8:00;0
27/10/2025 8:05;0
27/10/2025 8:10;0
27/10/2025 8:15;39
27/10/2025 8:20;39
27/10/2025 8:25;56
27/10/2025 8:30;93
27/10/2025 8:35;54
27/10/2025 8:40;47
27/10/2025 8:41;48
27/10/2025 8:42;48
27/10/2025 8:42;49
27/10/2025 8:45;42
27/10/2025 8:50;65
27/10/2025 8:55;174
27/10/2025 9:00;347
27/10/2025 9:05;370
27/10/2025 9:10;391
27/10/2025 9:15;421
27/10/2025 9:20;491
27/10/2025 9:25;183
27/10/2025 9:30;152
27/10/2025 9:35;450
27/10/2025 9:40;491
27/10/2025 9:45;501
27/10/2025 9:50;508
27/10/2025 9:55;526
27/10/2025 10:00;549
27/10/2025 10:05;523
27/10/2025 10:10;584
27/10/2025 10:15;152
27/10/2025 10:20;578
27/10/2025 10:25;617
27/10/2025 10:30;606
27/10/2025 10:35;236
27/10/2025 10:40;621
27/10/2025 10:45;620
27/10/2025 10:50;614
27/10/2025 10:55;625
27/10/2025 11:00;630
27/10/2025 11:05;635
27/10/2025 11:10;645
27/10/2025 11:15;652
27/10/2025 11:20;660
27/10/2025 11:25;660
27/10/2025 11:30;660
27/10/2025 11:35;660
27/10/2025 11:40;665
27/10/2025 11:45;667
27/10/2025 11:50;669
27/10/2025 11:55;670
27/10/2025 12:00;672
27/10/2025 12:05;672
27/10/2025 12:10;675
27/10/2025 12:15;677
27/10/2025 12:20;691
27/10/2025 12:25;726
27/10/2025 12:30;111
27/10/2025 12:35;128
27/10/2025 12:40;253
27/10/2025 12:45;774
27/10/2025 12:50;190
27/10/2025 12:55;716
27/10/2025 13:00;780
27/10/2025 13:05;209
27/10/2025 13:10;130
27/10/2025 13:15;113
27/10/2025 13:20;116
27/10/2025 13:25;655
27/10/2025 13:30;640
27/10/2025 13:35;626
27/10/2025 13:40;612
27/10/2025 13:45;611
27/10/2025 13:50;608
27/10/2025 13:55;605
27/10/2025 14:00;595
27/10/2025 14:05;538
27/10/2025 14:10;581
27/10/2025 14:15;565
27/10/2025 14:20;562
27/10/2025 14:25;547
27/10/2025 14:30;534
27/10/2025 14:35;527
27/10/2025 14:40;515
27/10/2025 14:45;501
27/10/2025 14:50;493
27/10/2025 14:55;484
27/10/2025 15:00;455
27/10/2025 15:05;332
27/10/2025 15:10;319
27/10/2025 15:15;291
27/10/2025 15:20;264
27/10/2025 15:25;251
27/10/2025 15:30;246
27/10/2025 15:35;234
27/10/2025 15:40;223
27/10/2025 15:45;114
27/10/2025 15:50;73
27/10/2025 15:55;44
27/10/2025 16:00;39
27/10/2025 16:05;39
27/10/2025 16:10;40
27/10/2025 16:15;40
27/10/2025 16:20;71
27/10/2025 16:25;87
27/10/2025 16:30;56
27/10/2025 16:35;68
27/10/2025 16:40;76
27/10/2025 16:45;76
27/10/2025 16:50;70
27/10/2025 16:55;66
27/10/2025 17:00;59
27/10/2025 17:05;52
27/10/2025 17:10;43
27/10/2025 17:15;39
27/10/2025 17:20;39
27/10/2025 17:25;39
27/10/2025 17:30;39
27/10/2025 17:35;39
27/10/2025 17:40;39
27/10/2025 17:45;39
27/10/2025 17:50;39
27/10/2025 17:55;39
27/10/2025 18:00;0
27/10/2025 18:05;0
28/10/2025 7:50;0
28/10/2025 7:51;0
28/10/2025 7:51;0
28/10/2025 7:52;0
28/10/2025 7:52;0
28/10/2025 7:55;0
28/10/2025 8:00;0
28/10/2025 8:05;0
28/10/2025 8:10;0
28/10/2025 8:15;0
28/10/2025 8:20;39
28/10/2025 8:25;77
28/10/2025 8:30;83
28/10/2025 8:35;39
28/10/2025 8:40;64
28/10/2025 8:45;150
28/10/2025 8:50;114
28/10/2025 8:55;138
28/10/2025 9:00;300
28/10/2025 9:05;383
28/10/2025 9:10;403
28/10/2025 9:15;418
28/10/2025 9:20;433
28/10/2025 9:25;448
28/10/2025 9:30;459
28/10/2025 9:35;469
28/10/2025 9:40;481
28/10/2025 9:45;496
28/10/2025 9:50;506
28/10/2025 9:55;519
28/10/2025 10:00;521
28/10/2025 10:05;546
28/10/2025 10:10;556
28/10/2025 10:15;565
28/10/2025 10:20;573
28/10/2025 10:25;577
28/10/2025 10:30;585
28/10/2025 10:35;593
28/10/2025 10:40;610
28/10/2025 10:45;617
28/10/2025 10:50;623
28/10/2025 10:55;632
28/10/2025 11:00;638
28/10/2025 11:05;638
28/10/2025 11:10;641
28/10/2025 11:15;643
28/10/2025 11:20;643
28/10/2025 11:25;614
28/10/2025 11:30;621
28/10/2025 11:35;679
28/10/2025 11:40;656
28/10/2025 11:45;657
28/10/2025 11:50;588
28/10/2025 11:55;636
28/10/2025 12:00;628
28/10/2025 12:05;629
28/10/2025 12:10;667
28/10/2025 12:15;603
28/10/2025 12:20;662
28/10/2025 12:25;647
28/10/2025 12:30;665
28/10/2025 12:35;667
28/10/2025 12:40;653
28/10/2025 12:45;657
28/10/2025 12:50;645
28/10/2025 12:55;644
28/10/2025 13:00;605
28/10/2025 13:05;642
28/10/2025 13:10;619
28/10/2025 13:15;639
28/10/2025 13:20;635
28/10/2025 13:25;638
28/10/2025 13:30;626
28/10/2025 13:35;577
28/10/2025 13:40;575
28/10/2025 13:45;615
28/10/2025 13:50;603
28/10/2025 13:55;424
28/10/2025 14:00;526
28/10/2025 14:05;456
28/10/2025 14:10;503
28/10/2025 14:15;469
28/10/2025 14:20;537
28/10/2025 14:25;506
28/10/2025 14:30;520
28/10/2025 14:35;476
28/10/2025 14:40;437
28/10/2025 14:45;389
28/10/2025 14:50;448
28/10/2025 14:55;479
28/10/2025 15:00;422
28/10/2025 15:05;323
28/10/2025 15:10;266
28/10/2025 15:15;237
28/10/2025 15:20;287
28/10/2025 15:25;277
28/10/2025 15:30;249
28/10/2025 15:35;240
28/10/2025 15:40;199
28/10/2025 15:45;109
28/10/2025 15:50;108
28/10/2025 15:55;82
28/10/2025 16:00;69
28/10/2025 16:05;86
28/10/2025 16:10;64
28/10/2025 16:15;97
28/10/2025 16:20;106
28/10/2025 16:25;114
28/10/2025 16:30;78
28/10/2025 16:35;67
28/10/2025 16:40;53
28/10/2025 16:45;84
28/10/2025 16:50;87
28/10/2025 16:55;73
28/10/2025 17:00;41
28/10/2025 17:05;39
28/10/2025 17:10;39
28/10/2025 17:15;39
28/10/2025 17:20;39
28/10/2025 17:25;39
28/10/2025 17:30;39
28/10/2025 17:35;39
28/10/2025 17:40;39
28/10/2025 17:45;39
28/10/2025 17:50;39
28/10/2025 17:55;39
28/10/2025 18:00;39
29/10/2025 8:14;0
29/10/2025 8:15;0
29/10/2025 8:15;0
29/10/2025 8:16;0
29/10/2025 8:16;0
29/10/2025 8:20;0
29/10/2025 8:25;0
29/10/2025 8:30;39
29/10/2025 8:35;39
29/10/2025 8:40;39
29/10/2025 8:45;39
29/10/2025 8:50;41
29/10/2025 8:55;76
29/10/2025 9:00;97
29/10/2025 9:05;123
29/10/2025 9:10;355
29/10/2025 9:15;487
29/10/2025 9:20;229
29/10/2025 9:25;65
29/10/2025 9:30;67
29/10/2025 9:35;92
29/10/2025 9:40;110
29/10/2025 9:45;133
29/10/2025 9:50;194
29/10/2025 9:55;604
29/10/2025 10:00;237
29/10/2025 10:05;186
29/10/2025 10:10;122
29/10/2025 10:15;73
29/10/2025 10:20;57
29/10/2025 10:25;78
29/10/2025 10:30;135
29/10/2025 10:35;257
29/10/2025 10:40;166
29/10/2025 10:45;227
29/10/2025 10:50;334
29/10/2025 10:55;350
29/10/2025 11:00;424
29/10/2025 11:05;291
29/10/2025 11:10;273
29/10/2025 11:15;259
29/10/2025 11:20;259
29/10/2025 11:25;283
29/10/2025 11:30;258
29/10/2025 11:35;214
29/10/2025 11:40;305
29/10/2025 11:45;343
29/10/2025 11:50;495
29/10/2025 11:55;592
29/10/2025 12:00;371
29/10/2025 12:05;640
29/10/2025 12:10;363
29/10/2025 12:15;713
29/10/2025 12:20;301
29/10/2025 12:25;338
29/10/2025 12:30;304
29/10/2025 12:35;253
29/10/2025 12:40;192
29/10/2025 12:45;202
29/10/2025 12:50;196
29/10/2025 12:55;249
29/10/2025 13:00;186
29/10/2025 13:05;379
29/10/2025 13:10;427
29/10/2025 13:15;218
29/10/2025 13:20;239
29/10/2025 13:25;237
29/10/2025 13:30;199
29/10/2025 13:35;165
29/10/2025 13:40;332
29/10/2025 13:45;242
29/10/2025 13:50;606
29/10/2025 13:55;352
29/10/2025 14:00;659
29/10/2025 14:05;665
29/10/2025 14:10;669
29/10/2025 14:15;556
29/10/2025 14:20;0
29/10/2025 14:25;139
29/10/2025 14:30;422
29/10/2025 14:35;193
29/10/2025 14:40;158
29/10/2025 14:45;71
29/10/2025 14:50;128
29/10/2025 14:55;154
29/10/2025 15:00;196
29/10/2025 15:05;120
29/10/2025 15:10;83
29/10/2025 15:15;80
29/10/2025 15:20;39
29/10/2025 15:25;39
29/10/2025 15:30;57
29/10/2025 15:35;50
29/10/2025 15:40;39
29/10/2025 15:45;39
29/10/2025 15:50;39
29/10/2025 15:55;39
29/10/2025 16:00;39
29/10/2025 16:05;39
29/10/2025 16:10;39
29/10/2025 16:15;39
29/10/2025 16:20;39
29/10/2025 16:25;39
29/10/2025 16:30;39
29/10/2025 16:35;39
29/10/2025 16:40;0
29/10/2025 16:45;0
29/10/2025 16:50;0
29/10/2025 16:53;0
29/10/2025 16:53;0
29/10/2025 16:54;0
29/10/2025 16:54;0
29/10/2025 16:55;0
29/10/2025 17:00;0
29/10/2025 17:05;0
29/10/2025 17:10;39
29/10/2025 17:15;39
29/10/2025 17:20;0
29/10/2025 17:25;0
29/10/2025 17:34;0
29/10/2025 17:34;0
29/10/2025 17:35;0
29/10/2025 17:35;0
29/10/2025 17:36;0
29/10/2025 17:45;0
29/10/2025 17:46;0
30/10/2025 7:51;0
30/10/2025 7:51;0
30/10/2025 7:52;0
30/10/2025 7:52;0
30/10/2025 7:53;0
30/10/2025 7:55;0
30/10/2025 8:00;0
30/10/2025 8:05;0
30/10/2025 8:10;0
30/10/2025 8:15;0
30/10/2025 8:20;39
30/10/2025 8:25;76
30/10/2025 8:30;39
30/10/2025 8:35;68
30/10/2025 8:40;84
30/10/2025 8:45;106
30/10/2025 8:50;156
30/10/2025 8:55;110
30/10/2025 9:00;172
30/10/2025 9:05;339
30/10/2025 9:10;388
30/10/2025 9:15;404
30/10/2025 9:20;417
30/10/2025 9:25;432
30/10/2025 9:30;447
30/10/2025 9:35;465
30/10/2025 9:40;460
30/10/2025 9:45;486
30/10/2025 9:50;499
30/10/2025 9:55;510
30/10/2025 10:00;522
30/10/2025 10:05;533
30/10/2025 10:10;527
30/10/2025 10:15;546
30/10/2025 10:20;553
30/10/2025 10:25;564
30/10/2025 10:30;569
30/10/2025 10:35;576
30/10/2025 10:40;580
30/10/2025 10:45;585
30/10/2025 10:50;591
30/10/2025 10:55;601
30/10/2025 11:00;610
30/10/2025 11:05;618
30/10/2025 11:10;626
30/10/2025 11:15;624
30/10/2025 11:20;631
30/10/2025 11:25;634
30/10/2025 11:30;635
30/10/2025 11:35;635
30/10/2025 11:40;636
30/10/2025 11:45;637
30/10/2025 11:50;644
30/10/2025 11:55;647
30/10/2025 12:00;660
30/10/2025 12:05;665
30/10/2025 12:10;656
30/10/2025 12:15;678
30/10/2025 12:20;679
30/10/2025 12:25;652
30/10/2025 12:30;623
30/10/2025 12:35;669
30/10/2025 12:40;660
30/10/2025 12:45;663
30/10/2025 12:50;669
30/10/2025 12:55;644
30/10/2025 13:00;647
30/10/2025 13:05;662
30/10/2025 13:10;629
30/10/2025 13:15;624
30/10/2025 13:20;598
30/10/2025 13:25;657
30/10/2025 13:30;630
30/10/2025 13:35;632
30/10/2025 13:40;609
30/10/2025 13:45;593
30/10/2025 13:50;576
30/10/2025 13:55;615
30/10/2025 14:00;570
30/10/2025 14:05;479
30/10/2025 14:10;513
30/10/2025 14:15;474
30/10/2025 14:20;474
30/10/2025 14:25;565
30/10/2025 14:30;479
30/10/2025 14:35;454
30/10/2025 14:40;415
30/10/2025 14:45;380
30/10/2025 14:50;494
30/10/2025 14:55;423
30/10/2025 15:00;295
30/10/2025 15:05;283
30/10/2025 15:10;261
30/10/2025 15:15;233
30/10/2025 15:20;229
30/10/2025 15:25;201
30/10/2025 15:30;265
30/10/2025 15:35;209
30/10/2025 15:40;151
30/10/2025 15:45;131
30/10/2025 15:50;107
30/10/2025 15:55;103
30/10/2025 16:00;96
30/10/2025 16:05;93
30/10/2025 16:10;89
30/10/2025 16:15;106
30/10/2025 16:20;141
30/10/2025 16:25;138
30/10/2025 16:30;116
30/10/2025 16:35;118
30/10/2025 16:40;148
30/10/2025 16:45;129
30/10/2025 16:50;105
30/10/2025 16:55;61
30/10/2025 17:00;44
30/10/2025 17:05;39
30/10/2025 17:10;39
30/10/2025 17:15;39
30/10/2025 17:20;39
30/10/2025 17:25;39
30/10/2025 17:30;39
30/10/2025 17:35;39
30/10/2025 17:40;39
30/10/2025 17:45;39
30/10/2025 17:50;39
30/10/2025 17:55;39
31/10/2025 8:11;0
31/10/2025 8:11;0
31/10/2025 8:12;0
31/10/2025 8:12;0
31/10/2025 8:13;0
31/10/2025 8:15;0
31/10/2025 8:20;0
31/10/2025 8:25;0
31/10/2025 8:30;0
31/10/2025 8:35;0
31/10/2025 8:40;0
31/10/2025 8:45;39
31/10/2025 8:50;39
31/10/2025 8:55;39
31/10/2025 9:00;39
31/10/2025 9:05;39
31/10/2025 9:10;39
31/10/2025 9:15;39
31/10/2025 9:20;39
31/10/2025 9:25;39
31/10/2025 9:30;39
31/10/2025 9:35;39
31/10/2025 9:40;39
31/10/2025 9:45;39
31/10/2025 9:50;55
31/10/2025 9:55;69
31/10/2025 10:00;103
31/10/2025 10:05;139
31/10/2025 10:10;139
31/10/2025 10:15;142
31/10/2025 10:20;143
31/10/2025 10:25;132
31/10/2025 10:30;125
31/10/2025 10:35;93
31/10/2025 10:40;89
31/10/2025 10:45;87
31/10/2025 10:50;90
31/10/2025 10:55;105
31/10/2025 11:00;114
31/10/2025 11:05;138
31/10/2025 11:10;174
31/10/2025 11:15;172
31/10/2025 11:20;452
31/10/2025 11:25;459
31/10/2025 11:30;544
31/10/2025 11:35;548
31/10/2025 11:40;554
31/10/2025 11:45;621
31/10/2025 11:50;586
31/10/2025 11:55;617
31/10/2025 12:00;582
31/10/2025 12:05;271
31/10/2025 12:10;591
31/10/2025 12:15;380
31/10/2025 12:20;397
31/10/2025 12:25;444
31/10/2025 12:30;453
31/10/2025 12:35;198
31/10/2025 12:40;177
31/10/2025 12:45;133
31/10/2025 12:50;124
31/10/2025 12:55;196
31/10/2025 13:00;162
31/10/2025 13:05;151
31/10/2025 13:10;103
31/10/2025 13:15;154
31/10/2025 13:20;130
31/10/2025 13:25;101
31/10/2025 13:30;67
31/10/2025 13:35;62
31/10/2025 13:40;57
31/10/2025 13:45;58
31/10/2025 13:50;70
31/10/2025 13:55;87
31/10/2025 14:00;86
31/10/2025 14:05;77
31/10/2025 14:10;72
31/10/2025 14:15;62
31/10/2025 14:20;55
31/10/2025 14:25;55
31/10/2025 14:30;64
31/10/2025 14:35;67
31/10/2025 14:40;70
31/10/2025 14:45;68
31/10/2025 14:50;77
31/10/2025 14:55;82
31/10/2025 15:00;74
31/10/2025 15:05;57
31/10/2025 15:10;44
31/10/2025 15:15;39
31/10/2025 15:20;39
31/10/2025 15:25;39
31/10/2025 15:30;47
31/10/2025 15:35;39
31/10/2025 15:40;39
31/10/2025 15:45;39
31/10/2025 15:50;39
31/10/2025 15:55;39
31/10/2025 16:00;39
31/10/2025 16:05;39
31/10/2025 16:10;39
31/10/2025 16:15;39
31/10/2025 16:20;39
31/10/2025 16:25;39
31/10/2025 16:30;39
31/10/2025 16:35;39
31/10/2025 16:40;39
31/10/2025 16:45;40
31/10/2025 16:50;39
31/10/2025 16:55;39
31/10/2025 17:00;0
31/10/2025 17:05;0
31/10/2025 17:10;0
01/11/2025 8:30;0
01/11/2025 8:30;0
01/11/2025 8:31;0
01/11/2025 8:31;0
01/11/2025 8:32;0
01/11/2025 8:35;0
01/11/2025 9:06;0
01/11/2025 9:06;0
01/11/2025 9:07;0
01/11/2025 9:07;0
01/11/2025 9:08;0
01/11/2025 9:10;0
01/11/2025 9:15;0
01/11/2025 9:20;0
01/11/2025 9:25;0
01/11/2025 9:30;39
01/11/2025 9:35;39
01/11/2025 9:40;39
01/11/2025 9:45;39
01/11/2025 9:50;39
01/11/2025 9:55;39
01/11/2025 10:00;39
01/11/2025 10:05;39
01/11/2025 10:10;39
01/11/2025 10:15;39
01/11/2025 10:20;39
01/11/2025 10:25;39
01/11/2025 10:30;50
01/11/2025 10:35;86
01/11/2025 10:40;77
01/11/2025 10:45;67
01/11/2025 10:50;45
01/11/2025 10:55;65
01/11/2025 11:00;83
01/11/2025 11:05;65
01/11/2025 11:10;57
01/11/2025 11:15;55
01/11/2025 11:20;62
01/11/2025 11:25;57
01/11/2025 11:30;40
01/11/2025 11:35;52
01/11/2025 11:40;55
01/11/2025 11:45;65
01/11/2025 11:50;48
01/11/2025 11:55;43
01/11/2025 12:00;55
01/11/2025 12:05;63
01/11/2025 12:10;54
01/11/2025 12:15;50
01/11/2025 12:20;49
01/11/2025 12:25;50
01/11/2025 12:30;40
01/11/2025 12:35;39
01/11/2025 12:40;39
01/11/2025 12:45;39
01/11/2025 12:50;39
01/11/2025 12:55;39
01/11/2025 13:00;39
01/11/2025 13:05;40
01/11/2025 13:10;39
01/11/2025 13:15;39
01/11/2025 13:20;43
01/11/2025 13:25;50
01/11/2025 13:30;41
01/11/2025 13:35;39
01/11/2025 13:40;45
01/11/2025 13:45;49
01/11/2025 13:50;43
01/11/2025 13:55;42
01/11/2025 14:00;43
01/11/2025 14:05;58
01/11/2025 14:10;53
01/11/2025 14:15;51
01/11/2025 14:20;39
01/11/2025 14:25;43
01/11/2025 14:30;49
01/11/2025 14:35;45
01/11/2025 14:40;60
01/11/2025 14:45;58
01/11/2025 14:50;53
01/11/2025 14:55;39
01/11/2025 15:00;44
01/11/2025 15:05;40
01/11/2025 15:10;42
01/11/2025 15:15;55
01/11/2025 15:20;48
01/11/2025 15:25;67
01/11/2025 15:30;84
01/11/2025 15:35;93
01/11/2025 15:40;65
01/11/2025 15:45;39
01/11/2025 15:50;39
01/11/2025 15:55;39
01/11/2025 16:00;39
01/11/2025 16:05;39
01/11/2025 16:10;39
01/11/2025 16:15;39
01/11/2025 16:20;39
01/11/2025 16:25;39
01/11/2025 16:30;39
01/11/2025 16:35;39
01/11/2025 16:40;39
01/11/2025 16:45;39
01/11/2025 16:50;39
01/11/2025 16:55;39
01/11/2025 17:00;39
01/11/2025 17:05;39
01/11/2025 17:10;39
01/11/2025 17:15;39
01/11/2025 17:20;39
01/11/2025 17:25;39
01/11/2025 17:30;0
01/11/2025 17:35;0
01/11/2025 17:40;0
02/11/2025 8:07;0
02/11/2025 8:08;0
02/11/2025 8:08;0
02/11/2025 8:09;0
02/11/2025 8:09;0
02/11/2025 8:10;0
02/11/2025 8:15;0
02/11/2025 8:20;0
02/11/2025 8:25;0
02/11/2025 8:30;0
02/11/2025 8:35;39
02/11/2025 8:40;39
02/11/2025 8:45;39
02/11/2025 8:50;39
02/11/2025 8:55;39
02/11/2025 9:00;39
02/11/2025 9:05;39
02/11/2025 9:10;44
02/11/2025 9:15;55
02/11/2025 9:20;65
02/11/2025 9:25;76
02/11/2025 9:30;87
02/11/2025 9:35;93
02/11/2025 9:40;102
02/11/2025 9:45;111
02/11/2025 9:50;126
02/11/2025 9:55;148
02/11/2025 10:00;195
02/11/2025 10:05;267
02/11/2025 10:10;288
02/11/2025 10:15;266
02/11/2025 10:20;273
02/11/2025 10:25;248
02/11/2025 10:30;308
02/11/2025 10:35;222
02/11/2025 10:40;246
02/11/2025 10:45;341
02/11/2025 10:50;257
02/11/2025 10:55;275
02/11/2025 11:00;290
02/11/2025 11:05;415
02/11/2025 11:10;481
02/11/2025 11:15;520
02/11/2025 11:20;442
02/11/2025 11:25;591
02/11/2025 11:30;465
02/11/2025 11:35;385
02/11/2025 11:40;390
02/11/2025 11:45;393
02/11/2025 11:50;389
02/11/2025 11:55;256
02/11/2025 12:00;388
02/11/2025 12:05;507
02/11/2025 12:10;503
02/11/2025 12:15;494
02/11/2025 12:20;433
02/11/2025 12:25;446
02/11/2025 12:30;330
02/11/2025 12:35;392
02/11/2025 12:40;579
02/11/2025 12:45;599
02/11/2025 12:50;295
02/11/2025 12:55;347
02/11/2025 13:00;283
02/11/2025 13:05;276
02/11/2025 13:10;294
02/11/2025 13:15;637
02/11/2025 13:20;350
02/11/2025 13:25;217
02/11/2025 13:30;199
02/11/2025 13:35;644
02/11/2025 13:40;619
02/11/2025 13:45;726
02/11/2025 13:50;668
02/11/2025 13:55;602
02/11/2025 14:00;569
02/11/2025 14:05;481
02/11/2025 14:10;518
02/11/2025 14:15;471
02/11/2025 14:20;455
02/11/2025 14:25;242
02/11/2025 14:30;291
02/11/2025 14:35;205
02/11/2025 14:40;117
02/11/2025 14:45;138
02/11/2025 14:50;132
02/11/2025 14:55;147
02/11/2025 15:00;110
02/11/2025 15:05;334
02/11/2025 15:10;325
02/11/2025 15:15;195
02/11/2025 15:20;140
02/11/2025 15:25;156
02/11/2025 15:30;95
02/11/2025 15:35;105
02/11/2025 15:40;100
02/11/2025 15:45;88
02/11/2025 15:50;80
02/11/2025 15:55;80
02/11/2025 16:00;77
02/11/2025 16:05;95
02/11/2025 16:10;71
02/11/2025 16:15;63
02/11/2025 16:20;57
02/11/2025 16:25;52
02/11/2025 16:30;53
02/11/2025 16:35;39
02/11/2025 16:40;39
02/11/2025 16:45;42
02/11/2025 16:50;39
02/11/2025 16:55;39
02/11/2025 17:00;39
02/11/2025 17:05;39
02/11/2025 17:10;39
02/11/2025 17:15;39
02/11/2025 17:20;39
02/11/2025 17:25;39
02/11/2025 17:30;39
02/11/2025 17:35;39
02/11/2025 17:40;0
03/11/2025 7:58;0
03/11/2025 7:58;0
03/11/2025 7:59;0
03/11/2025 7:59;0
03/11/2025 8:00;0
03/11/2025 8:05;0
03/11/2025 8:10;0
03/11/2025 8:15;0
03/11/2025 8:20;0
03/11/2025 8:25;0
03/11/2025 8:30;43
03/11/2025 8:35;39
03/11/2025 8:40;62
03/11/2025 8:45;98
03/11/2025 8:50;113
03/11/2025 8:54;134
03/11/2025 8:54;132
03/11/2025 8:55;147
03/11/2025 9:00;134
03/11/2025 9:05;140
03/11/2025 9:10;252
03/11/2025 9:15;372
03/11/2025 9:20;394
03/11/2025 9:25;411
03/11/2025 9:30;426
03/11/2025 9:35;443
03/11/2025 9:40;458
03/11/2025 9:45;471
03/11/2025 9:50;484
03/11/2025 9:55;497
03/11/2025 10:00;506
03/11/2025 10:05;521
03/11/2025 10:10;534
03/11/2025 10:15;543
03/11/2025 10:20;550
03/11/2025 10:25;553
03/11/2025 10:30;566
03/11/2025 10:35;572
03/11/2025 10:40;579
03/11/2025 10:45;580
03/11/2025 10:50;593
03/11/2025 10:55;592
03/11/2025 11:00;598
03/11/2025 11:05;600
03/11/2025 11:10;611
03/11/2025 11:15;620
03/11/2025 11:20;619
03/11/2025 11:25;612
03/11/2025 11:30;630
03/11/2025 11:35;625
03/11/2025 11:40;629
03/11/2025 11:45;638
03/11/2025 11:50;639
03/11/2025 11:55;642
03/11/2025 12:00;642
03/11/2025 12:05;650
03/11/2025 12:10;651
03/11/2025 12:15;655
03/11/2025 12:20;651
03/11/2025 12:25;587
03/11/2025 12:30;544
03/11/2025 12:35;550
03/11/2025 12:40;464
03/11/2025 12:45;415
03/11/2025 12:50;503
03/11/2025 12:55;615
03/11/2025 13:00;674
03/11/2025 13:05;647
03/11/2025 13:10;649
03/11/2025 13:15;634
03/11/2025 13:20;621
03/11/2025 13:25;624
03/11/2025 13:30;617
03/11/2025 13:35;613
03/11/2025 13:40;608
03/11/2025 13:45;601
03/11/2025 13:50;593
03/11/2025 13:55;582
03/11/2025 14:00;579
03/11/2025 14:05;574
03/11/2025 14:10;565
03/11/2025 14:15;563
03/11/2025 14:20;557
03/11/2025 14:25;556
03/11/2025 14:30;551
03/11/2025 14:35;538
03/11/2025 14:40;554
03/11/2025 14:45;243
03/11/2025 14:50;356
03/11/2025 14:55;429
03/11/2025 15:00;217
03/11/2025 15:05;233
03/11/2025 15:10;370
03/11/2025 15:15;269
03/11/2025 15:20;266
03/11/2025 15:25;272
03/11/2025 15:30;290
03/11/2025 15:35;111
03/11/2025 15:40;90
03/11/2025 15:45;93
03/11/2025 15:50;116
03/11/2025 15:55;146
03/11/2025 16:00;132
03/11/2025 16:05;98
03/11/2025 16:10;71
03/11/2025 16:15;68
03/11/2025 16:20;47
03/11/2025 16:25;39
03/11/2025 16:30;39
03/11/2025 16:35;39
03/11/2025 16:40;57
03/11/2025 16:45;78
03/11/2025 16:50;77
03/11/2025 16:55;53
03/11/2025 17:00;61
03/11/2025 17:05;39
03/11/2025 17:10;39
03/11/2025 17:15;39
03/11/2025 17:20;39
03/11/2025 17:25;39
03/11/2025 17:30;39
03/11/2025 17:35;0
03/11/2025 17:40;0
03/11/2025 17:45;0
03/11/2025 17:50;0
04/11/2025 8:03;0
04/11/2025 8:04;0
04/11/2025 8:04;0
04/11/2025 8:05;0
04/11/2025 8:05;0
04/11/2025 8:10;0
04/11/2025 8:15;0
04/11/2025 8:20;0
04/11/2025 8:25;0
04/11/2025 8:30;0
04/11/2025 8:35;39
04/11/2025 8:40;39
04/11/2025 8:45;39
04/11/2025 8:50;39
04/11/2025 8:55;39
04/11/2025 9:00;39
04/11/2025 9:05;39
04/11/2025 9:10;39
04/11/2025 9:15;43
04/11/2025 9:20;61
04/11/2025 9:25;295
04/11/2025 9:30;425
04/11/2025 9:35;483
04/11/2025 9:40;433
04/11/2025 9:45;120
04/11/2025 9:50;104
04/11/2025 9:55;180
04/11/2025 10:00;273
04/11/2025 10:05;84
04/11/2025 10:10;493
04/11/2025 10:15;583
04/11/2025 10:20;374
04/11/2025 10:25;600
04/11/2025 10:30;153
04/11/2025 10:35;103
04/11/2025 10:40;110
04/11/2025 10:45;99
04/11/2025 10:50;108
04/11/2025 10:55;119
04/11/2025 11:00;134
04/11/2025 11:05;118
04/11/2025 11:10;106
04/11/2025 11:15;100
04/11/2025 11:20;112
04/11/2025 11:25;99
04/11/2025 11:30;103
04/11/2025 11:35;105
04/11/2025 11:40;82
04/11/2025 11:45;77
04/11/2025 11:50;85
04/11/2025 11:55;109
04/11/2025 12:00;135
04/11/2025 12:05;156
04/11/2025 12:10;140
04/11/2025 12:15;125
04/11/2025 12:20;117
04/11/2025 12:25;101
04/11/2025 12:30;89
04/11/2025 12:35;83
04/11/2025 12:40;67
04/11/2025 12:45;57
04/11/2025 12:50;52
04/11/2025 12:55;42
04/11/2025 13:00;39
04/11/2025 13:05;39
04/11/2025 13:10;39
04/11/2025 13:15;39
04/11/2025 13:20;48
04/11/2025 13:25;57
04/11/2025 13:30;58
04/11/2025 13:35;55
04/11/2025 13:40;49
04/11/2025 13:45;49
04/11/2025 13:50;39
04/11/2025 13:55;39
04/11/2025 14:00;39
04/11/2025 14:05;39
04/11/2025 14:10;39
04/11/2025 14:15;39
04/11/2025 14:20;39
04/11/2025 14:25;39
04/11/2025 14:30;39
04/11/2025 14:35;39
04/11/2025 14:40;39
04/11/2025 14:45;43
04/11/2025 14:50;54
04/11/2025 14:55;59
04/11/2025 15:00;75
04/11/2025 15:05;76
04/11/2025 15:10;74
04/11/2025 15:15;65
04/11/2025 15:20;53
04/11/2025 15:25;46
04/11/2025 15:30;52
04/11/2025 15:35;65
04/11/2025 15:40;64
04/11/2025 15:45;54
04/11/2025 15:50;48
04/11/2025 15:55;47
04/11/2025 16:00;39
04/11/2025 16:05;39
04/11/2025 16:10;39
04/11/2025 16:15;39
04/11/2025 16:20;39
04/11/2025 16:25;39
04/11/2025 16:30;39
04/11/2025 16:35;39
04/11/2025 16:40;39
04/11/2025 16:45;39
04/11/2025 16:50;39
04/11/2025 16:55;39
04/11/2025 17:00;39
04/11/2025 17:05;39
04/11/2025 17:10;0
04/11/2025 17:15;0
05/11/2025 8:08;0
05/11/2025 8:08;0
05/11/2025 8:09;0
05/11/2025 8:09;0
05/11/2025 8:10;0
05/11/2025 8:15;0
05/11/2025 8:20;0
05/11/2025 8:25;39
05/11/2025 8:30;39
05/11/2025 8:35;39
05/11/2025 8:40;39
05/11/2025 8:45;39
05/11/2025 8:50;39
05/11/2025 8:55;41
05/11/2025 9:00;62
05/11/2025 9:05;96
05/11/2025 9:10;72
05/11/2025 9:15;56
05/11/2025 9:20;39
05/11/2025 9:25;39
05/11/2025 9:30;39
05/11/2025 9:35;39
05/11/2025 9:40;39
05/11/2025 9:45;39
05/11/2025 9:50;41
05/11/2025 9:55;51
05/11/2025 10:00;63
05/11/2025 10:05;71
05/11/2025 10:10;97
05/11/2025 10:15;105
05/11/2025 10:20;89
05/11/2025 10:25;82
05/11/2025 10:30;76
05/11/2025 10:35;86
05/11/2025 10:40;87
05/11/2025 10:45;126
05/11/2025 10:50;240
05/11/2025 10:55;465
05/11/2025 11:00;195
05/11/2025 11:05;666
05/11/2025 11:10;384
05/11/2025 11:15;427
05/11/2025 11:20;298
05/11/2025 11:25;371
05/11/2025 11:30;428
05/11/2025 11:35;275
05/11/2025 11:40;291
05/11/2025 11:45;215
05/11/2025 11:50;177
05/11/2025 11:55;199
05/11/2025 12:00;471
05/11/2025 12:05;547
05/11/2025 12:10;526
05/11/2025 12:15;413
05/11/2025 12:20;479
05/11/2025 12:25;397
05/11/2025 12:30;272
05/11/2025 12:35;365
05/11/2025 12:40;465
05/11/2025 12:45;635
05/11/2025 12:50;544
05/11/2025 12:55;473
05/11/2025 13:00;494
05/11/2025 13:05;509
05/11/2025 13:10;448
05/11/2025 13:15;451
05/11/2025 13:20;303
05/11/2025 13:25;377
05/11/2025 13:30;275
05/11/2025 13:35;267
05/11/2025 13:40;335
05/11/2025 13:45;261
05/11/2025 13:50;216
05/11/2025 13:55;208
05/11/2025 14:00;548
05/11/2025 14:05;660
05/11/2025 14:10;391
05/11/2025 14:15;503
05/11/2025 14:20;605
05/11/2025 14:25;306
05/11/2025 14:30;310
05/11/2025 14:35;468
05/11/2025 14:40;318
05/11/2025 14:45;379
05/11/2025 14:50;377
05/11/2025 14:55;404
05/11/2025 15:00;373
05/11/2025 15:05;377
05/11/2025 15:10;361
05/11/2025 15:15;126
05/11/2025 15:20;109
05/11/2025 15:25;86
05/11/2025 15:30;39
05/11/2025 15:35;39
05/11/2025 15:40;39
05/11/2025 15:45;87
05/11/2025 15:50;43
05/11/2025 15:55;39
05/11/2025 16:00;49
05/11/2025 16:05;52
05/11/2025 16:10;53
05/11/2025 16:15;39
05/11/2025 16:20;39
05/11/2025 16:25;39
05/11/2025 16:30;39
05/11/2025 16:35;0
05/11/2025 16:40;39
05/11/2025 16:45;39
05/11/2025 16:50;96
05/11/2025 16:55;39
05/11/2025 17:00;83
05/11/2025 17:05;110
05/11/2025 17:10;85
05/11/2025 17:15;64
05/11/2025 17:20;57
05/11/2025 17:25;39
05/11/2025 17:30;39
05/11/2025 17:35;39
05/11/2025 17:40;39
05/11/2025 17:45;39
05/11/2025 17:50;0
06/11/2025 8:29;0
06/11/2025 8:29;0
06/11/2025 8:30;0
06/11/2025 8:30;0
06/11/2025 8:31;0
06/11/2025 8:34;0
06/11/2025 8:35;0
06/11/2025 8:35;0
06/11/2025 8:36;0
06/11/2025 8:36;0
06/11/2025 8:40;0
06/11/2025 8:45;0
06/11/2025 8:50;0
06/11/2025 8:55;0
06/11/2025 9:00;0
06/11/2025 9:05;0
06/11/2025 9:10;39
06/11/2025 9:15;39
06/11/2025 9:20;39
06/11/2025 9:25;39
06/11/2025 9:30;39
06/11/2025 9:35;39
06/11/2025 9:40;39
06/11/2025 9:45;39
06/11/2025 9:50;39
06/11/2025 9:55;39
06/11/2025 10:00;39
06/11/2025 10:05;69
06/11/2025 10:10;77
06/11/2025 10:15;72
06/11/2025 10:20;73
06/11/2025 10:25;95
06/11/2025 10:30;115
06/11/2025 10:35;128
06/11/2025 10:40;82
06/11/2025 10:45;83
06/11/2025 10:50;102
06/11/2025 10:55;127
06/11/2025 11:00;200
06/11/2025 11:05;275
06/11/2025 11:10;243
06/11/2025 11:15;765
06/11/2025 11:20;529
06/11/2025 11:25;672
06/11/2025 11:30;682
06/11/2025 11:35;749
06/11/2025 11:40;313
06/11/2025 11:45;191
06/11/2025 11:50;250
06/11/2025 11:55;162
06/11/2025 12:00;233
06/11/2025 12:05;173
06/11/2025 12:10;340
06/11/2025 12:15;651
06/11/2025 12:20;650
06/11/2025 12:25;357
06/11/2025 12:30;230
06/11/2025 12:35;193
06/11/2025 12:40;423
06/11/2025 12:45;201
06/11/2025 12:50;167
06/11/2025 12:55;270
06/11/2025 13:00;108
06/11/2025 13:05;98
06/11/2025 13:10;74
06/11/2025 13:15;85
06/11/2025 13:20;96
06/11/2025 13:25;61
06/11/2025 13:30;66
06/11/2025 13:35;57
06/11/2025 13:40;41
06/11/2025 13:45;39
06/11/2025 13:50;39
06/11/2025 13:55;39
06/11/2025 14:00;39
06/11/2025 14:05;39
06/11/2025 14:10;39
06/11/2025 14:15;39
06/11/2025 14:20;46
06/11/2025 14:25;59
06/11/2025 14:30;49
06/11/2025 14:35;45
06/11/2025 14:40;39
06/11/2025 14:45;39
06/11/2025 14:50;61
06/11/2025 14:55;81
06/11/2025 15:00;51
06/11/2025 15:05;39
06/11/2025 15:10;72
06/11/2025 15:15;55
06/11/2025 15:20;40
06/11/2025 15:25;55
06/11/2025 15:30;44
06/11/2025 15:35;45
06/11/2025 15:40;60
06/11/2025 15:45;79
06/11/2025 15:50;76
06/11/2025 15:55;56
06/11/2025 16:00;48
06/11/2025 16:05;42
06/11/2025 16:10;44
06/11/2025 16:15;39
06/11/2025 16:20;39
06/11/2025 16:25;44
06/11/2025 16:30;56
06/11/2025 16:35;87
06/11/2025 16:40;83
06/11/2025 16:45;75
06/11/2025 16:50;103
06/11/2025 16:55;94
06/11/2025 17:00;110
06/11/2025 17:05;68
06/11/2025 17:10;60
06/11/2025 17:15;42
06/11/2025 17:20;39
06/11/2025 17:25;39
06/11/2025 17:30;39
06/11/2025 17:35;39
06/11/2025 17:40;39
06/11/2025 17:45;39
06/11/2025 17:50;0
07/11/2025 8:11;0
07/11/2025 8:12;0
07/11/2025 8:12;0
07/11/2025 8:13;0
07/11/2025 8:13;0
07/11/2025 8:15;0
07/11/2025 8:20;0
07/11/2025 8:25;0
07/11/2025 8:30;0
07/11/2025 8:35;0
07/11/2025 8:46;0
07/11/2025 8:47;0
07/11/2025 8:47;0
07/11/2025 8:48;0
07/11/2025 8:48;0
07/11/2025 9:04;0
07/11/2025 9:05;0
07/11/2025 9:05;0
07/11/2025 9:06;0
07/11/2025 9:06;0
07/11/2025 9:10;0
07/11/2025 9:15;0
07/11/2025 9:20;39
07/11/2025 9:25;39
07/11/2025 9:30;40
07/11/2025 9:35;76
07/11/2025 9:40;120
07/11/2025 9:45;102
07/11/2025 9:50;197
07/11/2025 9:55;87
07/11/2025 10:00;86
07/11/2025 10:05;104
07/11/2025 10:10;565
07/11/2025 10:15;74
07/11/2025 10:20;76
07/11/2025 10:25;79
07/11/2025 10:30;128
07/11/2025 10:35;177
07/11/2025 10:40;119
07/11/2025 10:45;103
07/11/2025 10:50;65
07/11/2025 10:55;51
07/11/2025 11:00;65
07/11/2025 11:05;78
07/11/2025 11:10;115
07/11/2025 11:15;108
07/11/2025 11:20;71
07/11/2025 11:25;75
07/11/2025 11:30;94
07/11/2025 11:35;96
07/11/2025 11:40;75
07/11/2025 11:45;105
07/11/2025 11:50;162
07/11/2025 11:55;158
07/11/2025 12:00;174
07/11/2025 12:05;181
07/11/2025 12:10;169
07/11/2025 12:15;114
07/11/2025 12:20;92
07/11/2025 12:25;69
07/11/2025 12:30;73
07/11/2025 12:35;52
07/11/2025 12:40;59
07/11/2025 12:45;74
07/11/2025 12:50;58
07/11/2025 12:55;79
07/11/2025 13:00;86
07/11/2025 13:05;67
07/11/2025 13:10;49
07/11/2025 13:15;47
07/11/2025 13:20;59
07/11/2025 13:25;61
07/11/2025 13:30;44
07/11/2025 13:35;53
07/11/2025 13:40;60
07/11/2025 13:45;54
07/11/2025 13:50;71
07/11/2025 13:55;93
07/11/2025 14:00;76
07/11/2025 14:05;79
07/11/2025 14:10;68
07/11/2025 14:15;94
07/11/2025 14:20;92
07/11/2025 14:25;98
07/11/2025 14:30;64
07/11/2025 14:35;58
07/11/2025 14:40;44
07/11/2025 14:45;53
07/11/2025 14:50;69
07/11/2025 14:55;49
07/11/2025 15:00;47
07/11/2025 15:05;39
07/11/2025 15:10;39
07/11/2025 15:15;39
07/11/2025 15:20;39
07/11/2025 15:25;39
07/11/2025 15:30;39
07/11/2025 15:35;39
07/11/2025 15:40;52
07/11/2025 15:45;43
07/11/2025 15:50;39
07/11/2025 15:55;39
07/11/2025 16:00;39
07/11/2025 16:05;39
07/11/2025 16:10;39
07/11/2025 16:15;39
07/11/2025 16:20;39
07/11/2025 16:25;39
07/11/2025 16:30;39
07/11/2025 16:35;39
07/11/2025 16:40;39
07/11/2025 16:45;39
07/11/2025 16:50;39
07/11/2025 16:55;39
07/11/2025 17:00;39
07/11/2025 17:05;39
07/11/2025 17:10;39
07/11/2025 17:15;39
07/11/2025 17:20;39
07/11/2025 17:25;39
07/11/2025 17:30;39
08/11/2025 8:13;0
08/11/2025 8:13;0
08/11/2025 8:14;0
08/11/2025 8:14;0
08/11/2025 8:15;0
08/11/2025 8:20;0
08/11/2025 8:25;0
08/11/2025 8:30;0
08/11/2025 8:35;0
08/11/2025 8:40;0
08/11/2025 8:45;0
08/11/2025 8:50;39
08/11/2025 8:55;39
08/11/2025 9:00;39
08/11/2025 9:05;43
08/11/2025 9:10;39
08/11/2025 9:15;39
08/11/2025 9:20;39
08/11/2025 9:25;39
08/11/2025 9:30;39
08/11/2025 9:35;39
08/11/2025 9:40;52
08/11/2025 9:45;82
08/11/2025 9:50;95
08/11/2025 9:55;129
08/11/2025 10:00;136
08/11/2025 10:05;168
08/11/2025 10:10;92
08/11/2025 10:15;122
08/11/2025 10:20;237
08/11/2025 10:25;148
08/11/2025 10:30;97
08/11/2025 10:35;344
08/11/2025 10:40;688
08/11/2025 10:45;114
08/11/2025 10:50;690
08/11/2025 10:55;682
08/11/2025 11:00;213
08/11/2025 11:05;212
08/11/2025 11:10;225
08/11/2025 11:15;275
08/11/2025 11:20;358
08/11/2025 11:25;739
08/11/2025 11:30;202
08/11/2025 11:35;656
08/11/2025 11:40;660
08/11/2025 11:45;674
08/11/2025 11:50;688
08/11/2025 11:55;476
08/11/2025 12:00;543
08/11/2025 12:05;271
08/11/2025 12:10;297
08/11/2025 12:15;549
08/11/2025 12:20;257
08/11/2025 12:25;142
08/11/2025 12:30;111
08/11/2025 12:35;127
08/11/2025 12:40;147
08/11/2025 12:45;250
08/11/2025 12:50;224
08/11/2025 12:55;700
08/11/2025 13:00;307
08/11/2025 13:05;674
08/11/2025 13:10;655
08/11/2025 13:15;751
08/11/2025 13:20;487
08/11/2025 13:25;654
08/11/2025 13:30;367
08/11/2025 13:35;598
08/11/2025 13:40;624
08/11/2025 13:45;449
08/11/2025 13:50;253
08/11/2025 13:55;220
08/11/2025 14:00;224
08/11/2025 14:05;190
08/11/2025 14:10;172
08/11/2025 14:15;139
08/11/2025 14:20;143
08/11/2025 14:25;112
08/11/2025 14:30;98
08/11/2025 14:35;95
08/11/2025 14:40;111
08/11/2025 14:45;130
08/11/2025 14:50;106
08/11/2025 14:55;105
08/11/2025 15:00;102
08/11/2025 15:05;82
08/11/2025 15:10;125
08/11/2025 15:15;123
08/11/2025 15:20;97
08/11/2025 15:25;128
08/11/2025 15:30;145
08/11/2025 15:35;121
08/11/2025 15:40;101
08/11/2025 15:45;85
08/11/2025 15:50;67
08/11/2025 15:55;106
08/11/2025 16:00;73
08/11/2025 16:05;39
08/11/2025 16:10;72
08/11/2025 16:15;39
08/11/2025 16:20;40
08/11/2025 16:25;41
08/11/2025 16:30;43
08/11/2025 16:35;50
08/11/2025 16:40;43
08/11/2025 16:45;63
08/11/2025 16:50;39
08/11/2025 16:55;39
08/11/2025 17:00;39
08/11/2025 17:05;39
08/11/2025 17:10;39
08/11/2025 17:15;39
08/11/2025 17:20;39
08/11/2025 17:25;39
08/11/2025 17:30;39
08/11/2025 17:35;39
08/11/2025 17:40;39
09/11/2025 7:54;0
09/11/2025 7:55;0
09/11/2025 7:55;0
09/11/2025 7:56;0
09/11/2025 8:03;0
09/11/2025 8:03;0
09/11/2025 8:04;0
09/11/2025 8:04;0
09/11/2025 8:05;0
09/11/2025 8:10;0
09/11/2025 8:15;0
09/11/2025 8:20;39
09/11/2025 8:25;39
09/11/2025 8:30;39
09/11/2025 8:35;61
09/11/2025 8:40;62
09/11/2025 8:45;73
09/11/2025 8:50;65
09/11/2025 8:55;64
09/11/2025 9:00;66
09/11/2025 9:05;88
09/11/2025 9:10;159
09/11/2025 9:15;178
09/11/2025 9:20;212
09/11/2025 9:25;259
09/11/2025 9:30;288
09/11/2025 9:35;231
09/11/2025 9:40;243
09/11/2025 9:45;309
09/11/2025 9:50;348
09/11/2025 9:55;365
09/11/2025 10:00;375
09/11/2025 10:05;336
09/11/2025 10:10;355
09/11/2025 10:15;361
09/11/2025 10:20;396
09/11/2025 10:25;335
09/11/2025 10:30;292
09/11/2025 10:35;274
09/11/2025 10:40;422
09/11/2025 10:45;442
09/11/2025 10:50;463
09/11/2025 10:55;526
09/11/2025 11:00;619
09/11/2025 11:05;603
09/11/2025 11:10;619
09/11/2025 11:15;646
09/11/2025 11:20;632
09/11/2025 11:25;623
09/11/2025 11:30;603
09/11/2025 11:35;526
09/11/2025 11:40;570
09/11/2025 11:45;577
09/11/2025 11:50;528
09/11/2025 11:55;575
09/11/2025 12:00;463
09/11/2025 12:05;625
09/11/2025 12:10;576
09/11/2025 12:15;517
09/11/2025 12:20;472
09/11/2025 12:25;488
09/11/2025 12:30;488
09/11/2025 12:35;473
09/11/2025 12:40;393
09/11/2025 12:45;367
09/11/2025 12:50;505
09/11/2025 12:55;495
09/11/2025 13:00;430
09/11/2025 13:05;350
09/11/2025 13:10;566
09/11/2025 13:15;510
09/11/2025 13:20;500
09/11/2025 13:25;410
09/11/2025 13:30;582
09/11/2025 13:35;590
09/11/2025 13:40;601
09/11/2025 13:45;553
09/11/2025 13:50;302
09/11/2025 13:55;537
09/11/2025 14:00;445
09/11/2025 14:05;564
09/11/2025 14:10;458
09/11/2025 14:15;590
09/11/2025 14:20;610
09/11/2025 14:25;526
09/11/2025 14:30;532
09/11/2025 14:35;481
09/11/2025 14:40;475
09/11/2025 14:45;287
09/11/2025 14:50;331
09/11/2025 14:55;320
09/11/2025 15:00;255
09/11/2025 15:05;249
09/11/2025 15:10;317
09/11/2025 15:15;301
09/11/2025 15:20;278
09/11/2025 15:25;153
09/11/2025 15:30;132
09/11/2025 15:35;172
09/11/2025 15:40;123
09/11/2025 15:45;70
09/11/2025 15:50;75
09/11/2025 15:55;75
09/11/2025 16:00;94
09/11/2025 16:05;85
09/11/2025 16:10;78
09/11/2025 16:15;72
09/11/2025 16:20;66
09/11/2025 16:25;59
09/11/2025 16:30;49
09/11/2025 16:35;45
09/11/2025 16:40;44
09/11/2025 16:45;43
09/11/2025 16:50;40
09/11/2025 16:55;39
09/11/2025 17:00;39
09/11/2025 17:05;39
09/11/2025 17:10;39
09/11/2025 17:15;39
09/11/2025 17:20;39
09/11/2025 17:25;39
09/11/2025 17:30;39
09/11/2025 17:35;39
09/11/2025 17:40;39
09/11/2025 17:45;39
10/11/2025 8:24;0
10/11/2025 8:25;0
10/11/2025 8:25;0
10/11/2025 8:26;0
10/11/2025 8:26;0
10/11/2025 8:30;0
10/11/2025 8:35;0
10/11/2025 8:40;0
10/11/2025 8:45;0
10/11/2025 8:50;39
10/11/2025 8:55;39
10/11/2025 9:00;39
10/11/2025 9:05;55
10/11/2025 9:10;41
10/11/2025 9:15;51
10/11/2025 9:20;52
10/11/2025 9:25;53
10/11/2025 9:30;168
10/11/2025 9:35;110
10/11/2025 9:40;334
10/11/2025 9:45;456
10/11/2025 9:50;161
10/11/2025 9:55;282
10/11/2025 10:00;77
10/11/2025 10:05;70
10/11/2025 10:10;88
10/11/2025 10:15;120
10/11/2025 10:20;137
10/11/2025 10:25;418
10/11/2025 10:30;137
10/11/2025 10:35;127
10/11/2025 10:40;109
10/11/2025 10:45;143
10/11/2025 10:50;176
10/11/2025 10:55;178
10/11/2025 11:00;150
10/11/2025 11:05;127
10/11/2025 11:10;726
10/11/2025 11:15;657
10/11/2025 11:20;630
10/11/2025 11:25;618
10/11/2025 11:30;628
10/11/2025 11:35;628
10/11/2025 11:40;630
10/11/2025 11:45;629
10/11/2025 11:50;632
10/11/2025 11:55;633
10/11/2025 12:00;639
10/11/2025 12:05;642
10/11/2025 12:10;649
10/11/2025 12:15;660
10/11/2025 12:20;647
10/11/2025 12:25;632
10/11/2025 12:30;616
10/11/2025 12:35;0
10/11/2025 12:40;658
10/11/2025 12:45;751
10/11/2025 12:50;780
10/11/2025 12:55;249
10/11/2025 13:00;208
10/11/2025 13:05;182
10/11/2025 13:10;148
10/11/2025 13:15;146
10/11/2025 13:20;179
10/11/2025 13:25;198
10/11/2025 13:30;235
10/11/2025 13:35;224
10/11/2025 13:40;232
10/11/2025 13:45;217
10/11/2025 13:50;217
10/11/2025 13:55;221
10/11/2025 14:00;238
10/11/2025 14:05;343
10/11/2025 14:10;260
10/11/2025 14:15;520
10/11/2025 14:20;509
10/11/2025 14:25;526
10/11/2025 14:30;528
10/11/2025 14:35;488
10/11/2025 14:40;355
10/11/2025 14:45;250
10/11/2025 14:50;171
10/11/2025 14:55;169
10/11/2025 15:00;135
10/11/2025 15:05;260
10/11/2025 15:10;305
10/11/2025 15:15;294
10/11/2025 15:20;253
10/11/2025 15:25;178
10/11/2025 15:30;154
10/11/2025 15:35;227
10/11/2025 15:40;170
10/11/2025 15:45;83
10/11/2025 15:50;94
10/11/2025 15:55;72
10/11/2025 16:00;97
10/11/2025 16:05;80
10/11/2025 16:10;65
10/11/2025 16:15;46
10/11/2025 16:20;39
10/11/2025 16:25;63
10/11/2025 16:30;78
10/11/2025 16:35;64
10/11/2025 16:40;52
10/11/2025 16:45;53
10/11/2025 16:50;56
10/11/2025 16:55;66
10/11/2025 17:00;58
10/11/2025 17:05;49
10/11/2025 17:10;39
10/11/2025 17:15;39
10/11/2025 17:20;39
10/11/2025 17:25;39
10/11/2025 17:30;39
10/11/2025 17:35;39
10/11/2025 17:40;39
10/11/2025 17:45;0
11/11/2025 8:12;0
11/11/2025 8:12;0
11/11/2025 8:13;0
11/11/2025 8:13;0
11/11/2025 8:14;0
11/11/2025 8:15;0
11/11/2025 8:20;0
11/11/2025 8:25;0
11/11/2025 8:30;39
11/11/2025 8:35;39
11/11/2025 8:40;39
11/11/2025 8:45;39
11/11/2025 8:50;77
11/11/2025 8:55;77
11/11/2025 9:00;60
11/11/2025 9:05;59
11/11/2025 9:10;57
11/11/2025 9:15;43
11/11/2025 9:20;39
11/11/2025 9:25;40
11/11/2025 9:30;39
11/11/2025 9:35;39
11/11/2025 9:40;57
11/11/2025 9:45;202
11/11/2025 9:50;510
11/11/2025 9:55;173
11/11/2025 10:00;207
11/11/2025 10:05;411
11/11/2025 10:10;424
11/11/2025 10:15;367
11/11/2025 10:20;296
11/11/2025 10:25;79
11/11/2025 10:30;95
11/11/2025 10:35;106
11/11/2025 10:40;106
11/11/2025 10:45;102
11/11/2025 10:50;116
11/11/2025 10:55;454
11/11/2025 11:00;478
11/11/2025 11:05;515
11/11/2025 11:10;575
11/11/2025 11:15;510
11/11/2025 11:20;476
11/11/2025 11:25;538
11/11/2025 11:30;574
11/11/2025 11:35;556
11/11/2025 11:40;564
11/11/2025 11:45;519
11/11/2025 11:50;570
11/11/2025 11:55;553
11/11/2025 12:00;466
11/11/2025 12:05;508
11/11/2025 12:10;438
11/11/2025 12:15;539
11/11/2025 12:20;529
11/11/2025 12:25;627
11/11/2025 12:30;604
11/11/2025 12:35;590
11/11/2025 12:40;612
11/11/2025 12:45;126
11/11/2025 12:50;161
11/11/2025 12:55;195
11/11/2025 13:00;635
11/11/2025 13:05;364
11/11/2025 13:10;619
11/11/2025 13:15;374
11/11/2025 13:20;302
11/11/2025 13:25;348
11/11/2025 13:30;273
11/11/2025 13:35;723
11/11/2025 13:40;506
11/11/2025 13:45;376
11/11/2025 13:50;583
11/11/2025 13:55;266
11/11/2025 14:00;272
11/11/2025 14:05;360
11/11/2025 14:10;640
11/11/2025 14:15;302
11/11/2025 14:20;526
11/11/2025 14:25;551
11/11/2025 14:30;471
11/11/2025 14:35;480
11/11/2025 14:40;440
11/11/2025 14:45;346
11/11/2025 14:50;132
11/11/2025 14:55;175
11/11/2025 15:00;127
11/11/2025 15:05;122
11/11/2025 15:10;105
11/11/2025 15:15;111
11/11/2025 15:20;107
11/11/2025 15:25;90
11/11/2025 15:30;77
11/11/2025 15:35;76
11/11/2025 15:40;69
11/11/2025 15:45;58
11/11/2025 15:50;47
11/11/2025 15:55;41
11/11/2025 16:00;39
11/11/2025 16:05;39
11/11/2025 16:10;39
11/11/2025 16:15;39
11/11/2025 16:20;39
11/11/2025 16:25;39
11/11/2025 16:30;39
11/11/2025 16:35;39
11/11/2025 16:40;39
11/11/2025 16:45;39
11/11/2025 16:50;39
11/11/2025 16:55;39
11/11/2025 17:00;39
11/11/2025 17:05;39
11/11/2025 17:10;39
11/11/2025 17:15;39
11/11/2025 17:20;0
11/11/2025 17:25;0
11/11/2025 17:30;0
12/11/2025 8:17;0
12/11/2025 8:17;0
12/11/2025 8:18;0
12/11/2025 8:18;0
12/11/2025 8:19;0
12/11/2025 8:20;0
12/11/2025 8:25;0
12/11/2025 8:30;0
12/11/2025 8:35;0
12/11/2025 8:40;0
12/11/2025 8:45;39
12/11/2025 8:55;89
12/11/2025 9:00;100
12/11/2025 9:05;83
12/11/2025 9:10;78
12/11/2025 9:15;69
12/11/2025 9:20;65
12/11/2025 9:25;75
12/11/2025 9:30;75
12/11/2025 9:35;73
12/11/2025 9:40;80
12/11/2025 9:45;81
12/11/2025 9:50;86
12/11/2025 9:55;93
12/11/2025 10:00;101
12/11/2025 10:05;112
12/11/2025 10:10;117
12/11/2025 10:15;120
12/11/2025 10:20;124
12/11/2025 10:25;127
12/11/2025 10:30;130
12/11/2025 10:35;131
12/11/2025 10:40;130
12/11/2025 10:45;129
12/11/2025 10:50;131
12/11/2025 10:55;134
12/11/2025 11:00;139
12/11/2025 11:05;144
12/11/2025 11:10;149
12/11/2025 11:15;149
12/11/2025 11:20;148
12/11/2025 11:25;147
12/11/2025 11:30;148
12/11/2025 11:35;152
12/11/2025 11:40;158
12/11/2025 11:45;162
12/11/2025 11:50;165
12/11/2025 11:55;166
12/11/2025 12:00;165
12/11/2025 12:05;164
12/11/2025 12:10;167
12/11/2025 12:15;172
12/11/2025 12:20;176
12/11/2025 12:25;180
12/11/2025 12:30;186
12/11/2025 12:35;195
12/11/2025 12:40;202
12/11/2025 12:45;204
12/11/2025 12:50;206
12/11/2025 12:55;211
12/11/2025 13:00;213
12/11/2025 13:05;215
12/11/2025 13:10;234
12/11/2025 13:15;227
12/11/2025 13:20;220
12/11/2025 13:25;223
12/11/2025 13:30;222
12/11/2025 13:35;218
12/11/2025 13:40;213
12/11/2025 13:45;230
12/11/2025 13:50;206
12/11/2025 13:55;184
12/11/2025 14:00;176
12/11/2025 14:05;172
12/11/2025 14:10;171
12/11/2025 14:15;176
12/11/2025 14:20;171
12/11/2025 14:25;165
12/11/2025 14:30;161
12/11/2025 14:35;0
12/11/2025 14:40;152
12/11/2025 14:45;0
12/11/2025 14:50;143
12/11/2025 14:55;143
12/11/2025 15:00;144
12/11/2025 15:05;0
12/11/2025 15:10;0
12/11/2025 15:15;177
12/11/2025 15:20;211
12/11/2025 15:25;212
12/11/2025 15:30;199
12/11/2025 15:35;186
12/11/2025 15:40;175
12/11/2025 15:45;132
12/11/2025 15:50;107
12/11/2025 15:55;84
12/11/2025 16:00;70
12/11/2025 16:05;60
12/11/2025 16:10;52
12/11/2025 16:15;47
12/11/2025 16:20;45
12/11/2025 16:25;45
12/11/2025 16:30;71
12/11/2025 16:35;59
12/11/2025 16:40;57
12/11/2025 16:45;65
12/11/2025 16:50;64
12/11/2025 16:55;73
12/11/2025 17:00;71
12/11/2025 17:05;62
12/11/2025 17:10;53
12/11/2025 17:15;41
12/11/2025 17:20;39
12/11/2025 17:25;39
12/11/2025 17:30;39
12/11/2025 17:35;39
12/11/2025 17:40;39
12/11/2025 17:45;0
13/11/2025 8:18;0
13/11/2025 8:19;0
13/11/2025 8:19;0
13/11/2025 8:20;0
13/11/2025 8:20;0
13/11/2025 8:25;0
13/11/2025 8:30;0
13/11/2025 8:35;0
13/11/2025 8:40;39
13/11/2025 8:45;39
13/11/2025 8:50;39
13/11/2025 8:55;63
13/11/2025 9:00;66
13/11/2025 9:05;71
13/11/2025 9:10;67
13/11/2025 9:15;85
13/11/2025 9:20;96
13/11/2025 9:25;134
13/11/2025 9:30;160
13/11/2025 9:35;154
13/11/2025 9:40;249
13/11/2025 9:45;284
13/11/2025 9:50;346
13/11/2025 9:55;378
13/11/2025 10:00;444
13/11/2025 10:05;456
13/11/2025 10:10;529
13/11/2025 10:15;111
13/11/2025 10:20;466
13/11/2025 10:25;336
13/11/2025 10:30;363
13/11/2025 10:35;157
13/11/2025 10:40;180
13/11/2025 10:45;101
13/11/2025 10:50;225
13/11/2025 10:55;142
13/11/2025 11:00;116
13/11/2025 11:05;124
13/11/2025 11:10;147
13/11/2025 11:15;116
13/11/2025 11:20;123
13/11/2025 11:25;238
13/11/2025 11:30;420
13/11/2025 11:35;537
13/11/2025 11:40;633
13/11/2025 11:45;509
13/11/2025 11:50;601
13/11/2025 11:55;581
13/11/2025 12:00;523
13/11/2025 12:05;322
13/11/2025 12:10;534
13/11/2025 12:15;531
13/11/2025 12:20;414
13/11/2025 12:25;213
13/11/2025 12:30;152
13/11/2025 12:35;147
13/11/2025 12:40;137
13/11/2025 12:45;116
13/11/2025 12:50;101
13/11/2025 12:55;111
13/11/2025 13:00;158
13/11/2025 13:05;415
13/11/2025 13:10;248
13/11/2025 13:15;184
13/11/2025 13:20;200
13/11/2025 13:25;183
13/11/2025 13:30;198
13/11/2025 13:35;220
13/11/2025 13:40;440
13/11/2025 13:45;259
13/11/2025 13:50;261
13/11/2025 13:55;445
13/11/2025 14:00;552
13/11/2025 14:05;498
13/11/2025 14:10;577
13/11/2025 14:15;562
13/11/2025 14:20;83
13/11/2025 14:25;170
13/11/2025 14:30;241
13/11/2025 14:35;271
13/11/2025 14:40;277
13/11/2025 14:45;246
13/11/2025 14:50;223
13/11/2025 14:55;190
13/11/2025 15:00;174
13/11/2025 15:05;203
13/11/2025 15:10;200
13/11/2025 15:15;141
13/11/2025 15:20;114
13/11/2025 15:25;115
13/11/2025 15:30;115
13/11/2025 15:35;133
13/11/2025 15:40;143
13/11/2025 15:45;138
13/11/2025 15:50;118
13/11/2025 15:55;105
13/11/2025 16:00;95
13/11/2025 16:05;101
13/11/2025 16:10;96
13/11/2025 16:15;81
13/11/2025 16:20;76
13/11/2025 16:25;67
13/11/2025 16:30;88
13/11/2025 16:35;65
13/11/2025 16:40;64
13/11/2025 16:45;57
13/11/2025 16:50;45
13/11/2025 16:55;39
13/11/2025 17:00;39
13/11/2025 17:05;39
13/11/2025 17:10;39
13/11/2025 17:15;39
13/11/2025 17:20;39
13/11/2025 17:25;39
13/11/2025 17:30;39
13/11/2025 17:35;0
13/11/2025 17:40;0
14/11/2025 8:20;0
14/11/2025 8:20;0
14/11/2025 8:21;0
14/11/2025 8:21;0
14/11/2025 8:22;0
14/11/2025 8:25;0
14/11/2025 8:30;0
14/11/2025 8:35;0
14/11/2025 8:40;0
14/11/2025 8:45;39
14/11/2025 8:50;39
14/11/2025 8:55;39
14/11/2025 9:00;104
14/11/2025 9:05;92
14/11/2025 9:10;134
14/11/2025 9:15;159
14/11/2025 9:20;40
14/11/2025 9:25;169
14/11/2025 9:30;152
14/11/2025 9:35;288
14/11/2025 9:40;0
14/11/2025 9:45;447
14/11/2025 9:50;443
14/11/2025 9:55;468
14/11/2025 10:00;382
14/11/2025 10:05;493
14/11/2025 10:10;508
14/11/2025 10:10;505
14/11/2025 10:11;505
14/11/2025 10:15;495
14/11/2025 10:20;501
14/11/2025 10:25;509
14/11/2025 10:30;479
14/11/2025 10:35;367
14/11/2025 10:40;577
14/11/2025 10:45;581
14/11/2025 10:50;593
14/11/2025 10:55;422
14/11/2025 11:00;363
14/11/2025 11:05;244
14/11/2025 11:10;270
14/11/2025 11:15;262
14/11/2025 11:20;172
14/11/2025 11:25;165
14/11/2025 11:30;160
14/11/2025 11:35;155
14/11/2025 11:40;166
14/11/2025 11:45;177
14/11/2025 11:50;143
14/11/2025 11:55;170
14/11/2025 12:00;235
14/11/2025 12:05;342
14/11/2025 12:10;298
14/11/2025 12:15;582
14/11/2025 12:20;436
14/11/2025 12:25;271
14/11/2025 12:30;276
14/11/2025 12:35;382
14/11/2025 12:40;438
14/11/2025 12:45;530
14/11/2025 12:50;406
14/11/2025 12:55;439
14/11/2025 13:00;427
14/11/2025 13:05;506
14/11/2025 13:10;372
14/11/2025 13:15;282
14/11/2025 13:20;240
14/11/2025 13:25;249
14/11/2025 13:30;216
14/11/2025 13:35;193
14/11/2025 13:40;187
14/11/2025 13:45;203
14/11/2025 13:50;202
14/11/2025 13:55;202
14/11/2025 14:00;191
14/11/2025 14:05;220
14/11/2025 14:10;200
14/11/2025 14:15;169
14/11/2025 14:20;162
14/11/2025 14:25;161
14/11/2025 14:30;128
14/11/2025 14:35;118
14/11/2025 14:40;154
14/11/2025 14:45;135
14/11/2025 14:50;296
14/11/2025 14:55;135
14/11/2025 15:00;182
14/11/2025 15:05;174
14/11/2025 15:10;269
14/11/2025 15:15;172
14/11/2025 15:20;193
14/11/2025 15:25;179
14/11/2025 15:30;157
14/11/2025 15:35;140
14/11/2025 15:40;141
14/11/2025 15:45;92
14/11/2025 15:50;64
14/11/2025 15:55;50
14/11/2025 16:00;76
14/11/2025 16:05;74
14/11/2025 16:10;39
14/11/2025 16:15;45
14/11/2025 16:20;39
14/11/2025 16:25;39
14/11/2025 16:30;39
14/11/2025 16:35;39
14/11/2025 16:40;39
14/11/2025 16:45;39
14/11/2025 16:50;51
14/11/2025 16:55;62
14/11/2025 17:00;45
14/11/2025 17:05;39
14/11/2025 17:10;39
14/11/2025 17:15;39
14/11/2025 17:20;39
14/11/2025 17:25;39
14/11/2025 17:30;39
14/11/2025 17:35;0
15/11/2025 8:09;0
15/11/2025 8:10;0
15/11/2025 8:10;0
15/11/2025 8:11;0
15/11/2025 8:11;0
15/11/2025 8:15;0
15/11/2025 8:20;0
15/11/2025 8:25;0
15/11/2025 8:30;0
15/11/2025 8:35;0
15/11/2025 8:40;39
15/11/2025 8:45;39
15/11/2025 8:50;39
15/11/2025 8:55;39
15/11/2025 9:00;39
15/11/2025 9:05;39
15/11/2025 9:10;39
15/11/2025 9:15;39
15/11/2025 9:20;39
15/11/2025 9:25;45
15/11/2025 9:30;52
15/11/2025 9:35;55
15/11/2025 9:40;60
15/11/2025 9:45;65
15/11/2025 9:50;68
15/11/2025 9:55;73
15/11/2025 10:00;75
15/11/2025 10:05;78
15/11/2025 10:10;81
15/11/2025 10:15;67
15/11/2025 10:20;60
15/11/2025 10:25;57
15/11/2025 10:30;56
15/11/2025 10:35;56
15/11/2025 10:40;52
15/11/2025 10:45;56
15/11/2025 10:50;82
15/11/2025 10:55;105
15/11/2025 11:00;106
15/11/2025 11:05;95
15/11/2025 11:10;89
15/11/2025 11:15;81
15/11/2025 11:20;79
15/11/2025 11:25;87
15/11/2025 11:30;159
15/11/2025 11:35;166
15/11/2025 11:40;159
15/11/2025 11:45;132
15/11/2025 11:50;125
15/11/2025 11:55;127
15/11/2025 12:00;147
15/11/2025 12:05;184
15/11/2025 12:10;170
15/11/2025 12:15;127
15/11/2025 12:20;110
15/11/2025 12:25;99
15/11/2025 12:30;102
15/11/2025 12:35;101
15/11/2025 12:40;87
15/11/2025 12:45;80
15/11/2025 12:50;76
15/11/2025 12:55;74
15/11/2025 13:00;81
15/11/2025 13:05;98
15/11/2025 13:10;145
15/11/2025 13:15;199
15/11/2025 13:20;270
15/11/2025 13:25;244
15/11/2025 13:30;260
15/11/2025 13:35;449
15/11/2025 13:40;177
15/11/2025 13:45;145
15/11/2025 13:50;131
15/11/2025 13:55;131
15/11/2025 14:00;168
15/11/2025 14:05;129
15/11/2025 14:10;130
15/11/2025 14:15;254
15/11/2025 14:20;345
15/11/2025 14:25;371
15/11/2025 14:30;307
15/11/2025 14:35;206
15/11/2025 14:40;190
15/11/2025 14:45;245
15/11/2025 14:50;209
15/11/2025 14:55;347
15/11/2025 15:00;280
15/11/2025 15:05;187
15/11/2025 15:10;188
15/11/2025 15:15;197
15/11/2025 15:20;125
15/11/2025 15:25;121
15/11/2025 15:30;115
15/11/2025 15:35;110
15/11/2025 15:40;89
15/11/2025 15:45;72
15/11/2025 15:50;39
15/11/2025 15:55;39
15/11/2025 16:00;39
15/11/2025 16:05;39
15/11/2025 16:10;39
15/11/2025 16:15;39
15/11/2025 16:20;39
15/11/2025 16:25;39
15/11/2025 16:30;39
15/11/2025 16:35;39
15/11/2025 16:40;39
15/11/2025 16:45;39
15/11/2025 16:50;39
15/11/2025 16:55;39
15/11/2025 17:00;39
16/11/2025 8:18;0
16/11/2025 8:18;0
16/11/2025 8:19;0
16/11/2025 8:19;0
16/11/2025 8:20;0
16/11/2025 8:25;0
16/11/2025 8:30;0
16/11/2025 8:35;0
16/11/2025 8:40;39
16/11/2025 8:45;39
16/11/2025 8:50;39
16/11/2025 8:55;39
16/11/2025 9:00;39
16/11/2025 9:05;39
16/11/2025 9:10;39
16/11/2025 9:15;39
16/11/2025 9:20;63
16/11/2025 9:25;134
16/11/2025 9:30;197
16/11/2025 9:35;229
16/11/2025 9:40;199
16/11/2025 9:45;269
16/11/2025 9:50;367
16/11/2025 9:55;438
16/11/2025 10:00;387
16/11/2025 10:05;400
16/11/2025 10:10;495
16/11/2025 10:15;535
16/11/2025 10:20;258
16/11/2025 10:25;386
16/11/2025 10:30;346
16/11/2025 10:35;434
16/11/2025 10:40;233
16/11/2025 10:45;345
16/11/2025 10:50;456
16/11/2025 10:55;468
16/11/2025 11:00;251
16/11/2025 11:05;202
16/11/2025 11:10;166
16/11/2025 11:15;133
16/11/2025 11:20;147
16/11/2025 11:25;149
16/11/2025 11:30;120
16/11/2025 11:35;114
16/11/2025 11:40;127
16/11/2025 11:45;175
16/11/2025 11:50;289
16/11/2025 11:55;353
16/11/2025 12:00;353
16/11/2025 12:05;478
16/11/2025 12:10;418
16/11/2025 12:15;514
16/11/2025 12:20;476
16/11/2025 12:25;293
16/11/2025 12:30;431
16/11/2025 12:35;232
16/11/2025 12:40;337
16/11/2025 12:45;454
16/11/2025 12:50;587
16/11/2025 12:55;525
16/11/2025 13:00;596
16/11/2025 13:05;680
16/11/2025 13:10;725
16/11/2025 13:15;252
16/11/2025 13:20;250
16/11/2025 13:25;182
16/11/2025 13:30;153
16/11/2025 13:35;151
16/11/2025 13:40;144
16/11/2025 13:45;137
16/11/2025 13:50;0
16/11/2025 13:55;150
16/11/2025 14:00;160
16/11/2025 14:05;165
16/11/2025 14:10;176
16/11/2025 14:15;184
16/11/2025 14:20;188
16/11/2025 14:25;190
16/11/2025 14:30;201
16/11/2025 14:35;261
16/11/2025 14:40;233
16/11/2025 14:45;190
16/11/2025 14:50;182
16/11/2025 14:55;259
16/11/2025 15:00;381
16/11/2025 15:05;333
16/11/2025 15:10;187
16/11/2025 15:15;124
16/11/2025 15:20;178
16/11/2025 15:25;125
16/11/2025 15:30;164
16/11/2025 15:35;136
16/11/2025 15:40;87
16/11/2025 15:45;118
16/11/2025 15:50;109
16/11/2025 15:55;90
16/11/2025 16:00;47
16/11/2025 16:05;42
16/11/2025 16:10;39
16/11/2025 16:15;44
16/11/2025 16:20;48
16/11/2025 16:25;39
16/11/2025 16:30;39
16/11/2025 16:35;39
16/11/2025 16:40;39
16/11/2025 16:45;39
16/11/2025 16:50;39
16/11/2025 16:55;40
16/11/2025 17:00;39
16/11/2025 17:05;49
16/11/2025 17:10;39
16/11/2025 17:15;39
16/11/2025 17:20;39
16/11/2025 17:25;39
16/11/2025 17:30;39
16/11/2025 17:35;0
16/11/2025 17:40;0
17/11/2025 8:26;0
17/11/2025 8:27;0
17/11/2025 8:27;0
17/11/2025 8:28;0
17/11/2025 8:28;0
17/11/2025 8:30;0
17/11/2025 8:35;0
17/11/2025 8:40;0
17/11/2025 8:45;39
17/11/2025 8:50;39
17/11/2025 8:55;94
17/11/2025 9:00;39
17/11/2025 9:05;39
17/11/2025 9:10;46
17/11/2025 9:15;68
17/11/2025 9:20;73
17/11/2025 9:25;80
17/11/2025 9:30;114
17/11/2025 9:35;110
17/11/2025 9:40;109
17/11/2025 9:45;117
17/11/2025 9:50;134
17/11/2025 9:55;90
17/11/2025 10:00;106
17/11/2025 10:05;86
17/11/2025 10:10;80
17/11/2025 10:15;77
17/11/2025 10:20;76
17/11/2025 10:25;59
17/11/2025 10:30;39
17/11/2025 10:35;39
17/11/2025 10:40;39
17/11/2025 10:45;39
17/11/2025 10:50;62
17/11/2025 10:55;84
17/11/2025 11:00;64
17/11/2025 11:05;39
17/11/2025 11:10;39
17/11/2025 11:15;50
17/11/2025 11:20;67
17/11/2025 11:25;104
17/11/2025 11:30;159
17/11/2025 11:35;125
17/11/2025 11:40;143
17/11/2025 11:45;150
17/11/2025 11:50;171
17/11/2025 11:55;216
17/11/2025 12:00;189
17/11/2025 12:05;532
17/11/2025 12:10;268
17/11/2025 12:15;86
17/11/2025 12:20;51
17/11/2025 12:25;61
17/11/2025 12:30;68
17/11/2025 12:35;87
17/11/2025 12:40;96
17/11/2025 12:45;118
17/11/2025 12:50;162
17/11/2025 12:55;271
17/11/2025 13:00;172
17/11/2025 13:05;327
17/11/2025 13:10;246
17/11/2025 13:15;207
17/11/2025 13:20;241
17/11/2025 13:25;362
17/11/2025 13:30;434
17/11/2025 13:35;209
17/11/2025 13:40;97
17/11/2025 13:45;39
17/11/2025 13:50;39
17/11/2025 13:55;39
17/11/2025 14:00;39
17/11/2025 14:05;58
17/11/2025 14:10;75
17/11/2025 14:15;97
17/11/2025 14:20;129
17/11/2025 14:25;165
17/11/2025 14:30;190
17/11/2025 14:35;181
17/11/2025 14:40;123
17/11/2025 14:45;75
17/11/2025 14:50;56
17/11/2025 14:55;56
17/11/2025 15:00;79
17/11/2025 15:05;73
17/11/2025 15:10;102
17/11/2025 15:15;40
17/11/2025 15:20;39
17/11/2025 15:25;39
17/11/2025 15:30;39
17/11/2025 15:35;39
17/11/2025 15:40;39
17/11/2025 15:45;39
17/11/2025 15:50;39
17/11/2025 15:55;39
17/11/2025 16:00;0
17/11/2025 16:05;0
17/11/2025 16:10;39
17/11/2025 16:15;39
17/11/2025 16:20;39
17/11/2025 16:25;39
17/11/2025 16:30;39
17/11/2025 16:35;39
17/11/2025 16:40;39
17/11/2025 16:45;39
17/11/2025 16:50;39
17/11/2025 16:55;39
17/11/2025 17:00;39
17/11/2025 17:05;39
17/11/2025 17:10;39
17/11/2025 17:15;39
17/11/2025 17:20;39
18/11/2025 8:20;0
18/11/2025 8:20;0
18/11/2025 8:21;0
18/11/2025 8:21;0
18/11/2025 8:22;0
18/11/2025 8:25;0
18/11/2025 8:30;0
18/11/2025 8:35;0
18/11/2025 8:40;39
18/11/2025 8:45;39
18/11/2025 8:50;41
18/11/2025 8:55;39
18/11/2025 9:00;57
18/11/2025 9:05;46
18/11/2025 9:10;155
18/11/2025 9:15;71
18/11/2025 9:20;39
18/11/2025 9:25;41
18/11/2025 9:30;87
18/11/2025 9:35;85
18/11/2025 9:40;77
18/11/2025 9:45;84
18/11/2025 9:50;73
18/11/2025 9:55;58
18/11/2025 10:00;53
18/11/2025 10:05;43
18/11/2025 10:10;39
18/11/2025 10:15;39
18/11/2025 10:20;39
18/11/2025 10:25;39
18/11/2025 10:30;39
18/11/2025 10:35;39
18/11/2025 10:40;43
18/11/2025 10:45;51
18/11/2025 10:50;54
18/11/2025 10:55;50
18/11/2025 11:00;43
18/11/2025 11:05;39
18/11/2025 11:10;39
18/11/2025 11:15;39
18/11/2025 11:20;39
18/11/2025 11:25;39
18/11/2025 11:30;39
18/11/2025 11:35;39
18/11/2025 11:40;41
18/11/2025 11:45;49
18/11/2025 11:50;51
18/11/2025 11:55;53
18/11/2025 12:00;56
18/11/2025 12:05;53
18/11/2025 12:10;42
18/11/2025 12:15;39
18/11/2025 12:20;39
18/11/2025 12:25;40
18/11/2025 12:30;45
18/11/2025 12:35;51
18/11/2025 12:40;53
18/11/2025 12:45;58
18/11/2025 12:50;66
18/11/2025 12:55;64
18/11/2025 13:00;67
18/11/2025 13:05;83
18/11/2025 13:10;86
18/11/2025 13:15;99
18/11/2025 13:20;110
18/11/2025 13:25;115
18/11/2025 13:30;115
18/11/2025 13:35;93
18/11/2025 13:40;81
18/11/2025 13:45;76
18/11/2025 13:50;77
18/11/2025 13:55;80
18/11/2025 14:00;86
18/11/2025 14:05;96
18/11/2025 14:10;108
18/11/2025 14:15;141
18/11/2025 14:20;127
18/11/2025 14:25;166
18/11/2025 14:30;126
18/11/2025 14:35;108
18/11/2025 14:40;105
18/11/2025 14:45;120
18/11/2025 14:50;113
18/11/2025 14:55;118
18/11/2025 15:00;126
18/11/2025 15:05;104
18/11/2025 15:10;94
18/11/2025 15:15;103
18/11/2025 15:20;106
18/11/2025 15:25;154
18/11/2025 15:30;129
18/11/2025 15:35;84
18/11/2025 15:40;74
18/11/2025 15:45;68
18/11/2025 15:50;115
18/11/2025 15:55;78
18/11/2025 16:00;91
18/11/2025 16:05;104
18/11/2025 16:10;130
18/11/2025 16:15;100
18/11/2025 16:20;92
18/11/2025 16:25;91
18/11/2025 16:30;83
18/11/2025 16:35;80
18/11/2025 16:40;90
18/11/2025 16:45;48
18/11/2025 16:50;39
18/11/2025 16:55;39
18/11/2025 17:00;47
18/11/2025 17:05;49
18/11/2025 17:10;39
18/11/2025 17:15;39
18/11/2025 17:20;0
18/11/2025 17:25;0
18/11/2025 17:30;0
18/11/2025 17:35;0
19/11/2025 8:27;0
19/11/2025 8:28;0
19/11/2025 8:28;0
19/11/2025 8:29;0
19/11/2025 8:29;0
19/11/2025 8:30;0
19/11/2025 8:35;0
19/11/2025 8:40;39
19/11/2025 8:45;39
19/11/2025 8:50;39
19/11/2025 8:55;39
19/11/2025 9:00;39
19/11/2025 9:05;39
19/11/2025 9:10;41
19/11/2025 9:15;62
19/11/2025 9:20;102
19/11/2025 9:25;167
19/11/2025 9:30;118
19/11/2025 9:35;108
19/11/2025 9:40;129
19/11/2025 9:45;39
19/11/2025 9:50;39
19/11/2025 9:55;39
19/11/2025 10:00;39
19/11/2025 10:05;39
19/11/2025 10:10;39
19/11/2025 10:15;39
19/11/2025 10:20;39
19/11/2025 10:25;39
19/11/2025 10:30;39
19/11/2025 10:35;39
19/11/2025 10:40;60
19/11/2025 10:45;144
19/11/2025 10:50;171
19/11/2025 10:55;113
19/11/2025 11:00;130
19/11/2025 11:05;163
19/11/2025 11:10;187
19/11/2025 11:15;183
19/11/2025 11:20;39
19/11/2025 11:25;58
19/11/2025 11:30;80
19/11/2025 11:35;96
19/11/2025 11:40;104
19/11/2025 11:45;268
19/11/2025 11:50;302
19/11/2025 11:55;262
19/11/2025 12:00;195
19/11/2025 12:05;620
19/11/2025 12:10;226
19/11/2025 12:15;767
19/11/2025 12:20;363
19/11/2025 12:25;246
19/11/2025 12:30;247
19/11/2025 12:35;184
19/11/2025 12:40;324
19/11/2025 12:45;275
19/11/2025 12:50;655
19/11/2025 12:55;355
19/11/2025 13:00;122
19/11/2025 13:05;131
19/11/2025 13:10;112
19/11/2025 13:15;79
19/11/2025 13:20;76
19/11/2025 13:25;161
19/11/2025 13:30;158
19/11/2025 13:35;150
19/11/2025 13:40;500
19/11/2025 13:45;628
19/11/2025 13:50;710
19/11/2025 13:55;253
19/11/2025 14:00;184
19/11/2025 14:05;133
19/11/2025 14:10;297
19/11/2025 14:15;97
19/11/2025 14:20;109
19/11/2025 14:25;48
19/11/2025 14:30;50
19/11/2025 14:35;83
19/11/2025 14:40;39
19/11/2025 14:45;39
19/11/2025 14:50;53
19/11/2025 14:55;39
19/11/2025 15:00;77
19/11/2025 15:05;39
19/11/2025 15:10;39
19/11/2025 15:15;65
19/11/2025 15:20;78
19/11/2025 15:25;82
19/11/2025 15:30;39
19/11/2025 15:35;39
19/11/2025 15:40;39
19/11/2025 15:45;39
19/11/2025 15:50;39
19/11/2025 15:55;39
19/11/2025 16:00;39
19/11/2025 16:05;39
19/11/2025 16:10;39
19/11/2025 16:15;39
19/11/2025 16:20;0
19/11/2025 16:25;0
19/11/2025 16:28;0
19/11/2025 16:29;0
19/11/2025 16:29;0
19/11/2025 16:30;0
19/11/2025 16:30;0
19/11/2025 17:06;0
19/11/2025 17:07;0
19/11/2025 17:07;0
19/11/2025 17:08;0
19/11/2025 17:08;0
19/11/2025 17:10;0
19/11/2025 17:15;0
20/11/2025 8:49;0
20/11/2025 8:50;0
20/11/2025 8:50;0
20/11/2025 8:51;0
20/11/2025 8:51;0
20/11/2025 8:55;0
20/11/2025 8:59;0
20/11/2025 9:00;0
20/11/2025 9:00;0
20/11/2025 9:01;0
20/11/2025 9:01;0
20/11/2025 9:05;0
20/11/2025 9:10;0
20/11/2025 9:15;39
20/11/2025 9:20;39
20/11/2025 9:25;39
20/11/2025 9:30;39
20/11/2025 9:35;39
20/11/2025 9:40;39
20/11/2025 9:45;56
20/11/2025 9:50;87
20/11/2025 9:55;126
20/11/2025 10:00;119
20/11/2025 10:05;105
20/11/2025 10:10;126
20/11/2025 10:15;126
20/11/2025 10:20;99
20/11/2025 10:25;78
20/11/2025 10:30;67
20/11/2025 10:35;39
20/11/2025 10:40;39
20/11/2025 10:45;39
20/11/2025 10:50;81
20/11/2025 10:55;104
20/11/2025 11:00;380
20/11/2025 11:05;168
20/11/2025 11:10;39
20/11/2025 11:15;39
20/11/2025 11:20;39
20/11/2025 11:25;39
20/11/2025 11:30;39
20/11/2025 11:35;105
20/11/2025 11:40;171
20/11/2025 11:45;230
20/11/2025 11:50;183
20/11/2025 11:55;143
20/11/2025 12:00;249
20/11/2025 12:05;118
20/11/2025 12:10;714
20/11/2025 12:15;434
20/11/2025 12:20;353
20/11/2025 12:25;124
20/11/2025 12:30;76
20/11/2025 12:35;144
20/11/2025 12:40;296
20/11/2025 12:45;102
20/11/2025 12:50;39
20/11/2025 12:55;50
20/11/2025 13:00;55
20/11/2025 13:05;149
20/11/2025 13:10;504
20/11/2025 13:15;304
20/11/2025 13:20;67
20/11/2025 13:25;100
20/11/2025 13:30;39
20/11/2025 13:35;84
20/11/2025 13:40;179
20/11/2025 13:45;149
20/11/2025 13:50;113
20/11/2025 13:55;380
20/11/2025 14:00;646
20/11/2025 14:05;434
20/11/2025 14:10;159
20/11/2025 14:15;39
20/11/2025 14:20;39
20/11/2025 14:25;39
20/11/2025 14:30;39
20/11/2025 14:35;39
20/11/2025 14:40;39
20/11/2025 14:45;101
20/11/2025 14:50;134
20/11/2025 14:55;133
20/11/2025 15:00;160
20/11/2025 15:05;115
20/11/2025 15:10;39
20/11/2025 15:15;39
20/11/2025 15:20;39
20/11/2025 15:25;39
20/11/2025 15:30;39
20/11/2025 15:35;48
20/11/2025 15:40;64
20/11/2025 15:45;39
20/11/2025 15:50;39
20/11/2025 15:55;39
20/11/2025 15:56;39
20/11/2025 15:56;39
20/11/2025 15:57;39
20/11/2025 15:57;39
20/11/2025 16:00;39
20/11/2025 16:05;39
20/11/2025 16:10;39
20/11/2025 16:15;39
20/11/2025 16:20;39
20/11/2025 16:25;39
20/11/2025 16:30;60
20/11/2025 16:35;75
20/11/2025 16:40;39
20/11/2025 16:45;39
20/11/2025 16:50;39
20/11/2025 16:55;39
20/11/2025 17:00;39
20/11/2025 17:05;0
20/11/2025 17:10;0
20/11/2025 17:15;39
20/11/2025 17:20;39
21/11/2025 8:40;0
21/11/2025 8:40;0
21/11/2025 8:41;0
21/11/2025 8:41;0
21/11/2025 8:42;0
21/11/2025 8:45;0
21/11/2025 8:50;0
21/11/2025 8:55;0
21/11/2025 9:00;39
21/11/2025 9:05;39
21/11/2025 9:10;0
21/11/2025 9:15;39
21/11/2025 9:20;39
21/11/2025 9:25;39
21/11/2025 9:30;39
21/11/2025 9:35;39
21/11/2025 9:40;39
21/11/2025 9:40;39
21/11/2025 9:41;39
21/11/2025 9:45;39
21/11/2025 9:50;39
21/11/2025 9:55;39
21/11/2025 10:00;39
21/11/2025 10:05;85
21/11/2025 10:10;104
21/11/2025 10:15;86
21/11/2025 10:20;76
21/11/2025 10:25;78
21/11/2025 10:30;50
21/11/2025 10:35;42
21/11/2025 10:40;52
21/11/2025 10:45;39
21/11/2025 10:50;39
21/11/2025 10:55;39
21/11/2025 11:00;41
21/11/2025 11:05;120
21/11/2025 11:10;223
21/11/2025 11:15;182
21/11/2025 11:20;142
21/11/2025 11:25;120
21/11/2025 11:30;39
21/11/2025 11:35;39
21/11/2025 11:40;39
21/11/2025 11:45;39
21/11/2025 11:50;39
21/11/2025 11:55;39
21/11/2025 12:00;95
21/11/2025 12:05;492
21/11/2025 12:10;339
21/11/2025 12:15;71
21/11/2025 12:20;105
21/11/2025 12:25;141
21/11/2025 12:30;537
21/11/2025 12:35;258
21/11/2025 12:40;131
21/11/2025 12:45;737
21/11/2025 12:50;713
21/11/2025 12:55;691
21/11/2025 13:00;561
21/11/2025 13:05;639
21/11/2025 13:10;623
21/11/2025 13:15;616
21/11/2025 13:20;622
21/11/2025 13:25;615
21/11/2025 13:30;624
21/11/2025 13:35;638
21/11/2025 13:40;629
21/11/2025 13:45;568
21/11/2025 13:50;646
21/11/2025 13:55;611
21/11/2025 14:00;585
21/11/2025 14:05;583
21/11/2025 14:10;578
21/11/2025 14:15;589
21/11/2025 14:20;590
21/11/2025 14:25;515
21/11/2025 14:30;376
21/11/2025 14:35;360
21/11/2025 14:40;337
21/11/2025 14:45;328
21/11/2025 14:50;312
21/11/2025 14:55;311
21/11/2025 15:00;309
21/11/2025 15:05;142
21/11/2025 15:10;167
21/11/2025 15:15;108
21/11/2025 15:20;192
21/11/2025 15:25;94
21/11/2025 15:30;215
21/11/2025 15:35;157
21/11/2025 15:40;150
21/11/2025 15:45;101
21/11/2025 15:50;0
21/11/2025 15:55;101
21/11/2025 16:00;50
21/11/2025 16:05;39
21/11/2025 16:10;39
21/11/2025 16:15;39
21/11/2025 16:20;39
21/11/2025 16:25;39
21/11/2025 16:30;50
21/11/2025 16:35;39
21/11/2025 16:40;39
21/11/2025 16:45;39
21/11/2025 16:50;39
21/11/2025 16:55;39
21/11/2025 17:00;39
21/11/2025 17:05;39
21/11/2025 17:10;39
21/11/2025 17:15;39
21/11/2025 17:20;0
21/11/2025 17:25;0
21/11/2025 17:30;0
21/11/2025 17:35;0
22/11/2025 8:23;0
22/11/2025 8:24;0
22/11/2025 8:24;0
22/11/2025 8:25;0
22/11/2025 8:25;0
22/11/2025 8:30;0
22/11/2025 8:35;0
22/11/2025 8:40;0
22/11/2025 8:45;39
22/11/2025 8:50;39
22/11/2025 8:55;39
22/11/2025 9:00;43
22/11/2025 9:05;48
22/11/2025 9:10;59
22/11/2025 9:15;75
22/11/2025 9:20;85
22/11/2025 9:25;102
22/11/2025 9:30;135
22/11/2025 9:35;122
22/11/2025 9:40;112
22/11/2025 9:45;119
22/11/2025 9:50;182
22/11/2025 9:55;303
22/11/2025 10:00;412
22/11/2025 10:05;487
22/11/2025 10:10;391
22/11/2025 10:15;218
22/11/2025 10:20;157
22/11/2025 10:25;141
22/11/2025 10:30;223
22/11/2025 10:35;179
22/11/2025 10:40;198
22/11/2025 10:45;402
22/11/2025 10:50;410
22/11/2025 10:55;408
22/11/2025 11:00;394
22/11/2025 11:05;388
22/11/2025 11:10;394
22/11/2025 11:15;315
22/11/2025 11:20;310
22/11/2025 11:25;304
22/11/2025 11:30;306
22/11/2025 11:35;351
22/11/2025 11:40;342
22/11/2025 11:45;328
22/11/2025 11:50;301
22/11/2025 11:55;294
22/11/2025 12:00;281
22/11/2025 12:05;229
22/11/2025 12:10;209
22/11/2025 12:15;216
22/11/2025 12:20;207
22/11/2025 12:25;211
22/11/2025 12:30;236
22/11/2025 12:35;243
22/11/2025 12:40;250
22/11/2025 12:45;275
22/11/2025 12:50;260
22/11/2025 12:55;254
22/11/2025 13:00;244
22/11/2025 13:05;226
22/11/2025 13:10;223
22/11/2025 13:15;225
22/11/2025 13:20;264
22/11/2025 13:25;262
22/11/2025 13:30;226
22/11/2025 13:35;191
22/11/2025 13:40;168
22/11/2025 13:45;152
22/11/2025 13:50;132
22/11/2025 13:55;121
22/11/2025 14:00;119
22/11/2025 14:05;120
22/11/2025 14:10;119
22/11/2025 14:15;113
22/11/2025 14:20;109
22/11/2025 14:25;102
22/11/2025 14:30;95
22/11/2025 14:35;90
22/11/2025 14:40;79
22/11/2025 14:45;70
22/11/2025 14:50;64
22/11/2025 14:55;64
22/11/2025 15:00;68
22/11/2025 15:05;76
22/11/2025 15:10;79
22/11/2025 15:15;79
22/11/2025 15:20;76
22/11/2025 15:25;68
22/11/2025 15:30;67
22/11/2025 15:35;74
22/11/2025 15:40;83
22/11/2025 15:45;92
22/11/2025 15:50;98
22/11/2025 15:55;104
22/11/2025 16:00;96
22/11/2025 16:05;88
22/11/2025 16:10;85
22/11/2025 16:15;82
22/11/2025 16:20;69
22/11/2025 16:25;58
22/11/2025 16:30;44
22/11/2025 16:35;39
22/11/2025 16:40;39
22/11/2025 16:45;39
22/11/2025 16:50;39
22/11/2025 16:55;39
22/11/2025 17:00;39
22/11/2025 17:05;39
22/11/2025 17:10;40
22/11/2025 17:15;0
22/11/2025 17:20;0
22/11/2025 17:25;0
23/11/2025 8:31;0
23/11/2025 8:32;0
23/11/2025 8:32;0
23/11/2025 8:33;0
23/11/2025 8:33;0
23/11/2025 8:35;0
23/11/2025 8:40;0
23/11/2025 8:45;0
23/11/2025 8:50;0
23/11/2025 8:55;0
23/11/2025 9:00;0
23/11/2025 9:05;39
23/11/2025 9:10;39
23/11/2025 9:15;39
23/11/2025 9:20;39
23/11/2025 9:25;39
23/11/2025 9:30;39
23/11/2025 9:35;39
23/11/2025 9:40;39
23/11/2025 9:45;39
23/11/2025 9:50;41
23/11/2025 9:55;46
23/11/2025 10:00;47
23/11/2025 10:05;63
23/11/2025 10:10;76
23/11/2025 10:15;93
23/11/2025 10:20;116
23/11/2025 10:25;132
23/11/2025 10:30;130
23/11/2025 10:35;135
23/11/2025 10:40;162
23/11/2025 10:45;220
23/11/2025 10:50;277
23/11/2025 10:55;187
23/11/2025 11:00;177
23/11/2025 11:05;160
23/11/2025 11:10;163
23/11/2025 11:15;183
23/11/2025 11:20;190
23/11/2025 11:25;179
23/11/2025 11:30;179
23/11/2025 11:35;159
23/11/2025 11:40;160
23/11/2025 11:45;239
23/11/2025 11:50;396
23/11/2025 11:55;439
23/11/2025 12:00;389
23/11/2025 12:05;288
23/11/2025 12:10;235
23/11/2025 12:15;176
23/11/2025 12:20;143
23/11/2025 12:25;156
23/11/2025 12:30;148
23/11/2025 12:35;207
23/11/2025 12:40;258
23/11/2025 12:45;293
23/11/2025 12:50;131
23/11/2025 12:55;121
23/11/2025 13:00;104
23/11/2025 13:05;148
23/11/2025 13:10;173
23/11/2025 13:15;179
23/11/2025 13:20;168
23/11/2025 13:25;97
23/11/2025 13:30;86
23/11/2025 13:35;68
23/11/2025 13:40;86
23/11/2025 13:45;107
23/11/2025 13:50;119
23/11/2025 13:55;135
23/11/2025 14:00;130
23/11/2025 14:05;120
23/11/2025 14:10;115
23/11/2025 14:15;131
23/11/2025 14:20;119
23/11/2025 14:25;103
23/11/2025 14:30;99
23/11/2025 14:35;106
23/11/2025 14:40;130
23/11/2025 14:45;179
23/11/2025 14:50;132
23/11/2025 14:55;102
23/11/2025 15:00;74
23/11/2025 15:05;63
23/11/2025 15:10;63
23/11/2025 15:15;62
23/11/2025 15:20;57
23/11/2025 15:25;50
23/11/2025 15:30;58
23/11/2025 15:35;52
23/11/2025 15:40;49
23/11/2025 15:45;39
23/11/2025 15:50;39
23/11/2025 15:55;39
23/11/2025 16:00;39
23/11/2025 16:05;39
23/11/2025 16:10;39
23/11/2025 16:15;39
23/11/2025 16:20;39
23/11/2025 16:25;39
23/11/2025 16:30;39
23/11/2025 16:35;39
23/11/2025 16:40;39
23/11/2025 16:45;39
23/11/2025 16:50;39
23/11/2025 16:55;39
23/11/2025 17:00;0
23/11/2025 17:05;0
23/11/2025 17:10;0
23/11/2025 17:15;0
24/11/2025 10:52;0
24/11/2025 10:53;0
24/11/2025 10:53;0
24/11/2025 10:54;0
24/11/2025 10:54;0
24/11/2025 10:55;0
24/11/2025 11:00;0
24/11/2025 11:05;39
24/11/2025 11:10;49
24/11/2025 11:15;39
24/11/2025 11:20;39
24/11/2025 11:25;39
24/11/2025 11:30;47
24/11/2025 11:35;65
24/11/2025 11:40;42
24/11/2025 11:45;39
24/11/2025 11:50;39
24/11/2025 11:55;39
24/11/2025 12:00;39
24/11/2025 12:05;39
24/11/2025 12:10;54
24/11/2025 12:15;39
24/11/2025 12:20;66
24/11/2025 12:25;39
24/11/2025 12:30;53
24/11/2025 12:35;89
24/11/2025 12:40;60
24/11/2025 12:45;79
24/11/2025 12:50;50
24/11/2025 12:55;39
24/11/2025 13:00;52
24/11/2025 13:05;46
24/11/2025 13:10;39
24/11/2025 13:15;50
24/11/2025 13:20;39
24/11/2025 13:25;39
24/11/2025 13:30;68
24/11/2025 13:35;95
24/11/2025 13:40;96
24/11/2025 13:45;106
24/11/2025 13:50;79
24/11/2025 13:55;74
24/11/2025 14:00;39
24/11/2025 14:05;78
24/11/2025 14:10;109
24/11/2025 14:15;80
24/11/2025 14:20;58
24/11/2025 14:25;92
24/11/2025 14:30;71
24/11/2025 14:35;53
24/11/2025 14:40;75
24/11/2025 14:45;60
24/11/2025 14:50;47
24/11/2025 14:55;39
24/11/2025 15:00;39
24/11/2025 15:05;51
24/11/2025 15:10;56
24/11/2025 15:15;47
24/11/2025 15:20;39
24/11/2025 15:25;51
24/11/2025 15:30;50
24/11/2025 15:35;56
24/11/2025 15:40;62
24/11/2025 15:45;50
24/11/2025 15:50;42
24/11/2025 15:55;55
24/11/2025 16:00;49
24/11/2025 16:05;45
24/11/2025 16:10;56
24/11/2025 16:15;45
24/11/2025 16:20;43
24/11/2025 16:25;39
24/11/2025 16:30;39
24/11/2025 16:35;39
24/11/2025 16:40;39
24/11/2025 16:45;39
24/11/2025 16:50;39
24/11/2025 16:55;39
24/11/2025 17:00;39
24/11/2025 17:05;39
24/11/2025 17:10;0
24/11/2025 17:15;0
24/11/2025 17:20;0
24/11/2025 17:20;0
24/11/2025 17:21;0
24/11/2025 17:21;0
24/11/2025 17:22;0
25/11/2025 8:44;0
25/11/2025 8:44;0
25/11/2025 8:45;0
25/11/2025 8:45;0
25/11/2025 8:46;0
25/11/2025 8:50;0
25/11/2025 8:55;0
25/11/2025 9:00;0
25/11/2025 9:05;0
25/11/2025 9:10;0
25/11/2025 9:15;0
25/11/2025 9:20;0
25/11/2025 9:25;0
25/11/2025 9:30;39
25/11/2025 9:35;39
25/11/2025 9:40;39
25/11/2025 9:45;39
25/11/2025 9:50;39
25/11/2025 9:55;39
25/11/2025 10:00;50
25/11/2025 10:05;42
25/11/2025 10:10;137
25/11/2025 10:15;39
25/11/2025 10:20;39
25/11/2025 10:25;90
25/11/2025 10:30;111
25/11/2025 10:35;42
25/11/2025 10:40;39
25/11/2025 10:45;39
25/11/2025 10:50;106
25/11/2025 10:55;155
25/11/2025 11:00;65
25/11/2025 11:05;94
25/11/2025 11:10;41
25/11/2025 11:15;111
25/11/2025 11:20;164
25/11/2025 11:25;102
25/11/2025 11:30;133
25/11/2025 11:35;701
25/11/2025 11:40;665
25/11/2025 11:45;100
25/11/2025 11:50;39
25/11/2025 11:55;39
25/11/2025 12:00;64
25/11/2025 12:05;687
25/11/2025 12:10;240
25/11/2025 12:15;667
25/11/2025 12:20;514
25/11/2025 12:25;674
25/11/2025 12:30;647
25/11/2025 12:35;641
25/11/2025 12:40;643
25/11/2025 12:45;651
25/11/2025 12:50;653
25/11/2025 12:55;638
25/11/2025 13:00;717
25/11/2025 13:05;738
25/11/2025 13:10;479
25/11/2025 13:15;265
25/11/2025 13:20;333
25/11/2025 13:25;254
25/11/2025 13:30;208
25/11/2025 13:35;580
25/11/2025 13:40;99
25/11/2025 13:45;95
25/11/2025 13:50;131
25/11/2025 13:55;132
25/11/2025 14:00;690
25/11/2025 14:05;451
25/11/2025 14:10;103
25/11/2025 14:15;39
25/11/2025 14:20;40
25/11/2025 14:25;66
25/11/2025 14:30;79
25/11/2025 14:35;53
25/11/2025 14:40;223
25/11/2025 14:45;379
25/11/2025 14:50;203
25/11/2025 14:55;214
25/11/2025 15:00;114
25/11/2025 15:05;50
25/11/2025 15:10;45
25/11/2025 15:15;56
25/11/2025 15:20;39
25/11/2025 15:25;39
25/11/2025 15:30;39
25/11/2025 15:35;39
25/11/2025 15:40;39
25/11/2025 15:45;39
25/11/2025 15:50;39
25/11/2025 15:55;39
25/11/2025 16:00;39
25/11/2025 16:05;39
25/11/2025 16:10;39
25/11/2025 16:15;0
25/11/2025 16:20;0
25/11/2025 16:25;39
25/11/2025 16:30;39
25/11/2025 16:35;39
25/11/2025 16:40;39
25/11/2025 16:45;39
25/11/2025 16:50;39
25/11/2025 16:55;39
25/11/2025 17:00;39
25/11/2025 17:05;39
25/11/2025 17:10;39
25/11/2025 17:15;0
25/11/2025 17:20;0
25/11/2025 17:25;0
26/11/2025 8:37;0
26/11/2025 8:38;0
26/11/2025 8:38;0
26/11/2025 8:39;0
26/11/2025 8:39;0
26/11/2025 8:40;0
26/11/2025 8:45;0
26/11/2025 8:50;0
26/11/2025 8:55;0
26/11/2025 9:00;39
26/11/2025 9:05;39
26/11/2025 9:10;39
26/11/2025 9:15;39
26/11/2025 9:20;39
26/11/2025 9:25;39
26/11/2025 9:30;39
26/11/2025 9:35;39
26/11/2025 9:40;39
26/11/2025 9:45;39
26/11/2025 9:50;39
26/11/2025 9:55;43
26/11/2025 10:00;107
26/11/2025 10:05;482
26/11/2025 10:10;549
26/11/2025 10:15;457
26/11/2025 10:20;101
26/11/2025 10:25;75
26/11/2025 10:30;44
26/11/2025 10:35;48
26/11/2025 10:40;78
26/11/2025 10:45;602
26/11/2025 10:50;236
26/11/2025 10:55;307
26/11/2025 11:00;533
26/11/2025 11:05;574
26/11/2025 11:10;603
26/11/2025 11:15;675
26/11/2025 11:20;662
26/11/2025 11:25;0
26/11/2025 11:30;114
26/11/2025 11:35;114
26/11/2025 11:40;642
26/11/2025 11:45;676
26/11/2025 11:50;320
26/11/2025 11:55;83
26/11/2025 12:00;639
26/11/2025 12:05;612
26/11/2025 12:10;626
26/11/2025 12:15;678
26/11/2025 12:20;708
26/11/2025 12:25;0
26/11/2025 12:30;176
26/11/2025 12:35;200
26/11/2025 12:40;458
26/11/2025 12:45;76
26/11/2025 12:50;78
26/11/2025 12:55;95
26/11/2025 13:00;104
26/11/2025 13:05;670
26/11/2025 13:10;672
26/11/2025 13:15;187
26/11/2025 13:20;615
26/11/2025 13:25;601
26/11/2025 13:30;600
26/11/2025 13:35;592
26/11/2025 13:40;583
26/11/2025 13:45;581
26/11/2025 13:50;577
26/11/2025 13:55;566
26/11/2025 14:00;557
26/11/2025 14:05;559
26/11/2025 14:10;550
26/11/2025 14:15;530
26/11/2025 14:20;511
26/11/2025 14:25;391
26/11/2025 14:30;372
26/11/2025 14:35;351
26/11/2025 14:40;332
26/11/2025 14:45;323
26/11/2025 14:50;343
26/11/2025 14:55;342
26/11/2025 15:00;323
26/11/2025 15:05;192
26/11/2025 15:10;137
26/11/2025 15:15;132
26/11/2025 15:20;127
26/11/2025 15:25;128
26/11/2025 15:30;99
26/11/2025 15:35;95
26/11/2025 15:40;83
26/11/2025 15:45;79
26/11/2025 15:50;69
26/11/2025 15:55;75
26/11/2025 16:00;39
26/11/2025 16:05;50
26/11/2025 16:10;47
26/11/2025 16:15;63
26/11/2025 16:20;39
26/11/2025 16:25;39
26/11/2025 16:30;39
26/11/2025 16:35;39
26/11/2025 16:40;39
26/11/2025 16:45;39
26/11/2025 16:50;39
26/11/2025 16:55;0
26/11/2025 17:00;39
26/11/2025 17:05;39
26/11/2025 17:10;39
26/11/2025 17:15;39
26/11/2025 17:20;39
26/11/2025 17:25;0
26/11/2025 17:30;0
27/11/2025 8:57;0
27/11/2025 8:58;0
27/11/2025 8:58;0
27/11/2025 8:59;0
27/11/2025 8:59;0
27/11/2025 9:00;0
27/11/2025 9:05;0
27/11/2025 9:10;0
27/11/2025 9:15;0
27/11/2025 9:20;0
27/11/2025 9:25;0
27/11/2025 9:30;39
27/11/2025 9:35;39
27/11/2025 9:40;39
27/11/2025 9:45;39
27/11/2025 9:50;39
27/11/2025 9:55;39
27/11/2025 10:00;39
27/11/2025 10:05;39
27/11/2025 10:10;39
27/11/2025 10:15;57
27/11/2025 10:20;71
27/11/2025 10:25;98
27/11/2025 10:30;111
27/11/2025 10:35;119
27/11/2025 10:40;84
27/11/2025 10:45;70
27/11/2025 10:50;68
27/11/2025 10:55;63
27/11/2025 11:00;62
27/11/2025 11:05;54
27/11/2025 11:10;65
27/11/2025 11:15;48
27/11/2025 11:20;57
27/11/2025 11:25;65
27/11/2025 11:30;78
27/11/2025 11:35;107
27/11/2025 11:40;97
27/11/2025 11:45;121
27/11/2025 11:50;127
27/11/2025 11:55;129
27/11/2025 12:00;163
27/11/2025 12:05;231
27/11/2025 12:10;243
27/11/2025 12:15;207
27/11/2025 12:20;186
27/11/2025 12:25;232
27/11/2025 12:30;487
27/11/2025 12:35;674
27/11/2025 12:40;338
27/11/2025 12:45;238
27/11/2025 12:50;253
27/11/2025 12:55;148
27/11/2025 13:00;136
27/11/2025 13:05;119
27/11/2025 13:10;104
27/11/2025 13:15;106
27/11/2025 13:20;109
27/11/2025 13:25;87
27/11/2025 13:30;83
27/11/2025 13:35;86
27/11/2025 13:40;116
27/11/2025 13:45;187
27/11/2025 13:50;234
27/11/2025 13:55;158
27/11/2025 14:00;112
27/11/2025 14:05;111
27/11/2025 14:10;104
27/11/2025 14:15;112
27/11/2025 14:20;128
27/11/2025 14:25;136
27/11/2025 14:30;129
27/11/2025 14:35;163
27/11/2025 14:40;116
27/11/2025 14:45;115
27/11/2025 14:50;204
27/11/2025 14:55;429
27/11/2025 15:00;253
27/11/2025 15:05;148
27/11/2025 15:10;117
27/11/2025 15:15;121
27/11/2025 15:20;88
27/11/2025 15:25;75
27/11/2025 15:30;66
27/11/2025 15:35;75
27/11/2025 15:40;59
27/11/2025 15:45;56
27/11/2025 15:50;58
27/11/2025 15:55;73
27/11/2025 16:00;61
27/11/2025 16:05;39
27/11/2025 16:10;39
27/11/2025 16:15;39
27/11/2025 16:20;39
27/11/2025 16:25;39
27/11/2025 16:30;39
27/11/2025 16:35;39
27/11/2025 16:40;39
27/11/2025 16:45;39
27/11/2025 16:50;39
27/11/2025 16:55;39
27/11/2025 17:00;39
27/11/2025 17:05;39
27/11/2025 17:10;39
27/11/2025 17:15;39
27/11/2025 17:20;39
27/11/2025 17:25;39
27/11/2025 17:30;39
27/11/2025 17:35;0
